target	pipeline	source	model_idx	rmsd	tmscore	gdtts	gdtha	aligned_len	seq_len
1A2K	blue	af_relaxed	0	0.796	0.9858	0.9940	0.9657	123	124
1A2K	blue	af_relaxed	1	0.831	0.9767	0.9839	0.9476	123	124
1A2K	blue	af_relaxed	2	0.954	0.9715	0.9798	0.9415	123	124
1A2K	blue	af_relaxed	3	0.885	0.9746	0.9839	0.9435	121	124
1A2K	blue	af_relaxed	4	1.706	0.9630	0.9758	0.9133	121	124
1A2K	blue	af_unrelaxed	0	0.875	0.9752	0.9839	0.9516	121	124
1A2K	blue	af_unrelaxed	1	0.791	0.9860	0.9940	0.9698	123	124
1A2K	blue	af_unrelaxed	2	1.677	0.9651	0.9778	0.9274	121	124
1A2K	blue	af_unrelaxed	3	0.940	0.9724	0.9798	0.9415	123	124
1A2K	blue	af_unrelaxed	4	0.789	0.9777	0.9839	0.9516	123	124
1A2K	blue	boltz	0	0.570	0.9884	0.9960	0.9778	123	124
1A2K	blue	boltz	1	0.601	0.9876	0.9960	0.9718	123	124
1A2K	blue	boltz	2	0.721	0.9850	0.9919	0.9637	123	124
1A2K	blue	boltz	3	0.725	0.9862	0.9940	0.9738	123	124
1A2K	blue	boltz	4	0.587	0.9870	0.9940	0.9738	123	124
1A2K	blue	amber_af	0	0.885	0.9746	0.9839	0.9435	121	124
1A2K	blue	amber_af	1	0.797	0.9857	0.9940	0.9657	123	124
1A2K	blue	amber_af	2	1.703	0.9633	0.9758	0.9133	121	124
1A2K	blue	amber_af	3	0.957	0.9714	0.9798	0.9415	123	124
1A2K	blue	amber_af	4	0.832	0.9767	0.9839	0.9476	123	124
1A2K	blue	amber_boltz	0	0.580	0.9881	0.9960	0.9798	123	124
1A2K	blue	amber_boltz	1	0.614	0.9873	0.9960	0.9698	123	124
1A2K	blue	amber_boltz	2	0.743	0.9845	0.9919	0.9597	123	124
1A2K	blue	amber_boltz	3	0.722	0.9860	0.9940	0.9677	123	124
1A2K	blue	amber_boltz	4	0.618	0.9864	0.9919	0.9617	123	124
1ACB	blue	af_relaxed	0	1.203	0.9843	0.9811	0.9685	234	238
1ACB	blue	af_relaxed	1	1.187	0.9842	0.9821	0.9674	234	238
1ACB	blue	af_relaxed	2	1.045	0.9862	0.9811	0.9632	235	238
1ACB	blue	af_relaxed	3	1.121	0.9848	0.9821	0.9653	235	238
1ACB	blue	af_relaxed	4	1.065	0.9861	0.9811	0.9632	235	238
1ACB	blue	af_unrelaxed	0	1.192	0.9846	0.9821	0.9695	234	238
1ACB	blue	af_unrelaxed	1	1.042	0.9868	0.9811	0.9685	235	238
1ACB	blue	af_unrelaxed	2	1.104	0.9854	0.9821	0.9685	235	238
1ACB	blue	af_unrelaxed	3	1.039	0.9874	0.9821	0.9685	236	238
1ACB	blue	af_unrelaxed	4	1.170	0.9846	0.9821	0.9685	234	238
1ACB	blue	boltz	0	1.187	0.9840	0.9800	0.9632	234	238
1ACB	blue	boltz	1	1.204	0.9839	0.9821	0.9611	234	238
1ACB	blue	boltz	2	1.221	0.9839	0.9811	0.9632	234	238
1ACB	blue	boltz	3	1.154	0.9847	0.9832	0.9664	234	238
1ACB	blue	boltz	4	1.213	0.9841	0.9821	0.9674	234	238
1ACB	blue	amber_af	0	1.203	0.9843	0.9811	0.9685	234	238
1ACB	blue	amber_af	1	1.046	0.9862	0.9811	0.9632	235	238
1ACB	blue	amber_af	2	1.121	0.9848	0.9821	0.9653	235	238
1ACB	blue	amber_af	3	1.072	0.9861	0.9811	0.9622	235	238
1ACB	blue	amber_af	4	1.187	0.9842	0.9821	0.9674	234	238
1ACB	blue	amber_boltz	0	1.193	0.9838	0.9800	0.9622	234	238
1ACB	blue	amber_boltz	1	1.209	0.9838	0.9821	0.9601	234	238
1ACB	blue	amber_boltz	2	1.224	0.9837	0.9811	0.9632	234	238
1ACB	blue	amber_boltz	3	1.160	0.9845	0.9821	0.9622	234	238
1ACB	blue	amber_boltz	4	1.219	0.9839	0.9811	0.9653	234	238
1AHW	blue	af_relaxed	0	1.083	0.9726	0.9533	0.8259	212	214
1AHW	blue	af_relaxed	1	1.141	0.9691	0.9428	0.8026	212	214
1AHW	blue	af_relaxed	2	1.146	0.9688	0.9439	0.8049	212	214
1AHW	blue	af_relaxed	3	1.038	0.9752	0.9614	0.8411	212	214
1AHW	blue	af_relaxed	4	1.127	0.9697	0.9509	0.8154	212	214
1AHW	blue	af_unrelaxed	0	1.027	0.9755	0.9650	0.8411	212	214
1AHW	blue	af_unrelaxed	1	1.115	0.9702	0.9498	0.8131	212	214
1AHW	blue	af_unrelaxed	2	1.131	0.9695	0.9439	0.8014	212	214
1AHW	blue	af_unrelaxed	3	1.065	0.9734	0.9544	0.8271	212	214
1AHW	blue	af_unrelaxed	4	1.131	0.9695	0.9439	0.8037	212	214
1AHW	blue	boltz	0	0.919	0.9813	0.9801	0.8937	212	214
1AHW	blue	boltz	1	1.030	0.9769	0.9731	0.8610	212	214
1AHW	blue	boltz	2	1.058	0.9743	0.9614	0.8353	212	214
1AHW	blue	boltz	3	1.237	0.9624	0.9194	0.7792	212	214
1AHW	blue	boltz	4	1.063	0.9734	0.9579	0.8294	212	214
1AHW	blue	amber_af	0	1.038	0.9752	0.9614	0.8411	212	214
1AHW	blue	amber_af	1	1.126	0.9697	0.9509	0.8143	212	214
1AHW	blue	amber_af	2	1.142	0.9690	0.9428	0.8026	212	214
1AHW	blue	amber_af	3	1.084	0.9726	0.9521	0.8224	212	214
1AHW	blue	amber_af	4	1.146	0.9688	0.9451	0.8049	212	214
1AHW	blue	amber_boltz	0	0.926	0.9811	0.9801	0.8960	212	214
1AHW	blue	amber_boltz	1	1.035	0.9766	0.9720	0.8563	212	214
1AHW	blue	amber_boltz	2	1.064	0.9741	0.9614	0.8353	212	214
1AHW	blue	amber_boltz	3	1.240	0.9621	0.9194	0.7734	212	214
1AHW	blue	amber_boltz	4	1.079	0.9726	0.9579	0.8248	212	214
1AK4	blue	af_relaxed	0	0.572	0.9903	0.9908	0.9755	163	163
1AK4	blue	af_relaxed	1	0.569	0.9906	0.9908	0.9801	163	163
1AK4	blue	af_relaxed	2	0.575	0.9903	0.9893	0.9755	163	163
1AK4	blue	af_relaxed	3	0.527	0.9912	0.9908	0.9755	163	163
1AK4	blue	af_relaxed	4	0.562	0.9905	0.9908	0.9770	163	163
1AK4	blue	af_unrelaxed	0	0.567	0.9904	0.9908	0.9770	163	163
1AK4	blue	af_unrelaxed	1	0.522	0.9914	0.9908	0.9785	163	163
1AK4	blue	af_unrelaxed	2	0.571	0.9904	0.9908	0.9770	163	163
1AK4	blue	af_unrelaxed	3	0.564	0.9907	0.9908	0.9801	163	163
1AK4	blue	af_unrelaxed	4	0.559	0.9906	0.9908	0.9785	163	163
1AK4	blue	boltz	0	0.639	0.9873	0.9877	0.9724	163	163
1AK4	blue	boltz	1	0.626	0.9880	0.9877	0.9724	163	163
1AK4	blue	boltz	2	0.671	0.9862	0.9877	0.9724	163	163
1AK4	blue	boltz	3	0.640	0.9871	0.9877	0.9709	163	163
1AK4	blue	boltz	4	0.638	0.9874	0.9877	0.9693	163	163
1AK4	blue	amber_af	0	0.572	0.9903	0.9908	0.9755	163	163
1AK4	blue	amber_af	1	0.526	0.9913	0.9908	0.9755	163	163
1AK4	blue	amber_af	2	0.575	0.9903	0.9893	0.9755	163	163
1AK4	blue	amber_af	3	0.569	0.9906	0.9908	0.9801	163	163
1AK4	blue	amber_af	4	0.562	0.9905	0.9908	0.9770	163	163
1AK4	blue	amber_boltz	0	0.647	0.9869	0.9862	0.9678	163	163
1AK4	blue	amber_boltz	1	0.633	0.9878	0.9862	0.9709	163	163
1AK4	blue	amber_boltz	2	0.676	0.9861	0.9862	0.9709	163	163
1AK4	blue	amber_boltz	3	0.647	0.9868	0.9877	0.9693	163	163
1AK4	blue	amber_boltz	4	0.642	0.9872	0.9877	0.9693	163	163
1AKJ	blue	af_relaxed	0	0.951	0.9822	0.9620	0.8605	275	276
1AKJ	blue	af_relaxed	1	1.035	0.9789	0.9484	0.8351	275	276
1AKJ	blue	af_relaxed	2	1.057	0.9778	0.9457	0.8279	275	276
1AKJ	blue	af_relaxed	3	1.005	0.9804	0.9529	0.8270	275	276
1AKJ	blue	af_relaxed	4	1.067	0.9770	0.9411	0.8279	275	276
1AKJ	blue	af_unrelaxed	0	1.062	0.9771	0.9411	0.8297	275	276
1AKJ	blue	af_unrelaxed	1	0.950	0.9821	0.9611	0.8605	275	276
1AKJ	blue	af_unrelaxed	2	1.031	0.9790	0.9475	0.8379	275	276
1AKJ	blue	af_unrelaxed	3	1.055	0.9778	0.9447	0.8315	275	276
1AKJ	blue	af_unrelaxed	4	0.988	0.9810	0.9520	0.8424	275	276
1AKJ	blue	boltz	0	1.116	0.9743	0.9312	0.8225	275	276
1AKJ	blue	boltz	1	1.251	0.9671	0.9212	0.8152	275	276
1AKJ	blue	boltz	2	0.993	0.9811	0.9493	0.8415	275	276
1AKJ	blue	boltz	3	1.160	0.9724	0.9257	0.8089	275	276
1AKJ	blue	boltz	4	1.042	0.9780	0.9438	0.8361	275	276
1AKJ	blue	amber_af	0	1.067	0.9769	0.9420	0.8270	275	276
1AKJ	blue	amber_af	1	0.952	0.9822	0.9611	0.8596	275	276
1AKJ	blue	amber_af	2	1.033	0.9790	0.9484	0.8370	275	276
1AKJ	blue	amber_af	3	1.058	0.9778	0.9457	0.8270	275	276
1AKJ	blue	amber_af	4	0.990	0.9810	0.9547	0.8415	275	276
1AKJ	blue	amber_boltz	0	1.119	0.9741	0.9293	0.8170	275	276
1AKJ	blue	amber_boltz	1	1.255	0.9669	0.9221	0.8098	275	276
1AKJ	blue	amber_boltz	2	0.996	0.9809	0.9475	0.8370	275	276
1AKJ	blue	amber_boltz	3	1.165	0.9722	0.9275	0.8053	275	276
1AKJ	blue	amber_boltz	4	1.049	0.9777	0.9411	0.8306	275	276
1ATN	blue	af_relaxed	0	1.153	0.9800	0.9523	0.8401	367	372
1ATN	blue	af_relaxed	1	1.107	0.9819	0.9590	0.8629	368	372
1ATN	blue	af_relaxed	2	1.033	0.9844	0.9671	0.8837	368	372
1ATN	blue	af_relaxed	3	1.124	0.9815	0.9577	0.8575	367	372
1ATN	blue	af_relaxed	4	1.101	0.9822	0.9583	0.8609	367	372
1ATN	blue	af_unrelaxed	0	1.126	0.9816	0.9577	0.8595	367	372
1ATN	blue	af_unrelaxed	1	1.102	0.9823	0.9597	0.8642	367	372
1ATN	blue	af_unrelaxed	2	1.151	0.9802	0.9543	0.8468	368	372
1ATN	blue	af_unrelaxed	3	1.032	0.9846	0.9677	0.8837	368	372
1ATN	blue	af_unrelaxed	4	1.106	0.9821	0.9597	0.8629	368	372
1ATN	blue	boltz	0	2.185	0.9344	0.8112	0.6452	360	372
1ATN	blue	boltz	1	2.070	0.9348	0.8078	0.6405	363	372
1ATN	blue	boltz	2	2.320	0.9255	0.7923	0.6223	358	372
1ATN	blue	boltz	3	2.157	0.9298	0.7991	0.6358	358	372
1ATN	blue	boltz	4	2.092	0.9362	0.8145	0.6505	361	372
1ATN	blue	amber_af	0	1.125	0.9815	0.9577	0.8575	367	372
1ATN	blue	amber_af	1	1.101	0.9822	0.9583	0.8595	367	372
1ATN	blue	amber_af	2	1.152	0.9800	0.9530	0.8421	367	372
1ATN	blue	amber_af	3	1.034	0.9844	0.9671	0.8817	368	372
1ATN	blue	amber_af	4	1.107	0.9819	0.9583	0.8616	368	372
1ATN	blue	amber_boltz	0	2.184	0.9342	0.8098	0.6431	360	372
1ATN	blue	amber_boltz	1	2.070	0.9347	0.8078	0.6411	363	372
1ATN	blue	amber_boltz	2	2.316	0.9255	0.7930	0.6216	359	372
1ATN	blue	amber_boltz	3	2.158	0.9298	0.7997	0.6371	359	372
1ATN	blue	amber_boltz	4	2.096	0.9360	0.8125	0.6478	361	372
1AVX	blue	af_relaxed	0	0.356	0.9959	1.0000	0.9697	223	223
1AVX	blue	af_relaxed	1	0.360	0.9958	1.0000	0.9686	223	223
1AVX	blue	af_relaxed	2	0.358	0.9959	1.0000	0.9697	223	223
1AVX	blue	af_relaxed	3	0.356	0.9959	1.0000	0.9697	223	223
1AVX	blue	af_relaxed	4	0.355	0.9959	1.0000	0.9686	223	223
1AVX	blue	af_unrelaxed	0	0.345	0.9962	1.0000	0.9742	223	223
1AVX	blue	af_unrelaxed	1	0.349	0.9961	1.0000	0.9720	223	223
1AVX	blue	af_unrelaxed	2	0.346	0.9961	1.0000	0.9731	223	223
1AVX	blue	af_unrelaxed	3	0.347	0.9961	1.0000	0.9720	223	223
1AVX	blue	af_unrelaxed	4	0.346	0.9961	1.0000	0.9742	223	223
1AVX	blue	boltz	0	0.369	0.9956	1.0000	0.9720	223	223
1AVX	blue	boltz	1	0.361	0.9958	1.0000	0.9731	223	223
1AVX	blue	boltz	2	0.386	0.9952	1.0000	0.9664	223	223
1AVX	blue	boltz	3	0.368	0.9956	1.0000	0.9731	223	223
1AVX	blue	boltz	4	0.388	0.9952	0.9978	0.9675	223	223
1AVX	blue	amber_af	0	0.358	0.9959	1.0000	0.9697	223	223
1AVX	blue	amber_af	1	0.369	0.9956	0.9989	0.9675	223	223
1AVX	blue	amber_af	2	0.355	0.9959	1.0000	0.9697	223	223
1AVX	blue	amber_af	3	0.356	0.9959	1.0000	0.9697	223	223
1AVX	blue	amber_af	4	0.356	0.9959	1.0000	0.9709	223	223
1AVX	blue	amber_boltz	0	0.380	0.9954	0.9989	0.9652	223	223
1AVX	blue	amber_boltz	1	0.373	0.9955	1.0000	0.9686	223	223
1AVX	blue	amber_boltz	2	0.399	0.9949	0.9978	0.9563	223	223
1AVX	blue	amber_boltz	3	0.382	0.9953	1.0000	0.9720	223	223
1AVX	blue	amber_boltz	4	0.402	0.9948	0.9978	0.9630	223	223
1AY7	blue	af_relaxed	0	0.399	0.9878	1.0000	0.9505	96	96
1AY7	blue	af_relaxed	1	0.406	0.9874	1.0000	0.9453	96	96
1AY7	blue	af_relaxed	2	0.420	0.9865	1.0000	0.9453	96	96
1AY7	blue	af_relaxed	3	0.404	0.9875	1.0000	0.9531	96	96
1AY7	blue	af_relaxed	4	0.408	0.9873	1.0000	0.9505	96	96
1AY7	blue	af_unrelaxed	0	0.394	0.9881	1.0000	0.9531	96	96
1AY7	blue	af_unrelaxed	1	0.400	0.9878	1.0000	0.9583	96	96
1AY7	blue	af_unrelaxed	2	0.393	0.9882	1.0000	0.9557	96	96
1AY7	blue	af_unrelaxed	3	0.401	0.9878	1.0000	0.9531	96	96
1AY7	blue	af_unrelaxed	4	0.410	0.9872	1.0000	0.9505	96	96
1AY7	blue	boltz	0	0.319	0.9923	1.0000	0.9844	96	96
1AY7	blue	boltz	1	0.396	0.9885	0.9974	0.9714	96	96
1AY7	blue	boltz	2	0.375	0.9895	0.9974	0.9766	96	96
1AY7	blue	boltz	3	0.325	0.9919	1.0000	0.9792	96	96
1AY7	blue	boltz	4	0.443	0.9868	0.9922	0.9740	96	96
1AY7	blue	amber_af	0	0.399	0.9878	1.0000	0.9505	96	96
1AY7	blue	amber_af	1	0.406	0.9874	1.0000	0.9505	96	96
1AY7	blue	amber_af	2	0.404	0.9876	1.0000	0.9531	96	96
1AY7	blue	amber_af	3	0.408	0.9873	1.0000	0.9505	96	96
1AY7	blue	amber_af	4	0.420	0.9866	1.0000	0.9453	96	96
1AY7	blue	amber_boltz	0	0.336	0.9914	1.0000	0.9818	96	96
1AY7	blue	amber_boltz	1	0.410	0.9878	0.9948	0.9661	96	96
1AY7	blue	amber_boltz	2	0.393	0.9886	0.9948	0.9740	96	96
1AY7	blue	amber_boltz	3	0.343	0.9910	1.0000	0.9792	96	96
1AY7	blue	amber_boltz	4	0.471	0.9853	0.9922	0.9714	96	96
1AZS	blue	af_relaxed	0	0.751	0.9865	0.9921	0.9026	189	190
1AZS	blue	af_relaxed	1	0.779	0.9854	0.9882	0.8974	189	190
1AZS	blue	af_relaxed	2	0.755	0.9860	0.9895	0.9092	189	190
1AZS	blue	af_relaxed	3	1.025	0.9793	0.9750	0.8816	188	190
1AZS	blue	af_relaxed	4	0.755	0.9861	0.9855	0.9026	189	190
1AZS	blue	af_unrelaxed	0	1.039	0.9788	0.9763	0.8737	188	190
1AZS	blue	af_unrelaxed	1	0.757	0.9859	0.9868	0.8974	189	190
1AZS	blue	af_unrelaxed	2	0.752	0.9865	0.9934	0.9000	189	190
1AZS	blue	af_unrelaxed	3	0.757	0.9857	0.9895	0.8947	189	190
1AZS	blue	af_unrelaxed	4	0.784	0.9850	0.9868	0.8934	189	190
1AZS	blue	boltz	0	0.639	0.9906	0.9947	0.9526	189	190
1AZS	blue	boltz	1	0.571	0.9910	0.9934	0.9526	189	190
1AZS	blue	boltz	2	0.612	0.9908	0.9961	0.9592	189	190
1AZS	blue	boltz	3	0.862	0.9875	0.9934	0.9553	188	190
1AZS	blue	boltz	4	0.634	0.9906	0.9961	0.9566	189	190
1AZS	blue	amber_af	0	1.025	0.9793	0.9750	0.8803	188	190
1AZS	blue	amber_af	1	0.755	0.9861	0.9855	0.9039	189	190
1AZS	blue	amber_af	2	0.750	0.9866	0.9921	0.9026	189	190
1AZS	blue	amber_af	3	0.755	0.9860	0.9895	0.9079	189	190
1AZS	blue	amber_af	4	0.779	0.9854	0.9882	0.8987	189	190
1AZS	blue	amber_boltz	0	0.641	0.9906	0.9947	0.9579	189	190
1AZS	blue	amber_boltz	1	0.577	0.9909	0.9934	0.9553	189	190
1AZS	blue	amber_boltz	2	0.611	0.9909	0.9961	0.9592	189	190
1AZS	blue	amber_boltz	3	0.866	0.9874	0.9934	0.9553	188	190
1AZS	blue	amber_boltz	4	0.638	0.9905	0.9947	0.9566	189	190
1B6C	blue	af_relaxed	0	0.458	0.9866	0.9953	0.9603	107	107
1B6C	blue	af_relaxed	1	0.415	0.9885	0.9953	0.9556	107	107
1B6C	blue	af_relaxed	2	0.340	0.9922	1.0000	0.9766	107	107
1B6C	blue	af_relaxed	3	0.424	0.9882	0.9977	0.9673	107	107
1B6C	blue	af_relaxed	4	0.455	0.9865	0.9930	0.9533	107	107
1B6C	blue	af_unrelaxed	0	0.409	0.9888	0.9977	0.9626	107	107
1B6C	blue	af_unrelaxed	1	0.420	0.9882	0.9977	0.9579	107	107
1B6C	blue	af_unrelaxed	2	0.356	0.9915	1.0000	0.9766	107	107
1B6C	blue	af_unrelaxed	3	0.422	0.9881	0.9977	0.9486	107	107
1B6C	blue	af_unrelaxed	4	0.398	0.9894	0.9977	0.9603	107	107
1B6C	blue	boltz	0	0.372	0.9908	1.0000	0.9720	107	107
1B6C	blue	boltz	1	0.359	0.9914	0.9977	0.9696	107	107
1B6C	blue	boltz	2	0.346	0.9920	1.0000	0.9790	107	107
1B6C	blue	boltz	3	0.338	0.9923	1.0000	0.9766	107	107
1B6C	blue	boltz	4	0.350	0.9917	1.0000	0.9673	107	107
1B6C	blue	amber_af	0	0.424	0.9881	0.9977	0.9579	107	107
1B6C	blue	amber_af	1	0.460	0.9865	0.9953	0.9603	107	107
1B6C	blue	amber_af	2	0.344	0.9920	1.0000	0.9743	107	107
1B6C	blue	amber_af	3	0.424	0.9882	0.9977	0.9673	107	107
1B6C	blue	amber_af	4	0.455	0.9865	0.9930	0.9556	107	107
1B6C	blue	amber_boltz	0	0.388	0.9899	1.0000	0.9626	107	107
1B6C	blue	amber_boltz	1	0.359	0.9914	0.9977	0.9696	107	107
1B6C	blue	amber_boltz	2	0.348	0.9919	1.0000	0.9790	107	107
1B6C	blue	amber_boltz	3	0.341	0.9922	1.0000	0.9766	107	107
1B6C	blue	amber_boltz	4	0.349	0.9918	1.0000	0.9673	107	107
1BKD	blue	af_relaxed	0	1.373	0.9502	0.9337	0.8328	162	166
1BKD	blue	af_relaxed	1	1.344	0.9507	0.9337	0.8358	162	166
1BKD	blue	af_relaxed	2	1.372	0.9496	0.9322	0.8298	161	166
1BKD	blue	af_relaxed	3	1.293	0.9529	0.9337	0.8358	163	166
1BKD	blue	af_relaxed	4	1.320	0.9518	0.9322	0.8313	163	166
1BKD	blue	af_unrelaxed	0	1.363	0.9508	0.9337	0.8419	162	166
1BKD	blue	af_unrelaxed	1	1.295	0.9528	0.9398	0.8419	163	166
1BKD	blue	af_unrelaxed	2	1.363	0.9501	0.9322	0.8298	161	166
1BKD	blue	af_unrelaxed	3	1.327	0.9517	0.9352	0.8389	162	166
1BKD	blue	af_unrelaxed	4	1.320	0.9517	0.9322	0.8328	162	166
1BKD	blue	boltz	0	0.641	0.9857	0.9834	0.9458	166	166
1BKD	blue	boltz	1	0.668	0.9834	0.9819	0.9247	166	166
1BKD	blue	boltz	2	0.693	0.9829	0.9744	0.9232	166	166
1BKD	blue	boltz	3	0.679	0.9838	0.9789	0.9292	166	166
1BKD	blue	boltz	4	0.688	0.9829	0.9759	0.9232	166	166
1BKD	blue	amber_af	0	1.373	0.9503	0.9337	0.8328	162	166
1BKD	blue	amber_af	1	1.294	0.9529	0.9322	0.8298	163	166
1BKD	blue	amber_af	2	1.372	0.9496	0.9307	0.8283	161	166
1BKD	blue	amber_af	3	1.346	0.9505	0.9337	0.8358	162	166
1BKD	blue	amber_af	4	1.320	0.9517	0.9322	0.8313	163	166
1BKD	blue	amber_boltz	0	0.641	0.9855	0.9834	0.9367	166	166
1BKD	blue	amber_boltz	1	0.666	0.9834	0.9789	0.9157	166	166
1BKD	blue	amber_boltz	2	0.694	0.9827	0.9774	0.9247	166	166
1BKD	blue	amber_boltz	3	0.681	0.9836	0.9789	0.9262	166	166
1BKD	blue	amber_boltz	4	0.691	0.9827	0.9744	0.9217	166	166
1BUH	blue	af_relaxed	0	4.260	0.9178	0.8624	0.7622	267	287
1BUH	blue	af_relaxed	1	4.260	0.9166	0.8598	0.7544	267	287
1BUH	blue	af_relaxed	2	4.308	0.9169	0.8598	0.7596	267	287
1BUH	blue	af_relaxed	3	4.203	0.9180	0.8624	0.7622	269	287
1BUH	blue	af_relaxed	4	4.060	0.9232	0.8650	0.7622	269	287
1BUH	blue	af_unrelaxed	0	4.301	0.9173	0.8606	0.7605	267	287
1BUH	blue	af_unrelaxed	1	4.050	0.9237	0.8676	0.7657	269	287
1BUH	blue	af_unrelaxed	2	4.252	0.9171	0.8606	0.7578	267	287
1BUH	blue	af_unrelaxed	3	4.254	0.9183	0.8650	0.7622	267	287
1BUH	blue	af_unrelaxed	4	4.189	0.9184	0.8624	0.7631	269	287
1BUH	blue	boltz	0	1.088	0.9768	0.9408	0.8153	285	287
1BUH	blue	boltz	1	1.078	0.9770	0.9443	0.8179	285	287
1BUH	blue	boltz	2	1.139	0.9736	0.9294	0.8005	285	287
1BUH	blue	boltz	3	1.205	0.9711	0.9251	0.7936	285	287
1BUH	blue	boltz	4	1.137	0.9741	0.9338	0.8049	285	287
1BUH	blue	amber_af	0	4.308	0.9169	0.8598	0.7596	267	287
1BUH	blue	amber_af	1	4.059	0.9232	0.8650	0.7622	269	287
1BUH	blue	amber_af	2	4.260	0.9166	0.8598	0.7544	267	287
1BUH	blue	amber_af	3	4.260	0.9178	0.8624	0.7613	267	287
1BUH	blue	amber_af	4	4.205	0.9179	0.8624	0.7622	269	287
1BUH	blue	amber_boltz	0	1.086	0.9769	0.9434	0.8153	285	287
1BUH	blue	amber_boltz	1	1.076	0.9772	0.9469	0.8223	285	287
1BUH	blue	amber_boltz	2	1.139	0.9737	0.9294	0.7997	285	287
1BUH	blue	amber_boltz	3	1.207	0.9711	0.9233	0.7918	285	287
1BUH	blue	amber_boltz	4	1.137	0.9742	0.9347	0.8110	285	287
1BVN	blue	af_relaxed	0	0.562	0.9957	0.9934	0.9456	494	496
1BVN	blue	af_relaxed	1	0.562	0.9957	0.9929	0.9420	494	496
1BVN	blue	af_relaxed	2	0.555	0.9958	0.9934	0.9476	494	496
1BVN	blue	af_relaxed	3	0.548	0.9959	0.9940	0.9506	494	496
1BVN	blue	af_relaxed	4	0.539	0.9961	0.9940	0.9541	494	496
1BVN	blue	af_unrelaxed	0	0.546	0.9959	0.9945	0.9536	494	496
1BVN	blue	af_unrelaxed	1	0.527	0.9962	0.9950	0.9597	494	496
1BVN	blue	af_unrelaxed	2	0.550	0.9958	0.9934	0.9501	494	496
1BVN	blue	af_unrelaxed	3	0.537	0.9961	0.9940	0.9546	494	496
1BVN	blue	af_unrelaxed	4	0.551	0.9958	0.9940	0.9501	494	496
1BVN	blue	boltz	0	0.633	0.9944	0.9884	0.9224	494	496
1BVN	blue	boltz	1	0.669	0.9937	0.9869	0.9088	494	496
1BVN	blue	boltz	2	0.679	0.9935	0.9869	0.9052	494	496
1BVN	blue	boltz	3	0.651	0.9940	0.9919	0.9128	494	496
1BVN	blue	boltz	4	0.636	0.9944	0.9909	0.9264	494	496
1BVN	blue	amber_af	0	0.556	0.9958	0.9934	0.9476	494	496
1BVN	blue	amber_af	1	0.539	0.9961	0.9940	0.9551	494	496
1BVN	blue	amber_af	2	0.562	0.9957	0.9934	0.9451	494	496
1BVN	blue	amber_af	3	0.549	0.9959	0.9934	0.9501	494	496
1BVN	blue	amber_af	4	0.562	0.9957	0.9934	0.9420	494	496
1BVN	blue	amber_boltz	0	0.633	0.9944	0.9889	0.9219	494	496
1BVN	blue	amber_boltz	1	0.667	0.9937	0.9849	0.9093	494	496
1BVN	blue	amber_boltz	2	0.676	0.9935	0.9869	0.9032	494	496
1BVN	blue	amber_boltz	3	0.651	0.9940	0.9924	0.9123	494	496
1BVN	blue	amber_boltz	4	0.638	0.9944	0.9909	0.9229	494	496
1CGI	blue	af_relaxed	0	0.871	0.9866	0.9847	0.9469	243	245
1CGI	blue	af_relaxed	1	0.983	0.9850	0.9827	0.9418	242	245
1CGI	blue	af_relaxed	2	1.023	0.9848	0.9837	0.9449	242	245
1CGI	blue	af_relaxed	3	1.038	0.9853	0.9857	0.9469	242	245
1CGI	blue	af_relaxed	4	0.991	0.9853	0.9837	0.9449	242	245
1CGI	blue	af_unrelaxed	0	0.917	0.9869	0.9857	0.9510	242	245
1CGI	blue	af_unrelaxed	1	0.963	0.9866	0.9867	0.9531	242	245
1CGI	blue	af_unrelaxed	2	0.959	0.9865	0.9867	0.9520	242	245
1CGI	blue	af_unrelaxed	3	0.998	0.9860	0.9857	0.9490	242	245
1CGI	blue	af_unrelaxed	4	0.869	0.9874	0.9857	0.9510	243	245
1CGI	blue	boltz	0	0.879	0.9876	0.9857	0.9541	242	245
1CGI	blue	boltz	1	0.898	0.9871	0.9827	0.9541	242	245
1CGI	blue	boltz	2	0.858	0.9882	0.9857	0.9582	242	245
1CGI	blue	boltz	3	0.887	0.9871	0.9827	0.9510	243	245
1CGI	blue	boltz	4	0.887	0.9871	0.9847	0.9561	242	245
1CGI	blue	amber_af	0	0.962	0.9858	0.9847	0.9469	242	245
1CGI	blue	amber_af	1	1.042	0.9847	0.9857	0.9408	241	245
1CGI	blue	amber_af	2	0.987	0.9856	0.9837	0.9490	242	245
1CGI	blue	amber_af	3	1.026	0.9847	0.9837	0.9439	242	245
1CGI	blue	amber_af	4	0.874	0.9865	0.9837	0.9459	243	245
1CGI	blue	amber_boltz	0	0.886	0.9871	0.9857	0.9510	242	245
1CGI	blue	amber_boltz	1	0.889	0.9866	0.9837	0.9490	243	245
1CGI	blue	amber_boltz	2	0.865	0.9878	0.9847	0.9520	242	245
1CGI	blue	amber_boltz	3	0.892	0.9869	0.9827	0.9520	243	245
1CGI	blue	amber_boltz	4	0.895	0.9868	0.9847	0.9541	242	245
1CLV	blue	af_relaxed	0	0.510	0.9958	0.9920	0.9335	470	470
1CLV	blue	af_relaxed	1	0.493	0.9961	0.9941	0.9388	470	470
1CLV	blue	af_relaxed	2	0.497	0.9960	0.9947	0.9362	470	470
1CLV	blue	af_relaxed	3	0.493	0.9961	0.9941	0.9378	470	470
1CLV	blue	af_relaxed	4	0.511	0.9958	0.9931	0.9351	470	470
1CLV	blue	af_unrelaxed	0	0.513	0.9957	0.9915	0.9309	470	470
1CLV	blue	af_unrelaxed	1	0.497	0.9960	0.9931	0.9356	470	470
1CLV	blue	af_unrelaxed	2	0.516	0.9957	0.9931	0.9319	470	470
1CLV	blue	af_unrelaxed	3	0.499	0.9959	0.9936	0.9356	470	470
1CLV	blue	af_unrelaxed	4	0.494	0.9960	0.9936	0.9340	470	470
1CLV	blue	boltz	0	0.536	0.9958	0.9947	0.9463	469	470
1CLV	blue	boltz	1	0.564	0.9953	0.9910	0.9351	469	470
1CLV	blue	boltz	2	0.587	0.9949	0.9931	0.9218	469	470
1CLV	blue	boltz	3	0.584	0.9949	0.9915	0.9176	469	470
1CLV	blue	boltz	4	0.625	0.9942	0.9883	0.9085	469	470
1CLV	blue	amber_af	0	0.510	0.9958	0.9920	0.9330	470	470
1CLV	blue	amber_af	1	0.493	0.9961	0.9936	0.9383	470	470
1CLV	blue	amber_af	2	0.512	0.9958	0.9931	0.9346	470	470
1CLV	blue	amber_af	3	0.498	0.9960	0.9941	0.9362	470	470
1CLV	blue	amber_af	4	0.492	0.9961	0.9936	0.9372	470	470
1CLV	blue	amber_boltz	0	0.537	0.9958	0.9947	0.9463	469	470
1CLV	blue	amber_boltz	1	0.563	0.9954	0.9915	0.9394	469	470
1CLV	blue	amber_boltz	2	0.588	0.9949	0.9926	0.9186	469	470
1CLV	blue	amber_boltz	3	0.583	0.9950	0.9920	0.9245	469	470
1CLV	blue	amber_boltz	4	0.623	0.9942	0.9894	0.9117	469	470
1D6R	blue	af_relaxed	0	0.326	0.9966	0.9989	0.9832	223	223
1D6R	blue	af_relaxed	1	0.332	0.9965	0.9989	0.9854	223	223
1D6R	blue	af_relaxed	2	0.328	0.9966	0.9989	0.9843	223	223
1D6R	blue	af_relaxed	3	0.338	0.9964	0.9989	0.9843	223	223
1D6R	blue	af_relaxed	4	0.343	0.9962	0.9989	0.9809	223	223
1D6R	blue	af_unrelaxed	0	0.342	0.9962	0.9989	0.9809	223	223
1D6R	blue	af_unrelaxed	1	0.339	0.9963	0.9989	0.9865	223	223
1D6R	blue	af_unrelaxed	2	0.330	0.9965	0.9989	0.9854	223	223
1D6R	blue	af_unrelaxed	3	0.323	0.9966	0.9989	0.9854	223	223
1D6R	blue	af_unrelaxed	4	0.324	0.9966	0.9989	0.9843	223	223
1D6R	blue	boltz	0	0.271	0.9976	1.0000	0.9910	223	223
1D6R	blue	boltz	1	0.277	0.9975	1.0000	0.9922	223	223
1D6R	blue	boltz	2	0.268	0.9977	1.0000	0.9910	223	223
1D6R	blue	boltz	3	0.273	0.9976	1.0000	0.9922	223	223
1D6R	blue	boltz	4	0.280	0.9975	1.0000	0.9910	223	223
1D6R	blue	amber_af	0	0.343	0.9962	0.9989	0.9809	223	223
1D6R	blue	amber_af	1	0.339	0.9963	0.9989	0.9843	223	223
1D6R	blue	amber_af	2	0.331	0.9965	0.9989	0.9865	223	223
1D6R	blue	amber_af	3	0.325	0.9966	0.9989	0.9843	223	223
1D6R	blue	amber_af	4	0.327	0.9966	0.9989	0.9843	223	223
1D6R	blue	amber_boltz	0	0.282	0.9974	1.0000	0.9910	223	223
1D6R	blue	amber_boltz	1	0.288	0.9973	1.0000	0.9899	223	223
1D6R	blue	amber_boltz	2	0.280	0.9975	1.0000	0.9899	223	223
1D6R	blue	amber_boltz	3	0.284	0.9974	1.0000	0.9922	223	223
1D6R	blue	amber_boltz	4	0.289	0.9973	1.0000	0.9910	223	223
1DE4	blue	af_relaxed	0	1.988	0.9458	0.8621	0.7040	267	272
1DE4	blue	af_relaxed	1	2.004	0.9455	0.8566	0.6875	267	272
1DE4	blue	af_relaxed	2	2.031	0.9415	0.8483	0.6884	267	272
1DE4	blue	af_relaxed	3	2.061	0.9393	0.8419	0.6691	267	272
1DE4	blue	af_relaxed	4	1.987	0.9446	0.8557	0.6903	267	272
1DE4	blue	af_unrelaxed	0	1.975	0.9454	0.8585	0.7004	267	272
1DE4	blue	af_unrelaxed	1	2.015	0.9424	0.8511	0.6949	267	272
1DE4	blue	af_unrelaxed	2	2.028	0.9404	0.8465	0.6792	267	272
1DE4	blue	af_unrelaxed	3	1.993	0.9460	0.8557	0.6847	267	272
1DE4	blue	af_unrelaxed	4	1.985	0.9458	0.8621	0.7050	267	272
1DE4	blue	boltz	0	2.126	0.9324	0.8355	0.6829	267	272
1DE4	blue	boltz	1	2.291	0.9143	0.8097	0.6572	267	272
1DE4	blue	boltz	2	2.193	0.9235	0.8263	0.6719	267	272
1DE4	blue	boltz	3	2.127	0.9326	0.8474	0.7040	267	272
1DE4	blue	boltz	4	2.330	0.9133	0.8217	0.6765	267	272
1DE4	blue	amber_af	0	1.989	0.9445	0.8557	0.6893	267	272
1DE4	blue	amber_af	1	2.030	0.9417	0.8502	0.6912	267	272
1DE4	blue	amber_af	2	2.061	0.9392	0.8419	0.6710	267	272
1DE4	blue	amber_af	3	2.005	0.9455	0.8566	0.6875	267	272
1DE4	blue	amber_af	4	1.989	0.9457	0.8612	0.7040	267	272
1DE4	blue	amber_boltz	0	2.136	0.9318	0.8336	0.6801	267	272
1DE4	blue	amber_boltz	1	2.298	0.9138	0.8061	0.6544	267	272
1DE4	blue	amber_boltz	2	2.202	0.9230	0.8263	0.6719	267	272
1DE4	blue	amber_boltz	3	2.137	0.9321	0.8447	0.6976	267	272
1DE4	blue	amber_boltz	4	2.337	0.9128	0.8217	0.6746	267	272
1DFJ	blue	af_relaxed	0	0.569	0.9820	0.9879	0.8992	124	124
1DFJ	blue	af_relaxed	1	0.568	0.9820	0.9879	0.8972	124	124
1DFJ	blue	af_relaxed	2	0.561	0.9825	0.9899	0.9032	124	124
1DFJ	blue	af_relaxed	3	0.574	0.9817	0.9879	0.8952	124	124
1DFJ	blue	af_relaxed	4	0.554	0.9829	0.9879	0.9032	124	124
1DFJ	blue	af_unrelaxed	0	0.567	0.9821	0.9879	0.8931	124	124
1DFJ	blue	af_unrelaxed	1	0.551	0.9830	0.9899	0.9052	124	124
1DFJ	blue	af_unrelaxed	2	0.561	0.9824	0.9879	0.8972	124	124
1DFJ	blue	af_unrelaxed	3	0.545	0.9833	0.9879	0.9052	124	124
1DFJ	blue	af_unrelaxed	4	0.557	0.9826	0.9879	0.9032	124	124
1DFJ	blue	boltz	0	0.657	0.9766	0.9778	0.8810	124	124
1DFJ	blue	boltz	1	0.677	0.9753	0.9778	0.8750	124	124
1DFJ	blue	boltz	2	0.647	0.9772	0.9819	0.8790	124	124
1DFJ	blue	boltz	3	0.654	0.9772	0.9798	0.8831	124	124
1DFJ	blue	boltz	4	0.661	0.9762	0.9778	0.8710	124	124
1DFJ	blue	amber_af	0	0.574	0.9817	0.9879	0.8952	124	124
1DFJ	blue	amber_af	1	0.562	0.9825	0.9899	0.9032	124	124
1DFJ	blue	amber_af	2	0.569	0.9820	0.9879	0.8992	124	124
1DFJ	blue	amber_af	3	0.554	0.9829	0.9879	0.9032	124	124
1DFJ	blue	amber_af	4	0.570	0.9819	0.9879	0.8972	124	124
1DFJ	blue	amber_boltz	0	0.664	0.9762	0.9778	0.8851	124	124
1DFJ	blue	amber_boltz	1	0.688	0.9747	0.9758	0.8730	124	124
1DFJ	blue	amber_boltz	2	0.655	0.9768	0.9798	0.8770	124	124
1DFJ	blue	amber_boltz	3	0.668	0.9765	0.9798	0.8790	124	124
1DFJ	blue	amber_boltz	4	0.672	0.9756	0.9758	0.8750	124	124
1DQJ	blue	af_relaxed	0	11.732	0.3585	0.2091	0.0923	60	214
1DQJ	blue	af_relaxed	1	11.735	0.3582	0.2079	0.0911	61	214
1DQJ	blue	af_relaxed	2	11.789	0.3562	0.2114	0.0923	52	214
1DQJ	blue	af_relaxed	3	11.815	0.3541	0.2079	0.0923	51	214
1DQJ	blue	af_relaxed	4	11.796	0.3556	0.2103	0.0923	53	214
1DQJ	blue	af_unrelaxed	0	11.713	0.3594	0.2091	0.0911	56	214
1DQJ	blue	af_unrelaxed	1	11.780	0.3565	0.2114	0.0935	53	214
1DQJ	blue	af_unrelaxed	2	11.712	0.3589	0.2079	0.0911	61	214
1DQJ	blue	af_unrelaxed	3	11.767	0.3574	0.2126	0.0946	54	214
1DQJ	blue	af_unrelaxed	4	11.793	0.3555	0.2091	0.0923	51	214
1DQJ	blue	boltz	0	11.758	0.3573	0.2079	0.0900	55	214
1DQJ	blue	boltz	1	11.793	0.3559	0.2068	0.0900	55	214
1DQJ	blue	boltz	2	11.756	0.3576	0.2056	0.0888	55	214
1DQJ	blue	boltz	3	11.738	0.3564	0.2068	0.0888	59	214
1DQJ	blue	boltz	4	11.770	0.3561	0.2068	0.0911	54	214
1DQJ	blue	amber_af	0	11.732	0.3584	0.2091	0.0923	60	214
1DQJ	blue	amber_af	1	11.796	0.3556	0.2103	0.0923	51	214
1DQJ	blue	amber_af	2	11.734	0.3582	0.2079	0.0911	61	214
1DQJ	blue	amber_af	3	11.789	0.3562	0.2126	0.0935	54	214
1DQJ	blue	amber_af	4	11.815	0.3541	0.2056	0.0900	51	214
1DQJ	blue	amber_boltz	0	11.768	0.3565	0.2068	0.0888	55	214
1DQJ	blue	amber_boltz	1	11.803	0.3556	0.2068	0.0900	54	214
1DQJ	blue	amber_boltz	2	11.768	0.3571	0.2079	0.0911	56	214
1DQJ	blue	amber_boltz	3	11.749	0.3559	0.2079	0.0900	59	214
1DQJ	blue	amber_boltz	4	11.785	0.3554	0.2068	0.0900	54	214
1E4K	blue	af_relaxed	0	4.698	0.9230	0.9016	0.7778	201	216
1E4K	blue	af_relaxed	1	4.622	0.9229	0.8947	0.7639	201	216
1E4K	blue	af_relaxed	2	4.463	0.9274	0.9062	0.7882	201	216
1E4K	blue	af_relaxed	3	4.460	0.9160	0.8646	0.6991	201	216
1E4K	blue	af_relaxed	4	4.788	0.9238	0.8970	0.7743	201	216
1E4K	blue	af_unrelaxed	0	4.596	0.9243	0.8958	0.7685	201	216
1E4K	blue	af_unrelaxed	1	4.449	0.9276	0.9062	0.7928	201	216
1E4K	blue	af_unrelaxed	2	4.640	0.9254	0.9016	0.7789	201	216
1E4K	blue	af_unrelaxed	3	4.451	0.9165	0.8669	0.7037	201	216
1E4K	blue	af_unrelaxed	4	4.731	0.9249	0.9028	0.7778	201	216
1E4K	blue	boltz	0	4.678	0.8983	0.8252	0.6678	200	216
1E4K	blue	boltz	1	4.622	0.8905	0.8102	0.6551	201	216
1E4K	blue	boltz	2	4.920	0.8807	0.7998	0.6377	198	216
1E4K	blue	boltz	3	4.368	0.9057	0.8368	0.6852	201	216
1E4K	blue	boltz	4	4.187	0.8943	0.8113	0.6539	202	216
1E4K	blue	amber_af	0	4.620	0.9229	0.8947	0.7627	201	216
1E4K	blue	amber_af	1	4.463	0.9274	0.9062	0.7882	201	216
1E4K	blue	amber_af	2	4.696	0.9231	0.9016	0.7789	201	216
1E4K	blue	amber_af	3	4.462	0.9161	0.8646	0.6979	201	216
1E4K	blue	amber_af	4	4.762	0.9239	0.9028	0.7812	201	216
1E4K	blue	amber_boltz	0	4.680	0.8977	0.8241	0.6644	200	216
1E4K	blue	amber_boltz	1	4.617	0.8896	0.8067	0.6481	201	216
1E4K	blue	amber_boltz	2	4.922	0.8802	0.7998	0.6400	198	216
1E4K	blue	amber_boltz	3	4.375	0.9054	0.8368	0.6806	200	216
1E4K	blue	amber_boltz	4	4.198	0.8939	0.8102	0.6493	202	216
1E6E	blue	af_relaxed	0	0.806	0.9906	0.9743	0.8999	455	457
1E6E	blue	af_relaxed	1	0.812	0.9905	0.9737	0.8988	455	457
1E6E	blue	af_relaxed	2	0.850	0.9892	0.9639	0.8753	455	457
1E6E	blue	af_relaxed	3	0.844	0.9895	0.9650	0.8780	455	457
1E6E	blue	af_relaxed	4	0.798	0.9905	0.9721	0.8917	455	457
1E6E	blue	af_unrelaxed	0	0.806	0.9906	0.9732	0.8999	455	457
1E6E	blue	af_unrelaxed	1	0.812	0.9905	0.9732	0.8988	455	457
1E6E	blue	af_unrelaxed	2	0.793	0.9906	0.9732	0.8961	455	457
1E6E	blue	af_unrelaxed	3	0.839	0.9896	0.9655	0.8769	455	457
1E6E	blue	af_unrelaxed	4	0.845	0.9894	0.9650	0.8731	455	457
1E6E	blue	boltz	0	0.842	0.9889	0.9628	0.8457	457	457
1E6E	blue	boltz	1	0.963	0.9861	0.9530	0.8299	455	457
1E6E	blue	boltz	2	0.898	0.9873	0.9524	0.8364	457	457
1E6E	blue	boltz	3	0.904	0.9876	0.9557	0.8534	456	457
1E6E	blue	boltz	4	0.890	0.9881	0.9623	0.8512	456	457
1E6E	blue	amber_af	0	0.806	0.9906	0.9737	0.8993	455	457
1E6E	blue	amber_af	1	0.812	0.9905	0.9737	0.8988	455	457
1E6E	blue	amber_af	2	0.798	0.9905	0.9721	0.8917	455	457
1E6E	blue	amber_af	3	0.843	0.9895	0.9650	0.8769	455	457
1E6E	blue	amber_af	4	0.866	0.9888	0.9639	0.8693	455	457
1E6E	blue	amber_boltz	0	0.849	0.9887	0.9623	0.8457	457	457
1E6E	blue	amber_boltz	1	0.965	0.9860	0.9530	0.8326	455	457
1E6E	blue	amber_boltz	2	0.903	0.9872	0.9524	0.8364	457	457
1E6E	blue	amber_boltz	3	0.908	0.9875	0.9562	0.8518	456	457
1E6E	blue	amber_boltz	4	0.898	0.9879	0.9590	0.8441	456	457
1E6J	blue	af_relaxed	0	1.666	0.9491	0.8986	0.7594	208	212
1E6J	blue	af_relaxed	1	1.964	0.9270	0.8502	0.7134	207	212
1E6J	blue	af_relaxed	2	1.981	0.9265	0.8561	0.7182	207	212
1E6J	blue	af_relaxed	3	2.008	0.9235	0.8467	0.7052	208	212
1E6J	blue	af_relaxed	4	2.441	0.8670	0.7830	0.6427	207	212
1E6J	blue	af_unrelaxed	0	2.429	0.8685	0.7842	0.6415	207	212
1E6J	blue	af_unrelaxed	1	1.672	0.9491	0.8974	0.7571	208	212
1E6J	blue	af_unrelaxed	2	2.002	0.9255	0.8550	0.7193	208	212
1E6J	blue	af_unrelaxed	3	2.028	0.9227	0.8467	0.7111	208	212
1E6J	blue	af_unrelaxed	4	1.997	0.9250	0.8550	0.7193	208	212
1E6J	blue	boltz	0	1.790	0.9375	0.8738	0.7370	208	212
1E6J	blue	boltz	1	2.263	0.8886	0.8078	0.6710	207	212
1E6J	blue	boltz	2	1.979	0.9200	0.8455	0.7099	207	212
1E6J	blue	boltz	3	1.966	0.9215	0.8467	0.7087	208	212
1E6J	blue	boltz	4	2.141	0.9071	0.8337	0.6981	207	212
1E6J	blue	amber_af	0	2.441	0.8670	0.7818	0.6392	207	212
1E6J	blue	amber_af	1	1.666	0.9492	0.8998	0.7606	208	212
1E6J	blue	amber_af	2	1.975	0.9266	0.8550	0.7170	207	212
1E6J	blue	amber_af	3	2.008	0.9235	0.8455	0.7028	208	212
1E6J	blue	amber_af	4	1.963	0.9270	0.8514	0.7134	207	212
1E6J	blue	amber_boltz	0	1.781	0.9380	0.8797	0.7429	208	212
1E6J	blue	amber_boltz	1	2.261	0.8889	0.8125	0.6722	207	212
1E6J	blue	amber_boltz	2	1.979	0.9202	0.8491	0.7111	207	212
1E6J	blue	amber_boltz	3	1.965	0.9219	0.8479	0.7099	208	212
1E6J	blue	amber_boltz	4	2.140	0.9073	0.8325	0.6946	207	212
1E96	blue	af_relaxed	0	0.367	0.9946	1.0000	0.9621	178	178
1E96	blue	af_relaxed	1	0.395	0.9938	0.9986	0.9607	178	178
1E96	blue	af_relaxed	2	0.432	0.9926	0.9958	0.9551	178	178
1E96	blue	af_relaxed	3	0.358	0.9949	1.0000	0.9691	178	178
1E96	blue	af_relaxed	4	0.460	0.9917	0.9958	0.9438	178	178
1E96	blue	af_unrelaxed	0	0.362	0.9948	1.0000	0.9677	178	178
1E96	blue	af_unrelaxed	1	0.359	0.9949	1.0000	0.9691	178	178
1E96	blue	af_unrelaxed	2	0.427	0.9928	0.9972	0.9579	178	178
1E96	blue	af_unrelaxed	3	0.456	0.9918	0.9972	0.9466	178	178
1E96	blue	af_unrelaxed	4	0.389	0.9940	0.9986	0.9663	178	178
1E96	blue	boltz	0	1.106	0.9697	0.9663	0.9157	175	178
1E96	blue	boltz	1	0.891	0.9759	0.9677	0.9185	178	178
1E96	blue	boltz	2	1.051	0.9709	0.9663	0.9199	175	178
1E96	blue	boltz	3	1.585	0.9573	0.9551	0.8848	171	178
1E96	blue	boltz	4	1.105	0.9695	0.9663	0.9129	175	178
1E96	blue	amber_af	0	0.367	0.9946	1.0000	0.9621	178	178
1E96	blue	amber_af	1	0.358	0.9949	1.0000	0.9677	178	178
1E96	blue	amber_af	2	0.432	0.9926	0.9958	0.9551	178	178
1E96	blue	amber_af	3	0.461	0.9917	0.9958	0.9424	178	178
1E96	blue	amber_af	4	0.394	0.9939	0.9986	0.9607	178	178
1E96	blue	amber_boltz	0	1.114	0.9693	0.9677	0.9115	175	178
1E96	blue	amber_boltz	1	0.893	0.9756	0.9663	0.9101	178	178
1E96	blue	amber_boltz	2	1.051	0.9708	0.9663	0.9143	176	178
1E96	blue	amber_boltz	3	1.592	0.9572	0.9551	0.8820	171	178
1E96	blue	amber_boltz	4	1.114	0.9692	0.9649	0.9115	175	178
1EAW	blue	af_relaxed	0	0.528	0.9924	0.9907	0.9419	241	241
1EAW	blue	af_relaxed	1	0.532	0.9923	0.9896	0.9429	241	241
1EAW	blue	af_relaxed	2	0.531	0.9923	0.9907	0.9409	241	241
1EAW	blue	af_relaxed	3	0.519	0.9926	0.9907	0.9450	241	241
1EAW	blue	af_relaxed	4	0.510	0.9929	0.9907	0.9461	241	241
1EAW	blue	af_unrelaxed	0	0.520	0.9926	0.9907	0.9440	241	241
1EAW	blue	af_unrelaxed	1	0.521	0.9926	0.9907	0.9471	241	241
1EAW	blue	af_unrelaxed	2	0.528	0.9924	0.9896	0.9429	241	241
1EAW	blue	af_unrelaxed	3	0.530	0.9923	0.9896	0.9409	241	241
1EAW	blue	af_unrelaxed	4	0.533	0.9922	0.9896	0.9419	241	241
1EAW	blue	boltz	0	0.537	0.9922	0.9886	0.9419	241	241
1EAW	blue	boltz	1	0.546	0.9920	0.9896	0.9419	241	241
1EAW	blue	boltz	2	0.535	0.9922	0.9907	0.9419	241	241
1EAW	blue	boltz	3	0.559	0.9916	0.9907	0.9409	241	241
1EAW	blue	boltz	4	0.564	0.9914	0.9896	0.9388	241	241
1EAW	blue	amber_af	0	0.515	0.9927	0.9917	0.9471	241	241
1EAW	blue	amber_af	1	0.510	0.9929	0.9907	0.9461	241	241
1EAW	blue	amber_af	2	0.528	0.9924	0.9896	0.9419	241	241
1EAW	blue	amber_af	3	0.531	0.9923	0.9917	0.9429	241	241
1EAW	blue	amber_af	4	0.533	0.9922	0.9886	0.9409	241	241
1EAW	blue	amber_boltz	0	0.547	0.9919	0.9896	0.9461	241	241
1EAW	blue	amber_boltz	1	0.550	0.9919	0.9896	0.9419	241	241
1EAW	blue	amber_boltz	2	0.537	0.9922	0.9896	0.9419	241	241
1EAW	blue	amber_boltz	3	0.566	0.9915	0.9886	0.9398	241	241
1EAW	blue	amber_boltz	4	0.569	0.9913	0.9886	0.9357	241	241
1EER	blue	af_relaxed	0	2.036	0.9190	0.8946	0.7666	156	166
1EER	blue	af_relaxed	1	2.077	0.9136	0.8825	0.7470	157	166
1EER	blue	af_relaxed	2	2.061	0.9134	0.8825	0.7455	156	166
1EER	blue	af_relaxed	3	2.057	0.9210	0.9006	0.7726	157	166
1EER	blue	af_relaxed	4	2.121	0.9094	0.8795	0.7500	157	166
1EER	blue	af_unrelaxed	0	2.066	0.9142	0.8840	0.7530	157	166
1EER	blue	af_unrelaxed	1	2.052	0.9141	0.8825	0.7440	157	166
1EER	blue	af_unrelaxed	2	2.043	0.9216	0.9021	0.7726	157	166
1EER	blue	af_unrelaxed	3	2.108	0.9104	0.8810	0.7530	158	166
1EER	blue	af_unrelaxed	4	2.023	0.9195	0.8961	0.7666	157	166
1EER	blue	boltz	0	2.493	0.9100	0.8870	0.7696	157	166
1EER	blue	boltz	1	2.493	0.9118	0.8901	0.7651	156	166
1EER	blue	boltz	2	2.369	0.9179	0.8961	0.7861	158	166
1EER	blue	boltz	3	2.402	0.9110	0.8901	0.7651	156	166
1EER	blue	boltz	4	2.525	0.9100	0.8886	0.7816	156	166
1EER	blue	amber_af	0	2.078	0.9135	0.8840	0.7485	157	166
1EER	blue	amber_af	1	2.061	0.9134	0.8825	0.7455	156	166
1EER	blue	amber_af	2	2.058	0.9210	0.8991	0.7696	157	166
1EER	blue	amber_af	3	2.121	0.9094	0.8795	0.7500	157	166
1EER	blue	amber_af	4	2.035	0.9191	0.8946	0.7681	156	166
1EER	blue	amber_boltz	0	2.496	0.9096	0.8840	0.7651	157	166
1EER	blue	amber_boltz	1	2.507	0.9113	0.8886	0.7620	156	166
1EER	blue	amber_boltz	2	2.382	0.9175	0.8946	0.7816	158	166
1EER	blue	amber_boltz	3	2.409	0.9103	0.8886	0.7620	157	166
1EER	blue	amber_boltz	4	2.525	0.9095	0.8840	0.7711	155	166
1EFN	blue	af_relaxed	0	0.529	0.9647	0.9868	0.9605	57	57
1EFN	blue	af_relaxed	1	0.534	0.9631	0.9868	0.9474	57	57
1EFN	blue	af_relaxed	2	0.527	0.9639	0.9912	0.9518	57	57
1EFN	blue	af_relaxed	3	0.514	0.9650	0.9912	0.9518	57	57
1EFN	blue	af_relaxed	4	0.511	0.9656	0.9912	0.9561	57	57
1EFN	blue	af_unrelaxed	0	0.503	0.9668	0.9912	0.9561	57	57
1EFN	blue	af_unrelaxed	1	0.523	0.9651	0.9868	0.9561	57	57
1EFN	blue	af_unrelaxed	2	0.521	0.9648	0.9912	0.9518	57	57
1EFN	blue	af_unrelaxed	3	0.525	0.9652	0.9868	0.9518	57	57
1EFN	blue	af_unrelaxed	4	0.504	0.9665	0.9912	0.9605	57	57
1EFN	blue	boltz	0	0.490	0.9673	0.9912	0.9561	57	57
1EFN	blue	boltz	1	0.505	0.9657	0.9868	0.9430	57	57
1EFN	blue	boltz	2	0.491	0.9668	0.9912	0.9561	57	57
1EFN	blue	boltz	3	0.473	0.9689	0.9912	0.9561	57	57
1EFN	blue	boltz	4	0.469	0.9690	0.9912	0.9561	57	57
1EFN	blue	amber_af	0	0.516	0.9648	0.9912	0.9518	57	57
1EFN	blue	amber_af	1	0.534	0.9630	0.9868	0.9474	57	57
1EFN	blue	amber_af	2	0.527	0.9639	0.9912	0.9518	57	57
1EFN	blue	amber_af	3	0.527	0.9649	0.9868	0.9605	57	57
1EFN	blue	amber_af	4	0.511	0.9655	0.9912	0.9561	57	57
1EFN	blue	amber_boltz	0	0.490	0.9669	0.9868	0.9474	57	57
1EFN	blue	amber_boltz	1	0.508	0.9650	0.9868	0.9430	57	57
1EFN	blue	amber_boltz	2	0.500	0.9654	0.9868	0.9474	57	57
1EFN	blue	amber_boltz	3	0.487	0.9669	0.9912	0.9518	57	57
1EFN	blue	amber_boltz	4	0.484	0.9670	0.9912	0.9518	57	57
1EWY	blue	af_relaxed	0	0.823	0.9857	0.9736	0.8733	293	294
1EWY	blue	af_relaxed	1	0.828	0.9856	0.9736	0.8707	293	294
1EWY	blue	af_relaxed	2	0.839	0.9852	0.9711	0.8665	293	294
1EWY	blue	af_relaxed	3	0.797	0.9864	0.9719	0.8733	293	294
1EWY	blue	af_relaxed	4	0.820	0.9858	0.9728	0.8733	293	294
1EWY	blue	af_unrelaxed	0	0.833	0.9854	0.9728	0.8665	293	294
1EWY	blue	af_unrelaxed	1	0.815	0.9859	0.9719	0.8699	293	294
1EWY	blue	af_unrelaxed	2	0.816	0.9860	0.9728	0.8733	293	294
1EWY	blue	af_unrelaxed	3	0.792	0.9865	0.9736	0.8776	293	294
1EWY	blue	af_unrelaxed	4	0.822	0.9858	0.9728	0.8690	293	294
1EWY	blue	boltz	0	0.891	0.9829	0.9583	0.8410	293	294
1EWY	blue	boltz	1	0.910	0.9811	0.9430	0.8044	293	294
1EWY	blue	boltz	2	0.914	0.9813	0.9507	0.8274	293	294
1EWY	blue	boltz	3	0.895	0.9825	0.9558	0.8333	293	294
1EWY	blue	boltz	4	0.858	0.9833	0.9532	0.8248	293	294
1EWY	blue	amber_af	0	0.840	0.9852	0.9711	0.8665	293	294
1EWY	blue	amber_af	1	0.820	0.9858	0.9719	0.8724	293	294
1EWY	blue	amber_af	2	0.823	0.9857	0.9736	0.8741	293	294
1EWY	blue	amber_af	3	0.796	0.9864	0.9719	0.8733	293	294
1EWY	blue	amber_af	4	0.828	0.9856	0.9745	0.8733	293	294
1EWY	blue	amber_boltz	0	0.893	0.9828	0.9575	0.8410	293	294
1EWY	blue	amber_boltz	1	0.913	0.9810	0.9456	0.8078	293	294
1EWY	blue	amber_boltz	2	0.914	0.9813	0.9498	0.8274	293	294
1EWY	blue	amber_boltz	3	0.898	0.9824	0.9566	0.8308	293	294
1EWY	blue	amber_boltz	4	0.863	0.9831	0.9549	0.8231	293	294
1EXB	blue	af_relaxed	0	0.282	0.9982	0.9992	0.9870	326	326
1EXB	blue	af_relaxed	1	0.271	0.9983	0.9992	0.9893	326	326
1EXB	blue	af_relaxed	2	0.283	0.9982	0.9992	0.9870	326	326
1EXB	blue	af_relaxed	3	0.279	0.9982	0.9985	0.9854	326	326
1EXB	blue	af_relaxed	4	0.274	0.9983	0.9992	0.9877	326	326
1EXB	blue	af_unrelaxed	0	0.274	0.9983	0.9992	0.9870	326	326
1EXB	blue	af_unrelaxed	1	0.256	0.9985	0.9992	0.9916	326	326
1EXB	blue	af_unrelaxed	2	0.265	0.9984	0.9992	0.9893	326	326
1EXB	blue	af_unrelaxed	3	0.266	0.9984	0.9985	0.9893	326	326
1EXB	blue	af_unrelaxed	4	0.269	0.9984	0.9992	0.9893	326	326
1EXB	blue	boltz	0	0.726	0.9884	0.9716	0.8804	326	326
1EXB	blue	boltz	1	0.659	0.9904	0.9785	0.8934	326	326
1EXB	blue	boltz	2	0.782	0.9866	0.9701	0.8727	326	326
1EXB	blue	boltz	3	0.761	0.9874	0.9724	0.8919	326	326
1EXB	blue	boltz	4	0.984	0.9800	0.9494	0.8558	326	326
1EXB	blue	amber_af	0	0.283	0.9982	0.9992	0.9862	326	326
1EXB	blue	amber_af	1	0.271	0.9983	0.9992	0.9893	326	326
1EXB	blue	amber_af	2	0.274	0.9983	0.9992	0.9870	326	326
1EXB	blue	amber_af	3	0.279	0.9982	0.9985	0.9854	326	326
1EXB	blue	amber_af	4	0.284	0.9982	0.9992	0.9854	326	326
1EXB	blue	amber_boltz	0	0.736	0.9881	0.9716	0.8804	326	326
1EXB	blue	amber_boltz	1	0.670	0.9901	0.9778	0.8919	326	326
1EXB	blue	amber_boltz	2	0.800	0.9861	0.9670	0.8696	326	326
1EXB	blue	amber_boltz	3	0.775	0.9870	0.9701	0.8857	326	326
1EXB	blue	amber_boltz	4	0.999	0.9795	0.9479	0.8535	326	326
1EZU	blue	af_relaxed	0	0.722	0.9748	0.9696	0.8839	140	140
1EZU	blue	af_relaxed	1	0.722	0.9748	0.9696	0.8857	140	140
1EZU	blue	af_relaxed	2	0.719	0.9750	0.9661	0.8821	140	140
1EZU	blue	af_relaxed	3	0.760	0.9724	0.9625	0.8732	140	140
1EZU	blue	af_relaxed	4	0.746	0.9733	0.9625	0.8750	140	140
1EZU	blue	af_unrelaxed	0	0.765	0.9720	0.9643	0.8768	140	140
1EZU	blue	af_unrelaxed	1	0.727	0.9745	0.9696	0.8786	140	140
1EZU	blue	af_unrelaxed	2	0.747	0.9732	0.9661	0.8750	140	140
1EZU	blue	af_unrelaxed	3	0.724	0.9747	0.9679	0.8821	140	140
1EZU	blue	af_unrelaxed	4	0.720	0.9750	0.9679	0.8821	140	140
1EZU	blue	boltz	0	1.018	0.9558	0.9464	0.8411	140	140
1EZU	blue	boltz	1	1.006	0.9587	0.9500	0.8589	139	140
1EZU	blue	boltz	2	0.984	0.9566	0.9357	0.8161	140	140
1EZU	blue	boltz	3	1.172	0.9475	0.9321	0.8268	139	140
1EZU	blue	boltz	4	0.994	0.9565	0.9429	0.8500	140	140
1EZU	blue	amber_af	0	0.760	0.9724	0.9625	0.8750	140	140
1EZU	blue	amber_af	1	0.722	0.9748	0.9714	0.8857	140	140
1EZU	blue	amber_af	2	0.747	0.9732	0.9625	0.8750	140	140
1EZU	blue	amber_af	3	0.722	0.9748	0.9696	0.8857	140	140
1EZU	blue	amber_af	4	0.719	0.9750	0.9661	0.8804	140	140
1EZU	blue	amber_boltz	0	1.018	0.9557	0.9464	0.8393	140	140
1EZU	blue	amber_boltz	1	1.009	0.9584	0.9500	0.8607	139	140
1EZU	blue	amber_boltz	2	0.980	0.9569	0.9375	0.8179	140	140
1EZU	blue	amber_boltz	3	1.173	0.9475	0.9321	0.8268	139	140
1EZU	blue	amber_boltz	4	0.995	0.9563	0.9429	0.8536	140	140
1F34	blue	af_relaxed	0	0.645	0.9914	0.9823	0.9069	324	325
1F34	blue	af_relaxed	1	0.638	0.9916	0.9831	0.9046	324	325
1F34	blue	af_relaxed	2	0.615	0.9922	0.9838	0.9131	324	325
1F34	blue	af_relaxed	3	0.644	0.9914	0.9823	0.9077	324	325
1F34	blue	af_relaxed	4	0.623	0.9920	0.9862	0.9115	324	325
1F34	blue	af_unrelaxed	0	0.604	0.9924	0.9838	0.9154	324	325
1F34	blue	af_unrelaxed	1	0.623	0.9919	0.9823	0.9123	325	325
1F34	blue	af_unrelaxed	2	0.629	0.9917	0.9831	0.9077	324	325
1F34	blue	af_unrelaxed	3	0.611	0.9922	0.9846	0.9131	324	325
1F34	blue	af_unrelaxed	4	0.633	0.9916	0.9831	0.9092	324	325
1F34	blue	boltz	0	0.740	0.9886	0.9746	0.8715	324	325
1F34	blue	boltz	1	0.704	0.9896	0.9769	0.8792	325	325
1F34	blue	boltz	2	0.807	0.9864	0.9677	0.8531	324	325
1F34	blue	boltz	3	0.700	0.9897	0.9777	0.8800	324	325
1F34	blue	boltz	4	0.729	0.9889	0.9746	0.8769	324	325
1F34	blue	amber_af	0	0.615	0.9922	0.9838	0.9131	324	325
1F34	blue	amber_af	1	0.643	0.9915	0.9823	0.9062	324	325
1F34	blue	amber_af	2	0.638	0.9916	0.9838	0.9069	324	325
1F34	blue	amber_af	3	0.622	0.9920	0.9854	0.9108	324	325
1F34	blue	amber_af	4	0.646	0.9913	0.9831	0.9085	324	325
1F34	blue	amber_boltz	0	0.747	0.9884	0.9762	0.8738	324	325
1F34	blue	amber_boltz	1	0.715	0.9894	0.9785	0.8808	324	325
1F34	blue	amber_boltz	2	0.813	0.9863	0.9677	0.8523	324	325
1F34	blue	amber_boltz	3	0.709	0.9896	0.9777	0.8808	324	325
1F34	blue	amber_boltz	4	0.739	0.9887	0.9762	0.8777	324	325
1F51	blue	af_relaxed	0	1.291	0.9760	0.9738	0.8536	179	181
1F51	blue	af_relaxed	1	1.251	0.9780	0.9834	0.8757	179	181
1F51	blue	af_relaxed	2	1.309	0.9766	0.9724	0.8605	179	181
1F51	blue	af_relaxed	3	1.301	0.9761	0.9738	0.8522	179	181
1F51	blue	af_relaxed	4	1.272	0.9777	0.9779	0.8729	179	181
1F51	blue	af_unrelaxed	0	1.303	0.9768	0.9751	0.8605	179	181
1F51	blue	af_unrelaxed	1	1.282	0.9763	0.9793	0.8605	179	181
1F51	blue	af_unrelaxed	2	1.292	0.9765	0.9724	0.8536	179	181
1F51	blue	af_unrelaxed	3	1.245	0.9781	0.9793	0.8757	179	181
1F51	blue	af_unrelaxed	4	1.265	0.9779	0.9765	0.8743	179	181
1F51	blue	boltz	0	2.319	0.9384	0.9227	0.7983	173	181
1F51	blue	boltz	1	2.523	0.9386	0.9268	0.8039	173	181
1F51	blue	boltz	2	2.335	0.9403	0.9282	0.7956	173	181
1F51	blue	boltz	3	2.621	0.9245	0.9088	0.7914	170	181
1F51	blue	boltz	4	2.231	0.9337	0.9061	0.7859	174	181
1F51	blue	amber_af	0	1.309	0.9766	0.9724	0.8577	179	181
1F51	blue	amber_af	1	1.291	0.9759	0.9738	0.8550	179	181
1F51	blue	amber_af	2	1.301	0.9761	0.9738	0.8522	179	181
1F51	blue	amber_af	3	1.251	0.9780	0.9834	0.8785	179	181
1F51	blue	amber_af	4	1.271	0.9777	0.9779	0.8715	179	181
1F51	blue	amber_boltz	0	2.318	0.9380	0.9213	0.7942	173	181
1F51	blue	amber_boltz	1	2.519	0.9381	0.9282	0.8011	173	181
1F51	blue	amber_boltz	2	2.328	0.9401	0.9268	0.7928	173	181
1F51	blue	amber_boltz	3	2.615	0.9244	0.9102	0.7914	170	181
1F51	blue	amber_boltz	4	2.226	0.9337	0.9061	0.7804	174	181
1F6M	blue	af_relaxed	0	1.532	0.9513	0.8680	0.7430	320	320
1F6M	blue	af_relaxed	1	1.400	0.9584	0.8805	0.7523	320	320
1F6M	blue	af_relaxed	2	7.042	0.7033	0.6359	0.5695	204	320
1F6M	blue	af_relaxed	3	7.073	0.7024	0.6359	0.5656	205	320
1F6M	blue	af_relaxed	4	6.945	0.7055	0.6383	0.5695	205	320
1F6M	blue	af_unrelaxed	0	7.067	0.7029	0.6383	0.5711	202	320
1F6M	blue	af_unrelaxed	1	1.402	0.9582	0.8797	0.7523	320	320
1F6M	blue	af_unrelaxed	2	1.532	0.9513	0.8664	0.7430	320	320
1F6M	blue	af_unrelaxed	3	7.048	0.7035	0.6375	0.5742	203	320
1F6M	blue	af_unrelaxed	4	6.944	0.7058	0.6391	0.5742	204	320
1F6M	blue	boltz	0	0.735	0.9882	0.9797	0.8539	320	320
1F6M	blue	boltz	1	0.876	0.9833	0.9500	0.8117	320	320
1F6M	blue	boltz	2	0.991	0.9788	0.9391	0.7867	320	320
1F6M	blue	boltz	3	0.818	0.9867	0.9703	0.8500	319	320
1F6M	blue	boltz	4	0.916	0.9826	0.9555	0.8102	319	320
1F6M	blue	amber_af	0	7.073	0.7024	0.6359	0.5664	205	320
1F6M	blue	amber_af	1	1.400	0.9584	0.8805	0.7516	320	320
1F6M	blue	amber_af	2	1.533	0.9513	0.8672	0.7422	320	320
1F6M	blue	amber_af	3	7.042	0.7032	0.6352	0.5680	204	320
1F6M	blue	amber_af	4	6.943	0.7056	0.6383	0.5680	205	320
1F6M	blue	amber_boltz	0	0.745	0.9879	0.9789	0.8523	320	320
1F6M	blue	amber_boltz	1	0.886	0.9830	0.9500	0.8109	320	320
1F6M	blue	amber_boltz	2	0.998	0.9786	0.9398	0.7883	320	320
1F6M	blue	amber_boltz	3	0.830	0.9864	0.9711	0.8477	319	320
1F6M	blue	amber_boltz	4	0.927	0.9823	0.9547	0.8070	319	320
1FAK	blue	af_relaxed	0	0.743	0.9887	0.9831	0.9412	249	251
1FAK	blue	af_relaxed	1	0.770	0.9877	0.9791	0.9323	249	251
1FAK	blue	af_relaxed	2	0.813	0.9857	0.9731	0.9034	249	251
1FAK	blue	af_relaxed	3	0.748	0.9884	0.9801	0.9382	249	251
1FAK	blue	af_relaxed	4	0.807	0.9870	0.9771	0.9203	249	251
1FAK	blue	af_unrelaxed	0	0.735	0.9888	0.9821	0.9412	249	251
1FAK	blue	af_unrelaxed	1	0.758	0.9884	0.9821	0.9402	249	251
1FAK	blue	af_unrelaxed	2	0.743	0.9885	0.9811	0.9402	249	251
1FAK	blue	af_unrelaxed	3	0.751	0.9882	0.9791	0.9373	249	251
1FAK	blue	af_unrelaxed	4	0.742	0.9884	0.9811	0.9382	249	251
1FAK	blue	boltz	0	0.762	0.9884	0.9821	0.9412	249	251
1FAK	blue	boltz	1	0.783	0.9874	0.9791	0.9402	249	251
1FAK	blue	boltz	2	0.760	0.9885	0.9821	0.9412	249	251
1FAK	blue	boltz	3	0.761	0.9887	0.9811	0.9412	249	251
1FAK	blue	boltz	4	0.750	0.9887	0.9821	0.9442	249	251
1FAK	blue	amber_af	0	0.743	0.9887	0.9831	0.9412	249	251
1FAK	blue	amber_af	1	0.809	0.9870	0.9771	0.9213	249	251
1FAK	blue	amber_af	2	0.748	0.9884	0.9811	0.9382	249	251
1FAK	blue	amber_af	3	0.762	0.9880	0.9791	0.9363	249	251
1FAK	blue	amber_af	4	0.812	0.9857	0.9741	0.9064	249	251
1FAK	blue	amber_boltz	0	0.770	0.9882	0.9821	0.9412	249	251
1FAK	blue	amber_boltz	1	0.792	0.9872	0.9791	0.9392	249	251
1FAK	blue	amber_boltz	2	0.766	0.9884	0.9811	0.9392	249	251
1FAK	blue	amber_boltz	3	0.771	0.9884	0.9831	0.9442	249	251
1FAK	blue	amber_boltz	4	0.760	0.9884	0.9821	0.9422	249	251
1FC2	blue	af_relaxed	0	2.100	0.7780	0.8953	0.7442	41	43
1FC2	blue	af_relaxed	1	3.429	0.6692	0.7965	0.6105	38	43
1FC2	blue	af_relaxed	2	2.254	0.6670	0.8023	0.6337	40	43
1FC2	blue	af_relaxed	3	3.091	0.6994	0.8140	0.6512	39	43
1FC2	blue	af_relaxed	4	3.847	0.7040	0.8314	0.6744	38	43
1FC2	blue	af_unrelaxed	0	2.192	0.7098	0.8256	0.6453	39	43
1FC2	blue	af_unrelaxed	1	3.887	0.7153	0.8372	0.6744	38	43
1FC2	blue	af_unrelaxed	2	3.178	0.7084	0.8314	0.6628	39	43
1FC2	blue	af_unrelaxed	3	3.408	0.6983	0.8198	0.6512	38	43
1FC2	blue	af_unrelaxed	4	2.098	0.7825	0.8953	0.7558	41	43
1FC2	blue	boltz	0	2.603	0.7188	0.8314	0.6628	40	43
1FC2	blue	boltz	1	2.174	0.7798	0.8895	0.7267	41	43
1FC2	blue	boltz	2	2.292	0.7353	0.8488	0.6802	41	43
1FC2	blue	boltz	3	2.832	0.6645	0.8023	0.6279	39	43
1FC2	blue	boltz	4	2.689	0.7306	0.8430	0.6860	40	43
1FC2	blue	amber_af	0	2.385	0.6678	0.8140	0.6395	40	43
1FC2	blue	amber_af	1	3.853	0.7034	0.8314	0.6744	38	43
1FC2	blue	amber_af	2	3.125	0.7006	0.8081	0.6453	39	43
1FC2	blue	amber_af	3	3.430	0.6687	0.7965	0.6105	38	43
1FC2	blue	amber_af	4	2.099	0.7781	0.8953	0.7442	41	43
1FC2	blue	amber_boltz	0	2.631	0.7158	0.8314	0.6628	40	43
1FC2	blue	amber_boltz	1	2.174	0.7766	0.8895	0.7267	41	43
1FC2	blue	amber_boltz	2	2.276	0.7344	0.8547	0.6802	41	43
1FC2	blue	amber_boltz	3	2.843	0.6633	0.7907	0.6163	39	43
1FC2	blue	amber_boltz	4	2.690	0.7277	0.8372	0.6686	40	43
1FCC	blue	af_relaxed	0	1.402	0.9445	0.8896	0.7415	206	206
1FCC	blue	af_relaxed	1	1.309	0.9523	0.9102	0.7706	205	206
1FCC	blue	af_relaxed	2	1.370	0.9469	0.8932	0.7488	206	206
1FCC	blue	af_relaxed	3	1.522	0.9342	0.8750	0.7318	206	206
1FCC	blue	af_relaxed	4	1.374	0.9462	0.8908	0.7464	206	206
1FCC	blue	af_unrelaxed	0	1.374	0.9461	0.8944	0.7536	206	206
1FCC	blue	af_unrelaxed	1	1.472	0.9382	0.8847	0.7439	206	206
1FCC	blue	af_unrelaxed	2	1.403	0.9443	0.8908	0.7500	206	206
1FCC	blue	af_unrelaxed	3	1.302	0.9527	0.9150	0.7779	205	206
1FCC	blue	af_unrelaxed	4	1.366	0.9472	0.8932	0.7524	206	206
1FCC	blue	boltz	0	1.149	0.9629	0.9417	0.7973	206	206
1FCC	blue	boltz	1	1.202	0.9575	0.9199	0.7731	206	206
1FCC	blue	boltz	2	1.101	0.9655	0.9417	0.7961	206	206
1FCC	blue	boltz	3	1.001	0.9688	0.9393	0.7913	206	206
1FCC	blue	boltz	4	1.047	0.9679	0.9454	0.7937	206	206
1FCC	blue	amber_af	0	1.374	0.9462	0.8920	0.7476	206	206
1FCC	blue	amber_af	1	1.514	0.9349	0.8762	0.7342	206	206
1FCC	blue	amber_af	2	1.401	0.9446	0.8908	0.7427	206	206
1FCC	blue	amber_af	3	1.309	0.9523	0.9114	0.7706	205	206
1FCC	blue	amber_af	4	1.373	0.9467	0.8920	0.7464	206	206
1FCC	blue	amber_boltz	0	1.156	0.9626	0.9430	0.7998	206	206
1FCC	blue	amber_boltz	1	1.205	0.9573	0.9199	0.7694	206	206
1FCC	blue	amber_boltz	2	1.104	0.9653	0.9430	0.7949	206	206
1FCC	blue	amber_boltz	3	1.005	0.9685	0.9405	0.7913	206	206
1FCC	blue	amber_boltz	4	1.046	0.9679	0.9466	0.7900	206	206
1FFW	blue	af_relaxed	0	0.327	0.9940	1.0000	0.9766	128	128
1FFW	blue	af_relaxed	1	0.330	0.9939	1.0000	0.9727	128	128
1FFW	blue	af_relaxed	2	0.337	0.9936	1.0000	0.9707	128	128
1FFW	blue	af_relaxed	3	0.331	0.9939	1.0000	0.9746	128	128
1FFW	blue	af_relaxed	4	0.335	0.9937	1.0000	0.9727	128	128
1FFW	blue	af_unrelaxed	0	0.329	0.9939	1.0000	0.9707	128	128
1FFW	blue	af_unrelaxed	1	0.325	0.9941	1.0000	0.9727	128	128
1FFW	blue	af_unrelaxed	2	0.333	0.9938	1.0000	0.9727	128	128
1FFW	blue	af_unrelaxed	3	0.326	0.9940	1.0000	0.9707	128	128
1FFW	blue	af_unrelaxed	4	0.337	0.9936	1.0000	0.9727	128	128
1FFW	blue	boltz	0	0.341	0.9935	1.0000	0.9766	128	128
1FFW	blue	boltz	1	0.353	0.9931	1.0000	0.9746	128	128
1FFW	blue	boltz	2	0.364	0.9926	1.0000	0.9727	128	128
1FFW	blue	boltz	3	0.340	0.9936	1.0000	0.9785	128	128
1FFW	blue	boltz	4	0.353	0.9931	1.0000	0.9727	128	128
1FFW	blue	amber_af	0	0.331	0.9939	1.0000	0.9766	128	128
1FFW	blue	amber_af	1	0.328	0.9940	1.0000	0.9746	128	128
1FFW	blue	amber_af	2	0.336	0.9937	1.0000	0.9707	128	128
1FFW	blue	amber_af	3	0.330	0.9939	1.0000	0.9727	128	128
1FFW	blue	amber_af	4	0.335	0.9937	1.0000	0.9727	128	128
1FFW	blue	amber_boltz	0	0.344	0.9934	1.0000	0.9766	128	128
1FFW	blue	amber_boltz	1	0.354	0.9930	1.0000	0.9766	128	128
1FFW	blue	amber_boltz	2	0.366	0.9925	1.0000	0.9707	128	128
1FFW	blue	amber_boltz	3	0.342	0.9935	1.0000	0.9766	128	128
1FFW	blue	amber_boltz	4	0.357	0.9929	1.0000	0.9707	128	128
1FLE	blue	af_relaxed	0	0.317	0.9970	1.0000	0.9833	240	240
1FLE	blue	af_relaxed	1	0.311	0.9971	1.0000	0.9844	240	240
1FLE	blue	af_relaxed	2	0.323	0.9969	1.0000	0.9802	240	240
1FLE	blue	af_relaxed	3	0.306	0.9972	1.0000	0.9875	240	240
1FLE	blue	af_relaxed	4	0.322	0.9969	1.0000	0.9812	240	240
1FLE	blue	af_unrelaxed	0	0.309	0.9971	1.0000	0.9844	240	240
1FLE	blue	af_unrelaxed	1	0.301	0.9973	1.0000	0.9885	240	240
1FLE	blue	af_unrelaxed	2	0.305	0.9972	1.0000	0.9865	240	240
1FLE	blue	af_unrelaxed	3	0.312	0.9971	1.0000	0.9833	240	240
1FLE	blue	af_unrelaxed	4	0.319	0.9969	1.0000	0.9812	240	240
1FLE	blue	boltz	0	0.323	0.9969	0.9990	0.9875	240	240
1FLE	blue	boltz	1	0.312	0.9971	0.9990	0.9833	240	240
1FLE	blue	boltz	2	0.316	0.9970	1.0000	0.9833	240	240
1FLE	blue	boltz	3	0.302	0.9973	1.0000	0.9833	240	240
1FLE	blue	boltz	4	0.313	0.9971	1.0000	0.9812	240	240
1FLE	blue	amber_af	0	0.316	0.9970	1.0000	0.9833	240	240
1FLE	blue	amber_af	1	0.309	0.9971	1.0000	0.9875	240	240
1FLE	blue	amber_af	2	0.311	0.9971	1.0000	0.9844	240	240
1FLE	blue	amber_af	3	0.322	0.9969	1.0000	0.9812	240	240
1FLE	blue	amber_af	4	0.323	0.9969	1.0000	0.9802	240	240
1FLE	blue	amber_boltz	0	0.329	0.9967	0.9990	0.9812	240	240
1FLE	blue	amber_boltz	1	0.320	0.9969	1.0000	0.9823	240	240
1FLE	blue	amber_boltz	2	0.325	0.9968	1.0000	0.9823	240	240
1FLE	blue	amber_boltz	3	0.316	0.9970	0.9990	0.9802	240	240
1FLE	blue	amber_boltz	4	0.325	0.9968	0.9990	0.9792	240	240
1FQ1	blue	af_relaxed	0	1.314	0.9680	0.9577	0.8511	181	183
1FQ1	blue	af_relaxed	1	1.323	0.9678	0.9631	0.8525	181	183
1FQ1	blue	af_relaxed	2	1.331	0.9678	0.9604	0.8484	181	183
1FQ1	blue	af_relaxed	3	1.298	0.9691	0.9604	0.8648	181	183
1FQ1	blue	af_relaxed	4	1.312	0.9670	0.9563	0.8484	181	183
1FQ1	blue	af_unrelaxed	0	1.315	0.9682	0.9631	0.8566	181	183
1FQ1	blue	af_unrelaxed	1	1.324	0.9680	0.9617	0.8552	181	183
1FQ1	blue	af_unrelaxed	2	1.289	0.9695	0.9631	0.8620	181	183
1FQ1	blue	af_unrelaxed	3	1.306	0.9674	0.9590	0.8525	181	183
1FQ1	blue	af_unrelaxed	4	1.306	0.9684	0.9577	0.8552	181	183
1FQ1	blue	boltz	0	1.358	0.9670	0.9577	0.8525	181	183
1FQ1	blue	boltz	1	1.344	0.9692	0.9617	0.8620	181	183
1FQ1	blue	boltz	2	1.314	0.9693	0.9631	0.8648	181	183
1FQ1	blue	boltz	3	1.297	0.9700	0.9658	0.8730	181	183
1FQ1	blue	boltz	4	1.333	0.9694	0.9645	0.8634	181	183
1FQ1	blue	amber_af	0	1.323	0.9678	0.9631	0.8511	181	183
1FQ1	blue	amber_af	1	1.331	0.9678	0.9604	0.8484	181	183
1FQ1	blue	amber_af	2	1.299	0.9691	0.9604	0.8634	181	183
1FQ1	blue	amber_af	3	1.313	0.9669	0.9563	0.8497	181	183
1FQ1	blue	amber_af	4	1.315	0.9679	0.9577	0.8511	181	183
1FQ1	blue	amber_boltz	0	1.368	0.9664	0.9563	0.8443	181	183
1FQ1	blue	amber_boltz	1	1.348	0.9689	0.9631	0.8552	181	183
1FQ1	blue	amber_boltz	2	1.320	0.9688	0.9631	0.8648	181	183
1FQ1	blue	amber_boltz	3	1.304	0.9696	0.9645	0.8675	181	183
1FQ1	blue	amber_boltz	4	1.337	0.9691	0.9631	0.8566	181	183
1FQJ	blue	af_relaxed	0	0.556	0.9932	0.9890	0.9188	317	317
1FQJ	blue	af_relaxed	1	0.531	0.9938	0.9929	0.9353	317	317
1FQJ	blue	af_relaxed	2	0.570	0.9930	0.9921	0.9188	317	317
1FQJ	blue	af_relaxed	3	0.533	0.9938	0.9929	0.9298	317	317
1FQJ	blue	af_relaxed	4	0.560	0.9931	0.9905	0.9196	317	317
1FQJ	blue	af_unrelaxed	0	0.548	0.9933	0.9897	0.9196	317	317
1FQJ	blue	af_unrelaxed	1	0.563	0.9931	0.9913	0.9180	317	317
1FQJ	blue	af_unrelaxed	2	0.523	0.9940	0.9921	0.9338	317	317
1FQJ	blue	af_unrelaxed	3	0.555	0.9932	0.9913	0.9203	317	317
1FQJ	blue	af_unrelaxed	4	0.521	0.9940	0.9929	0.9377	317	317
1FQJ	blue	boltz	0	0.610	0.9922	0.9874	0.9077	316	317
1FQJ	blue	boltz	1	0.521	0.9945	0.9937	0.9527	316	317
1FQJ	blue	boltz	2	0.600	0.9918	0.9858	0.8951	317	317
1FQJ	blue	boltz	3	0.597	0.9925	0.9890	0.9046	316	317
1FQJ	blue	boltz	4	0.580	0.9930	0.9905	0.9251	316	317
1FQJ	blue	amber_af	0	0.560	0.9931	0.9890	0.9188	317	317
1FQJ	blue	amber_af	1	0.570	0.9930	0.9921	0.9211	317	317
1FQJ	blue	amber_af	2	0.534	0.9938	0.9929	0.9298	317	317
1FQJ	blue	amber_af	3	0.560	0.9931	0.9905	0.9188	317	317
1FQJ	blue	amber_af	4	0.533	0.9938	0.9929	0.9345	317	317
1FQJ	blue	amber_boltz	0	0.617	0.9920	0.9882	0.9054	316	317
1FQJ	blue	amber_boltz	1	0.527	0.9944	0.9929	0.9511	316	317
1FQJ	blue	amber_boltz	2	0.602	0.9917	0.9866	0.8975	317	317
1FQJ	blue	amber_boltz	3	0.602	0.9923	0.9882	0.9069	316	317
1FQJ	blue	amber_boltz	4	0.584	0.9929	0.9905	0.9219	316	317
1GCQ	blue	af_relaxed	0	1.090	0.9389	0.9737	0.9167	56	57
1GCQ	blue	af_relaxed	1	1.213	0.9324	0.9605	0.8991	56	57
1GCQ	blue	af_relaxed	2	1.047	0.9344	0.9737	0.9079	56	57
1GCQ	blue	af_relaxed	3	1.145	0.9350	0.9649	0.8991	56	57
1GCQ	blue	af_relaxed	4	1.233	0.9331	0.9693	0.9035	56	57
1GCQ	blue	af_unrelaxed	0	1.064	0.9406	0.9737	0.9211	56	57
1GCQ	blue	af_unrelaxed	1	1.208	0.9348	0.9649	0.9035	56	57
1GCQ	blue	af_unrelaxed	2	1.115	0.9366	0.9693	0.9079	56	57
1GCQ	blue	af_unrelaxed	3	1.188	0.9341	0.9649	0.9035	56	57
1GCQ	blue	af_unrelaxed	4	1.027	0.9356	0.9693	0.9035	56	57
1GCQ	blue	boltz	0	1.258	0.9403	0.9649	0.9211	56	57
1GCQ	blue	boltz	1	0.982	0.9402	0.9693	0.9254	56	57
1GCQ	blue	boltz	2	1.323	0.9403	0.9693	0.9254	56	57
1GCQ	blue	boltz	3	1.393	0.9421	0.9693	0.9254	56	57
1GCQ	blue	boltz	4	1.145	0.9407	0.9693	0.9211	56	57
1GCQ	blue	amber_af	0	1.090	0.9388	0.9737	0.9167	56	57
1GCQ	blue	amber_af	1	1.233	0.9331	0.9693	0.9035	56	57
1GCQ	blue	amber_af	2	1.145	0.9350	0.9649	0.8991	56	57
1GCQ	blue	amber_af	3	1.213	0.9324	0.9605	0.8991	56	57
1GCQ	blue	amber_af	4	1.047	0.9344	0.9737	0.9079	56	57
1GCQ	blue	amber_boltz	0	1.271	0.9387	0.9693	0.9254	56	57
1GCQ	blue	amber_boltz	1	0.991	0.9388	0.9693	0.9211	56	57
1GCQ	blue	amber_boltz	2	1.338	0.9389	0.9693	0.9254	56	57
1GCQ	blue	amber_boltz	3	1.404	0.9406	0.9693	0.9298	56	57
1GCQ	blue	amber_boltz	4	1.155	0.9390	0.9649	0.9123	56	57
1GHQ	blue	af_relaxed	0	1.939	0.9582	0.9210	0.8388	297	307
1GHQ	blue	af_relaxed	1	2.072	0.9565	0.9194	0.8396	294	307
1GHQ	blue	af_relaxed	2	2.192	0.9556	0.9161	0.8331	295	307
1GHQ	blue	af_relaxed	3	2.157	0.9558	0.9169	0.8339	295	307
1GHQ	blue	af_relaxed	4	2.228	0.9554	0.9194	0.8428	294	307
1GHQ	blue	af_unrelaxed	0	2.183	0.9559	0.9169	0.8363	295	307
1GHQ	blue	af_unrelaxed	1	2.215	0.9557	0.9202	0.8420	294	307
1GHQ	blue	af_unrelaxed	2	2.063	0.9567	0.9202	0.8412	294	307
1GHQ	blue	af_unrelaxed	3	2.147	0.9560	0.9169	0.8339	295	307
1GHQ	blue	af_unrelaxed	4	1.930	0.9584	0.9218	0.8396	297	307
1GHQ	blue	boltz	0	1.562	0.9628	0.9218	0.7972	299	307
1GHQ	blue	boltz	1	1.952	0.9572	0.9194	0.7850	297	307
1GHQ	blue	boltz	2	1.885	0.9614	0.9243	0.8086	299	307
1GHQ	blue	boltz	3	1.768	0.9609	0.9235	0.7972	297	307
1GHQ	blue	boltz	4	1.841	0.9603	0.9243	0.7956	299	307
1GHQ	blue	amber_af	0	2.190	0.9556	0.9153	0.8331	295	307
1GHQ	blue	amber_af	1	2.228	0.9554	0.9202	0.8428	294	307
1GHQ	blue	amber_af	2	2.073	0.9564	0.9186	0.8396	294	307
1GHQ	blue	amber_af	3	2.156	0.9558	0.9153	0.8322	295	307
1GHQ	blue	amber_af	4	1.939	0.9581	0.9202	0.8371	297	307
1GHQ	blue	amber_boltz	0	1.574	0.9625	0.9218	0.7948	298	307
1GHQ	blue	amber_boltz	1	1.954	0.9565	0.9161	0.7875	296	307
1GHQ	blue	amber_boltz	2	1.902	0.9603	0.9226	0.8037	299	307
1GHQ	blue	amber_boltz	3	1.790	0.9601	0.9210	0.7923	297	307
1GHQ	blue	amber_boltz	4	1.838	0.9597	0.9243	0.7956	299	307
1GL1	blue	af_relaxed	0	1.016	0.9874	0.9874	0.9613	236	239
1GL1	blue	af_relaxed	1	1.077	0.9873	0.9874	0.9613	236	239
1GL1	blue	af_relaxed	2	1.057	0.9873	0.9874	0.9571	236	239
1GL1	blue	af_relaxed	3	1.038	0.9876	0.9885	0.9613	236	239
1GL1	blue	af_relaxed	4	1.032	0.9873	0.9874	0.9550	236	239
1GL1	blue	af_unrelaxed	0	1.077	0.9873	0.9864	0.9603	236	239
1GL1	blue	af_unrelaxed	1	1.016	0.9876	0.9864	0.9603	236	239
1GL1	blue	af_unrelaxed	2	1.009	0.9875	0.9874	0.9623	236	239
1GL1	blue	af_unrelaxed	3	1.030	0.9878	0.9874	0.9634	236	239
1GL1	blue	af_unrelaxed	4	1.054	0.9874	0.9874	0.9623	236	239
1GL1	blue	boltz	0	1.020	0.9883	0.9874	0.9718	236	239
1GL1	blue	boltz	1	1.069	0.9893	0.9895	0.9759	237	239
1GL1	blue	boltz	2	1.023	0.9878	0.9864	0.9686	236	239
1GL1	blue	boltz	3	0.946	0.9897	0.9885	0.9728	237	239
1GL1	blue	boltz	4	1.029	0.9870	0.9874	0.9561	236	239
1GL1	blue	amber_af	0	1.080	0.9873	0.9874	0.9613	236	239
1GL1	blue	amber_af	1	1.032	0.9873	0.9874	0.9561	236	239
1GL1	blue	amber_af	2	1.016	0.9874	0.9874	0.9613	236	239
1GL1	blue	amber_af	3	1.038	0.9876	0.9885	0.9613	236	239
1GL1	blue	amber_af	4	1.057	0.9874	0.9874	0.9582	236	239
1GL1	blue	amber_boltz	0	1.017	0.9882	0.9885	0.9718	236	239
1GL1	blue	amber_boltz	1	1.075	0.9892	0.9895	0.9728	237	239
1GL1	blue	amber_boltz	2	1.021	0.9876	0.9864	0.9697	236	239
1GL1	blue	amber_boltz	3	0.945	0.9895	0.9895	0.9738	237	239
1GL1	blue	amber_boltz	4	1.024	0.9870	0.9874	0.9571	236	239
1GLA	blue	af_relaxed	0	9.079	0.9222	0.9239	0.8525	150	161
1GLA	blue	af_relaxed	1	8.945	0.9232	0.9270	0.8556	150	161
1GLA	blue	af_relaxed	2	9.079	0.9205	0.9193	0.8385	150	161
1GLA	blue	af_relaxed	3	9.182	0.9239	0.9286	0.8634	150	161
1GLA	blue	af_relaxed	4	9.167	0.9217	0.9208	0.8494	150	161
1GLA	blue	af_unrelaxed	0	9.021	0.9239	0.9301	0.8602	150	161
1GLA	blue	af_unrelaxed	1	9.034	0.9233	0.9301	0.8478	150	161
1GLA	blue	af_unrelaxed	2	8.932	0.9233	0.9286	0.8571	150	161
1GLA	blue	af_unrelaxed	3	9.160	0.9228	0.9255	0.8509	150	161
1GLA	blue	af_unrelaxed	4	9.158	0.9243	0.9286	0.8665	150	161
1GLA	blue	boltz	0	8.028	0.9272	0.9301	0.8975	150	161
1GLA	blue	boltz	1	9.539	0.9263	0.9301	0.8960	150	161
1GLA	blue	boltz	2	8.262	0.9262	0.9301	0.8929	150	161
1GLA	blue	boltz	3	8.857	0.9268	0.9301	0.8991	150	161
1GLA	blue	boltz	4	8.503	0.9268	0.9301	0.8960	150	161
1GLA	blue	amber_af	0	9.078	0.9205	0.9193	0.8385	150	161
1GLA	blue	amber_af	1	9.074	0.9222	0.9239	0.8525	150	161
1GLA	blue	amber_af	2	8.943	0.9231	0.9270	0.8571	150	161
1GLA	blue	amber_af	3	9.166	0.9213	0.9193	0.8478	150	161
1GLA	blue	amber_af	4	9.181	0.9239	0.9286	0.8634	150	161
1GLA	blue	amber_boltz	0	8.035	0.9269	0.9317	0.8960	150	161
1GLA	blue	amber_boltz	1	9.536	0.9260	0.9317	0.8929	150	161
1GLA	blue	amber_boltz	2	15.018	0.1706	0.0978	0.0528	20	161
1GLA	blue	amber_boltz	3	8.856	0.9264	0.9317	0.8960	150	161
1GLA	blue	amber_boltz	4	8.491	0.9264	0.9301	0.8913	150	161
1GP2	blue	af_relaxed	0	1.470	0.9644	0.9177	0.7641	334	337
1GP2	blue	af_relaxed	1	1.518	0.9633	0.9110	0.7641	331	337
1GP2	blue	af_relaxed	2	1.614	0.9601	0.9088	0.7507	330	337
1GP2	blue	af_relaxed	3	1.914	0.9442	0.8820	0.7129	321	337
1GP2	blue	af_relaxed	4	2.155	0.9361	0.8754	0.7055	314	337
1GP2	blue	af_unrelaxed	0	1.911	0.9443	0.8843	0.7181	321	337
1GP2	blue	af_unrelaxed	1	1.514	0.9635	0.9147	0.7678	331	337
1GP2	blue	af_unrelaxed	2	1.619	0.9602	0.9102	0.7530	330	337
1GP2	blue	af_unrelaxed	3	2.150	0.9363	0.8761	0.7047	314	337
1GP2	blue	af_unrelaxed	4	1.460	0.9648	0.9169	0.7648	334	337
1GP2	blue	boltz	0	1.640	0.9559	0.8999	0.7322	329	337
1GP2	blue	boltz	1	1.689	0.9556	0.9043	0.7470	329	337
1GP2	blue	boltz	2	1.559	0.9623	0.9132	0.7507	329	337
1GP2	blue	boltz	3	1.883	0.9449	0.8880	0.7248	325	337
1GP2	blue	boltz	4	1.990	0.9378	0.8487	0.6788	324	337
1GP2	blue	amber_af	0	1.914	0.9442	0.8828	0.7136	321	337
1GP2	blue	amber_af	1	1.518	0.9633	0.9110	0.7634	331	337
1GP2	blue	amber_af	2	1.609	0.9601	0.9095	0.7485	330	337
1GP2	blue	amber_af	3	2.155	0.9361	0.8761	0.7047	314	337
1GP2	blue	amber_af	4	1.471	0.9644	0.9177	0.7634	334	337
1GP2	blue	amber_boltz	0	1.646	0.9557	0.8984	0.7315	329	337
1GP2	blue	amber_boltz	1	1.692	0.9555	0.9021	0.7418	329	337
1GP2	blue	amber_boltz	2	1.560	0.9622	0.9139	0.7507	329	337
1GP2	blue	amber_boltz	3	1.883	0.9449	0.8850	0.7211	326	337
1GP2	blue	amber_boltz	4	1.991	0.9377	0.8464	0.6758	324	337
1GPW	blue	af_relaxed	0	3.183	0.9596	0.9496	0.9111	243	253
1GPW	blue	af_relaxed	1	2.641	0.9621	0.9536	0.9111	243	253
1GPW	blue	af_relaxed	2	0.958	0.9816	0.9723	0.9140	251	253
1GPW	blue	af_relaxed	3	3.408	0.9591	0.9536	0.9051	242	253
1GPW	blue	af_relaxed	4	0.912	0.9831	0.9723	0.9229	251	253
1GPW	blue	af_unrelaxed	0	0.952	0.9817	0.9723	0.9190	251	253
1GPW	blue	af_unrelaxed	1	3.398	0.9592	0.9526	0.9071	242	253
1GPW	blue	af_unrelaxed	2	2.632	0.9623	0.9545	0.9111	243	253
1GPW	blue	af_unrelaxed	3	0.907	0.9832	0.9733	0.9239	251	253
1GPW	blue	af_unrelaxed	4	3.171	0.9599	0.9506	0.9150	243	253
1GPW	blue	boltz	0	1.099	0.9758	0.9555	0.8617	249	253
1GPW	blue	boltz	1	1.065	0.9768	0.9605	0.8676	250	253
1GPW	blue	boltz	2	1.034	0.9779	0.9575	0.8439	251	253
1GPW	blue	boltz	3	1.057	0.9768	0.9585	0.8538	251	253
1GPW	blue	boltz	4	1.070	0.9755	0.9575	0.8518	252	253
1GPW	blue	amber_af	0	0.957	0.9816	0.9723	0.9130	250	253
1GPW	blue	amber_af	1	3.408	0.9591	0.9536	0.9051	242	253
1GPW	blue	amber_af	2	2.641	0.9622	0.9536	0.9121	243	253
1GPW	blue	amber_af	3	0.913	0.9831	0.9723	0.9229	251	253
1GPW	blue	amber_af	4	3.185	0.9596	0.9506	0.9121	243	253
1GPW	blue	amber_boltz	0	1.106	0.9754	0.9565	0.8567	249	253
1GPW	blue	amber_boltz	1	1.073	0.9765	0.9615	0.8666	250	253
1GPW	blue	amber_boltz	2	1.039	0.9777	0.9605	0.8478	251	253
1GPW	blue	amber_boltz	3	1.060	0.9766	0.9595	0.8538	251	253
1GPW	blue	amber_boltz	4	1.080	0.9751	0.9565	0.8468	251	253
1GRN	blue	af_relaxed	0	5.335	0.9384	0.9359	0.8914	180	191
1GRN	blue	af_relaxed	1	4.851	0.9426	0.9437	0.8992	181	191
1GRN	blue	af_relaxed	2	5.507	0.9378	0.9346	0.8861	180	191
1GRN	blue	af_relaxed	3	5.190	0.9384	0.9346	0.8822	180	191
1GRN	blue	af_relaxed	4	5.245	0.9387	0.9359	0.8927	180	191
1GRN	blue	af_unrelaxed	0	5.314	0.9384	0.9359	0.8953	180	191
1GRN	blue	af_unrelaxed	1	5.227	0.9387	0.9359	0.8953	180	191
1GRN	blue	af_unrelaxed	2	5.166	0.9383	0.9346	0.8887	180	191
1GRN	blue	af_unrelaxed	3	4.834	0.9426	0.9411	0.8979	181	191
1GRN	blue	af_unrelaxed	4	5.486	0.9378	0.9346	0.8874	180	191
1GRN	blue	boltz	0	1.427	0.9700	0.9607	0.9058	187	191
1GRN	blue	boltz	1	1.256	0.9755	0.9712	0.9241	187	191
1GRN	blue	boltz	2	1.223	0.9683	0.9581	0.8940	187	191
1GRN	blue	boltz	3	1.543	0.9641	0.9503	0.8861	187	191
1GRN	blue	boltz	4	1.622	0.9617	0.9490	0.8848	187	191
1GRN	blue	amber_af	0	5.335	0.9384	0.9359	0.8914	180	191
1GRN	blue	amber_af	1	5.246	0.9387	0.9359	0.8927	180	191
1GRN	blue	amber_af	2	5.190	0.9383	0.9346	0.8822	180	191
1GRN	blue	amber_af	3	4.851	0.9426	0.9437	0.8992	181	191
1GRN	blue	amber_af	4	5.507	0.9378	0.9346	0.8861	180	191
1GRN	blue	amber_boltz	0	1.424	0.9700	0.9620	0.9110	187	191
1GRN	blue	amber_boltz	1	1.257	0.9756	0.9712	0.9267	187	191
1GRN	blue	amber_boltz	2	1.223	0.9685	0.9568	0.8940	187	191
1GRN	blue	amber_boltz	3	1.537	0.9642	0.9490	0.8874	187	191
1GRN	blue	amber_boltz	4	1.615	0.9619	0.9463	0.8848	187	191
1GXD	blue	af_relaxed	0	3.545	0.8952	0.6663	0.4892	553	624
1GXD	blue	af_relaxed	1	3.502	0.8971	0.6707	0.4948	549	624
1GXD	blue	af_relaxed	2	3.914	0.8802	0.6571	0.4872	521	624
1GXD	blue	af_relaxed	3	3.603	0.8952	0.6743	0.4992	543	624
1GXD	blue	af_relaxed	4	3.908	0.8799	0.6458	0.4712	528	624
1GXD	blue	af_unrelaxed	0	3.912	0.8802	0.6583	0.4884	520	624
1GXD	blue	af_unrelaxed	1	3.906	0.8800	0.6454	0.4712	529	624
1GXD	blue	af_unrelaxed	2	3.540	0.8954	0.6651	0.4884	554	624
1GXD	blue	af_unrelaxed	3	3.498	0.8972	0.6707	0.4956	550	624
1GXD	blue	af_unrelaxed	4	3.598	0.8952	0.6755	0.5012	544	624
1GXD	blue	boltz	0	3.669	0.8992	0.6891	0.5072	539	624
1GXD	blue	boltz	1	3.913	0.8848	0.6603	0.4792	536	624
1GXD	blue	boltz	2	3.943	0.8888	0.6871	0.5076	528	624
1GXD	blue	boltz	3	3.776	0.8966	0.6931	0.5128	545	624
1GXD	blue	boltz	4	3.774	0.8971	0.6911	0.5100	540	624
1GXD	blue	amber_af	0	3.914	0.8802	0.6575	0.4876	521	624
1GXD	blue	amber_af	1	3.908	0.8800	0.6454	0.4708	527	624
1GXD	blue	amber_af	2	3.546	0.8952	0.6667	0.4896	553	624
1GXD	blue	amber_af	3	3.502	0.8971	0.6703	0.4944	549	624
1GXD	blue	amber_af	4	3.603	0.8952	0.6743	0.4992	543	624
1GXD	blue	amber_boltz	0	3.677	0.8990	0.6891	0.5064	540	624
1GXD	blue	amber_boltz	1	3.920	0.8846	0.6587	0.4780	535	624
1GXD	blue	amber_boltz	2	3.952	0.8887	0.6883	0.5080	527	624
1GXD	blue	amber_boltz	3	3.785	0.8963	0.6911	0.5092	545	624
1GXD	blue	amber_boltz	4	3.782	0.8969	0.6923	0.5092	540	624
1H1V	blue	af_relaxed	0	0.827	0.9877	0.9728	0.8573	366	368
1H1V	blue	af_relaxed	1	0.729	0.9903	0.9817	0.8981	368	368
1H1V	blue	af_relaxed	2	0.765	0.9893	0.9769	0.8852	368	368
1H1V	blue	af_relaxed	3	0.710	0.9907	0.9817	0.8974	368	368
1H1V	blue	af_relaxed	4	0.714	0.9905	0.9810	0.8893	368	368
1H1V	blue	af_unrelaxed	0	0.758	0.9896	0.9796	0.8913	368	368
1H1V	blue	af_unrelaxed	1	0.735	0.9902	0.9837	0.8988	368	368
1H1V	blue	af_unrelaxed	2	0.712	0.9907	0.9817	0.8940	368	368
1H1V	blue	af_unrelaxed	3	0.833	0.9876	0.9728	0.8546	366	368
1H1V	blue	af_unrelaxed	4	0.710	0.9907	0.9823	0.8995	368	368
1H1V	blue	boltz	0	1.081	0.9795	0.9416	0.8186	367	368
1H1V	blue	boltz	1	0.986	0.9826	0.9470	0.8397	368	368
1H1V	blue	boltz	2	0.945	0.9850	0.9633	0.8723	366	368
1H1V	blue	boltz	3	0.983	0.9827	0.9470	0.8404	366	368
1H1V	blue	boltz	4	1.102	0.9780	0.9321	0.7962	367	368
1H1V	blue	amber_af	0	0.765	0.9893	0.9769	0.8859	368	368
1H1V	blue	amber_af	1	0.729	0.9903	0.9830	0.9001	368	368
1H1V	blue	amber_af	2	0.709	0.9908	0.9823	0.8981	368	368
1H1V	blue	amber_af	3	0.827	0.9877	0.9728	0.8573	366	368
1H1V	blue	amber_af	4	0.721	0.9903	0.9803	0.8865	368	368
1H1V	blue	amber_boltz	0	1.080	0.9795	0.9409	0.8145	367	368
1H1V	blue	amber_boltz	1	0.991	0.9824	0.9463	0.8356	367	368
1H1V	blue	amber_boltz	2	0.948	0.9849	0.9640	0.8668	365	368
1H1V	blue	amber_boltz	3	0.989	0.9825	0.9463	0.8397	366	368
1H1V	blue	amber_boltz	4	1.106	0.9778	0.9293	0.7901	367	368
1H9D	blue	af_relaxed	0	1.120	0.9704	0.9731	0.9380	118	121
1H9D	blue	af_relaxed	1	1.021	0.9686	0.9711	0.9401	119	121
1H9D	blue	af_relaxed	2	0.748	0.9782	0.9793	0.9442	120	121
1H9D	blue	af_relaxed	3	0.685	0.9817	0.9876	0.9545	120	121
1H9D	blue	af_relaxed	4	0.702	0.9824	0.9876	0.9607	120	121
1H9D	blue	af_unrelaxed	0	1.016	0.9689	0.9731	0.9401	119	121
1H9D	blue	af_unrelaxed	1	1.120	0.9706	0.9752	0.9401	118	121
1H9D	blue	af_unrelaxed	2	0.691	0.9815	0.9876	0.9525	120	121
1H9D	blue	af_unrelaxed	3	0.681	0.9831	0.9876	0.9607	120	121
1H9D	blue	af_unrelaxed	4	0.742	0.9782	0.9793	0.9421	120	121
1H9D	blue	boltz	0	1.522	0.9594	0.9669	0.9256	118	121
1H9D	blue	boltz	1	1.370	0.9593	0.9690	0.9215	117	121
1H9D	blue	boltz	2	1.034	0.9668	0.9731	0.9174	120	121
1H9D	blue	boltz	3	1.580	0.9530	0.9628	0.9008	116	121
1H9D	blue	boltz	4	1.289	0.9606	0.9711	0.9070	118	121
1H9D	blue	amber_af	0	1.020	0.9686	0.9711	0.9401	119	121
1H9D	blue	amber_af	1	1.120	0.9703	0.9731	0.9380	118	121
1H9D	blue	amber_af	2	0.686	0.9817	0.9876	0.9545	120	121
1H9D	blue	amber_af	3	0.702	0.9824	0.9876	0.9607	120	121
1H9D	blue	amber_af	4	0.748	0.9782	0.9793	0.9442	120	121
1H9D	blue	amber_boltz	0	1.534	0.9586	0.9669	0.9215	117	121
1H9D	blue	amber_boltz	1	1.384	0.9588	0.9690	0.9236	117	121
1H9D	blue	amber_boltz	2	1.052	0.9659	0.9711	0.9132	120	121
1H9D	blue	amber_boltz	3	1.585	0.9525	0.9649	0.8967	116	121
1H9D	blue	amber_boltz	4	1.299	0.9601	0.9690	0.9050	118	121
1HCF	blue	af_relaxed	0	3.327	0.8701	0.8554	0.7789	110	121
1HCF	blue	af_relaxed	1	3.061	0.8614	0.8554	0.7727	108	121
1HCF	blue	af_relaxed	2	3.304	0.8512	0.8492	0.7665	105	121
1HCF	blue	af_relaxed	3	2.855	0.8883	0.8719	0.7913	112	121
1HCF	blue	af_relaxed	4	3.232	0.8569	0.8512	0.7727	107	121
1HCF	blue	af_unrelaxed	0	3.336	0.8688	0.8554	0.7769	110	121
1HCF	blue	af_unrelaxed	1	2.871	0.8867	0.8719	0.7934	113	121
1HCF	blue	af_unrelaxed	2	3.320	0.8510	0.8492	0.7645	105	121
1HCF	blue	af_unrelaxed	3	3.048	0.8616	0.8554	0.7727	108	121
1HCF	blue	af_unrelaxed	4	3.243	0.8570	0.8533	0.7769	107	121
1HCF	blue	boltz	0	5.117	0.8720	0.8616	0.7996	109	121
1HCF	blue	boltz	1	4.348	0.8697	0.8574	0.7665	110	121
1HCF	blue	boltz	2	3.639	0.8882	0.8760	0.8037	110	121
1HCF	blue	boltz	3	3.307	0.8903	0.8802	0.8017	112	121
1HCF	blue	boltz	4	3.527	0.8734	0.8574	0.7789	110	121
1HCF	blue	amber_af	0	3.339	0.8699	0.8554	0.7789	110	121
1HCF	blue	amber_af	1	2.856	0.8882	0.8740	0.7934	112	121
1HCF	blue	amber_af	2	3.304	0.8511	0.8492	0.7665	105	121
1HCF	blue	amber_af	3	3.062	0.8615	0.8554	0.7727	108	121
1HCF	blue	amber_af	4	3.230	0.8570	0.8512	0.7727	107	121
1HCF	blue	amber_boltz	0	5.121	0.8712	0.8616	0.7975	108	121
1HCF	blue	amber_boltz	1	4.351	0.8696	0.8616	0.7624	110	121
1HCF	blue	amber_boltz	2	3.645	0.8872	0.8760	0.8037	110	121
1HCF	blue	amber_boltz	3	3.310	0.8894	0.8822	0.8017	112	121
1HCF	blue	amber_boltz	4	3.546	0.8731	0.8616	0.7789	110	121
1HE1	blue	af_relaxed	0	0.538	0.9856	0.9907	0.9352	135	135
1HE1	blue	af_relaxed	1	0.492	0.9877	0.9944	0.9481	135	135
1HE1	blue	af_relaxed	2	0.493	0.9875	0.9926	0.9315	135	135
1HE1	blue	af_relaxed	3	0.494	0.9876	0.9944	0.9481	135	135
1HE1	blue	af_relaxed	4	0.503	0.9870	0.9944	0.9407	135	135
1HE1	blue	af_unrelaxed	0	0.488	0.9879	0.9963	0.9481	135	135
1HE1	blue	af_unrelaxed	1	0.491	0.9877	0.9963	0.9519	135	135
1HE1	blue	af_unrelaxed	2	0.500	0.9872	0.9944	0.9370	135	135
1HE1	blue	af_unrelaxed	3	0.535	0.9857	0.9907	0.9333	135	135
1HE1	blue	af_unrelaxed	4	0.489	0.9878	0.9944	0.9370	135	135
1HE1	blue	boltz	0	0.435	0.9903	0.9963	0.9648	135	135
1HE1	blue	boltz	1	0.703	0.9868	0.9907	0.9667	134	135
1HE1	blue	boltz	2	0.371	0.9928	0.9981	0.9722	135	135
1HE1	blue	boltz	3	0.811	0.9813	0.9870	0.9463	134	135
1HE1	blue	boltz	4	0.781	0.9851	0.9907	0.9630	134	135
1HE1	blue	amber_af	0	0.491	0.9877	0.9963	0.9500	135	135
1HE1	blue	amber_af	1	0.494	0.9876	0.9944	0.9463	135	135
1HE1	blue	amber_af	2	0.502	0.9871	0.9944	0.9407	135	135
1HE1	blue	amber_af	3	0.538	0.9855	0.9907	0.9352	135	135
1HE1	blue	amber_af	4	0.493	0.9875	0.9926	0.9315	135	135
1HE1	blue	amber_boltz	0	0.439	0.9900	0.9963	0.9630	135	135
1HE1	blue	amber_boltz	1	0.712	0.9864	0.9907	0.9630	134	135
1HE1	blue	amber_boltz	2	0.375	0.9926	0.9981	0.9722	135	135
1HE1	blue	amber_boltz	3	0.817	0.9809	0.9870	0.9444	134	135
1HE1	blue	amber_boltz	4	0.786	0.9848	0.9907	0.9574	134	135
1HE8	blue	af_relaxed	0	14.803	0.8118	0.7720	0.6689	598	749
1HE8	blue	af_relaxed	1	14.068	0.8107	0.7613	0.6479	598	749
1HE8	blue	af_relaxed	2	15.018	0.8128	0.7790	0.6959	601	749
1HE8	blue	af_relaxed	3	14.609	0.8127	0.7750	0.6666	602	749
1HE8	blue	af_relaxed	4	13.461	0.8124	0.7664	0.6539	598	749
1HE8	blue	af_unrelaxed	0	14.600	0.8128	0.7754	0.6732	601	749
1HE8	blue	af_unrelaxed	1	13.440	0.8131	0.7707	0.6686	598	749
1HE8	blue	af_unrelaxed	2	14.783	0.8123	0.7750	0.6802	598	749
1HE8	blue	af_unrelaxed	3	15.003	0.8130	0.7804	0.7033	601	749
1HE8	blue	af_unrelaxed	4	14.055	0.8109	0.7634	0.6545	598	749
1HE8	blue	boltz	0	14.677	0.8026	0.7096	0.5587	598	749
1HE8	blue	boltz	1	3.407	0.9541	0.8024	0.6135	722	749
1HE8	blue	boltz	2	15.843	0.8012	0.7066	0.5574	597	749
1HE8	blue	boltz	3	3.748	0.9506	0.8121	0.6218	718	749
1HE8	blue	boltz	4	3.952	0.9493	0.8104	0.6235	715	749
1HE8	blue	amber_af	0	14.609	0.8126	0.7747	0.6662	601	749
1HE8	blue	amber_af	1	13.460	0.8123	0.7667	0.6535	598	749
1HE8	blue	amber_af	2	14.803	0.8118	0.7720	0.6686	598	749
1HE8	blue	amber_af	3	15.018	0.8128	0.7787	0.6963	601	749
1HE8	blue	amber_af	4	14.068	0.8107	0.7610	0.6472	598	749
1HE8	blue	amber_boltz	0	14.686	0.8024	0.7076	0.5561	598	749
1HE8	blue	amber_boltz	1	3.419	0.9495	0.7937	0.5995	715	749
1HE8	blue	amber_boltz	2	15.852	0.8011	0.7059	0.5574	597	749
1HE8	blue	amber_boltz	3	3.781	0.9496	0.8054	0.6105	717	749
1HE8	blue	amber_boltz	4	3.947	0.9485	0.8047	0.6142	714	749
1HIA	blue	af_relaxed	0	0.713	0.9697	0.9844	0.9469	80	80
1HIA	blue	af_relaxed	1	0.457	0.9814	0.9906	0.9563	80	80
1HIA	blue	af_relaxed	2	0.476	0.9801	0.9906	0.9531	80	80
1HIA	blue	af_relaxed	3	0.696	0.9709	0.9844	0.9563	80	80
1HIA	blue	af_relaxed	4	0.482	0.9798	0.9938	0.9625	80	80
1HIA	blue	af_unrelaxed	0	0.493	0.9788	0.9906	0.9500	80	80
1HIA	blue	af_unrelaxed	1	0.469	0.9804	0.9906	0.9531	80	80
1HIA	blue	af_unrelaxed	2	0.485	0.9794	0.9906	0.9531	80	80
1HIA	blue	af_unrelaxed	3	0.703	0.9705	0.9844	0.9594	80	80
1HIA	blue	af_unrelaxed	4	0.721	0.9692	0.9844	0.9469	80	80
1HIA	blue	boltz	0	0.411	0.9846	0.9969	0.9688	80	80
1HIA	blue	boltz	1	0.518	0.9783	0.9906	0.9531	80	80
1HIA	blue	boltz	2	0.444	0.9822	0.9969	0.9594	80	80
1HIA	blue	boltz	3	0.426	0.9836	0.9938	0.9656	80	80
1HIA	blue	boltz	4	0.524	0.9777	0.9906	0.9531	80	80
1HIA	blue	amber_af	0	0.482	0.9797	0.9906	0.9594	80	80
1HIA	blue	amber_af	1	0.457	0.9813	0.9938	0.9594	80	80
1HIA	blue	amber_af	2	0.477	0.9800	0.9906	0.9531	80	80
1HIA	blue	amber_af	3	0.696	0.9709	0.9844	0.9563	80	80
1HIA	blue	amber_af	4	0.712	0.9698	0.9844	0.9469	80	80
1HIA	blue	amber_boltz	0	0.425	0.9836	0.9938	0.9594	80	80
1HIA	blue	amber_boltz	1	0.533	0.9774	0.9906	0.9531	80	80
1HIA	blue	amber_boltz	2	0.452	0.9815	0.9938	0.9531	80	80
1HIA	blue	amber_boltz	3	0.434	0.9830	0.9969	0.9625	80	80
1HIA	blue	amber_boltz	4	0.526	0.9776	0.9906	0.9531	80	80
1I2M	blue	af_relaxed	0	2.602	0.8700	0.8470	0.7242	143	165
1I2M	blue	af_relaxed	1	2.568	0.8709	0.8455	0.7242	142	165
1I2M	blue	af_relaxed	2	2.598	0.8695	0.8439	0.7258	142	165
1I2M	blue	af_relaxed	3	2.478	0.8694	0.8333	0.7030	143	165
1I2M	blue	af_relaxed	4	2.798	0.8556	0.8182	0.6924	141	165
1I2M	blue	af_unrelaxed	0	2.594	0.8703	0.8500	0.7273	143	165
1I2M	blue	af_unrelaxed	1	2.593	0.8698	0.8485	0.7318	142	165
1I2M	blue	af_unrelaxed	2	2.479	0.8698	0.8364	0.7045	143	165
1I2M	blue	af_unrelaxed	3	2.562	0.8711	0.8470	0.7227	142	165
1I2M	blue	af_unrelaxed	4	2.793	0.8562	0.8197	0.6955	141	165
1I2M	blue	boltz	0	2.609	0.8619	0.8182	0.6848	145	165
1I2M	blue	boltz	1	2.589	0.8645	0.8182	0.6848	147	165
1I2M	blue	boltz	2	2.625	0.8635	0.8182	0.6894	145	165
1I2M	blue	boltz	3	2.458	0.8675	0.8197	0.6818	149	165
1I2M	blue	boltz	4	2.503	0.8632	0.8167	0.6848	148	165
1I2M	blue	amber_af	0	2.602	0.8701	0.8470	0.7242	143	165
1I2M	blue	amber_af	1	2.597	0.8696	0.8439	0.7258	142	165
1I2M	blue	amber_af	2	2.477	0.8694	0.8348	0.7045	143	165
1I2M	blue	amber_af	3	2.568	0.8709	0.8455	0.7242	142	165
1I2M	blue	amber_af	4	2.799	0.8556	0.8182	0.6924	141	165
1I2M	blue	amber_boltz	0	2.617	0.8614	0.8167	0.6803	145	165
1I2M	blue	amber_boltz	1	2.601	0.8639	0.8167	0.6803	147	165
1I2M	blue	amber_boltz	2	2.629	0.8632	0.8152	0.6833	145	165
1I2M	blue	amber_boltz	3	2.458	0.8674	0.8197	0.6758	149	165
1I2M	blue	amber_boltz	4	2.513	0.8628	0.8197	0.6833	148	165
1I4D	blue	af_relaxed	0	1.537	0.9628	0.9481	0.8351	185	188
1I4D	blue	af_relaxed	1	1.361	0.9687	0.9641	0.8790	185	188
1I4D	blue	af_relaxed	2	1.476	0.9687	0.9668	0.8790	185	188
1I4D	blue	af_relaxed	3	3.098	0.9332	0.9202	0.8231	178	188
1I4D	blue	af_relaxed	4	1.631	0.9569	0.9375	0.8138	184	188
1I4D	blue	af_unrelaxed	0	3.088	0.9335	0.9202	0.8231	178	188
1I4D	blue	af_unrelaxed	1	1.359	0.9689	0.9641	0.8830	185	188
1I4D	blue	af_unrelaxed	2	1.621	0.9576	0.9375	0.8165	184	188
1I4D	blue	af_unrelaxed	3	1.528	0.9633	0.9495	0.8431	185	188
1I4D	blue	af_unrelaxed	4	1.465	0.9691	0.9654	0.8816	185	188
1I4D	blue	boltz	0	1.810	0.9362	0.8989	0.7314	183	188
1I4D	blue	boltz	1	1.765	0.9394	0.9136	0.7580	183	188
1I4D	blue	boltz	2	1.427	0.9593	0.9508	0.8045	184	188
1I4D	blue	boltz	3	2.078	0.9060	0.8351	0.6556	183	188
1I4D	blue	boltz	4	1.739	0.9411	0.9096	0.7513	183	188
1I4D	blue	amber_af	0	3.097	0.9333	0.9189	0.8231	178	188
1I4D	blue	amber_af	1	1.362	0.9686	0.9641	0.8790	185	188
1I4D	blue	amber_af	2	1.632	0.9569	0.9375	0.8138	184	188
1I4D	blue	amber_af	3	1.537	0.9629	0.9481	0.8364	185	188
1I4D	blue	amber_af	4	1.477	0.9686	0.9668	0.8777	185	188
1I4D	blue	amber_boltz	0	1.821	0.9352	0.8949	0.7247	183	188
1I4D	blue	amber_boltz	1	1.774	0.9388	0.9109	0.7513	183	188
1I4D	blue	amber_boltz	2	1.442	0.9586	0.9468	0.7939	184	188
1I4D	blue	amber_boltz	3	2.094	0.9046	0.8324	0.6489	183	188
1I4D	blue	amber_boltz	4	1.749	0.9403	0.9082	0.7487	183	188
1IB1	blue	af_relaxed	0	1.585	0.9655	0.9570	0.9031	220	227
1IB1	blue	af_relaxed	1	1.702	0.9640	0.9593	0.9053	219	227
1IB1	blue	af_relaxed	2	1.748	0.9622	0.9593	0.8822	219	227
1IB1	blue	af_relaxed	3	1.747	0.9610	0.9482	0.8689	219	227
1IB1	blue	af_relaxed	4	1.668	0.9626	0.9526	0.8744	219	227
1IB1	blue	af_unrelaxed	0	1.732	0.9630	0.9581	0.8877	219	227
1IB1	blue	af_unrelaxed	1	1.650	0.9634	0.9548	0.8822	219	227
1IB1	blue	af_unrelaxed	2	1.681	0.9648	0.9581	0.9108	219	227
1IB1	blue	af_unrelaxed	3	1.558	0.9662	0.9581	0.9086	220	227
1IB1	blue	af_unrelaxed	4	1.729	0.9616	0.9493	0.8744	219	227
1IB1	blue	boltz	0	1.552	0.9670	0.9559	0.9108	220	227
1IB1	blue	boltz	1	1.605	0.9658	0.9537	0.9064	220	227
1IB1	blue	boltz	2	1.667	0.9631	0.9537	0.8744	219	227
1IB1	blue	boltz	3	1.679	0.9640	0.9548	0.8844	220	227
1IB1	blue	boltz	4	1.574	0.9658	0.9548	0.8932	220	227
1IB1	blue	amber_af	0	1.748	0.9622	0.9581	0.8800	219	227
1IB1	blue	amber_af	1	1.667	0.9626	0.9526	0.8767	219	227
1IB1	blue	amber_af	2	1.701	0.9640	0.9593	0.9053	219	227
1IB1	blue	amber_af	3	1.582	0.9655	0.9581	0.9053	220	227
1IB1	blue	amber_af	4	1.746	0.9610	0.9482	0.8689	219	227
1IB1	blue	amber_boltz	0	1.566	0.9665	0.9559	0.9042	220	227
1IB1	blue	amber_boltz	1	1.613	0.9654	0.9548	0.8998	220	227
1IB1	blue	amber_boltz	2	1.678	0.9626	0.9526	0.8689	219	227
1IB1	blue	amber_boltz	3	1.689	0.9635	0.9537	0.8811	220	227
1IB1	blue	amber_boltz	4	1.589	0.9653	0.9537	0.8899	220	227
1IBR	blue	af_relaxed	0	0.412	0.9933	0.9970	0.9747	168	168
1IBR	blue	af_relaxed	1	0.351	0.9948	1.0000	0.9732	168	168
1IBR	blue	af_relaxed	2	0.317	0.9958	0.9970	0.9881	168	168
1IBR	blue	af_relaxed	3	0.311	0.9959	1.0000	0.9866	168	168
1IBR	blue	af_relaxed	4	1.005	0.9717	0.9673	0.9062	167	168
1IBR	blue	af_unrelaxed	0	0.305	0.9961	1.0000	0.9851	168	168
1IBR	blue	af_unrelaxed	1	0.342	0.9951	1.0000	0.9732	168	168
1IBR	blue	af_unrelaxed	2	0.406	0.9935	0.9970	0.9747	168	168
1IBR	blue	af_unrelaxed	3	1.003	0.9720	0.9688	0.9048	167	168
1IBR	blue	af_unrelaxed	4	0.308	0.9960	0.9985	0.9911	168	168
1IBR	blue	boltz	0	3.345	0.9188	0.9077	0.8542	156	168
1IBR	blue	boltz	1	3.245	0.9219	0.9167	0.8646	155	168
1IBR	blue	boltz	2	3.543	0.9207	0.9152	0.8690	156	168
1IBR	blue	boltz	3	3.511	0.9181	0.9077	0.8527	157	168
1IBR	blue	boltz	4	3.572	0.9274	0.9196	0.8616	158	168
1IBR	blue	amber_af	0	0.311	0.9959	1.0000	0.9866	168	168
1IBR	blue	amber_af	1	0.351	0.9948	1.0000	0.9747	168	168
1IBR	blue	amber_af	2	0.411	0.9933	0.9970	0.9747	168	168
1IBR	blue	amber_af	3	1.005	0.9717	0.9673	0.9048	167	168
1IBR	blue	amber_af	4	0.317	0.9958	0.9970	0.9896	168	168
1IBR	blue	amber_boltz	0	3.358	0.9178	0.9077	0.8512	155	168
1IBR	blue	amber_boltz	1	3.251	0.9214	0.9122	0.8631	156	168
1IBR	blue	amber_boltz	2	3.552	0.9203	0.9182	0.8705	156	168
1IBR	blue	amber_boltz	3	3.515	0.9168	0.9048	0.8497	157	168
1IBR	blue	amber_boltz	4	3.592	0.9264	0.9211	0.8631	158	168
1IJK	blue	af_relaxed	0	0.348	0.9957	1.0000	0.9749	199	199
1IJK	blue	af_relaxed	1	0.346	0.9957	1.0000	0.9761	199	199
1IJK	blue	af_relaxed	2	0.344	0.9958	0.9987	0.9786	199	199
1IJK	blue	af_relaxed	3	0.348	0.9957	1.0000	0.9749	199	199
1IJK	blue	af_relaxed	4	0.362	0.9953	1.0000	0.9724	199	199
1IJK	blue	af_unrelaxed	0	0.345	0.9957	0.9987	0.9749	199	199
1IJK	blue	af_unrelaxed	1	0.342	0.9958	1.0000	0.9786	199	199
1IJK	blue	af_unrelaxed	2	0.344	0.9958	1.0000	0.9774	199	199
1IJK	blue	af_unrelaxed	3	0.351	0.9956	1.0000	0.9774	199	199
1IJK	blue	af_unrelaxed	4	0.339	0.9959	1.0000	0.9761	199	199
1IJK	blue	boltz	0	0.482	0.9919	0.9937	0.9485	199	199
1IJK	blue	boltz	1	0.492	0.9916	0.9912	0.9384	199	199
1IJK	blue	boltz	2	0.516	0.9909	0.9912	0.9447	199	199
1IJK	blue	boltz	3	0.510	0.9909	0.9925	0.9359	199	199
1IJK	blue	boltz	4	0.526	0.9907	0.9887	0.9347	199	199
1IJK	blue	amber_af	0	0.344	0.9958	0.9987	0.9786	199	199
1IJK	blue	amber_af	1	0.370	0.9951	0.9987	0.9724	199	199
1IJK	blue	amber_af	2	0.348	0.9957	1.0000	0.9761	199	199
1IJK	blue	amber_af	3	0.362	0.9953	1.0000	0.9736	199	199
1IJK	blue	amber_af	4	0.348	0.9957	1.0000	0.9761	199	199
1IJK	blue	amber_boltz	0	0.493	0.9915	0.9937	0.9397	199	199
1IJK	blue	amber_boltz	1	0.505	0.9911	0.9899	0.9334	199	199
1IJK	blue	amber_boltz	2	0.528	0.9904	0.9899	0.9322	199	199
1IJK	blue	amber_boltz	3	0.522	0.9905	0.9899	0.9296	199	199
1IJK	blue	amber_boltz	4	0.540	0.9902	0.9899	0.9309	199	199
1IRA	blue	af_relaxed	0	0.657	0.9822	0.9828	0.9224	145	145
1IRA	blue	af_relaxed	1	0.664	0.9826	0.9862	0.9121	145	145
1IRA	blue	af_relaxed	2	0.675	0.9831	0.9828	0.9190	144	145
1IRA	blue	af_relaxed	3	0.755	0.9794	0.9810	0.9086	144	145
1IRA	blue	af_relaxed	4	0.646	0.9830	0.9845	0.9155	145	145
1IRA	blue	af_unrelaxed	0	0.652	0.9830	0.9862	0.9103	145	145
1IRA	blue	af_unrelaxed	1	0.753	0.9797	0.9810	0.9034	144	145
1IRA	blue	af_unrelaxed	2	0.680	0.9830	0.9828	0.9190	144	145
1IRA	blue	af_unrelaxed	3	0.661	0.9823	0.9810	0.9052	145	145
1IRA	blue	af_unrelaxed	4	0.647	0.9824	0.9828	0.9172	145	145
1IRA	blue	boltz	0	0.654	0.9846	0.9845	0.9224	144	145
1IRA	blue	boltz	1	0.549	0.9860	0.9879	0.9259	145	145
1IRA	blue	boltz	2	0.658	0.9842	0.9897	0.9241	144	145
1IRA	blue	boltz	3	0.567	0.9862	0.9862	0.9379	145	145
1IRA	blue	boltz	4	0.558	0.9859	0.9845	0.9259	145	145
1IRA	blue	amber_af	0	0.653	0.9826	0.9845	0.9138	145	145
1IRA	blue	amber_af	1	0.757	0.9793	0.9810	0.9086	144	145
1IRA	blue	amber_af	2	0.675	0.9831	0.9828	0.9207	144	145
1IRA	blue	amber_af	3	0.664	0.9825	0.9862	0.9121	145	145
1IRA	blue	amber_af	4	0.656	0.9823	0.9828	0.9224	145	145
1IRA	blue	amber_boltz	0	0.673	0.9842	0.9845	0.9241	144	145
1IRA	blue	amber_boltz	1	0.555	0.9858	0.9862	0.9293	145	145
1IRA	blue	amber_boltz	2	0.661	0.9842	0.9879	0.9241	144	145
1IRA	blue	amber_boltz	3	0.571	0.9861	0.9845	0.9414	145	145
1IRA	blue	amber_boltz	4	0.567	0.9857	0.9862	0.9293	145	145
1J2J	blue	af_relaxed	0	0.369	0.9942	0.9970	0.9682	165	165
1J2J	blue	af_relaxed	1	0.377	0.9940	0.9985	0.9697	165	165
1J2J	blue	af_relaxed	2	0.513	0.9891	0.9894	0.9333	165	165
1J2J	blue	af_relaxed	3	0.385	0.9937	0.9985	0.9636	165	165
1J2J	blue	af_relaxed	4	0.365	0.9944	0.9970	0.9727	165	165
1J2J	blue	af_unrelaxed	0	0.511	0.9892	0.9894	0.9333	165	165
1J2J	blue	af_unrelaxed	1	0.385	0.9937	0.9970	0.9652	165	165
1J2J	blue	af_unrelaxed	2	0.372	0.9942	0.9970	0.9697	165	165
1J2J	blue	af_unrelaxed	3	0.368	0.9943	0.9970	0.9727	165	165
1J2J	blue	af_unrelaxed	4	0.378	0.9939	0.9970	0.9682	165	165
1J2J	blue	boltz	0	0.588	0.9862	0.9788	0.9242	165	165
1J2J	blue	boltz	1	0.577	0.9866	0.9818	0.9318	165	165
1J2J	blue	boltz	2	0.578	0.9864	0.9818	0.9197	165	165
1J2J	blue	boltz	3	0.713	0.9803	0.9712	0.9015	165	165
1J2J	blue	boltz	4	0.657	0.9832	0.9697	0.9136	165	165
1J2J	blue	amber_af	0	0.512	0.9892	0.9894	0.9348	165	165
1J2J	blue	amber_af	1	0.386	0.9937	0.9985	0.9621	165	165
1J2J	blue	amber_af	2	0.369	0.9942	0.9970	0.9697	165	165
1J2J	blue	amber_af	3	0.366	0.9943	0.9970	0.9727	165	165
1J2J	blue	amber_af	4	0.377	0.9940	0.9985	0.9682	165	165
1J2J	blue	amber_boltz	0	0.583	0.9865	0.9788	0.9227	165	165
1J2J	blue	amber_boltz	1	0.573	0.9868	0.9818	0.9318	165	165
1J2J	blue	amber_boltz	2	0.575	0.9865	0.9818	0.9212	165	165
1J2J	blue	amber_boltz	3	0.715	0.9802	0.9712	0.8985	165	165
1J2J	blue	amber_boltz	4	0.655	0.9834	0.9712	0.9182	165	165
1JIW	blue	af_relaxed	0	0.601	0.9773	0.9808	0.9255	104	104
1JIW	blue	af_relaxed	1	0.575	0.9797	0.9856	0.9423	104	104
1JIW	blue	af_relaxed	2	0.618	0.9774	0.9832	0.9447	104	104
1JIW	blue	af_relaxed	3	0.601	0.9785	0.9832	0.9495	104	104
1JIW	blue	af_relaxed	4	0.593	0.9785	0.9808	0.9399	104	104
1JIW	blue	af_unrelaxed	0	0.567	0.9801	0.9832	0.9375	104	104
1JIW	blue	af_unrelaxed	1	0.577	0.9795	0.9832	0.9375	104	104
1JIW	blue	af_unrelaxed	2	0.586	0.9794	0.9856	0.9447	104	104
1JIW	blue	af_unrelaxed	3	0.596	0.9777	0.9808	0.9279	104	104
1JIW	blue	af_unrelaxed	4	0.602	0.9785	0.9832	0.9447	104	104
1JIW	blue	boltz	0	0.955	0.9635	0.9760	0.9087	103	104
1JIW	blue	boltz	1	0.978	0.9600	0.9736	0.8918	103	104
1JIW	blue	boltz	2	0.958	0.9607	0.9712	0.8894	103	104
1JIW	blue	boltz	3	0.945	0.9639	0.9736	0.8990	103	104
1JIW	blue	boltz	4	0.882	0.9662	0.9639	0.8990	103	104
1JIW	blue	amber_af	0	0.575	0.9796	0.9856	0.9423	104	104
1JIW	blue	amber_af	1	0.593	0.9785	0.9808	0.9399	104	104
1JIW	blue	amber_af	2	0.599	0.9786	0.9832	0.9471	104	104
1JIW	blue	amber_af	3	0.601	0.9773	0.9808	0.9231	104	104
1JIW	blue	amber_af	4	0.617	0.9775	0.9832	0.9447	104	104
1JIW	blue	amber_boltz	0	0.968	0.9621	0.9736	0.8990	103	104
1JIW	blue	amber_boltz	1	0.990	0.9585	0.9688	0.8822	103	104
1JIW	blue	amber_boltz	2	0.969	0.9595	0.9688	0.8798	103	104
1JIW	blue	amber_boltz	3	0.954	0.9628	0.9712	0.8942	103	104
1JIW	blue	amber_boltz	4	0.885	0.9658	0.9639	0.8966	103	104
1JK9	blue	af_relaxed	0	0.731	0.9802	0.9803	0.9326	152	152
1JK9	blue	af_relaxed	1	0.610	0.9851	0.9868	0.9441	152	152
1JK9	blue	af_relaxed	2	0.562	0.9870	0.9868	0.9424	152	152
1JK9	blue	af_relaxed	3	0.667	0.9829	0.9836	0.9391	152	152
1JK9	blue	af_relaxed	4	0.741	0.9798	0.9803	0.9342	152	152
1JK9	blue	af_unrelaxed	0	0.742	0.9797	0.9803	0.9359	152	152
1JK9	blue	af_unrelaxed	1	0.730	0.9801	0.9819	0.9359	152	152
1JK9	blue	af_unrelaxed	2	0.611	0.9849	0.9868	0.9441	152	152
1JK9	blue	af_unrelaxed	3	0.558	0.9871	0.9868	0.9474	152	152
1JK9	blue	af_unrelaxed	4	0.673	0.9825	0.9836	0.9391	152	152
1JK9	blue	boltz	0	0.535	0.9889	0.9918	0.9490	152	152
1JK9	blue	boltz	1	0.502	0.9903	0.9951	0.9622	152	152
1JK9	blue	boltz	2	0.545	0.9891	0.9951	0.9523	152	152
1JK9	blue	boltz	3	0.551	0.9886	0.9951	0.9556	152	152
1JK9	blue	boltz	4	0.582	0.9875	0.9901	0.9457	152	152
1JK9	blue	amber_af	0	0.741	0.9797	0.9803	0.9326	152	152
1JK9	blue	amber_af	1	0.731	0.9801	0.9803	0.9326	152	152
1JK9	blue	amber_af	2	0.610	0.9851	0.9868	0.9441	152	152
1JK9	blue	amber_af	3	0.562	0.9870	0.9868	0.9424	152	152
1JK9	blue	amber_af	4	0.667	0.9829	0.9836	0.9375	152	152
1JK9	blue	amber_boltz	0	0.536	0.9889	0.9918	0.9539	152	152
1JK9	blue	amber_boltz	1	0.502	0.9903	0.9951	0.9605	152	152
1JK9	blue	amber_boltz	2	0.542	0.9891	0.9951	0.9539	152	152
1JK9	blue	amber_boltz	3	0.545	0.9887	0.9951	0.9539	152	152
1JK9	blue	amber_boltz	4	0.574	0.9877	0.9885	0.9474	152	152
1JMO	blue	af_relaxed	0	9.940	0.8983	0.8641	0.7627	371	414
1JMO	blue	af_relaxed	1	8.730	0.8960	0.8581	0.7530	371	414
1JMO	blue	af_relaxed	2	5.913	0.9082	0.8653	0.7651	371	414
1JMO	blue	af_relaxed	3	11.630	0.8975	0.8635	0.7675	371	414
1JMO	blue	af_relaxed	4	12.372	0.8936	0.8557	0.7500	371	414
1JMO	blue	af_unrelaxed	0	11.641	0.8981	0.8659	0.7699	371	414
1JMO	blue	af_unrelaxed	1	5.908	0.9085	0.8684	0.7669	371	414
1JMO	blue	af_unrelaxed	2	12.376	0.8938	0.8557	0.7524	371	414
1JMO	blue	af_unrelaxed	3	8.734	0.8962	0.8575	0.7542	371	414
1JMO	blue	af_unrelaxed	4	9.934	0.8987	0.8653	0.7681	371	414
1JMO	blue	boltz	0	5.147	0.9306	0.8762	0.7367	382	414
1JMO	blue	boltz	1	5.010	0.9324	0.8822	0.7512	383	414
1JMO	blue	boltz	2	5.283	0.9237	0.8750	0.7361	377	414
1JMO	blue	boltz	3	5.159	0.9325	0.8690	0.7126	384	414
1JMO	blue	boltz	4	5.249	0.9280	0.8804	0.7434	381	414
1JMO	blue	amber_af	0	11.630	0.8976	0.8635	0.7663	371	414
1JMO	blue	amber_af	1	5.911	0.9083	0.8653	0.7657	371	414
1JMO	blue	amber_af	2	12.372	0.8936	0.8557	0.7500	371	414
1JMO	blue	amber_af	3	8.731	0.8960	0.8581	0.7536	371	414
1JMO	blue	amber_af	4	9.939	0.8984	0.8635	0.7615	371	414
1JMO	blue	amber_boltz	0	5.172	0.9295	0.8720	0.7277	384	414
1JMO	blue	amber_boltz	1	5.016	0.9320	0.8810	0.7440	383	414
1JMO	blue	amber_boltz	2	5.292	0.9235	0.8738	0.7325	377	414
1JMO	blue	amber_boltz	3	5.177	0.9316	0.8647	0.7059	384	414
1JMO	blue	amber_boltz	4	5.255	0.9275	0.8762	0.7337	381	414
1JPS	blue	af_relaxed	0	1.424	0.9383	0.8638	0.7124	213	213
1JPS	blue	af_relaxed	1	1.278	0.9498	0.8803	0.7289	213	213
1JPS	blue	af_relaxed	2	1.100	0.9623	0.8967	0.7465	213	213
1JPS	blue	af_relaxed	3	1.435	0.9376	0.8615	0.7077	213	213
1JPS	blue	af_relaxed	4	1.637	0.9209	0.8369	0.6854	213	213
1JPS	blue	af_unrelaxed	0	1.103	0.9620	0.8967	0.7477	213	213
1JPS	blue	af_unrelaxed	1	1.641	0.9205	0.8404	0.6890	213	213
1JPS	blue	af_unrelaxed	2	1.430	0.9378	0.8603	0.7089	213	213
1JPS	blue	af_unrelaxed	3	1.282	0.9493	0.8803	0.7324	213	213
1JPS	blue	af_unrelaxed	4	1.439	0.9372	0.8592	0.7066	213	213
1JPS	blue	boltz	0	0.955	0.9707	0.9237	0.7829	213	213
1JPS	blue	boltz	1	0.921	0.9727	0.9343	0.7911	213	213
1JPS	blue	boltz	2	0.867	0.9757	0.9343	0.7923	213	213
1JPS	blue	boltz	3	1.138	0.9591	0.8967	0.7477	213	213
1JPS	blue	boltz	4	0.907	0.9735	0.9261	0.7852	213	213
1JPS	blue	amber_af	0	1.099	0.9624	0.8967	0.7477	213	213
1JPS	blue	amber_af	1	1.638	0.9208	0.8357	0.6843	213	213
1JPS	blue	amber_af	2	1.424	0.9382	0.8627	0.7113	213	213
1JPS	blue	amber_af	3	1.282	0.9495	0.8803	0.7312	213	213
1JPS	blue	amber_af	4	1.436	0.9375	0.8603	0.7066	213	213
1JPS	blue	amber_boltz	0	0.959	0.9705	0.9249	0.7829	213	213
1JPS	blue	amber_boltz	1	0.924	0.9725	0.9331	0.7923	213	213
1JPS	blue	amber_boltz	2	0.872	0.9754	0.9378	0.7946	213	213
1JPS	blue	amber_boltz	3	1.136	0.9593	0.8932	0.7430	213	213
1JPS	blue	amber_boltz	4	0.908	0.9734	0.9261	0.7829	213	213
1JTD	blue	af_relaxed	0	0.424	0.9953	0.9971	0.9704	262	262
1JTD	blue	af_relaxed	1	0.532	0.9926	0.9914	0.9284	262	262
1JTD	blue	af_relaxed	2	0.486	0.9938	0.9943	0.9475	262	262
1JTD	blue	af_relaxed	3	0.543	0.9922	0.9885	0.9256	262	262
1JTD	blue	af_relaxed	4	0.486	0.9938	0.9943	0.9475	262	262
1JTD	blue	af_unrelaxed	0	0.462	0.9944	0.9962	0.9561	262	262
1JTD	blue	af_unrelaxed	1	0.409	0.9957	0.9971	0.9761	262	262
1JTD	blue	af_unrelaxed	2	0.457	0.9945	0.9962	0.9571	262	262
1JTD	blue	af_unrelaxed	3	0.456	0.9945	0.9962	0.9523	262	262
1JTD	blue	af_unrelaxed	4	0.443	0.9948	0.9962	0.9637	262	262
1JTD	blue	boltz	0	0.343	0.9967	1.0000	0.9742	262	262
1JTD	blue	boltz	1	0.304	0.9974	1.0000	0.9819	262	262
1JTD	blue	boltz	2	0.326	0.9971	1.0000	0.9714	262	262
1JTD	blue	boltz	3	0.329	0.9970	1.0000	0.9761	262	262
1JTD	blue	boltz	4	0.335	0.9969	0.9990	0.9752	262	262
1JTD	blue	amber_af	0	0.486	0.9938	0.9943	0.9504	262	262
1JTD	blue	amber_af	1	0.417	0.9955	0.9971	0.9733	262	262
1JTD	blue	amber_af	2	0.534	0.9925	0.9914	0.9265	262	262
1JTD	blue	amber_af	3	0.543	0.9922	0.9895	0.9284	262	262
1JTD	blue	amber_af	4	0.498	0.9935	0.9943	0.9418	262	262
1JTD	blue	amber_boltz	0	0.356	0.9965	1.0000	0.9695	262	262
1JTD	blue	amber_boltz	1	0.311	0.9973	1.0000	0.9781	262	262
1JTD	blue	amber_boltz	2	0.342	0.9968	1.0000	0.9666	262	262
1JTD	blue	amber_boltz	3	0.339	0.9968	1.0000	0.9723	262	262
1JTD	blue	amber_boltz	4	0.340	0.9968	1.0000	0.9714	262	262
1JTG	blue	af_relaxed	0	0.568	0.9923	0.9933	0.9494	262	262
1JTG	blue	af_relaxed	1	0.494	0.9936	0.9924	0.9504	262	262
1JTG	blue	af_relaxed	2	0.546	0.9929	0.9943	0.9561	262	262
1JTG	blue	af_relaxed	3	0.461	0.9944	0.9952	0.9599	262	262
1JTG	blue	af_relaxed	4	0.493	0.9937	0.9924	0.9532	262	262
1JTG	blue	af_unrelaxed	0	0.488	0.9938	0.9933	0.9513	262	262
1JTG	blue	af_unrelaxed	1	0.483	0.9939	0.9924	0.9532	262	262
1JTG	blue	af_unrelaxed	2	0.562	0.9925	0.9933	0.9485	262	262
1JTG	blue	af_unrelaxed	3	0.451	0.9946	0.9952	0.9628	262	262
1JTG	blue	af_unrelaxed	4	0.538	0.9931	0.9933	0.9552	262	262
1JTG	blue	boltz	0	0.499	0.9942	0.9933	0.9742	262	262
1JTG	blue	boltz	1	0.494	0.9942	0.9943	0.9647	262	262
1JTG	blue	boltz	2	0.576	0.9934	0.9933	0.9733	260	262
1JTG	blue	boltz	3	0.541	0.9937	0.9943	0.9771	262	262
1JTG	blue	boltz	4	0.560	0.9934	0.9933	0.9733	262	262
1JTG	blue	amber_af	0	0.492	0.9937	0.9924	0.9494	262	262
1JTG	blue	amber_af	1	0.492	0.9937	0.9924	0.9532	262	262
1JTG	blue	amber_af	2	0.568	0.9923	0.9933	0.9494	262	262
1JTG	blue	amber_af	3	0.461	0.9944	0.9952	0.9599	262	262
1JTG	blue	amber_af	4	0.546	0.9929	0.9943	0.9552	262	262
1JTG	blue	amber_boltz	0	0.512	0.9939	0.9933	0.9752	262	262
1JTG	blue	amber_boltz	1	0.498	0.9941	0.9933	0.9590	262	262
1JTG	blue	amber_boltz	2	0.589	0.9931	0.9933	0.9704	260	262
1JTG	blue	amber_boltz	3	0.552	0.9934	0.9933	0.9742	262	262
1JTG	blue	amber_boltz	4	0.575	0.9931	0.9943	0.9704	262	262
1JWH	blue	af_relaxed	0	0.749	0.9882	0.9716	0.8664	335	335
1JWH	blue	af_relaxed	1	0.755	0.9881	0.9709	0.8672	335	335
1JWH	blue	af_relaxed	2	0.775	0.9874	0.9672	0.8649	335	335
1JWH	blue	af_relaxed	3	0.796	0.9868	0.9642	0.8575	335	335
1JWH	blue	af_relaxed	4	0.722	0.9890	0.9731	0.8687	335	335
1JWH	blue	af_unrelaxed	0	0.743	0.9884	0.9694	0.8664	335	335
1JWH	blue	af_unrelaxed	1	0.717	0.9891	0.9739	0.8739	335	335
1JWH	blue	af_unrelaxed	2	0.790	0.9870	0.9634	0.8604	335	335
1JWH	blue	af_unrelaxed	3	0.751	0.9882	0.9701	0.8664	335	335
1JWH	blue	af_unrelaxed	4	0.770	0.9876	0.9672	0.8657	335	335
1JWH	blue	boltz	0	0.868	0.9846	0.9590	0.8463	335	335
1JWH	blue	boltz	1	0.837	0.9857	0.9604	0.8515	335	335
1JWH	blue	boltz	2	0.875	0.9844	0.9567	0.8455	335	335
1JWH	blue	boltz	3	1.301	0.9753	0.9343	0.8164	333	335
1JWH	blue	boltz	4	0.888	0.9838	0.9537	0.8373	335	335
1JWH	blue	amber_af	0	0.748	0.9883	0.9716	0.8672	335	335
1JWH	blue	amber_af	1	0.721	0.9890	0.9739	0.8701	335	335
1JWH	blue	amber_af	2	0.797	0.9868	0.9634	0.8575	335	335
1JWH	blue	amber_af	3	0.754	0.9881	0.9709	0.8664	335	335
1JWH	blue	amber_af	4	0.776	0.9874	0.9672	0.8642	335	335
1JWH	blue	amber_boltz	0	0.868	0.9846	0.9590	0.8433	335	335
1JWH	blue	amber_boltz	1	0.839	0.9856	0.9619	0.8545	335	335
1JWH	blue	amber_boltz	2	0.875	0.9844	0.9575	0.8440	335	335
1JWH	blue	amber_boltz	3	1.304	0.9753	0.9336	0.8179	333	335
1JWH	blue	amber_boltz	4	0.890	0.9838	0.9515	0.8366	335	335
1JZD	blue	af_relaxed	0	1.103	0.9695	0.9361	0.8219	218	219
1JZD	blue	af_relaxed	1	1.072	0.9699	0.9361	0.8139	218	219
1JZD	blue	af_relaxed	2	1.044	0.9725	0.9452	0.8276	218	219
1JZD	blue	af_relaxed	3	0.994	0.9729	0.9441	0.8242	218	219
1JZD	blue	af_relaxed	4	1.015	0.9727	0.9441	0.8276	218	219
1JZD	blue	af_unrelaxed	0	1.019	0.9731	0.9498	0.8379	218	219
1JZD	blue	af_unrelaxed	1	0.972	0.9737	0.9452	0.8288	218	219
1JZD	blue	af_unrelaxed	2	1.075	0.9701	0.9418	0.8311	218	219
1JZD	blue	af_unrelaxed	3	1.047	0.9705	0.9406	0.8208	218	219
1JZD	blue	af_unrelaxed	4	0.996	0.9734	0.9486	0.8368	218	219
1JZD	blue	boltz	0	1.371	0.9610	0.9178	0.7968	217	219
1JZD	blue	boltz	1	1.599	0.9464	0.8927	0.7648	216	219
1JZD	blue	boltz	2	1.303	0.9631	0.9281	0.7979	217	219
1JZD	blue	boltz	3	1.252	0.9675	0.9349	0.8185	217	219
1JZD	blue	boltz	4	1.332	0.9637	0.9247	0.8059	216	219
1JZD	blue	amber_af	0	1.045	0.9724	0.9463	0.8299	218	219
1JZD	blue	amber_af	1	0.992	0.9730	0.9452	0.8242	218	219
1JZD	blue	amber_af	2	1.102	0.9695	0.9361	0.8231	218	219
1JZD	blue	amber_af	3	1.072	0.9699	0.9361	0.8139	218	219
1JZD	blue	amber_af	4	1.012	0.9728	0.9441	0.8288	218	219
1JZD	blue	amber_boltz	0	1.382	0.9604	0.9167	0.7900	217	219
1JZD	blue	amber_boltz	1	1.605	0.9460	0.8904	0.7557	216	219
1JZD	blue	amber_boltz	2	1.318	0.9625	0.9258	0.7979	217	219
1JZD	blue	amber_boltz	3	1.259	0.9671	0.9349	0.8151	217	219
1JZD	blue	amber_boltz	4	1.343	0.9631	0.9212	0.7979	217	219
1K5D	blue	af_relaxed	0	0.892	0.9775	0.9612	0.8847	205	206
1K5D	blue	af_relaxed	1	0.938	0.9754	0.9612	0.8823	205	206
1K5D	blue	af_relaxed	2	0.945	0.9745	0.9527	0.8677	205	206
1K5D	blue	af_relaxed	3	1.392	0.9606	0.9478	0.8544	201	206
1K5D	blue	af_relaxed	4	3.787	0.8925	0.8507	0.7330	188	206
1K5D	blue	af_unrelaxed	0	0.944	0.9744	0.9527	0.8665	205	206
1K5D	blue	af_unrelaxed	1	3.780	0.8929	0.8519	0.7391	188	206
1K5D	blue	af_unrelaxed	2	1.375	0.9610	0.9466	0.8544	200	206
1K5D	blue	af_unrelaxed	3	0.889	0.9775	0.9624	0.8847	205	206
1K5D	blue	af_unrelaxed	4	0.934	0.9754	0.9587	0.8799	205	206
1K5D	blue	boltz	0	1.167	0.9636	0.9405	0.8252	204	206
1K5D	blue	boltz	1	1.224	0.9613	0.9320	0.8143	204	206
1K5D	blue	boltz	2	1.349	0.9508	0.9187	0.7973	205	206
1K5D	blue	boltz	3	1.335	0.9536	0.9223	0.8119	203	206
1K5D	blue	boltz	4	1.420	0.9518	0.9199	0.8070	202	206
1K5D	blue	amber_af	0	0.945	0.9745	0.9527	0.8653	205	206
1K5D	blue	amber_af	1	3.789	0.8925	0.8507	0.7330	188	206
1K5D	blue	amber_af	2	1.392	0.9606	0.9478	0.8532	201	206
1K5D	blue	amber_af	3	0.893	0.9775	0.9612	0.8835	205	206
1K5D	blue	amber_af	4	0.938	0.9754	0.9600	0.8823	205	206
1K5D	blue	amber_boltz	0	1.173	0.9636	0.9405	0.8277	204	206
1K5D	blue	amber_boltz	1	1.246	0.9605	0.9272	0.8107	203	206
1K5D	blue	amber_boltz	2	1.346	0.9509	0.9175	0.7961	205	206
1K5D	blue	amber_boltz	3	1.347	0.9532	0.9211	0.8083	203	206
1K5D	blue	amber_boltz	4	1.419	0.9515	0.9187	0.8046	202	206
1K74	blue	af_relaxed	0	2.423	0.9429	0.9289	0.8685	220	232
1K74	blue	af_relaxed	1	2.368	0.9445	0.9321	0.8761	220	232
1K74	blue	af_relaxed	2	4.220	0.8894	0.8610	0.8114	204	232
1K74	blue	af_relaxed	3	4.318	0.8854	0.8588	0.7996	202	232
1K74	blue	af_relaxed	4	4.542	0.8832	0.8578	0.8050	202	232
1K74	blue	af_unrelaxed	0	4.209	0.8897	0.8631	0.8157	204	232
1K74	blue	af_unrelaxed	1	4.540	0.8834	0.8578	0.8071	203	232
1K74	blue	af_unrelaxed	2	2.368	0.9445	0.9289	0.8750	220	232
1K74	blue	af_unrelaxed	3	4.311	0.8856	0.8599	0.8028	202	232
1K74	blue	af_unrelaxed	4	2.424	0.9430	0.9289	0.8707	220	232
1K74	blue	boltz	0	4.299	0.8928	0.8642	0.8093	206	232
1K74	blue	boltz	1	4.467	0.8823	0.8545	0.8028	200	232
1K74	blue	boltz	2	5.112	0.8716	0.8459	0.8050	198	232
1K74	blue	boltz	3	5.490	0.8646	0.8384	0.7802	197	232
1K74	blue	boltz	4	5.323	0.8676	0.8438	0.7963	196	232
1K74	blue	amber_af	0	4.219	0.8895	0.8610	0.8125	204	232
1K74	blue	amber_af	1	4.542	0.8833	0.8578	0.8050	202	232
1K74	blue	amber_af	2	2.367	0.9445	0.9321	0.8761	220	232
1K74	blue	amber_af	3	4.319	0.8853	0.8588	0.7996	202	232
1K74	blue	amber_af	4	2.423	0.9429	0.9289	0.8685	220	232
1K74	blue	amber_boltz	0	4.302	0.8925	0.8664	0.8082	206	232
1K74	blue	amber_boltz	1	4.477	0.8817	0.8545	0.7996	200	232
1K74	blue	amber_boltz	2	5.120	0.8708	0.8448	0.8028	198	232
1K74	blue	amber_boltz	3	5.505	0.8643	0.8362	0.7780	197	232
1K74	blue	amber_boltz	4	5.330	0.8673	0.8438	0.7942	196	232
1KAC	blue	af_relaxed	0	0.247	0.9977	1.0000	0.9919	185	185
1KAC	blue	af_relaxed	1	0.354	0.9952	0.9959	0.9743	185	185
1KAC	blue	af_relaxed	2	0.290	0.9968	1.0000	0.9838	185	185
1KAC	blue	af_relaxed	3	0.394	0.9943	0.9919	0.9703	185	185
1KAC	blue	af_relaxed	4	0.286	0.9969	0.9986	0.9824	185	185
1KAC	blue	af_unrelaxed	0	0.233	0.9979	1.0000	0.9919	185	185
1KAC	blue	af_unrelaxed	1	0.237	0.9978	1.0000	0.9932	185	185
1KAC	blue	af_unrelaxed	2	0.267	0.9973	1.0000	0.9892	185	185
1KAC	blue	af_unrelaxed	3	0.249	0.9976	1.0000	0.9919	185	185
1KAC	blue	af_unrelaxed	4	0.239	0.9978	1.0000	0.9932	185	185
1KAC	blue	boltz	0	1.104	0.9697	0.9635	0.8716	184	185
1KAC	blue	boltz	1	1.105	0.9684	0.9608	0.8459	184	185
1KAC	blue	boltz	2	0.922	0.9778	0.9730	0.8865	184	185
1KAC	blue	boltz	3	1.074	0.9715	0.9635	0.8770	183	185
1KAC	blue	boltz	4	1.124	0.9687	0.9608	0.8662	183	185
1KAC	blue	amber_af	0	0.248	0.9976	1.0000	0.9919	185	185
1KAC	blue	amber_af	1	0.285	0.9969	0.9986	0.9811	185	185
1KAC	blue	amber_af	2	0.359	0.9951	0.9946	0.9703	185	185
1KAC	blue	amber_af	3	0.291	0.9968	1.0000	0.9824	185	185
1KAC	blue	amber_af	4	0.391	0.9943	0.9919	0.9703	185	185
1KAC	blue	amber_boltz	0	1.110	0.9695	0.9622	0.8689	184	185
1KAC	blue	amber_boltz	1	1.122	0.9671	0.9568	0.8446	184	185
1KAC	blue	amber_boltz	2	0.927	0.9774	0.9689	0.8811	184	185
1KAC	blue	amber_boltz	3	1.087	0.9707	0.9595	0.8649	184	185
1KAC	blue	amber_boltz	4	1.125	0.9687	0.9581	0.8568	183	185
1KKL	blue	af_relaxed	0	1.761	0.9558	0.9431	0.8713	164	167
1KKL	blue	af_relaxed	1	1.791	0.9573	0.9446	0.8683	164	167
1KKL	blue	af_relaxed	2	1.778	0.9602	0.9476	0.8743	164	167
1KKL	blue	af_relaxed	3	1.796	0.9562	0.9446	0.8713	164	167
1KKL	blue	af_relaxed	4	2.035	0.9320	0.9102	0.7934	164	167
1KKL	blue	af_unrelaxed	0	1.781	0.9603	0.9461	0.8728	164	167
1KKL	blue	af_unrelaxed	1	1.763	0.9560	0.9431	0.8743	164	167
1KKL	blue	af_unrelaxed	2	1.793	0.9575	0.9446	0.8728	164	167
1KKL	blue	af_unrelaxed	3	1.805	0.9561	0.9446	0.8713	164	167
1KKL	blue	af_unrelaxed	4	2.068	0.9277	0.8922	0.7769	164	167
1KKL	blue	boltz	0	20.433	0.6246	0.6183	0.5763	104	167
1KKL	blue	boltz	1	20.256	0.6244	0.6198	0.5778	104	167
1KKL	blue	boltz	2	20.430	0.6259	0.6198	0.5928	104	167
1KKL	blue	boltz	3	20.332	0.6238	0.6168	0.5704	104	167
1KKL	blue	boltz	4	20.397	0.6252	0.6168	0.5778	104	167
1KKL	blue	amber_af	0	1.778	0.9602	0.9476	0.8743	164	167
1KKL	blue	amber_af	1	1.761	0.9558	0.9431	0.8713	164	167
1KKL	blue	amber_af	2	1.789	0.9572	0.9446	0.8683	164	167
1KKL	blue	amber_af	3	1.796	0.9562	0.9431	0.8698	164	167
1KKL	blue	amber_af	4	2.035	0.9320	0.9087	0.7934	164	167
1KKL	blue	amber_boltz	0	20.445	0.6245	0.6183	0.5749	104	167
1KKL	blue	amber_boltz	1	20.271	0.6242	0.6198	0.5734	104	167
1KKL	blue	amber_boltz	2	20.438	0.6259	0.6228	0.5928	104	167
1KKL	blue	amber_boltz	3	20.347	0.6231	0.6153	0.5644	104	167
1KKL	blue	amber_boltz	4	20.412	0.6250	0.6168	0.5763	104	167
1KLU	blue	af_relaxed	0	0.476	0.9924	0.9972	0.9595	179	179
1KLU	blue	af_relaxed	1	0.472	0.9923	0.9972	0.9581	179	179
1KLU	blue	af_relaxed	2	0.464	0.9926	0.9972	0.9567	179	179
1KLU	blue	af_relaxed	3	0.529	0.9902	0.9944	0.9441	179	179
1KLU	blue	af_relaxed	4	0.659	0.9845	0.9804	0.9176	179	179
1KLU	blue	af_unrelaxed	0	0.461	0.9927	0.9972	0.9581	179	179
1KLU	blue	af_unrelaxed	1	0.527	0.9903	0.9930	0.9455	179	179
1KLU	blue	af_unrelaxed	2	0.471	0.9926	0.9972	0.9623	179	179
1KLU	blue	af_unrelaxed	3	0.469	0.9924	0.9972	0.9581	179	179
1KLU	blue	af_unrelaxed	4	0.503	0.9913	0.9944	0.9511	179	179
1KLU	blue	boltz	0	0.456	0.9924	0.9958	0.9567	179	179
1KLU	blue	boltz	1	0.521	0.9907	0.9930	0.9455	179	179
1KLU	blue	boltz	2	0.506	0.9904	0.9944	0.9274	179	179
1KLU	blue	boltz	3	0.447	0.9923	0.9944	0.9497	179	179
1KLU	blue	boltz	4	0.490	0.9915	0.9958	0.9511	179	179
1KLU	blue	amber_af	0	0.464	0.9926	0.9972	0.9567	179	179
1KLU	blue	amber_af	1	0.661	0.9846	0.9777	0.9148	179	179
1KLU	blue	amber_af	2	0.476	0.9924	0.9972	0.9581	179	179
1KLU	blue	amber_af	3	0.472	0.9923	0.9972	0.9567	179	179
1KLU	blue	amber_af	4	0.530	0.9902	0.9944	0.9413	179	179
1KLU	blue	amber_boltz	0	0.468	0.9921	0.9958	0.9553	179	179
1KLU	blue	amber_boltz	1	0.542	0.9901	0.9944	0.9455	179	179
1KLU	blue	amber_boltz	2	0.517	0.9901	0.9944	0.9246	179	179
1KLU	blue	amber_boltz	3	0.466	0.9917	0.9944	0.9441	179	179
1KLU	blue	amber_boltz	4	0.502	0.9911	0.9944	0.9427	179	179
1KTZ	blue	af_relaxed	0	1.514	0.9340	0.9512	0.8811	78	82
1KTZ	blue	af_relaxed	1	2.977	0.8768	0.9085	0.8201	73	82
1KTZ	blue	af_relaxed	2	2.590	0.8946	0.9207	0.8567	75	82
1KTZ	blue	af_relaxed	3	1.660	0.9321	0.9512	0.8780	79	82
1KTZ	blue	af_relaxed	4	2.710	0.8837	0.9177	0.8293	74	82
1KTZ	blue	af_unrelaxed	0	2.580	0.8946	0.9207	0.8537	75	82
1KTZ	blue	af_unrelaxed	1	1.664	0.9319	0.9482	0.8780	79	82
1KTZ	blue	af_unrelaxed	2	2.694	0.8842	0.9177	0.8262	74	82
1KTZ	blue	af_unrelaxed	3	2.967	0.8774	0.9085	0.8201	73	82
1KTZ	blue	af_unrelaxed	4	1.515	0.9337	0.9512	0.8780	78	82
1KTZ	blue	boltz	0	1.456	0.9189	0.9421	0.8293	80	82
1KTZ	blue	boltz	1	1.905	0.9053	0.9329	0.8384	78	82
1KTZ	blue	boltz	2	1.535	0.9187	0.9451	0.8628	78	82
1KTZ	blue	boltz	3	1.473	0.9208	0.9421	0.8354	80	82
1KTZ	blue	boltz	4	1.582	0.8974	0.9146	0.7744	78	82
1KTZ	blue	amber_af	0	2.589	0.8947	0.9207	0.8567	75	82
1KTZ	blue	amber_af	1	1.660	0.9321	0.9512	0.8780	79	82
1KTZ	blue	amber_af	2	2.711	0.8837	0.9177	0.8323	74	82
1KTZ	blue	amber_af	3	2.977	0.8768	0.9085	0.8262	73	82
1KTZ	blue	amber_af	4	1.513	0.9340	0.9512	0.8780	78	82
1KTZ	blue	amber_boltz	0	1.463	0.9182	0.9360	0.8232	80	82
1KTZ	blue	amber_boltz	1	1.912	0.9049	0.9329	0.8293	78	82
1KTZ	blue	amber_boltz	2	1.541	0.9182	0.9421	0.8659	78	82
1KTZ	blue	amber_boltz	3	1.484	0.9198	0.9421	0.8323	80	82
1KTZ	blue	amber_boltz	4	1.587	0.8963	0.9177	0.7805	78	82
1KXP	blue	af_relaxed	0	0.720	0.9907	0.9799	0.9119	348	349
1KXP	blue	af_relaxed	1	0.805	0.9894	0.9764	0.9019	347	349
1KXP	blue	af_relaxed	2	0.753	0.9897	0.9764	0.9004	348	349
1KXP	blue	af_relaxed	3	0.800	0.9894	0.9778	0.9083	347	349
1KXP	blue	af_relaxed	4	0.809	0.9890	0.9764	0.9019	347	349
1KXP	blue	af_unrelaxed	0	0.804	0.9893	0.9771	0.9097	347	349
1KXP	blue	af_unrelaxed	1	0.814	0.9889	0.9749	0.9004	347	349
1KXP	blue	af_unrelaxed	2	0.807	0.9894	0.9764	0.9033	347	349
1KXP	blue	af_unrelaxed	3	0.717	0.9906	0.9771	0.9047	348	349
1KXP	blue	af_unrelaxed	4	0.674	0.9918	0.9807	0.9183	348	349
1KXP	blue	boltz	0	0.776	0.9899	0.9785	0.9198	347	349
1KXP	blue	boltz	1	0.869	0.9871	0.9735	0.8789	347	349
1KXP	blue	boltz	2	0.957	0.9836	0.9513	0.8403	347	349
1KXP	blue	boltz	3	0.783	0.9898	0.9792	0.9069	347	349
1KXP	blue	boltz	4	1.096	0.9787	0.9305	0.8044	347	349
1KXP	blue	amber_af	0	0.800	0.9894	0.9778	0.9076	347	349
1KXP	blue	amber_af	1	0.809	0.9890	0.9764	0.9011	347	349
1KXP	blue	amber_af	2	0.805	0.9894	0.9771	0.9019	347	349
1KXP	blue	amber_af	3	0.755	0.9896	0.9756	0.8990	348	349
1KXP	blue	amber_af	4	0.721	0.9906	0.9785	0.9105	348	349
1KXP	blue	amber_boltz	0	0.779	0.9898	0.9785	0.9219	347	349
1KXP	blue	amber_boltz	1	0.873	0.9870	0.9735	0.8832	347	349
1KXP	blue	amber_boltz	2	0.958	0.9836	0.9513	0.8431	347	349
1KXP	blue	amber_boltz	3	0.784	0.9899	0.9799	0.9097	347	349
1KXP	blue	amber_boltz	4	1.095	0.9787	0.9305	0.8052	347	349
1LFD	blue	af_relaxed	0	0.476	0.9809	0.9942	0.9390	86	86
1LFD	blue	af_relaxed	1	0.472	0.9812	0.9942	0.9390	86	86
1LFD	blue	af_relaxed	2	0.459	0.9820	0.9942	0.9477	86	86
1LFD	blue	af_relaxed	3	0.497	0.9793	0.9942	0.9360	86	86
1LFD	blue	af_relaxed	4	1.338	0.9358	0.9593	0.8779	83	86
1LFD	blue	af_unrelaxed	0	1.307	0.9371	0.9593	0.8779	83	86
1LFD	blue	af_unrelaxed	1	0.491	0.9798	0.9942	0.9390	86	86
1LFD	blue	af_unrelaxed	2	0.469	0.9814	0.9942	0.9390	86	86
1LFD	blue	af_unrelaxed	3	0.455	0.9823	0.9942	0.9477	86	86
1LFD	blue	af_unrelaxed	4	0.470	0.9813	0.9942	0.9390	86	86
1LFD	blue	boltz	0	0.664	0.9648	0.9738	0.8866	86	86
1LFD	blue	boltz	1	0.648	0.9663	0.9767	0.8924	86	86
1LFD	blue	boltz	2	0.635	0.9670	0.9738	0.8866	86	86
1LFD	blue	boltz	3	0.569	0.9727	0.9884	0.9041	86	86
1LFD	blue	boltz	4	0.752	0.9579	0.9738	0.8866	86	86
1LFD	blue	amber_af	0	1.338	0.9357	0.9593	0.8779	83	86
1LFD	blue	amber_af	1	0.497	0.9793	0.9942	0.9390	86	86
1LFD	blue	amber_af	2	0.469	0.9814	0.9942	0.9390	86	86
1LFD	blue	amber_af	3	0.459	0.9821	0.9942	0.9477	86	86
1LFD	blue	amber_af	4	0.476	0.9809	0.9942	0.9390	86	86
1LFD	blue	amber_boltz	0	0.665	0.9646	0.9738	0.8808	86	86
1LFD	blue	amber_boltz	1	0.653	0.9657	0.9767	0.8895	86	86
1LFD	blue	amber_boltz	2	0.645	0.9660	0.9738	0.8808	86	86
1LFD	blue	amber_boltz	3	0.571	0.9725	0.9855	0.9041	86	86
1LFD	blue	amber_boltz	4	0.754	0.9576	0.9738	0.8924	86	86
1M10	blue	af_relaxed	0	1.085	0.9777	0.9724	0.9196	196	199
1M10	blue	af_relaxed	1	1.110	0.9770	0.9724	0.9221	197	199
1M10	blue	af_relaxed	2	1.077	0.9777	0.9724	0.9209	197	199
1M10	blue	af_relaxed	3	1.086	0.9778	0.9724	0.9209	197	199
1M10	blue	af_relaxed	4	1.095	0.9778	0.9736	0.9209	197	199
1M10	blue	af_unrelaxed	0	1.074	0.9776	0.9736	0.9234	197	199
1M10	blue	af_unrelaxed	1	1.090	0.9777	0.9736	0.9209	197	199
1M10	blue	af_unrelaxed	2	1.098	0.9777	0.9724	0.9196	197	199
1M10	blue	af_unrelaxed	3	1.112	0.9770	0.9724	0.9209	197	199
1M10	blue	af_unrelaxed	4	1.086	0.9775	0.9736	0.9221	196	199
1M10	blue	boltz	0	1.014	0.9787	0.9749	0.9033	197	199
1M10	blue	boltz	1	1.187	0.9741	0.9711	0.8970	196	199
1M10	blue	boltz	2	0.983	0.9785	0.9774	0.9108	197	199
1M10	blue	boltz	3	0.901	0.9798	0.9786	0.8932	197	199
1M10	blue	boltz	4	1.064	0.9764	0.9724	0.8957	196	199
1M10	blue	amber_af	0	1.080	0.9776	0.9724	0.9209	197	199
1M10	blue	amber_af	1	1.091	0.9778	0.9724	0.9196	197	199
1M10	blue	amber_af	2	1.095	0.9778	0.9736	0.9209	197	199
1M10	blue	amber_af	3	1.111	0.9771	0.9724	0.9221	197	199
1M10	blue	amber_af	4	1.085	0.9777	0.9724	0.9183	196	199
1M10	blue	amber_boltz	0	1.012	0.9787	0.9761	0.9033	197	199
1M10	blue	amber_boltz	1	1.189	0.9740	0.9711	0.8894	196	199
1M10	blue	amber_boltz	2	0.989	0.9783	0.9761	0.9045	197	199
1M10	blue	amber_boltz	3	0.901	0.9797	0.9786	0.8920	197	199
1M10	blue	amber_boltz	4	1.071	0.9761	0.9736	0.8957	196	199
1M27	blue	af_relaxed	0	1.509	0.8983	0.8846	0.7596	104	104
1M27	blue	af_relaxed	1	1.341	0.9221	0.9207	0.8149	103	104
1M27	blue	af_relaxed	2	0.739	0.9712	0.9760	0.9207	104	104
1M27	blue	af_relaxed	3	1.272	0.9353	0.9351	0.8486	102	104
1M27	blue	af_relaxed	4	1.310	0.9289	0.9279	0.8389	103	104
1M27	blue	af_unrelaxed	0	1.565	0.8902	0.8702	0.7380	104	104
1M27	blue	af_unrelaxed	1	1.360	0.9181	0.9159	0.7981	104	104
1M27	blue	af_unrelaxed	2	1.265	0.9350	0.9303	0.8413	102	104
1M27	blue	af_unrelaxed	3	0.752	0.9705	0.9784	0.9255	104	104
1M27	blue	af_unrelaxed	4	1.257	0.9340	0.9279	0.8389	103	104
1M27	blue	boltz	0	0.675	0.9772	0.9832	0.9495	104	104
1M27	blue	boltz	1	0.666	0.9779	0.9832	0.9423	104	104
1M27	blue	boltz	2	0.691	0.9757	0.9808	0.9423	104	104
1M27	blue	boltz	3	0.686	0.9762	0.9832	0.9351	104	104
1M27	blue	boltz	4	0.718	0.9734	0.9784	0.9279	104	104
1M27	blue	amber_af	0	1.486	0.9020	0.8894	0.7692	104	104
1M27	blue	amber_af	1	1.342	0.9219	0.9207	0.8149	103	104
1M27	blue	amber_af	2	1.272	0.9353	0.9351	0.8486	102	104
1M27	blue	amber_af	3	0.739	0.9712	0.9760	0.9207	104	104
1M27	blue	amber_af	4	1.296	0.9299	0.9231	0.8317	103	104
1M27	blue	amber_boltz	0	0.667	0.9775	0.9832	0.9471	104	104
1M27	blue	amber_boltz	1	0.652	0.9783	0.9832	0.9423	104	104
1M27	blue	amber_boltz	2	0.683	0.9761	0.9808	0.9423	104	104
1M27	blue	amber_boltz	3	0.687	0.9760	0.9832	0.9375	104	104
1M27	blue	amber_boltz	4	0.720	0.9734	0.9808	0.9303	104	104
1MAH	blue	af_relaxed	0	0.886	0.9906	0.9780	0.8780	529	533
1MAH	blue	af_relaxed	1	0.911	0.9901	0.9756	0.8663	530	533
1MAH	blue	af_relaxed	2	0.769	0.9919	0.9775	0.8724	533	533
1MAH	blue	af_relaxed	3	0.764	0.9920	0.9775	0.8715	533	533
1MAH	blue	af_relaxed	4	0.796	0.9913	0.9737	0.8621	533	533
1MAH	blue	af_unrelaxed	0	0.715	0.9930	0.9826	0.8823	532	533
1MAH	blue	af_unrelaxed	1	0.700	0.9933	0.9836	0.8888	532	533
1MAH	blue	af_unrelaxed	2	0.883	0.9907	0.9794	0.8804	529	533
1MAH	blue	af_unrelaxed	3	0.698	0.9933	0.9836	0.8902	532	533
1MAH	blue	af_unrelaxed	4	0.903	0.9904	0.9789	0.8780	530	533
1MAH	blue	boltz	0	0.923	0.9900	0.9765	0.8785	529	533
1MAH	blue	boltz	1	0.920	0.9897	0.9714	0.8654	530	533
1MAH	blue	boltz	2	0.889	0.9905	0.9789	0.8823	529	533
1MAH	blue	boltz	3	0.932	0.9899	0.9719	0.8705	529	533
1MAH	blue	boltz	4	0.946	0.9891	0.9672	0.8532	530	533
1MAH	blue	amber_af	0	0.794	0.9914	0.9723	0.8616	533	533
1MAH	blue	amber_af	1	0.765	0.9920	0.9770	0.8724	533	533
1MAH	blue	amber_af	2	0.885	0.9906	0.9775	0.8776	529	533
1MAH	blue	amber_af	3	0.768	0.9919	0.9761	0.8705	533	533
1MAH	blue	amber_af	4	0.912	0.9901	0.9765	0.8682	530	533
1MAH	blue	amber_boltz	0	0.928	0.9898	0.9751	0.8696	529	533
1MAH	blue	amber_boltz	1	0.924	0.9896	0.9681	0.8560	530	533
1MAH	blue	amber_boltz	2	0.892	0.9904	0.9775	0.8752	529	533
1MAH	blue	amber_boltz	3	0.935	0.9897	0.9714	0.8663	529	533
1MAH	blue	amber_boltz	4	0.948	0.9890	0.9662	0.8476	530	533
1ML0	blue	af_relaxed	0	13.768	0.6314	0.4427	0.2810	214	371
1ML0	blue	af_relaxed	1	21.644	0.3395	0.2042	0.1280	75	371
1ML0	blue	af_relaxed	2	22.604	0.3776	0.2284	0.1482	104	371
1ML0	blue	af_relaxed	3	18.386	0.3994	0.1947	0.0923	100	371
1ML0	blue	af_relaxed	4	17.645	0.3435	0.1968	0.1220	89	371
1ML0	blue	af_unrelaxed	0	17.608	0.3430	0.1947	0.1193	88	371
1ML0	blue	af_unrelaxed	1	18.345	0.4015	0.1974	0.0910	100	371
1ML0	blue	af_unrelaxed	2	22.596	0.3771	0.2284	0.1489	106	371
1ML0	blue	af_unrelaxed	3	13.708	0.6333	0.4434	0.2803	215	371
1ML0	blue	af_unrelaxed	4	21.624	0.3412	0.2055	0.1287	74	371
1ML0	blue	boltz	0	18.777	0.4451	0.2857	0.1853	130	371
1ML0	blue	boltz	1	20.764	0.4177	0.2763	0.1867	122	371
1ML0	blue	boltz	2	14.564	0.4118	0.2487	0.1584	105	371
1ML0	blue	boltz	3	17.886	0.3734	0.2500	0.1732	98	371
1ML0	blue	boltz	4	18.737	0.3835	0.2453	0.1685	102	371
1ML0	blue	amber_af	0	17.648	0.3435	0.1974	0.1226	90	371
1ML0	blue	amber_af	1	18.387	0.3991	0.1961	0.0937	99	371
1ML0	blue	amber_af	2	22.602	0.3777	0.2271	0.1469	104	371
1ML0	blue	amber_af	3	13.770	0.6314	0.4414	0.2810	216	371
1ML0	blue	amber_af	4	21.642	0.3397	0.2028	0.1280	74	371
1ML0	blue	amber_boltz	0	18.877	0.4444	0.2837	0.1813	128	371
1ML0	blue	amber_boltz	1	20.809	0.4170	0.2770	0.1873	119	371
1ML0	blue	amber_boltz	2	14.597	0.4117	0.2466	0.1557	104	371
1ML0	blue	amber_boltz	3	17.902	0.3732	0.2493	0.1712	97	371
1ML0	blue	amber_boltz	4	18.784	0.3834	0.2412	0.1611	102	371
1MLC	blue	af_relaxed	0	1.184	0.9586	0.8960	0.7593	213	214
1MLC	blue	af_relaxed	1	1.166	0.9588	0.8960	0.7617	213	214
1MLC	blue	af_relaxed	2	1.140	0.9610	0.9054	0.7734	213	214
1MLC	blue	af_relaxed	3	1.187	0.9585	0.8972	0.7617	213	214
1MLC	blue	af_relaxed	4	1.037	0.9672	0.9159	0.7862	213	214
1MLC	blue	af_unrelaxed	0	1.181	0.9587	0.8984	0.7640	213	214
1MLC	blue	af_unrelaxed	1	1.174	0.9591	0.8995	0.7629	213	214
1MLC	blue	af_unrelaxed	2	1.151	0.9595	0.8972	0.7664	213	214
1MLC	blue	af_unrelaxed	3	1.103	0.9629	0.9042	0.7722	213	214
1MLC	blue	af_unrelaxed	4	1.017	0.9682	0.9171	0.7886	214	214
1MLC	blue	boltz	0	0.953	0.9710	0.9241	0.7909	214	214
1MLC	blue	boltz	1	0.740	0.9845	0.9848	0.8715	213	214
1MLC	blue	boltz	2	0.977	0.9715	0.9439	0.8166	213	214
1MLC	blue	boltz	3	1.140	0.9602	0.9007	0.7640	214	214
1MLC	blue	boltz	4	0.778	0.9831	0.9766	0.8668	213	214
1MLC	blue	amber_af	0	1.187	0.9585	0.8972	0.7605	213	214
1MLC	blue	amber_af	1	1.184	0.9586	0.8960	0.7593	213	214
1MLC	blue	amber_af	2	1.165	0.9589	0.8960	0.7617	213	214
1MLC	blue	amber_af	3	1.153	0.9603	0.9019	0.7675	213	214
1MLC	blue	amber_af	4	1.037	0.9673	0.9159	0.7850	213	214
1MLC	blue	amber_boltz	0	0.963	0.9704	0.9241	0.7909	214	214
1MLC	blue	amber_boltz	1	0.753	0.9842	0.9825	0.8657	213	214
1MLC	blue	amber_boltz	2	0.980	0.9712	0.9404	0.8107	213	214
1MLC	blue	amber_boltz	3	1.154	0.9595	0.8995	0.7617	213	214
1MLC	blue	amber_boltz	4	0.781	0.9830	0.9790	0.8680	213	214
1MQ8	blue	af_relaxed	0	0.935	0.9712	0.9633	0.8139	184	184
1MQ8	blue	af_relaxed	1	0.912	0.9725	0.9592	0.8125	184	184
1MQ8	blue	af_relaxed	2	0.953	0.9701	0.9538	0.8030	184	184
1MQ8	blue	af_relaxed	3	0.908	0.9723	0.9592	0.8098	184	184
1MQ8	blue	af_relaxed	4	0.904	0.9727	0.9633	0.8139	184	184
1MQ8	blue	af_unrelaxed	0	0.910	0.9727	0.9565	0.8111	184	184
1MQ8	blue	af_unrelaxed	1	0.907	0.9723	0.9606	0.8111	184	184
1MQ8	blue	af_unrelaxed	2	0.932	0.9714	0.9606	0.8166	184	184
1MQ8	blue	af_unrelaxed	3	0.952	0.9702	0.9552	0.7989	184	184
1MQ8	blue	af_unrelaxed	4	0.901	0.9729	0.9633	0.8166	184	184
1MQ8	blue	boltz	0	1.142	0.9562	0.9076	0.7514	184	184
1MQ8	blue	boltz	1	1.019	0.9648	0.9280	0.7880	184	184
1MQ8	blue	boltz	2	1.316	0.9423	0.8668	0.6861	184	184
1MQ8	blue	boltz	3	1.437	0.9322	0.8492	0.6685	184	184
1MQ8	blue	boltz	4	1.224	0.9502	0.8927	0.7160	183	184
1MQ8	blue	amber_af	0	0.913	0.9725	0.9592	0.8111	184	184
1MQ8	blue	amber_af	1	0.909	0.9722	0.9606	0.8084	184	184
1MQ8	blue	amber_af	2	0.934	0.9713	0.9633	0.8125	184	184
1MQ8	blue	amber_af	3	0.953	0.9701	0.9552	0.8071	184	184
1MQ8	blue	amber_af	4	0.905	0.9726	0.9647	0.8166	184	184
1MQ8	blue	amber_boltz	0	1.143	0.9562	0.9090	0.7568	184	184
1MQ8	blue	amber_boltz	1	1.016	0.9649	0.9280	0.7853	184	184
1MQ8	blue	amber_boltz	2	1.316	0.9422	0.8750	0.6929	184	184
1MQ8	blue	amber_boltz	3	1.442	0.9318	0.8519	0.6698	184	184
1MQ8	blue	amber_boltz	4	1.229	0.9498	0.8940	0.7133	183	184
1N2C	blue	af_relaxed	0	0.568	0.9953	0.9895	0.9686	478	478
1N2C	blue	af_relaxed	1	0.589	0.9950	0.9895	0.9613	478	478
1N2C	blue	af_relaxed	2	0.567	0.9953	0.9901	0.9671	478	478
1N2C	blue	af_relaxed	3	0.557	0.9955	0.9895	0.9686	478	478
1N2C	blue	af_relaxed	4	0.551	0.9956	0.9906	0.9702	478	478
1N2C	blue	af_unrelaxed	0	0.546	0.9957	0.9911	0.9728	478	478
1N2C	blue	af_unrelaxed	1	0.552	0.9956	0.9901	0.9707	478	478
1N2C	blue	af_unrelaxed	2	0.561	0.9954	0.9901	0.9712	478	478
1N2C	blue	af_unrelaxed	3	0.584	0.9951	0.9895	0.9644	478	478
1N2C	blue	af_unrelaxed	4	0.562	0.9954	0.9901	0.9723	478	478
1N2C	blue	boltz	0	0.641	0.9940	0.9864	0.9378	477	478
1N2C	blue	boltz	1	0.632	0.9942	0.9869	0.9467	477	478
1N2C	blue	boltz	2	0.608	0.9945	0.9874	0.9440	478	478
1N2C	blue	boltz	3	0.598	0.9947	0.9890	0.9425	478	478
1N2C	blue	boltz	4	0.630	0.9941	0.9869	0.9351	477	478
1N2C	blue	amber_af	0	0.551	0.9956	0.9906	0.9712	478	478
1N2C	blue	amber_af	1	0.557	0.9955	0.9895	0.9686	478	478
1N2C	blue	amber_af	2	0.567	0.9953	0.9901	0.9671	478	478
1N2C	blue	amber_af	3	0.588	0.9950	0.9895	0.9613	478	478
1N2C	blue	amber_af	4	0.568	0.9953	0.9895	0.9686	478	478
1N2C	blue	amber_boltz	0	0.640	0.9940	0.9869	0.9399	477	478
1N2C	blue	amber_boltz	1	0.628	0.9943	0.9869	0.9461	477	478
1N2C	blue	amber_boltz	2	0.608	0.9945	0.9874	0.9425	478	478
1N2C	blue	amber_boltz	3	0.595	0.9948	0.9890	0.9430	478	478
1N2C	blue	amber_boltz	4	0.626	0.9942	0.9864	0.9336	477	478
1NW9	blue	af_relaxed	0	0.465	0.9828	0.9945	0.9451	91	91
1NW9	blue	af_relaxed	1	0.709	0.9674	0.9780	0.8984	91	91
1NW9	blue	af_relaxed	2	0.594	0.9742	0.9835	0.9203	91	91
1NW9	blue	af_relaxed	3	0.590	0.9728	0.9835	0.8984	91	91
1NW9	blue	af_relaxed	4	0.505	0.9804	0.9918	0.9368	91	91
1NW9	blue	af_unrelaxed	0	0.451	0.9838	0.9973	0.9451	91	91
1NW9	blue	af_unrelaxed	1	0.470	0.9824	0.9945	0.9396	91	91
1NW9	blue	af_unrelaxed	2	0.573	0.9741	0.9890	0.8984	91	91
1NW9	blue	af_unrelaxed	3	0.704	0.9684	0.9835	0.8929	91	91
1NW9	blue	af_unrelaxed	4	0.485	0.9813	0.9945	0.9341	91	91
1NW9	blue	boltz	0	0.332	0.9910	1.0000	0.9725	91	91
1NW9	blue	boltz	1	0.342	0.9905	1.0000	0.9698	91	91
1NW9	blue	boltz	2	0.297	0.9928	1.0000	0.9808	91	91
1NW9	blue	boltz	3	0.355	0.9899	0.9973	0.9780	91	91
1NW9	blue	boltz	4	0.314	0.9919	1.0000	0.9725	91	91
1NW9	blue	amber_af	0	0.510	0.9803	0.9918	0.9423	91	91
1NW9	blue	amber_af	1	0.464	0.9828	0.9945	0.9478	91	91
1NW9	blue	amber_af	2	0.590	0.9728	0.9835	0.8956	91	91
1NW9	blue	amber_af	3	0.709	0.9676	0.9780	0.8956	91	91
1NW9	blue	amber_af	4	0.593	0.9742	0.9835	0.9203	91	91
1NW9	blue	amber_boltz	0	0.351	0.9900	1.0000	0.9643	91	91
1NW9	blue	amber_boltz	1	0.374	0.9887	0.9973	0.9643	91	91
1NW9	blue	amber_boltz	2	0.315	0.9919	1.0000	0.9780	91	91
1NW9	blue	amber_boltz	3	0.355	0.9898	1.0000	0.9753	91	91
1NW9	blue	amber_boltz	4	0.341	0.9905	1.0000	0.9698	91	91
1OC0	blue	af_relaxed	0	2.362	0.9626	0.9135	0.7713	353	364
1OC0	blue	af_relaxed	1	2.406	0.9603	0.9032	0.7500	353	364
1OC0	blue	af_relaxed	2	2.406	0.9620	0.9093	0.7617	353	364
1OC0	blue	af_relaxed	3	2.327	0.9627	0.9107	0.7617	353	364
1OC0	blue	af_relaxed	4	2.411	0.9632	0.9141	0.7754	353	364
1OC0	blue	af_unrelaxed	0	2.411	0.9608	0.9059	0.7576	353	364
1OC0	blue	af_unrelaxed	1	2.396	0.9636	0.9176	0.7802	353	364
1OC0	blue	af_unrelaxed	2	2.351	0.9627	0.9162	0.7775	353	364
1OC0	blue	af_unrelaxed	3	2.303	0.9628	0.9135	0.7699	353	364
1OC0	blue	af_unrelaxed	4	2.389	0.9622	0.9107	0.7630	353	364
1OC0	blue	boltz	0	2.364	0.9661	0.9313	0.8036	353	364
1OC0	blue	boltz	1	2.490	0.9654	0.9293	0.7926	353	364
1OC0	blue	boltz	2	2.581	0.9651	0.9279	0.7940	353	364
1OC0	blue	boltz	3	2.357	0.9664	0.9279	0.8152	353	364
1OC0	blue	boltz	4	2.484	0.9674	0.9361	0.8201	353	364
1OC0	blue	amber_af	0	2.403	0.9604	0.9032	0.7493	353	364
1OC0	blue	amber_af	1	2.401	0.9635	0.9148	0.7775	353	364
1OC0	blue	amber_af	2	2.365	0.9626	0.9141	0.7713	353	364
1OC0	blue	amber_af	3	2.326	0.9627	0.9114	0.7637	353	364
1OC0	blue	amber_af	4	2.406	0.9619	0.9087	0.7617	353	364
1OC0	blue	amber_boltz	0	2.362	0.9659	0.9306	0.7995	353	364
1OC0	blue	amber_boltz	1	2.495	0.9649	0.9265	0.7878	353	364
1OC0	blue	amber_boltz	2	2.619	0.9642	0.9258	0.7857	353	364
1OC0	blue	amber_boltz	3	2.368	0.9662	0.9251	0.8063	353	364
1OC0	blue	amber_boltz	4	2.494	0.9670	0.9348	0.8173	353	364
1OFU	blue	af_relaxed	0	0.739	0.9889	0.9828	0.9028	305	306
1OFU	blue	af_relaxed	1	0.822	0.9864	0.9722	0.8775	305	306
1OFU	blue	af_relaxed	2	0.820	0.9867	0.9739	0.8864	305	306
1OFU	blue	af_relaxed	3	0.775	0.9879	0.9788	0.9085	305	306
1OFU	blue	af_relaxed	4	0.794	0.9872	0.9763	0.8930	305	306
1OFU	blue	af_unrelaxed	0	0.791	0.9872	0.9755	0.8905	305	306
1OFU	blue	af_unrelaxed	1	0.733	0.9890	0.9820	0.9020	305	306
1OFU	blue	af_unrelaxed	2	0.818	0.9865	0.9730	0.8791	305	306
1OFU	blue	af_unrelaxed	3	0.768	0.9881	0.9788	0.9060	305	306
1OFU	blue	af_unrelaxed	4	0.817	0.9867	0.9747	0.8832	305	306
1OFU	blue	boltz	0	1.069	0.9761	0.9395	0.7966	305	306
1OFU	blue	boltz	1	0.961	0.9819	0.9608	0.8407	304	306
1OFU	blue	boltz	2	1.002	0.9809	0.9518	0.8219	304	306
1OFU	blue	boltz	3	1.010	0.9784	0.9420	0.8170	305	306
1OFU	blue	boltz	4	0.945	0.9819	0.9542	0.8415	305	306
1OFU	blue	amber_af	0	0.794	0.9872	0.9763	0.8930	305	306
1OFU	blue	amber_af	1	0.739	0.9889	0.9828	0.9011	305	306
1OFU	blue	amber_af	2	0.822	0.9864	0.9730	0.8783	305	306
1OFU	blue	amber_af	3	0.775	0.9879	0.9779	0.9069	305	306
1OFU	blue	amber_af	4	0.821	0.9867	0.9730	0.8873	305	306
1OFU	blue	amber_boltz	0	1.078	0.9758	0.9363	0.7917	305	306
1OFU	blue	amber_boltz	1	0.967	0.9818	0.9624	0.8464	304	306
1OFU	blue	amber_boltz	2	1.008	0.9807	0.9526	0.8219	304	306
1OFU	blue	amber_boltz	3	1.013	0.9783	0.9412	0.8203	305	306
1OFU	blue	amber_boltz	4	0.953	0.9817	0.9551	0.8374	304	306
1OPH	blue	af_relaxed	0	1.041	0.9821	0.9520	0.8267	372	375
1OPH	blue	af_relaxed	1	1.425	0.9738	0.9380	0.7953	367	375
1OPH	blue	af_relaxed	2	1.210	0.9761	0.9307	0.7733	369	375
1OPH	blue	af_relaxed	3	1.108	0.9801	0.9453	0.8087	372	375
1OPH	blue	af_relaxed	4	1.675	0.9694	0.9260	0.7753	367	375
1OPH	blue	af_unrelaxed	0	1.418	0.9741	0.9413	0.7987	368	375
1OPH	blue	af_unrelaxed	1	1.206	0.9762	0.9327	0.7780	370	375
1OPH	blue	af_unrelaxed	2	1.671	0.9696	0.9287	0.7787	367	375
1OPH	blue	af_unrelaxed	3	1.106	0.9801	0.9453	0.8093	372	375
1OPH	blue	af_unrelaxed	4	1.032	0.9824	0.9520	0.8300	372	375
1OPH	blue	boltz	0	1.917	0.9678	0.9293	0.7940	367	375
1OPH	blue	boltz	1	1.852	0.9681	0.9207	0.7727	367	375
1OPH	blue	boltz	2	1.834	0.9651	0.9113	0.7600	367	375
1OPH	blue	boltz	3	1.690	0.9700	0.9400	0.8113	367	375
1OPH	blue	boltz	4	1.795	0.9685	0.9367	0.7860	366	375
1OPH	blue	amber_af	0	1.425	0.9738	0.9373	0.7933	367	375
1OPH	blue	amber_af	1	1.210	0.9761	0.9293	0.7727	369	375
1OPH	blue	amber_af	2	1.675	0.9694	0.9267	0.7773	367	375
1OPH	blue	amber_af	3	1.107	0.9801	0.9453	0.8087	372	375
1OPH	blue	amber_af	4	1.040	0.9821	0.9520	0.8267	372	375
1OPH	blue	amber_boltz	0	1.918	0.9677	0.9300	0.7953	367	375
1OPH	blue	amber_boltz	1	1.867	0.9676	0.9187	0.7707	367	375
1OPH	blue	amber_boltz	2	1.843	0.9649	0.9107	0.7593	367	375
1OPH	blue	amber_boltz	3	1.693	0.9698	0.9387	0.8087	367	375
1OPH	blue	amber_boltz	4	1.801	0.9683	0.9313	0.7787	366	375
1OYV	blue	af_relaxed	0	0.287	0.9978	1.0000	0.9836	274	274
1OYV	blue	af_relaxed	1	0.295	0.9977	1.0000	0.9854	274	274
1OYV	blue	af_relaxed	2	0.291	0.9977	1.0000	0.9836	274	274
1OYV	blue	af_relaxed	3	0.287	0.9978	1.0000	0.9854	274	274
1OYV	blue	af_relaxed	4	0.286	0.9978	1.0000	0.9854	274	274
1OYV	blue	af_unrelaxed	0	0.268	0.9981	1.0000	0.9909	274	274
1OYV	blue	af_unrelaxed	1	0.270	0.9980	1.0000	0.9891	274	274
1OYV	blue	af_unrelaxed	2	0.273	0.9980	1.0000	0.9872	274	274
1OYV	blue	af_unrelaxed	3	0.276	0.9980	1.0000	0.9881	274	274
1OYV	blue	af_unrelaxed	4	0.280	0.9979	1.0000	0.9881	274	274
1OYV	blue	boltz	0	0.269	0.9981	1.0000	0.9900	274	274
1OYV	blue	boltz	1	0.300	0.9976	1.0000	0.9845	274	274
1OYV	blue	boltz	2	0.274	0.9980	1.0000	0.9900	274	274
1OYV	blue	boltz	3	0.279	0.9979	1.0000	0.9872	274	274
1OYV	blue	boltz	4	0.293	0.9977	1.0000	0.9836	274	274
1OYV	blue	amber_af	0	0.284	0.9978	1.0000	0.9854	274	274
1OYV	blue	amber_af	1	0.286	0.9978	1.0000	0.9845	274	274
1OYV	blue	amber_af	2	0.287	0.9978	1.0000	0.9836	274	274
1OYV	blue	amber_af	3	0.290	0.9978	1.0000	0.9836	274	274
1OYV	blue	amber_af	4	0.296	0.9977	1.0000	0.9845	274	274
1OYV	blue	amber_boltz	0	0.284	0.9979	1.0000	0.9881	274	274
1OYV	blue	amber_boltz	1	0.311	0.9974	1.0000	0.9818	274	274
1OYV	blue	amber_boltz	2	0.289	0.9978	1.0000	0.9900	274	274
1OYV	blue	amber_boltz	3	0.291	0.9977	1.0000	0.9863	274	274
1OYV	blue	amber_boltz	4	0.308	0.9975	1.0000	0.9818	274	274
1PPE	blue	af_relaxed	0	0.461	0.9940	0.9921	0.9651	222	222
1PPE	blue	af_relaxed	1	0.451	0.9942	0.9921	0.9662	222	222
1PPE	blue	af_relaxed	2	0.440	0.9944	0.9932	0.9673	222	222
1PPE	blue	af_relaxed	3	0.468	0.9939	0.9932	0.9651	222	222
1PPE	blue	af_relaxed	4	0.455	0.9941	0.9932	0.9673	222	222
1PPE	blue	af_unrelaxed	0	0.456	0.9941	0.9944	0.9673	222	222
1PPE	blue	af_unrelaxed	1	0.464	0.9940	0.9932	0.9640	222	222
1PPE	blue	af_unrelaxed	2	0.434	0.9945	0.9932	0.9662	222	222
1PPE	blue	af_unrelaxed	3	0.450	0.9943	0.9932	0.9673	222	222
1PPE	blue	af_unrelaxed	4	0.444	0.9944	0.9932	0.9696	222	222
1PPE	blue	boltz	0	0.449	0.9946	0.9955	0.9775	222	222
1PPE	blue	boltz	1	0.452	0.9948	0.9955	0.9786	222	222
1PPE	blue	boltz	2	0.443	0.9949	0.9955	0.9820	222	222
1PPE	blue	boltz	3	0.437	0.9950	0.9955	0.9786	222	222
1PPE	blue	boltz	4	0.444	0.9949	0.9955	0.9797	222	222
1PPE	blue	amber_af	0	0.461	0.9940	0.9932	0.9662	222	222
1PPE	blue	amber_af	1	0.469	0.9939	0.9932	0.9651	222	222
1PPE	blue	amber_af	2	0.441	0.9944	0.9932	0.9673	222	222
1PPE	blue	amber_af	3	0.456	0.9941	0.9932	0.9662	222	222
1PPE	blue	amber_af	4	0.451	0.9942	0.9921	0.9662	222	222
1PPE	blue	amber_boltz	0	0.456	0.9945	0.9955	0.9752	222	222
1PPE	blue	amber_boltz	1	0.459	0.9946	0.9955	0.9786	222	222
1PPE	blue	amber_boltz	2	0.450	0.9948	0.9955	0.9797	222	222
1PPE	blue	amber_boltz	3	0.446	0.9948	0.9955	0.9809	222	222
1PPE	blue	amber_boltz	4	0.452	0.9947	0.9955	0.9775	222	222
1PVH	blue	af_relaxed	0	0.787	0.9826	0.9739	0.8818	200	201
1PVH	blue	af_relaxed	1	0.750	0.9843	0.9813	0.8980	200	201
1PVH	blue	af_relaxed	2	0.793	0.9822	0.9739	0.8719	200	201
1PVH	blue	af_relaxed	3	0.736	0.9850	0.9838	0.8980	200	201
1PVH	blue	af_relaxed	4	0.808	0.9811	0.9677	0.8607	200	201
1PVH	blue	af_unrelaxed	0	0.729	0.9852	0.9851	0.9030	200	201
1PVH	blue	af_unrelaxed	1	0.802	0.9813	0.9714	0.8607	200	201
1PVH	blue	af_unrelaxed	2	0.788	0.9823	0.9739	0.8669	200	201
1PVH	blue	af_unrelaxed	3	0.742	0.9845	0.9838	0.9005	200	201
1PVH	blue	af_unrelaxed	4	0.779	0.9829	0.9789	0.8831	200	201
1PVH	blue	boltz	0	0.868	0.9788	0.9639	0.8532	200	201
1PVH	blue	boltz	1	0.867	0.9786	0.9664	0.8420	200	201
1PVH	blue	boltz	2	0.874	0.9771	0.9577	0.8284	200	201
1PVH	blue	boltz	3	0.836	0.9793	0.9677	0.8507	200	201
1PVH	blue	boltz	4	0.906	0.9764	0.9565	0.8271	200	201
1PVH	blue	amber_af	0	0.735	0.9850	0.9826	0.8968	200	201
1PVH	blue	amber_af	1	0.809	0.9811	0.9677	0.8619	200	201
1PVH	blue	amber_af	2	0.793	0.9822	0.9726	0.8719	200	201
1PVH	blue	amber_af	3	0.749	0.9843	0.9813	0.8993	200	201
1PVH	blue	amber_af	4	0.788	0.9825	0.9739	0.8806	200	201
1PVH	blue	amber_boltz	0	0.871	0.9787	0.9614	0.8507	200	201
1PVH	blue	amber_boltz	1	0.870	0.9785	0.9639	0.8371	200	201
1PVH	blue	amber_boltz	2	0.874	0.9771	0.9577	0.8284	200	201
1PVH	blue	amber_boltz	3	0.835	0.9793	0.9689	0.8520	200	201
1PVH	blue	amber_boltz	4	0.908	0.9763	0.9540	0.8221	200	201
1PXV	blue	af_relaxed	0	4.097	0.9524	0.9495	0.9249	175	183
1PXV	blue	af_relaxed	1	1.433	0.9671	0.9604	0.9303	177	183
1PXV	blue	af_relaxed	2	3.119	0.9522	0.9508	0.9180	175	183
1PXV	blue	af_relaxed	3	4.176	0.9513	0.9481	0.9221	175	183
1PXV	blue	af_relaxed	4	4.220	0.9510	0.9481	0.9208	175	183
1PXV	blue	af_unrelaxed	0	4.096	0.9524	0.9495	0.9276	175	183
1PXV	blue	af_unrelaxed	1	1.429	0.9670	0.9590	0.9276	177	183
1PXV	blue	af_unrelaxed	2	3.128	0.9522	0.9495	0.9208	175	183
1PXV	blue	af_unrelaxed	3	4.178	0.9512	0.9467	0.9235	175	183
1PXV	blue	af_unrelaxed	4	4.223	0.9509	0.9481	0.9208	175	183
1PXV	blue	boltz	0	3.548	0.9490	0.9454	0.9112	175	183
1PXV	blue	boltz	1	4.652	0.9400	0.9399	0.8975	173	183
1PXV	blue	boltz	2	4.152	0.9521	0.9495	0.9044	177	183
1PXV	blue	boltz	3	3.673	0.9553	0.9481	0.9112	177	183
1PXV	blue	boltz	4	4.054	0.9455	0.9413	0.9044	174	183
1PXV	blue	amber_af	0	4.097	0.9524	0.9495	0.9249	175	183
1PXV	blue	amber_af	1	1.433	0.9671	0.9604	0.9303	177	183
1PXV	blue	amber_af	2	3.118	0.9523	0.9508	0.9194	175	183
1PXV	blue	amber_af	3	4.176	0.9513	0.9481	0.9221	175	183
1PXV	blue	amber_af	4	4.220	0.9510	0.9481	0.9221	175	183
1PXV	blue	amber_boltz	0	3.543	0.9491	0.9454	0.9112	175	183
1PXV	blue	amber_boltz	1	4.656	0.9398	0.9399	0.9003	173	183
1PXV	blue	amber_boltz	2	4.138	0.9520	0.9508	0.9044	177	183
1PXV	blue	amber_boltz	3	3.653	0.9554	0.9495	0.9098	177	183
1PXV	blue	amber_boltz	4	4.042	0.9457	0.9440	0.9044	174	183
1QA9	blue	af_relaxed	0	0.600	0.9760	0.9926	0.9044	102	102
1QA9	blue	af_relaxed	1	0.681	0.9739	0.9877	0.8995	102	102
1QA9	blue	af_relaxed	2	0.762	0.9718	0.9877	0.8946	101	102
1QA9	blue	af_relaxed	3	0.669	0.9709	0.9828	0.8725	102	102
1QA9	blue	af_relaxed	4	0.784	0.9692	0.9828	0.8775	101	102
1QA9	blue	af_unrelaxed	0	0.781	0.9693	0.9877	0.8799	101	102
1QA9	blue	af_unrelaxed	1	0.667	0.9711	0.9828	0.8750	102	102
1QA9	blue	af_unrelaxed	2	0.756	0.9721	0.9902	0.8946	101	102
1QA9	blue	af_unrelaxed	3	0.592	0.9765	0.9902	0.9044	102	102
1QA9	blue	af_unrelaxed	4	0.678	0.9741	0.9877	0.8995	102	102
1QA9	blue	boltz	0	0.704	0.9682	0.9804	0.8652	102	102
1QA9	blue	boltz	1	0.740	0.9658	0.9804	0.8676	102	102
1QA9	blue	boltz	2	0.773	0.9656	0.9755	0.8701	102	102
1QA9	blue	boltz	3	0.715	0.9698	0.9804	0.8897	102	102
1QA9	blue	boltz	4	0.673	0.9719	0.9853	0.8971	102	102
1QA9	blue	amber_af	0	0.783	0.9694	0.9828	0.8799	101	102
1QA9	blue	amber_af	1	0.669	0.9709	0.9828	0.8725	102	102
1QA9	blue	amber_af	2	0.761	0.9719	0.9877	0.8946	101	102
1QA9	blue	amber_af	3	0.599	0.9760	0.9926	0.9020	102	102
1QA9	blue	amber_af	4	0.681	0.9739	0.9877	0.9020	102	102
1QA9	blue	amber_boltz	0	0.705	0.9680	0.9804	0.8652	102	102
1QA9	blue	amber_boltz	1	0.747	0.9653	0.9804	0.8652	102	102
1QA9	blue	amber_boltz	2	0.776	0.9652	0.9755	0.8676	102	102
1QA9	blue	amber_boltz	3	0.715	0.9697	0.9804	0.8824	102	102
1QA9	blue	amber_boltz	4	0.674	0.9718	0.9853	0.8873	102	102
1R0R	blue	af_relaxed	0	0.256	0.9983	0.9991	0.9900	274	274
1R0R	blue	af_relaxed	1	0.258	0.9982	0.9991	0.9918	274	274
1R0R	blue	af_relaxed	2	0.260	0.9982	0.9991	0.9918	274	274
1R0R	blue	af_relaxed	3	0.260	0.9982	0.9991	0.9900	274	274
1R0R	blue	af_relaxed	4	0.261	0.9982	1.0000	0.9918	274	274
1R0R	blue	af_unrelaxed	0	0.247	0.9984	1.0000	0.9936	274	274
1R0R	blue	af_unrelaxed	1	0.253	0.9983	1.0000	0.9918	274	274
1R0R	blue	af_unrelaxed	2	0.254	0.9983	1.0000	0.9927	274	274
1R0R	blue	af_unrelaxed	3	0.252	0.9983	0.9991	0.9927	274	274
1R0R	blue	af_unrelaxed	4	0.253	0.9983	1.0000	0.9936	274	274
1R0R	blue	boltz	0	0.262	0.9982	0.9991	0.9927	274	274
1R0R	blue	boltz	1	0.294	0.9977	0.9991	0.9872	274	274
1R0R	blue	boltz	2	0.290	0.9978	0.9991	0.9918	274	274
1R0R	blue	boltz	3	0.290	0.9978	0.9982	0.9872	274	274
1R0R	blue	boltz	4	0.272	0.9981	0.9991	0.9927	274	274
1R0R	blue	amber_af	0	0.256	0.9983	0.9991	0.9900	274	274
1R0R	blue	amber_af	1	0.259	0.9982	1.0000	0.9918	274	274
1R0R	blue	amber_af	2	0.262	0.9982	0.9991	0.9900	274	274
1R0R	blue	amber_af	3	0.258	0.9982	0.9991	0.9918	274	274
1R0R	blue	amber_af	4	0.262	0.9982	0.9991	0.9918	274	274
1R0R	blue	amber_boltz	0	0.271	0.9981	0.9991	0.9918	274	274
1R0R	blue	amber_boltz	1	0.301	0.9977	0.9991	0.9881	274	274
1R0R	blue	amber_boltz	2	0.298	0.9977	0.9991	0.9909	274	274
1R0R	blue	amber_boltz	3	0.301	0.9977	0.9982	0.9881	274	274
1R0R	blue	amber_boltz	4	0.281	0.9979	0.9991	0.9927	274	274
1R6Q	blue	af_relaxed	0	0.549	0.9861	0.9912	0.9437	142	142
1R6Q	blue	af_relaxed	1	0.546	0.9864	0.9912	0.9454	142	142
1R6Q	blue	af_relaxed	2	0.593	0.9841	0.9877	0.9384	142	142
1R6Q	blue	af_relaxed	3	0.567	0.9856	0.9894	0.9419	142	142
1R6Q	blue	af_relaxed	4	0.890	0.9809	0.9877	0.9349	141	142
1R6Q	blue	af_unrelaxed	0	0.881	0.9810	0.9877	0.9384	141	142
1R6Q	blue	af_unrelaxed	1	0.595	0.9842	0.9859	0.9366	142	142
1R6Q	blue	af_unrelaxed	2	0.557	0.9860	0.9912	0.9507	142	142
1R6Q	blue	af_unrelaxed	3	0.540	0.9865	0.9912	0.9489	142	142
1R6Q	blue	af_unrelaxed	4	0.538	0.9867	0.9912	0.9525	142	142
1R6Q	blue	boltz	0	0.545	0.9865	0.9894	0.9331	142	142
1R6Q	blue	boltz	1	0.526	0.9871	0.9930	0.9419	142	142
1R6Q	blue	boltz	2	0.537	0.9865	0.9912	0.9366	142	142
1R6Q	blue	boltz	3	0.563	0.9860	0.9912	0.9278	142	142
1R6Q	blue	boltz	4	0.491	0.9882	0.9947	0.9419	142	142
1R6Q	blue	amber_af	0	0.891	0.9808	0.9877	0.9349	141	142
1R6Q	blue	amber_af	1	0.594	0.9841	0.9877	0.9384	142	142
1R6Q	blue	amber_af	2	0.567	0.9856	0.9894	0.9419	142	142
1R6Q	blue	amber_af	3	0.550	0.9861	0.9912	0.9437	142	142
1R6Q	blue	amber_af	4	0.546	0.9863	0.9912	0.9454	142	142
1R6Q	blue	amber_boltz	0	0.548	0.9863	0.9894	0.9313	142	142
1R6Q	blue	amber_boltz	1	0.528	0.9870	0.9930	0.9419	142	142
1R6Q	blue	amber_boltz	2	0.542	0.9862	0.9894	0.9313	142	142
1R6Q	blue	amber_boltz	3	0.567	0.9858	0.9894	0.9296	142	142
1R6Q	blue	amber_boltz	4	0.490	0.9883	0.9930	0.9401	142	142
1R8S	blue	af_relaxed	0	1.275	0.9397	0.9094	0.7953	160	160
1R8S	blue	af_relaxed	1	1.878	0.8815	0.8656	0.7531	158	160
1R8S	blue	af_relaxed	2	2.323	0.8435	0.8516	0.7391	150	160
1R8S	blue	af_relaxed	3	1.548	0.9138	0.8891	0.7703	160	160
1R8S	blue	af_relaxed	4	1.590	0.9245	0.8969	0.7828	157	160
1R8S	blue	af_unrelaxed	0	2.302	0.8449	0.8516	0.7344	150	160
1R8S	blue	af_unrelaxed	1	1.540	0.9148	0.8906	0.7750	160	160
1R8S	blue	af_unrelaxed	2	1.599	0.9244	0.8984	0.7875	155	160
1R8S	blue	af_unrelaxed	3	1.870	0.8825	0.8641	0.7516	158	160
1R8S	blue	af_unrelaxed	4	1.273	0.9399	0.9062	0.7937	160	160
1R8S	blue	boltz	0	1.646	0.9220	0.8938	0.7844	155	160
1R8S	blue	boltz	1	1.068	0.9598	0.9391	0.8422	160	160
1R8S	blue	boltz	2	1.106	0.9554	0.9234	0.8234	160	160
1R8S	blue	boltz	3	1.186	0.9473	0.9187	0.8234	160	160
1R8S	blue	boltz	4	1.514	0.9380	0.9062	0.8047	156	160
1R8S	blue	amber_af	0	2.324	0.8435	0.8500	0.7344	150	160
1R8S	blue	amber_af	1	1.547	0.9139	0.8891	0.7719	160	160
1R8S	blue	amber_af	2	1.591	0.9244	0.8969	0.7828	157	160
1R8S	blue	amber_af	3	1.879	0.8815	0.8625	0.7500	158	160
1R8S	blue	amber_af	4	1.277	0.9395	0.9094	0.7953	160	160
1R8S	blue	amber_boltz	0	1.663	0.9206	0.8922	0.7828	155	160
1R8S	blue	amber_boltz	1	1.080	0.9588	0.9359	0.8375	160	160
1R8S	blue	amber_boltz	2	1.116	0.9544	0.9234	0.8219	160	160
1R8S	blue	amber_boltz	3	1.199	0.9461	0.9203	0.8219	160	160
1R8S	blue	amber_boltz	4	1.523	0.9370	0.9031	0.8000	155	160
1RKE	blue	af_relaxed	0	4.341	0.8387	0.7395	0.5964	249	262
1RKE	blue	af_relaxed	1	4.301	0.8429	0.7395	0.5992	249	262
1RKE	blue	af_relaxed	2	4.264	0.8531	0.7414	0.6011	249	262
1RKE	blue	af_relaxed	3	4.181	0.8612	0.7452	0.6059	249	262
1RKE	blue	af_relaxed	4	4.300	0.8493	0.7395	0.6031	249	262
1RKE	blue	af_unrelaxed	0	4.177	0.8616	0.7462	0.6078	249	262
1RKE	blue	af_unrelaxed	1	4.296	0.8496	0.7414	0.6050	249	262
1RKE	blue	af_unrelaxed	2	4.337	0.8392	0.7395	0.5954	249	262
1RKE	blue	af_unrelaxed	3	4.298	0.8433	0.7395	0.5992	249	262
1RKE	blue	af_unrelaxed	4	4.260	0.8536	0.7424	0.6031	249	262
1RKE	blue	boltz	0	4.048	0.8952	0.7872	0.6365	251	262
1RKE	blue	boltz	1	4.029	0.9231	0.8397	0.7004	253	262
1RKE	blue	boltz	2	4.107	0.8888	0.7767	0.6317	251	262
1RKE	blue	boltz	3	4.227	0.8629	0.7471	0.5945	249	262
1RKE	blue	boltz	4	4.119	0.9132	0.8254	0.6794	250	262
1RKE	blue	amber_af	0	4.181	0.8613	0.7452	0.6050	249	262
1RKE	blue	amber_af	1	4.300	0.8493	0.7395	0.6031	249	262
1RKE	blue	amber_af	2	4.341	0.8387	0.7385	0.5954	249	262
1RKE	blue	amber_af	3	4.301	0.8429	0.7395	0.5992	249	262
1RKE	blue	amber_af	4	4.264	0.8532	0.7414	0.6011	249	262
1RKE	blue	amber_boltz	0	4.056	0.8948	0.7834	0.6326	251	262
1RKE	blue	amber_boltz	1	4.034	0.9228	0.8368	0.6956	254	262
1RKE	blue	amber_boltz	2	4.116	0.8883	0.7767	0.6326	250	262
1RKE	blue	amber_boltz	3	4.229	0.8624	0.7481	0.5954	249	262
1RKE	blue	amber_boltz	4	4.122	0.9129	0.8244	0.6775	250	262
1RLB	blue	af_relaxed	0	1.092	0.9615	0.9628	0.8471	119	121
1RLB	blue	af_relaxed	1	1.347	0.9554	0.9545	0.8430	119	121
1RLB	blue	af_relaxed	2	1.108	0.9615	0.9628	0.8574	120	121
1RLB	blue	af_relaxed	3	1.062	0.9615	0.9628	0.8471	120	121
1RLB	blue	af_relaxed	4	1.240	0.9541	0.9525	0.8306	119	121
1RLB	blue	af_unrelaxed	0	1.225	0.9544	0.9545	0.8306	119	121
1RLB	blue	af_unrelaxed	1	1.333	0.9558	0.9587	0.8471	119	121
1RLB	blue	af_unrelaxed	2	1.078	0.9618	0.9628	0.8471	119	121
1RLB	blue	af_unrelaxed	3	1.090	0.9620	0.9649	0.8574	120	121
1RLB	blue	af_unrelaxed	4	1.049	0.9615	0.9607	0.8450	120	121
1RLB	blue	boltz	0	1.137	0.9613	0.9690	0.8802	119	121
1RLB	blue	boltz	1	1.408	0.9595	0.9649	0.8864	119	121
1RLB	blue	boltz	2	1.206	0.9637	0.9731	0.8864	119	121
1RLB	blue	boltz	3	1.205	0.9618	0.9711	0.8843	119	121
1RLB	blue	boltz	4	1.403	0.9579	0.9649	0.8719	118	121
1RLB	blue	amber_af	0	1.250	0.9533	0.9525	0.8306	119	121
1RLB	blue	amber_af	1	1.347	0.9554	0.9566	0.8450	119	121
1RLB	blue	amber_af	2	1.091	0.9616	0.9628	0.8471	119	121
1RLB	blue	amber_af	3	1.106	0.9616	0.9628	0.8574	120	121
1RLB	blue	amber_af	4	1.062	0.9615	0.9628	0.8471	120	121
1RLB	blue	amber_boltz	0	1.151	0.9608	0.9690	0.8822	119	121
1RLB	blue	amber_boltz	1	1.423	0.9590	0.9649	0.8843	119	121
1RLB	blue	amber_boltz	2	1.223	0.9627	0.9711	0.8822	119	121
1RLB	blue	amber_boltz	3	1.223	0.9610	0.9711	0.8864	119	121
1RLB	blue	amber_boltz	4	1.430	0.9573	0.9649	0.8636	118	121
1RV6	blue	af_relaxed	0	0.938	0.9383	0.9495	0.8138	94	94
1RV6	blue	af_relaxed	1	0.944	0.9373	0.9415	0.8218	94	94
1RV6	blue	af_relaxed	2	1.123	0.9157	0.9282	0.8005	94	94
1RV6	blue	af_relaxed	3	0.947	0.9373	0.9415	0.8218	94	94
1RV6	blue	af_relaxed	4	0.897	0.9428	0.9468	0.8165	94	94
1RV6	blue	af_unrelaxed	0	1.126	0.9153	0.9255	0.7979	94	94
1RV6	blue	af_unrelaxed	1	0.899	0.9426	0.9468	0.8191	94	94
1RV6	blue	af_unrelaxed	2	0.942	0.9375	0.9415	0.8245	94	94
1RV6	blue	af_unrelaxed	3	0.950	0.9370	0.9441	0.8271	94	94
1RV6	blue	af_unrelaxed	4	0.935	0.9388	0.9468	0.8165	94	94
1RV6	blue	boltz	0	0.949	0.9382	0.9335	0.8112	94	94
1RV6	blue	boltz	1	1.060	0.9275	0.9282	0.8032	94	94
1RV6	blue	boltz	2	1.035	0.9300	0.9335	0.8005	94	94
1RV6	blue	boltz	3	1.025	0.9298	0.9309	0.7979	94	94
1RV6	blue	boltz	4	0.982	0.9360	0.9282	0.8059	94	94
1RV6	blue	amber_af	0	1.125	0.9154	0.9282	0.8005	94	94
1RV6	blue	amber_af	1	0.897	0.9428	0.9468	0.8165	94	94
1RV6	blue	amber_af	2	0.944	0.9372	0.9415	0.8245	94	94
1RV6	blue	amber_af	3	0.946	0.9374	0.9415	0.8245	94	94
1RV6	blue	amber_af	4	0.938	0.9383	0.9495	0.8138	94	94
1RV6	blue	amber_boltz	0	0.954	0.9378	0.9335	0.8138	94	94
1RV6	blue	amber_boltz	1	1.064	0.9274	0.9255	0.8032	94	94
1RV6	blue	amber_boltz	2	1.038	0.9299	0.9335	0.7979	94	94
1RV6	blue	amber_boltz	3	1.031	0.9293	0.9282	0.7872	94	94
1RV6	blue	amber_boltz	4	0.987	0.9357	0.9282	0.8032	94	94
1S1Q	blue	af_relaxed	0	1.521	0.9170	0.8905	0.7372	137	137
1S1Q	blue	af_relaxed	1	1.586	0.9125	0.8832	0.7299	137	137
1S1Q	blue	af_relaxed	2	1.703	0.9090	0.8832	0.7336	135	137
1S1Q	blue	af_relaxed	3	1.573	0.9176	0.8832	0.7245	135	137
1S1Q	blue	af_relaxed	4	1.620	0.9120	0.8814	0.7263	135	137
1S1Q	blue	af_unrelaxed	0	1.576	0.9175	0.8869	0.7281	135	137
1S1Q	blue	af_unrelaxed	1	1.518	0.9168	0.8905	0.7372	137	137
1S1Q	blue	af_unrelaxed	2	1.587	0.9119	0.8869	0.7318	137	137
1S1Q	blue	af_unrelaxed	3	1.699	0.9091	0.8850	0.7372	135	137
1S1Q	blue	af_unrelaxed	4	1.621	0.9118	0.8814	0.7245	135	137
1S1Q	blue	boltz	0	1.383	0.9302	0.9015	0.7883	137	137
1S1Q	blue	boltz	1	1.375	0.9286	0.8942	0.7828	137	137
1S1Q	blue	boltz	2	1.637	0.9137	0.8850	0.7701	134	137
1S1Q	blue	boltz	3	1.468	0.9252	0.8923	0.7628	136	137
1S1Q	blue	boltz	4	1.375	0.9296	0.8978	0.7865	137	137
1S1Q	blue	amber_af	0	1.574	0.9175	0.8850	0.7263	135	137
1S1Q	blue	amber_af	1	1.522	0.9168	0.8923	0.7391	137	137
1S1Q	blue	amber_af	2	1.584	0.9126	0.8850	0.7281	137	137
1S1Q	blue	amber_af	3	1.703	0.9090	0.8832	0.7372	135	137
1S1Q	blue	amber_af	4	1.619	0.9121	0.8814	0.7263	135	137
1S1Q	blue	amber_boltz	0	1.379	0.9305	0.9033	0.7865	137	137
1S1Q	blue	amber_boltz	1	1.367	0.9294	0.8978	0.7792	137	137
1S1Q	blue	amber_boltz	2	1.633	0.9145	0.8850	0.7682	134	137
1S1Q	blue	amber_boltz	3	1.470	0.9254	0.8923	0.7609	136	137
1S1Q	blue	amber_boltz	4	1.368	0.9302	0.8960	0.7865	137	137
1S78	blue	af_relaxed	0	1.644	0.9691	0.8901	0.7180	545	555
1S78	blue	af_relaxed	1	1.534	0.9730	0.9032	0.7441	545	555
1S78	blue	af_relaxed	2	1.710	0.9663	0.8766	0.7077	544	555
1S78	blue	af_relaxed	3	1.420	0.9757	0.9095	0.7743	548	555
1S78	blue	af_relaxed	4	1.205	0.9826	0.9333	0.7896	550	555
1S78	blue	af_unrelaxed	0	1.204	0.9826	0.9333	0.7910	550	555
1S78	blue	af_unrelaxed	1	1.403	0.9765	0.9162	0.7811	548	555
1S78	blue	af_unrelaxed	2	1.527	0.9732	0.9036	0.7455	546	555
1S78	blue	af_unrelaxed	3	1.629	0.9694	0.8910	0.7185	545	555
1S78	blue	af_unrelaxed	4	1.708	0.9663	0.8748	0.7045	544	555
1S78	blue	boltz	0	1.226	0.9829	0.9306	0.7658	549	555
1S78	blue	boltz	1	1.424	0.9776	0.9099	0.7396	548	555
1S78	blue	boltz	2	1.252	0.9818	0.9338	0.7937	548	555
1S78	blue	boltz	3	1.301	0.9789	0.8955	0.7239	550	555
1S78	blue	boltz	4	1.412	0.9775	0.8986	0.7279	547	555
1S78	blue	amber_af	0	1.205	0.9826	0.9333	0.7883	550	555
1S78	blue	amber_af	1	1.421	0.9756	0.9104	0.7743	547	555
1S78	blue	amber_af	2	1.533	0.9730	0.9032	0.7437	545	555
1S78	blue	amber_af	3	1.643	0.9691	0.8905	0.7162	545	555
1S78	blue	amber_af	4	1.711	0.9663	0.8761	0.7072	544	555
1S78	blue	amber_boltz	0	1.237	0.9826	0.9293	0.7640	549	555
1S78	blue	amber_boltz	1	1.427	0.9775	0.9099	0.7369	548	555
1S78	blue	amber_boltz	2	1.258	0.9816	0.9329	0.7946	548	555
1S78	blue	amber_boltz	3	1.305	0.9787	0.8932	0.7198	550	555
1S78	blue	amber_boltz	4	1.419	0.9773	0.8973	0.7243	546	555
1SBB	blue	af_relaxed	0	2.490	0.8633	0.7604	0.5945	208	217
1SBB	blue	af_relaxed	1	4.471	0.7110	0.6601	0.4896	146	217
1SBB	blue	af_relaxed	2	4.034	0.7053	0.6452	0.4689	142	217
1SBB	blue	af_relaxed	3	13.490	0.5764	0.5265	0.4470	121	217
1SBB	blue	af_relaxed	4	13.863	0.5757	0.5369	0.4873	116	217
1SBB	blue	af_unrelaxed	0	4.078	0.7071	0.6671	0.5115	137	217
1SBB	blue	af_unrelaxed	1	2.499	0.8624	0.7604	0.6129	206	217
1SBB	blue	af_unrelaxed	2	13.381	0.5863	0.5518	0.4908	122	217
1SBB	blue	af_unrelaxed	3	13.783	0.5768	0.5403	0.4908	116	217
1SBB	blue	af_unrelaxed	4	4.505	0.7134	0.6832	0.5346	142	217
1SBB	blue	boltz	0	1.871	0.9350	0.8848	0.7500	207	217
1SBB	blue	boltz	1	1.670	0.9444	0.9044	0.7707	212	217
1SBB	blue	boltz	2	1.726	0.9453	0.9124	0.7915	208	217
1SBB	blue	boltz	3	1.673	0.9448	0.9078	0.7753	211	217
1SBB	blue	boltz	4	1.595	0.9496	0.9124	0.7995	212	217
1SBB	blue	amber_af	0	4.030	0.7056	0.6521	0.4747	147	217
1SBB	blue	amber_af	1	2.494	0.8639	0.7615	0.5968	208	217
1SBB	blue	amber_af	2	13.488	0.5777	0.5300	0.4516	121	217
1SBB	blue	amber_af	3	13.857	0.5756	0.5403	0.4896	116	217
1SBB	blue	amber_af	4	4.468	0.7117	0.6636	0.4942	146	217
1SBB	blue	amber_boltz	0	1.875	0.9348	0.8825	0.7477	207	217
1SBB	blue	amber_boltz	1	1.678	0.9441	0.9032	0.7730	211	217
1SBB	blue	amber_boltz	2	1.733	0.9448	0.9124	0.7926	207	217
1SBB	blue	amber_boltz	3	1.680	0.9444	0.9078	0.7753	211	217
1SBB	blue	amber_boltz	4	1.598	0.9495	0.9113	0.7949	212	217
1SYX	blue	af_relaxed	0	0.301	0.9952	1.0000	0.9815	135	135
1SYX	blue	af_relaxed	1	0.286	0.9957	1.0000	0.9852	135	135
1SYX	blue	af_relaxed	2	0.317	0.9948	1.0000	0.9833	135	135
1SYX	blue	af_relaxed	3	0.301	0.9952	1.0000	0.9852	135	135
1SYX	blue	af_relaxed	4	0.302	0.9952	1.0000	0.9833	135	135
1SYX	blue	af_unrelaxed	0	0.304	0.9951	1.0000	0.9796	135	135
1SYX	blue	af_unrelaxed	1	0.284	0.9957	1.0000	0.9889	135	135
1SYX	blue	af_unrelaxed	2	0.299	0.9953	1.0000	0.9833	135	135
1SYX	blue	af_unrelaxed	3	0.315	0.9948	0.9981	0.9815	135	135
1SYX	blue	af_unrelaxed	4	0.298	0.9953	1.0000	0.9852	135	135
1SYX	blue	boltz	0	0.531	0.9877	0.9944	0.9519	135	135
1SYX	blue	boltz	1	0.537	0.9876	0.9944	0.9519	135	135
1SYX	blue	boltz	2	0.547	0.9872	0.9944	0.9500	135	135
1SYX	blue	boltz	3	0.606	0.9862	0.9926	0.9556	134	135
1SYX	blue	boltz	4	0.472	0.9889	0.9963	0.9519	135	135
1SYX	blue	amber_af	0	0.301	0.9952	1.0000	0.9796	135	135
1SYX	blue	amber_af	1	0.288	0.9956	1.0000	0.9852	135	135
1SYX	blue	amber_af	2	0.301	0.9952	1.0000	0.9852	135	135
1SYX	blue	amber_af	3	0.317	0.9948	1.0000	0.9833	135	135
1SYX	blue	amber_af	4	0.301	0.9952	1.0000	0.9833	135	135
1SYX	blue	amber_boltz	0	0.544	0.9875	0.9944	0.9500	135	135
1SYX	blue	amber_boltz	1	0.552	0.9873	0.9944	0.9500	135	135
1SYX	blue	amber_boltz	2	0.557	0.9871	0.9944	0.9500	135	135
1SYX	blue	amber_boltz	3	0.621	0.9861	0.9926	0.9500	134	135
1SYX	blue	amber_boltz	4	0.473	0.9890	0.9963	0.9481	135	135
1T6B	blue	af_relaxed	0	1.333	0.9812	0.8979	0.7581	673	676
1T6B	blue	af_relaxed	1	1.303	0.9824	0.9013	0.7641	673	676
1T6B	blue	af_relaxed	2	1.359	0.9807	0.8968	0.7544	673	676
1T6B	blue	af_relaxed	3	1.274	0.9825	0.9061	0.7652	673	676
1T6B	blue	af_relaxed	4	1.366	0.9808	0.8983	0.7552	673	676
1T6B	blue	af_unrelaxed	0	1.284	0.9823	0.9042	0.7685	674	676
1T6B	blue	af_unrelaxed	1	1.280	0.9829	0.9090	0.7733	674	676
1T6B	blue	af_unrelaxed	2	1.228	0.9836	0.9087	0.7755	674	676
1T6B	blue	af_unrelaxed	3	1.316	0.9817	0.9027	0.7685	674	676
1T6B	blue	af_unrelaxed	4	1.256	0.9835	0.9083	0.7751	674	676
1T6B	blue	boltz	0	13.832	0.7461	0.5625	0.4161	497	676
1T6B	blue	boltz	1	13.636	0.7509	0.5566	0.4016	497	676
1T6B	blue	boltz	2	10.379	0.7416	0.5359	0.3850	482	676
1T6B	blue	boltz	3	14.507	0.7295	0.5203	0.3706	472	676
1T6B	blue	boltz	4	13.890	0.7318	0.5411	0.3883	488	676
1T6B	blue	amber_af	0	1.326	0.9814	0.8998	0.7604	673	676
1T6B	blue	amber_af	1	1.361	0.9808	0.8972	0.7541	673	676
1T6B	blue	amber_af	2	1.288	0.9822	0.9038	0.7607	673	676
1T6B	blue	amber_af	3	1.360	0.9807	0.8964	0.7541	673	676
1T6B	blue	amber_af	4	1.301	0.9825	0.9013	0.7637	673	676
1T6B	blue	amber_boltz	0	13.857	0.7461	0.5647	0.4127	496	676
1T6B	blue	amber_boltz	1	13.698	0.7503	0.5562	0.3983	497	676
1T6B	blue	amber_boltz	2	10.402	0.7414	0.5374	0.3835	486	676
1T6B	blue	amber_boltz	3	14.527	0.7295	0.5203	0.3691	473	676
1T6B	blue	amber_boltz	4	13.906	0.7319	0.5399	0.3883	488	676
1TMQ	blue	af_relaxed	0	0.496	0.9959	0.9947	0.9197	470	470
1TMQ	blue	af_relaxed	1	0.520	0.9955	0.9920	0.9138	470	470
1TMQ	blue	af_relaxed	2	0.534	0.9953	0.9904	0.9064	470	470
1TMQ	blue	af_relaxed	3	0.560	0.9948	0.9878	0.9000	470	470
1TMQ	blue	af_relaxed	4	0.530	0.9954	0.9931	0.9101	470	470
1TMQ	blue	af_unrelaxed	0	0.539	0.9952	0.9915	0.9059	470	470
1TMQ	blue	af_unrelaxed	1	0.525	0.9954	0.9920	0.9122	470	470
1TMQ	blue	af_unrelaxed	2	0.523	0.9955	0.9931	0.9117	470	470
1TMQ	blue	af_unrelaxed	3	0.524	0.9955	0.9936	0.9106	470	470
1TMQ	blue	af_unrelaxed	4	0.501	0.9958	0.9952	0.9160	470	470
1TMQ	blue	boltz	0	0.477	0.9963	0.9931	0.9394	470	470
1TMQ	blue	boltz	1	0.510	0.9957	0.9936	0.9191	470	470
1TMQ	blue	boltz	2	0.445	0.9967	0.9947	0.9484	470	470
1TMQ	blue	boltz	3	0.476	0.9963	0.9947	0.9378	470	470
1TMQ	blue	boltz	4	0.460	0.9965	0.9941	0.9426	470	470
1TMQ	blue	amber_af	0	0.557	0.9949	0.9883	0.9011	470	470
1TMQ	blue	amber_af	1	0.522	0.9955	0.9915	0.9149	470	470
1TMQ	blue	amber_af	2	0.534	0.9953	0.9904	0.9043	470	470
1TMQ	blue	amber_af	3	0.533	0.9953	0.9926	0.9101	470	470
1TMQ	blue	amber_af	4	0.496	0.9959	0.9947	0.9191	470	470
1TMQ	blue	amber_boltz	0	0.478	0.9962	0.9926	0.9383	470	470
1TMQ	blue	amber_boltz	1	0.510	0.9957	0.9931	0.9186	470	470
1TMQ	blue	amber_boltz	2	0.447	0.9967	0.9947	0.9452	470	470
1TMQ	blue	amber_boltz	3	0.478	0.9962	0.9936	0.9346	470	470
1TMQ	blue	amber_boltz	4	0.461	0.9965	0.9941	0.9420	470	470
1UDI	blue	af_relaxed	0	0.413	0.9947	0.9978	0.9559	227	227
1UDI	blue	af_relaxed	1	0.402	0.9949	0.9967	0.9626	227	227
1UDI	blue	af_relaxed	2	0.445	0.9938	0.9967	0.9460	227	227
1UDI	blue	af_relaxed	3	0.408	0.9948	0.9978	0.9581	227	227
1UDI	blue	af_relaxed	4	0.444	0.9938	0.9967	0.9471	227	227
1UDI	blue	af_unrelaxed	0	0.435	0.9941	0.9967	0.9460	227	227
1UDI	blue	af_unrelaxed	1	0.440	0.9939	0.9956	0.9438	227	227
1UDI	blue	af_unrelaxed	2	0.403	0.9949	0.9978	0.9581	227	227
1UDI	blue	af_unrelaxed	3	0.396	0.9951	0.9967	0.9615	227	227
1UDI	blue	af_unrelaxed	4	0.407	0.9948	0.9978	0.9548	227	227
1UDI	blue	boltz	0	0.449	0.9937	0.9956	0.9427	227	227
1UDI	blue	boltz	1	0.430	0.9942	0.9956	0.9537	227	227
1UDI	blue	boltz	2	0.405	0.9949	0.9967	0.9581	227	227
1UDI	blue	boltz	3	0.431	0.9942	0.9945	0.9537	227	227
1UDI	blue	boltz	4	0.394	0.9951	0.9967	0.9581	227	227
1UDI	blue	amber_af	0	0.444	0.9938	0.9967	0.9471	227	227
1UDI	blue	amber_af	1	0.445	0.9938	0.9956	0.9449	227	227
1UDI	blue	amber_af	2	0.408	0.9948	0.9978	0.9581	227	227
1UDI	blue	amber_af	3	0.403	0.9949	0.9967	0.9626	227	227
1UDI	blue	amber_af	4	0.413	0.9946	0.9978	0.9559	227	227
1UDI	blue	amber_boltz	0	0.455	0.9935	0.9956	0.9394	227	227
1UDI	blue	amber_boltz	1	0.435	0.9941	0.9956	0.9482	227	227
1UDI	blue	amber_boltz	2	0.412	0.9947	0.9967	0.9526	227	227
1UDI	blue	amber_boltz	3	0.437	0.9940	0.9945	0.9515	227	227
1UDI	blue	amber_boltz	4	0.403	0.9949	0.9978	0.9581	227	227
1US7	blue	af_relaxed	0	0.620	0.9870	0.9818	0.8799	206	206
1US7	blue	af_relaxed	1	0.602	0.9877	0.9854	0.8799	206	206
1US7	blue	af_relaxed	2	0.632	0.9865	0.9806	0.8689	206	206
1US7	blue	af_relaxed	3	0.635	0.9863	0.9818	0.8617	206	206
1US7	blue	af_relaxed	4	0.754	0.9820	0.9733	0.8653	206	206
1US7	blue	af_unrelaxed	0	0.623	0.9869	0.9818	0.8750	206	206
1US7	blue	af_unrelaxed	1	0.615	0.9872	0.9818	0.8774	206	206
1US7	blue	af_unrelaxed	2	0.746	0.9823	0.9733	0.8677	206	206
1US7	blue	af_unrelaxed	3	0.599	0.9878	0.9854	0.8811	206	206
1US7	blue	af_unrelaxed	4	0.630	0.9865	0.9818	0.8641	206	206
1US7	blue	boltz	0	0.666	0.9872	0.9818	0.9248	206	206
1US7	blue	boltz	1	0.658	0.9877	0.9830	0.9345	206	206
1US7	blue	boltz	2	0.659	0.9881	0.9842	0.9393	205	206
1US7	blue	boltz	3	0.676	0.9871	0.9842	0.9333	206	206
1US7	blue	boltz	4	0.747	0.9843	0.9721	0.9211	205	206
1US7	blue	amber_af	0	0.631	0.9866	0.9806	0.8726	206	206
1US7	blue	amber_af	1	0.621	0.9870	0.9818	0.8786	206	206
1US7	blue	amber_af	2	0.753	0.9820	0.9733	0.8641	206	206
1US7	blue	amber_af	3	0.602	0.9877	0.9854	0.8811	206	206
1US7	blue	amber_af	4	0.635	0.9863	0.9830	0.8629	206	206
1US7	blue	amber_boltz	0	0.678	0.9867	0.9806	0.9248	206	206
1US7	blue	amber_boltz	1	0.667	0.9874	0.9806	0.9308	206	206
1US7	blue	amber_boltz	2	0.668	0.9878	0.9842	0.9381	205	206
1US7	blue	amber_boltz	3	0.691	0.9866	0.9794	0.9260	205	206
1US7	blue	amber_boltz	4	0.757	0.9839	0.9709	0.9199	205	206
1VFB	blue	af_relaxed	0	0.456	0.9868	0.9930	0.9626	107	107
1VFB	blue	af_relaxed	1	0.410	0.9890	0.9977	0.9696	107	107
1VFB	blue	af_relaxed	2	0.447	0.9871	0.9953	0.9673	107	107
1VFB	blue	af_relaxed	3	0.428	0.9879	0.9977	0.9626	107	107
1VFB	blue	af_relaxed	4	0.405	0.9893	0.9977	0.9743	107	107
1VFB	blue	af_unrelaxed	0	0.438	0.9873	0.9977	0.9556	107	107
1VFB	blue	af_unrelaxed	1	0.452	0.9868	0.9953	0.9626	107	107
1VFB	blue	af_unrelaxed	2	0.409	0.9890	0.9977	0.9673	107	107
1VFB	blue	af_unrelaxed	3	0.449	0.9869	0.9977	0.9673	107	107
1VFB	blue	af_unrelaxed	4	0.424	0.9885	0.9953	0.9696	107	107
1VFB	blue	boltz	0	0.435	0.9878	0.9953	0.9603	107	107
1VFB	blue	boltz	1	0.466	0.9868	0.9930	0.9650	107	107
1VFB	blue	boltz	2	0.394	0.9898	0.9953	0.9673	107	107
1VFB	blue	boltz	3	0.426	0.9883	0.9930	0.9579	107	107
1VFB	blue	boltz	4	0.420	0.9885	0.9953	0.9556	107	107
1VFB	blue	amber_af	0	0.427	0.9879	0.9977	0.9650	107	107
1VFB	blue	amber_af	1	0.462	0.9863	0.9953	0.9650	107	107
1VFB	blue	amber_af	2	0.413	0.9889	0.9977	0.9696	107	107
1VFB	blue	amber_af	3	0.457	0.9868	0.9930	0.9626	107	107
1VFB	blue	amber_af	4	0.411	0.9891	0.9977	0.9766	107	107
1VFB	blue	amber_boltz	0	0.431	0.9879	0.9953	0.9579	107	107
1VFB	blue	amber_boltz	1	0.468	0.9866	0.9930	0.9650	107	107
1VFB	blue	amber_boltz	2	0.398	0.9896	0.9953	0.9650	107	107
1VFB	blue	amber_boltz	3	0.425	0.9883	0.9930	0.9579	107	107
1VFB	blue	amber_boltz	4	0.414	0.9888	0.9953	0.9579	107	107
1WDW	blue	af_relaxed	0	0.669	0.9896	0.9885	0.9427	239	240
1WDW	blue	af_relaxed	1	0.669	0.9895	0.9875	0.9417	239	240
1WDW	blue	af_relaxed	2	0.688	0.9892	0.9875	0.9406	239	240
1WDW	blue	af_relaxed	3	0.669	0.9895	0.9875	0.9437	239	240
1WDW	blue	af_relaxed	4	0.669	0.9896	0.9875	0.9427	239	240
1WDW	blue	af_unrelaxed	0	0.662	0.9899	0.9885	0.9490	239	240
1WDW	blue	af_unrelaxed	1	0.665	0.9898	0.9885	0.9469	239	240
1WDW	blue	af_unrelaxed	2	0.664	0.9898	0.9885	0.9510	239	240
1WDW	blue	af_unrelaxed	3	0.664	0.9899	0.9875	0.9479	239	240
1WDW	blue	af_unrelaxed	4	0.683	0.9894	0.9885	0.9479	239	240
1WDW	blue	boltz	0	0.970	0.9807	0.9708	0.8698	238	240
1WDW	blue	boltz	1	0.944	0.9803	0.9698	0.8656	238	240
1WDW	blue	boltz	2	0.854	0.9825	0.9740	0.8875	239	240
1WDW	blue	boltz	3	0.944	0.9811	0.9719	0.8729	238	240
1WDW	blue	boltz	4	0.961	0.9797	0.9677	0.8583	238	240
1WDW	blue	amber_af	0	0.670	0.9895	0.9875	0.9406	239	240
1WDW	blue	amber_af	1	0.673	0.9894	0.9865	0.9427	239	240
1WDW	blue	amber_af	2	0.670	0.9896	0.9885	0.9427	239	240
1WDW	blue	amber_af	3	0.668	0.9897	0.9875	0.9427	239	240
1WDW	blue	amber_af	4	0.687	0.9892	0.9885	0.9417	239	240
1WDW	blue	amber_boltz	0	0.980	0.9803	0.9698	0.8677	238	240
1WDW	blue	amber_boltz	1	0.952	0.9799	0.9688	0.8604	238	240
1WDW	blue	amber_boltz	2	0.860	0.9822	0.9740	0.8760	239	240
1WDW	blue	amber_boltz	3	0.950	0.9808	0.9719	0.8708	238	240
1WDW	blue	amber_boltz	4	0.968	0.9793	0.9688	0.8562	238	240
1WEJ	blue	af_relaxed	0	13.635	0.1652	0.1442	0.0817	14	104
1WEJ	blue	af_relaxed	1	13.628	0.1656	0.1490	0.0817	15	104
1WEJ	blue	af_relaxed	2	13.610	0.1661	0.1514	0.0841	13	104
1WEJ	blue	af_relaxed	3	13.621	0.1660	0.1442	0.0817	15	104
1WEJ	blue	af_relaxed	4	13.603	0.1665	0.1490	0.0817	15	104
1WEJ	blue	af_unrelaxed	0	13.602	0.1670	0.1466	0.0865	14	104
1WEJ	blue	af_unrelaxed	1	13.601	0.1667	0.1466	0.0817	13	104
1WEJ	blue	af_unrelaxed	2	13.587	0.1666	0.1490	0.0817	17	104
1WEJ	blue	af_unrelaxed	3	13.613	0.1666	0.1466	0.0841	14	104
1WEJ	blue	af_unrelaxed	4	13.581	0.1678	0.1442	0.0817	14	104
1WEJ	blue	boltz	0	13.611	0.1666	0.1490	0.0841	17	104
1WEJ	blue	boltz	1	13.640	0.1667	0.1466	0.0817	18	104
1WEJ	blue	boltz	2	13.615	0.1671	0.1490	0.0841	14	104
1WEJ	blue	boltz	3	13.618	0.1670	0.1466	0.0841	17	104
1WEJ	blue	boltz	4	13.612	0.1665	0.1442	0.0817	13	104
1WEJ	blue	amber_af	0	13.628	0.1656	0.1442	0.0817	15	104
1WEJ	blue	amber_af	1	13.620	0.1661	0.1442	0.0793	15	104
1WEJ	blue	amber_af	2	13.610	0.1662	0.1514	0.0841	13	104
1WEJ	blue	amber_af	3	13.634	0.1653	0.1442	0.0817	14	104
1WEJ	blue	amber_af	4	13.604	0.1664	0.1490	0.0817	15	104
1WEJ	blue	amber_boltz	0	13.622	0.1660	0.1466	0.0817	13	104
1WEJ	blue	amber_boltz	1	13.651	0.1652	0.1418	0.0793	13	104
1WEJ	blue	amber_boltz	2	13.635	0.1665	0.1466	0.0817	14	104
1WEJ	blue	amber_boltz	3	13.635	0.1657	0.1466	0.0817	13	104
1WEJ	blue	amber_boltz	4	13.627	0.1663	0.1442	0.0817	13	104
1WQ1	blue	af_relaxed	0	1.165	0.9749	0.9266	0.7781	317	320
1WQ1	blue	af_relaxed	1	1.174	0.9748	0.9273	0.7867	317	320
1WQ1	blue	af_relaxed	2	1.119	0.9777	0.9414	0.7945	317	320
1WQ1	blue	af_relaxed	3	1.221	0.9734	0.9258	0.7812	317	320
1WQ1	blue	af_relaxed	4	1.223	0.9736	0.9219	0.7688	317	320
1WQ1	blue	af_unrelaxed	0	1.214	0.9738	0.9219	0.7719	317	320
1WQ1	blue	af_unrelaxed	1	1.213	0.9736	0.9258	0.7820	317	320
1WQ1	blue	af_unrelaxed	2	1.168	0.9749	0.9273	0.7891	317	320
1WQ1	blue	af_unrelaxed	3	1.110	0.9780	0.9430	0.7945	317	320
1WQ1	blue	af_unrelaxed	4	1.161	0.9750	0.9281	0.7836	317	320
1WQ1	blue	boltz	0	1.701	0.9506	0.8758	0.7258	314	320
1WQ1	blue	boltz	1	1.684	0.9512	0.8836	0.7375	314	320
1WQ1	blue	boltz	2	1.559	0.9606	0.8945	0.7594	315	320
1WQ1	blue	boltz	3	1.691	0.9524	0.8883	0.7516	315	320
1WQ1	blue	boltz	4	1.724	0.9507	0.8852	0.7492	314	320
1WQ1	blue	amber_af	0	1.223	0.9735	0.9211	0.7672	317	320
1WQ1	blue	amber_af	1	1.221	0.9734	0.9250	0.7805	317	320
1WQ1	blue	amber_af	2	1.174	0.9748	0.9266	0.7852	317	320
1WQ1	blue	amber_af	3	1.119	0.9777	0.9414	0.7937	317	320
1WQ1	blue	amber_af	4	1.165	0.9749	0.9273	0.7781	317	320
1WQ1	blue	amber_boltz	0	1.709	0.9503	0.8727	0.7211	314	320
1WQ1	blue	amber_boltz	1	1.690	0.9510	0.8836	0.7359	314	320
1WQ1	blue	amber_boltz	2	1.567	0.9604	0.8938	0.7539	315	320
1WQ1	blue	amber_boltz	3	1.696	0.9522	0.8852	0.7453	315	320
1WQ1	blue	amber_boltz	4	1.729	0.9506	0.8828	0.7430	314	320
1XD3	blue	af_relaxed	0	0.666	0.9903	0.9924	0.9247	228	229
1XD3	blue	af_relaxed	1	0.657	0.9902	0.9934	0.9203	228	229
1XD3	blue	af_relaxed	2	0.648	0.9905	0.9934	0.9290	228	229
1XD3	blue	af_relaxed	3	0.685	0.9899	0.9913	0.9236	228	229
1XD3	blue	af_relaxed	4	0.649	0.9904	0.9934	0.9290	228	229
1XD3	blue	af_unrelaxed	0	0.644	0.9907	0.9945	0.9323	228	229
1XD3	blue	af_unrelaxed	1	0.643	0.9906	0.9945	0.9312	228	229
1XD3	blue	af_unrelaxed	2	0.664	0.9904	0.9913	0.9269	228	229
1XD3	blue	af_unrelaxed	3	0.681	0.9901	0.9913	0.9247	228	229
1XD3	blue	af_unrelaxed	4	0.654	0.9904	0.9934	0.9225	228	229
1XD3	blue	boltz	0	0.722	0.9910	0.9934	0.9410	228	229
1XD3	blue	boltz	1	0.712	0.9917	0.9956	0.9465	228	229
1XD3	blue	boltz	2	0.642	0.9919	0.9967	0.9410	228	229
1XD3	blue	boltz	3	0.685	0.9916	0.9945	0.9454	228	229
1XD3	blue	boltz	4	0.635	0.9925	0.9956	0.9541	228	229
1XD3	blue	amber_af	0	0.649	0.9905	0.9934	0.9290	228	229
1XD3	blue	amber_af	1	0.649	0.9904	0.9934	0.9279	228	229
1XD3	blue	amber_af	2	0.665	0.9903	0.9924	0.9247	228	229
1XD3	blue	amber_af	3	0.685	0.9899	0.9913	0.9225	228	229
1XD3	blue	amber_af	4	0.657	0.9902	0.9934	0.9203	228	229
1XD3	blue	amber_boltz	0	0.725	0.9909	0.9934	0.9410	228	229
1XD3	blue	amber_boltz	1	0.706	0.9918	0.9956	0.9443	228	229
1XD3	blue	amber_boltz	2	0.647	0.9918	0.9956	0.9410	228	229
1XD3	blue	amber_boltz	3	0.689	0.9915	0.9945	0.9443	228	229
1XD3	blue	amber_boltz	4	0.637	0.9924	0.9956	0.9541	228	229
1XQS	blue	af_relaxed	0	0.708	0.9895	0.9886	0.9044	263	264
1XQS	blue	af_relaxed	1	0.581	0.9911	0.9886	0.9100	264	264
1XQS	blue	af_relaxed	2	0.582	0.9910	0.9886	0.9025	264	264
1XQS	blue	af_relaxed	3	0.601	0.9905	0.9867	0.8920	264	264
1XQS	blue	af_relaxed	4	0.637	0.9892	0.9820	0.8769	264	264
1XQS	blue	af_unrelaxed	0	0.705	0.9896	0.9877	0.9062	263	264
1XQS	blue	af_unrelaxed	1	0.631	0.9894	0.9830	0.8854	264	264
1XQS	blue	af_unrelaxed	2	0.576	0.9912	0.9896	0.9072	264	264
1XQS	blue	af_unrelaxed	3	0.597	0.9906	0.9877	0.8987	264	264
1XQS	blue	af_unrelaxed	4	0.575	0.9913	0.9886	0.9091	264	264
1XQS	blue	boltz	0	0.788	0.9874	0.9848	0.8826	263	264
1XQS	blue	boltz	1	0.662	0.9886	0.9839	0.8750	264	264
1XQS	blue	boltz	2	0.733	0.9861	0.9744	0.8456	264	264
1XQS	blue	boltz	3	0.883	0.9831	0.9754	0.8485	263	264
1XQS	blue	boltz	4	0.731	0.9859	0.9650	0.8428	264	264
1XQS	blue	amber_af	0	0.708	0.9895	0.9886	0.9044	263	264
1XQS	blue	amber_af	1	0.635	0.9892	0.9820	0.8788	264	264
1XQS	blue	amber_af	2	0.582	0.9910	0.9886	0.9025	264	264
1XQS	blue	amber_af	3	0.601	0.9904	0.9867	0.8920	264	264
1XQS	blue	amber_af	4	0.581	0.9911	0.9886	0.9091	264	264
1XQS	blue	amber_boltz	0	0.790	0.9873	0.9858	0.8750	263	264
1XQS	blue	amber_boltz	1	0.663	0.9886	0.9830	0.8684	264	264
1XQS	blue	amber_boltz	2	0.736	0.9860	0.9744	0.8419	264	264
1XQS	blue	amber_boltz	3	0.883	0.9831	0.9744	0.8438	263	264
1XQS	blue	amber_boltz	4	0.732	0.9859	0.9650	0.8419	264	264
1XU1	blue	af_relaxed	0	0.676	0.9843	0.9909	0.9398	136	137
1XU1	blue	af_relaxed	1	0.793	0.9782	0.9818	0.9124	136	137
1XU1	blue	af_relaxed	2	0.788	0.9795	0.9854	0.9288	136	137
1XU1	blue	af_relaxed	3	0.758	0.9796	0.9836	0.9252	136	137
1XU1	blue	af_relaxed	4	0.786	0.9786	0.9836	0.9179	136	137
1XU1	blue	af_unrelaxed	0	0.675	0.9843	0.9909	0.9416	136	137
1XU1	blue	af_unrelaxed	1	0.782	0.9787	0.9836	0.9215	136	137
1XU1	blue	af_unrelaxed	2	0.757	0.9800	0.9854	0.9307	136	137
1XU1	blue	af_unrelaxed	3	0.778	0.9800	0.9854	0.9270	136	137
1XU1	blue	af_unrelaxed	4	0.778	0.9790	0.9836	0.9161	136	137
1XU1	blue	boltz	0	0.577	0.9852	0.9909	0.9398	137	137
1XU1	blue	boltz	1	0.649	0.9810	0.9854	0.9142	137	137
1XU1	blue	boltz	2	0.612	0.9829	0.9909	0.9161	137	137
1XU1	blue	boltz	3	0.644	0.9814	0.9891	0.9124	137	137
1XU1	blue	boltz	4	0.653	0.9816	0.9872	0.9361	137	137
1XU1	blue	amber_af	0	0.677	0.9843	0.9909	0.9398	136	137
1XU1	blue	amber_af	1	0.792	0.9782	0.9818	0.9124	136	137
1XU1	blue	amber_af	2	0.759	0.9796	0.9836	0.9252	136	137
1XU1	blue	amber_af	3	0.789	0.9795	0.9854	0.9270	136	137
1XU1	blue	amber_af	4	0.785	0.9785	0.9836	0.9197	136	137
1XU1	blue	amber_boltz	0	0.573	0.9854	0.9909	0.9398	137	137
1XU1	blue	amber_boltz	1	0.653	0.9807	0.9854	0.9124	137	137
1XU1	blue	amber_boltz	2	0.615	0.9827	0.9909	0.9179	137	137
1XU1	blue	amber_boltz	3	0.647	0.9812	0.9909	0.9124	137	137
1XU1	blue	amber_boltz	4	0.655	0.9815	0.9872	0.9307	137	137
1Y64	blue	af_relaxed	0	1.167	0.9742	0.9108	0.7324	355	356
1Y64	blue	af_relaxed	1	1.248	0.9732	0.9087	0.7275	354	356
1Y64	blue	af_relaxed	2	1.200	0.9731	0.9094	0.7296	355	356
1Y64	blue	af_relaxed	3	1.188	0.9751	0.9150	0.7374	354	356
1Y64	blue	af_relaxed	4	1.213	0.9742	0.9108	0.7303	354	356
1Y64	blue	af_unrelaxed	0	1.178	0.9756	0.9150	0.7395	354	356
1Y64	blue	af_unrelaxed	1	1.206	0.9746	0.9115	0.7303	354	356
1Y64	blue	af_unrelaxed	2	1.244	0.9734	0.9087	0.7303	353	356
1Y64	blue	af_unrelaxed	3	1.143	0.9751	0.9122	0.7346	355	356
1Y64	blue	af_unrelaxed	4	1.109	0.9763	0.9136	0.7381	356	356
1Y64	blue	boltz	0	1.177	0.9761	0.9228	0.7514	354	356
1Y64	blue	boltz	1	1.249	0.9735	0.9164	0.7444	353	356
1Y64	blue	boltz	2	1.165	0.9761	0.9185	0.7409	354	356
1Y64	blue	boltz	3	1.262	0.9726	0.9108	0.7240	352	356
1Y64	blue	boltz	4	1.251	0.9739	0.9199	0.7535	353	356
1Y64	blue	amber_af	0	1.189	0.9750	0.9129	0.7360	354	356
1Y64	blue	amber_af	1	1.213	0.9742	0.9115	0.7310	354	356
1Y64	blue	amber_af	2	1.247	0.9732	0.9087	0.7282	354	356
1Y64	blue	amber_af	3	1.194	0.9733	0.9087	0.7296	355	356
1Y64	blue	amber_af	4	1.166	0.9743	0.9101	0.7331	355	356
1Y64	blue	amber_boltz	0	1.246	0.9736	0.9136	0.7388	352	356
1Y64	blue	amber_boltz	1	1.264	0.9728	0.9115	0.7381	353	356
1Y64	blue	amber_boltz	2	1.275	0.9719	0.9059	0.7205	353	356
1Y64	blue	amber_boltz	3	1.419	0.9671	0.8961	0.7079	349	356
1Y64	blue	amber_boltz	4	1.356	0.9694	0.9059	0.7254	352	356
1YVB	blue	af_relaxed	0	0.497	0.9928	0.9927	0.9326	241	241
1YVB	blue	af_relaxed	1	0.566	0.9907	0.9855	0.9149	241	241
1YVB	blue	af_relaxed	2	0.520	0.9921	0.9907	0.9274	241	241
1YVB	blue	af_relaxed	3	0.650	0.9890	0.9844	0.9098	241	241
1YVB	blue	af_relaxed	4	0.659	0.9890	0.9855	0.9191	240	241
1YVB	blue	af_unrelaxed	0	0.492	0.9929	0.9927	0.9315	241	241
1YVB	blue	af_unrelaxed	1	0.517	0.9922	0.9907	0.9263	241	241
1YVB	blue	af_unrelaxed	2	0.657	0.9890	0.9844	0.9139	240	241
1YVB	blue	af_unrelaxed	3	0.646	0.9891	0.9824	0.9118	241	241
1YVB	blue	af_unrelaxed	4	0.562	0.9908	0.9865	0.9160	241	241
1YVB	blue	boltz	0	0.508	0.9926	0.9886	0.9409	241	241
1YVB	blue	boltz	1	0.603	0.9898	0.9834	0.9201	241	241
1YVB	blue	boltz	2	0.542	0.9915	0.9855	0.9295	241	241
1YVB	blue	boltz	3	0.590	0.9905	0.9834	0.9326	241	241
1YVB	blue	boltz	4	0.576	0.9910	0.9865	0.9367	241	241
1YVB	blue	amber_af	0	0.497	0.9928	0.9927	0.9336	241	241
1YVB	blue	amber_af	1	0.520	0.9921	0.9907	0.9263	241	241
1YVB	blue	amber_af	2	0.660	0.9890	0.9855	0.9170	240	241
1YVB	blue	amber_af	3	0.651	0.9889	0.9844	0.9098	241	241
1YVB	blue	amber_af	4	0.566	0.9907	0.9844	0.9149	241	241
1YVB	blue	amber_boltz	0	0.507	0.9926	0.9907	0.9440	241	241
1YVB	blue	amber_boltz	1	0.604	0.9897	0.9834	0.9191	241	241
1YVB	blue	amber_boltz	2	0.540	0.9916	0.9876	0.9315	241	241
1YVB	blue	amber_boltz	3	0.590	0.9904	0.9844	0.9357	241	241
1YVB	blue	amber_boltz	4	0.577	0.9909	0.9865	0.9346	241	241
1Z0K	blue	af_relaxed	0	0.580	0.9882	0.9867	0.9527	169	169
1Z0K	blue	af_relaxed	1	0.521	0.9905	0.9926	0.9615	169	169
1Z0K	blue	af_relaxed	2	0.567	0.9887	0.9882	0.9541	169	169
1Z0K	blue	af_relaxed	3	0.532	0.9900	0.9926	0.9630	169	169
1Z0K	blue	af_relaxed	4	0.542	0.9895	0.9911	0.9601	169	169
1Z0K	blue	af_unrelaxed	0	0.513	0.9908	0.9926	0.9615	169	169
1Z0K	blue	af_unrelaxed	1	0.560	0.9890	0.9882	0.9586	169	169
1Z0K	blue	af_unrelaxed	2	0.573	0.9885	0.9867	0.9586	169	169
1Z0K	blue	af_unrelaxed	3	0.524	0.9903	0.9926	0.9630	169	169
1Z0K	blue	af_unrelaxed	4	0.530	0.9899	0.9911	0.9630	169	169
1Z0K	blue	boltz	0	1.386	0.9492	0.9379	0.8639	166	169
1Z0K	blue	boltz	1	1.366	0.9504	0.9364	0.8683	166	169
1Z0K	blue	boltz	2	1.377	0.9497	0.9349	0.8654	166	169
1Z0K	blue	boltz	3	1.416	0.9472	0.9320	0.8639	166	169
1Z0K	blue	boltz	4	1.532	0.9429	0.9305	0.8550	164	169
1Z0K	blue	amber_af	0	0.521	0.9905	0.9926	0.9601	169	169
1Z0K	blue	amber_af	1	0.567	0.9888	0.9882	0.9571	169	169
1Z0K	blue	amber_af	2	0.580	0.9882	0.9867	0.9527	169	169
1Z0K	blue	amber_af	3	0.532	0.9900	0.9926	0.9615	169	169
1Z0K	blue	amber_af	4	0.542	0.9895	0.9911	0.9615	169	169
1Z0K	blue	amber_boltz	0	1.394	0.9488	0.9349	0.8624	165	169
1Z0K	blue	amber_boltz	1	1.382	0.9495	0.9349	0.8669	166	169
1Z0K	blue	amber_boltz	2	1.385	0.9493	0.9349	0.8624	165	169
1Z0K	blue	amber_boltz	3	1.432	0.9463	0.9305	0.8624	166	169
1Z0K	blue	amber_boltz	4	1.545	0.9422	0.9305	0.8550	163	169
1Z5Y	blue	af_relaxed	0	0.346	0.9930	0.9958	0.9788	118	118
1Z5Y	blue	af_relaxed	1	0.370	0.9921	0.9958	0.9746	118	118
1Z5Y	blue	af_relaxed	2	0.325	0.9938	0.9979	0.9788	118	118
1Z5Y	blue	af_relaxed	3	0.757	0.9833	0.9894	0.9746	116	118
1Z5Y	blue	af_relaxed	4	0.397	0.9913	0.9979	0.9767	118	118
1Z5Y	blue	af_unrelaxed	0	0.356	0.9926	0.9958	0.9767	118	118
1Z5Y	blue	af_unrelaxed	1	0.376	0.9918	0.9958	0.9725	118	118
1Z5Y	blue	af_unrelaxed	2	0.405	0.9909	0.9958	0.9725	118	118
1Z5Y	blue	af_unrelaxed	3	0.739	0.9836	0.9894	0.9725	116	118
1Z5Y	blue	af_unrelaxed	4	0.332	0.9935	0.9979	0.9767	118	118
1Z5Y	blue	boltz	0	0.910	0.9677	0.9703	0.9258	117	118
1Z5Y	blue	boltz	1	0.872	0.9694	0.9682	0.9237	118	118
1Z5Y	blue	boltz	2	0.861	0.9697	0.9703	0.9280	118	118
1Z5Y	blue	boltz	3	0.934	0.9683	0.9661	0.9258	117	118
1Z5Y	blue	boltz	4	0.910	0.9672	0.9640	0.9153	117	118
1Z5Y	blue	amber_af	0	0.346	0.9930	0.9958	0.9788	118	118
1Z5Y	blue	amber_af	1	0.370	0.9921	0.9958	0.9746	118	118
1Z5Y	blue	amber_af	2	0.400	0.9912	0.9958	0.9725	118	118
1Z5Y	blue	amber_af	3	0.744	0.9837	0.9873	0.9725	116	118
1Z5Y	blue	amber_af	4	0.323	0.9939	0.9979	0.9788	118	118
1Z5Y	blue	amber_boltz	0	0.912	0.9675	0.9682	0.9216	117	118
1Z5Y	blue	amber_boltz	1	0.879	0.9689	0.9661	0.9216	118	118
1Z5Y	blue	amber_boltz	2	0.863	0.9695	0.9682	0.9216	118	118
1Z5Y	blue	amber_boltz	3	0.941	0.9681	0.9661	0.9280	117	118
1Z5Y	blue	amber_boltz	4	0.914	0.9669	0.9640	0.9131	117	118
1ZHH	blue	af_relaxed	0	3.583	0.8166	0.6831	0.5298	301	344
1ZHH	blue	af_relaxed	1	3.550	0.8156	0.6904	0.5385	293	344
1ZHH	blue	af_relaxed	2	3.424	0.8245	0.6948	0.5443	299	344
1ZHH	blue	af_relaxed	3	3.481	0.8210	0.6875	0.5363	298	344
1ZHH	blue	af_relaxed	4	3.181	0.8436	0.7020	0.5494	318	344
1ZHH	blue	af_unrelaxed	0	3.546	0.8158	0.6911	0.5407	295	344
1ZHH	blue	af_unrelaxed	1	3.582	0.8164	0.6824	0.5305	297	344
1ZHH	blue	af_unrelaxed	2	3.479	0.8210	0.6875	0.5363	298	344
1ZHH	blue	af_unrelaxed	3	3.178	0.8435	0.7013	0.5494	318	344
1ZHH	blue	af_unrelaxed	4	3.419	0.8246	0.6948	0.5443	301	344
1ZHH	blue	boltz	0	3.579	0.8179	0.6810	0.5211	306	344
1ZHH	blue	boltz	1	3.671	0.8085	0.6781	0.5167	304	344
1ZHH	blue	boltz	2	3.589	0.8187	0.6853	0.5269	311	344
1ZHH	blue	boltz	3	3.485	0.8253	0.6890	0.5312	313	344
1ZHH	blue	boltz	4	3.629	0.8134	0.6795	0.5160	309	344
1ZHH	blue	amber_af	0	3.551	0.8156	0.6919	0.5407	293	344
1ZHH	blue	amber_af	1	3.583	0.8166	0.6831	0.5298	299	344
1ZHH	blue	amber_af	2	3.481	0.8209	0.6875	0.5363	298	344
1ZHH	blue	amber_af	3	3.182	0.8435	0.7020	0.5501	318	344
1ZHH	blue	amber_af	4	3.424	0.8245	0.6948	0.5443	304	344
1ZHH	blue	amber_boltz	0	3.582	0.8179	0.6810	0.5218	305	344
1ZHH	blue	amber_boltz	1	3.672	0.8086	0.6781	0.5167	305	344
1ZHH	blue	amber_boltz	2	3.592	0.8186	0.6853	0.5276	309	344
1ZHH	blue	amber_boltz	3	3.490	0.8252	0.6897	0.5312	313	344
1ZHH	blue	amber_boltz	4	3.632	0.8134	0.6795	0.5182	307	344
1ZHI	blue	af_relaxed	0	1.803	0.9443	0.9218	0.8244	190	195
1ZHI	blue	af_relaxed	1	1.876	0.9404	0.9167	0.8167	187	195
1ZHI	blue	af_relaxed	2	1.856	0.9408	0.9179	0.8244	188	195
1ZHI	blue	af_relaxed	3	1.778	0.9442	0.9218	0.8269	188	195
1ZHI	blue	af_relaxed	4	1.669	0.9485	0.9282	0.8346	190	195
1ZHI	blue	af_unrelaxed	0	1.776	0.9442	0.9205	0.8256	188	195
1ZHI	blue	af_unrelaxed	1	1.673	0.9483	0.9269	0.8321	190	195
1ZHI	blue	af_unrelaxed	2	1.851	0.9410	0.9179	0.8218	188	195
1ZHI	blue	af_unrelaxed	3	1.796	0.9445	0.9231	0.8256	190	195
1ZHI	blue	af_unrelaxed	4	1.872	0.9408	0.9179	0.8205	187	195
1ZHI	blue	boltz	0	1.839	0.9407	0.9205	0.8269	188	195
1ZHI	blue	boltz	1	1.872	0.9376	0.9192	0.8333	186	195
1ZHI	blue	boltz	2	1.771	0.9465	0.9308	0.8538	185	195
1ZHI	blue	boltz	3	1.858	0.9412	0.9244	0.8436	185	195
1ZHI	blue	boltz	4	1.792	0.9426	0.9269	0.8385	183	195
1ZHI	blue	amber_af	0	1.778	0.9442	0.9218	0.8269	188	195
1ZHI	blue	amber_af	1	1.669	0.9485	0.9269	0.8308	190	195
1ZHI	blue	amber_af	2	1.856	0.9408	0.9179	0.8231	188	195
1ZHI	blue	amber_af	3	1.803	0.9443	0.9218	0.8244	190	195
1ZHI	blue	amber_af	4	1.875	0.9404	0.9179	0.8179	187	195
1ZHI	blue	amber_boltz	0	1.843	0.9405	0.9205	0.8282	188	195
1ZHI	blue	amber_boltz	1	1.874	0.9375	0.9205	0.8397	186	195
1ZHI	blue	amber_boltz	2	1.774	0.9463	0.9321	0.8577	185	195
1ZHI	blue	amber_boltz	3	1.864	0.9408	0.9244	0.8410	185	195
1ZHI	blue	amber_boltz	4	1.793	0.9424	0.9244	0.8385	183	195
1ZLI	blue	af_relaxed	0	0.424	0.9958	0.9951	0.9624	306	306
1ZLI	blue	af_relaxed	1	0.432	0.9957	0.9951	0.9632	306	306
1ZLI	blue	af_relaxed	2	0.425	0.9958	0.9951	0.9641	306	306
1ZLI	blue	af_relaxed	3	0.426	0.9958	0.9951	0.9641	306	306
1ZLI	blue	af_relaxed	4	0.426	0.9958	0.9951	0.9657	306	306
1ZLI	blue	af_unrelaxed	0	0.420	0.9959	0.9951	0.9649	306	306
1ZLI	blue	af_unrelaxed	1	0.420	0.9959	0.9951	0.9665	306	306
1ZLI	blue	af_unrelaxed	2	0.418	0.9959	0.9959	0.9657	306	306
1ZLI	blue	af_unrelaxed	3	0.420	0.9959	0.9951	0.9649	306	306
1ZLI	blue	af_unrelaxed	4	0.425	0.9958	0.9951	0.9649	306	306
1ZLI	blue	boltz	0	0.440	0.9956	0.9926	0.9690	306	306
1ZLI	blue	boltz	1	0.420	0.9959	0.9935	0.9681	306	306
1ZLI	blue	boltz	2	0.533	0.9949	0.9935	0.9698	305	306
1ZLI	blue	boltz	3	0.554	0.9942	0.9926	0.9649	305	306
1ZLI	blue	boltz	4	0.420	0.9959	0.9943	0.9730	306	306
1ZLI	blue	amber_af	0	0.426	0.9958	0.9951	0.9649	306	306
1ZLI	blue	amber_af	1	0.427	0.9958	0.9951	0.9665	306	306
1ZLI	blue	amber_af	2	0.424	0.9958	0.9951	0.9624	306	306
1ZLI	blue	amber_af	3	0.426	0.9958	0.9951	0.9632	306	306
1ZLI	blue	amber_af	4	0.431	0.9957	0.9951	0.9624	306	306
1ZLI	blue	amber_boltz	0	0.442	0.9955	0.9935	0.9714	306	306
1ZLI	blue	amber_boltz	1	0.421	0.9959	0.9943	0.9690	306	306
1ZLI	blue	amber_boltz	2	0.533	0.9949	0.9935	0.9706	305	306
1ZLI	blue	amber_boltz	3	0.557	0.9942	0.9926	0.9649	305	306
1ZLI	blue	amber_boltz	4	0.420	0.9959	0.9943	0.9739	306	306
1ZM4	blue	af_relaxed	0	11.665	0.6577	0.5431	0.4353	471	823
1ZM4	blue	af_relaxed	1	11.127	0.6666	0.5489	0.4380	472	823
1ZM4	blue	af_relaxed	2	11.911	0.6560	0.5374	0.4304	470	823
1ZM4	blue	af_relaxed	3	11.733	0.6554	0.5386	0.4292	470	823
1ZM4	blue	af_relaxed	4	11.883	0.6554	0.5352	0.4259	469	823
1ZM4	blue	af_unrelaxed	0	11.879	0.6556	0.5355	0.4274	470	823
1ZM4	blue	af_unrelaxed	1	11.911	0.6561	0.5361	0.4304	470	823
1ZM4	blue	af_unrelaxed	2	11.127	0.6666	0.5489	0.4386	472	823
1ZM4	blue	af_unrelaxed	3	11.664	0.6578	0.5443	0.4365	471	823
1ZM4	blue	af_unrelaxed	4	11.731	0.6555	0.5404	0.4313	469	823
1ZM4	blue	boltz	0	11.740	0.6557	0.5167	0.4067	467	823
1ZM4	blue	boltz	1	12.085	0.6502	0.5115	0.4077	465	823
1ZM4	blue	boltz	2	11.811	0.6542	0.5197	0.4122	467	823
1ZM4	blue	boltz	3	11.808	0.6558	0.5197	0.4131	469	823
1ZM4	blue	boltz	4	11.609	0.6601	0.5161	0.4055	468	823
1ZM4	blue	amber_af	0	11.883	0.6554	0.5349	0.4259	469	823
1ZM4	blue	amber_af	1	11.912	0.6560	0.5374	0.4304	470	823
1ZM4	blue	amber_af	2	11.127	0.6666	0.5483	0.4374	472	823
1ZM4	blue	amber_af	3	11.664	0.6577	0.5428	0.4338	469	823
1ZM4	blue	amber_af	4	11.732	0.6555	0.5380	0.4286	470	823
1ZM4	blue	amber_boltz	0	11.745	0.6557	0.5149	0.4031	468	823
1ZM4	blue	amber_boltz	1	12.092	0.6501	0.5118	0.4089	465	823
1ZM4	blue	amber_boltz	2	11.815	0.6541	0.5188	0.4110	467	823
1ZM4	blue	amber_boltz	3	11.810	0.6558	0.5194	0.4128	470	823
1ZM4	blue	amber_boltz	4	11.613	0.6601	0.5170	0.4067	470	823
2A1A	blue	af_relaxed	0	1.114	0.9671	0.9658	0.8354	159	161
2A1A	blue	af_relaxed	1	1.089	0.9692	0.9658	0.8494	159	161
2A1A	blue	af_relaxed	2	1.080	0.9702	0.9705	0.8509	159	161
2A1A	blue	af_relaxed	3	1.104	0.9679	0.9658	0.8323	159	161
2A1A	blue	af_relaxed	4	1.080	0.9703	0.9689	0.8571	159	161
2A1A	blue	af_unrelaxed	0	1.121	0.9669	0.9674	0.8370	159	161
2A1A	blue	af_unrelaxed	1	1.111	0.9675	0.9674	0.8354	159	161
2A1A	blue	af_unrelaxed	2	1.084	0.9700	0.9689	0.8525	159	161
2A1A	blue	af_unrelaxed	3	1.096	0.9690	0.9689	0.8509	159	161
2A1A	blue	af_unrelaxed	4	1.088	0.9698	0.9689	0.8509	159	161
2A1A	blue	boltz	0	0.950	0.9722	0.9736	0.8711	160	161
2A1A	blue	boltz	1	1.060	0.9706	0.9674	0.8649	159	161
2A1A	blue	boltz	2	1.057	0.9714	0.9705	0.8727	159	161
2A1A	blue	boltz	3	1.039	0.9727	0.9736	0.8758	159	161
2A1A	blue	boltz	4	1.078	0.9679	0.9674	0.8463	159	161
2A1A	blue	amber_af	0	1.115	0.9671	0.9658	0.8339	159	161
2A1A	blue	amber_af	1	1.104	0.9679	0.9658	0.8323	159	161
2A1A	blue	amber_af	2	1.080	0.9703	0.9689	0.8556	159	161
2A1A	blue	amber_af	3	1.089	0.9692	0.9658	0.8494	159	161
2A1A	blue	amber_af	4	1.080	0.9702	0.9705	0.8540	159	161
2A1A	blue	amber_boltz	0	0.949	0.9721	0.9705	0.8634	160	161
2A1A	blue	amber_boltz	1	1.063	0.9707	0.9674	0.8665	159	161
2A1A	blue	amber_boltz	2	1.059	0.9714	0.9689	0.8665	159	161
2A1A	blue	amber_boltz	3	1.043	0.9726	0.9720	0.8742	159	161
2A1A	blue	amber_boltz	4	1.074	0.9680	0.9674	0.8478	159	161
2A5T	blue	af_relaxed	0	0.675	0.9898	0.9797	0.9400	271	271
2A5T	blue	af_relaxed	1	0.680	0.9898	0.9797	0.9483	270	271
2A5T	blue	af_relaxed	2	0.655	0.9906	0.9834	0.9520	270	271
2A5T	blue	af_relaxed	3	0.677	0.9896	0.9797	0.9419	271	271
2A5T	blue	af_relaxed	4	0.678	0.9896	0.9797	0.9446	271	271
2A5T	blue	af_unrelaxed	0	0.671	0.9900	0.9806	0.9446	271	271
2A5T	blue	af_unrelaxed	1	0.673	0.9897	0.9806	0.9446	271	271
2A5T	blue	af_unrelaxed	2	0.673	0.9898	0.9806	0.9483	271	271
2A5T	blue	af_unrelaxed	3	0.652	0.9907	0.9843	0.9557	270	271
2A5T	blue	af_unrelaxed	4	0.680	0.9898	0.9806	0.9502	270	271
2A5T	blue	boltz	0	0.887	0.9820	0.9668	0.8653	270	271
2A5T	blue	boltz	1	0.804	0.9852	0.9751	0.8847	270	271
2A5T	blue	boltz	2	0.845	0.9836	0.9732	0.8727	270	271
2A5T	blue	boltz	3	0.883	0.9823	0.9677	0.8625	269	271
2A5T	blue	boltz	4	0.738	0.9876	0.9797	0.8994	271	271
2A5T	blue	amber_af	0	0.675	0.9898	0.9797	0.9391	271	271
2A5T	blue	amber_af	1	0.677	0.9896	0.9797	0.9419	271	271
2A5T	blue	amber_af	2	0.678	0.9896	0.9797	0.9456	271	271
2A5T	blue	amber_af	3	0.656	0.9905	0.9834	0.9502	270	271
2A5T	blue	amber_af	4	0.679	0.9898	0.9797	0.9483	270	271
2A5T	blue	amber_boltz	0	0.889	0.9819	0.9668	0.8635	270	271
2A5T	blue	amber_boltz	1	0.810	0.9850	0.9714	0.8782	270	271
2A5T	blue	amber_boltz	2	0.845	0.9836	0.9751	0.8727	270	271
2A5T	blue	amber_boltz	3	0.885	0.9822	0.9668	0.8607	269	271
2A5T	blue	amber_boltz	4	0.740	0.9875	0.9797	0.8967	271	271
2A9K	blue	af_relaxed	0	0.917	0.9746	0.9662	0.9176	170	170
2A9K	blue	af_relaxed	1	0.960	0.9715	0.9588	0.8882	170	170
2A9K	blue	af_relaxed	2	1.017	0.9683	0.9588	0.8838	170	170
2A9K	blue	af_relaxed	3	0.918	0.9743	0.9662	0.9118	170	170
2A9K	blue	af_relaxed	4	0.929	0.9735	0.9676	0.9118	170	170
2A9K	blue	af_unrelaxed	0	0.995	0.9692	0.9632	0.8882	170	170
2A9K	blue	af_unrelaxed	1	0.944	0.9724	0.9662	0.8956	170	170
2A9K	blue	af_unrelaxed	2	0.895	0.9754	0.9676	0.9162	170	170
2A9K	blue	af_unrelaxed	3	0.930	0.9735	0.9676	0.9162	170	170
2A9K	blue	af_unrelaxed	4	0.904	0.9751	0.9662	0.9176	170	170
2A9K	blue	boltz	0	1.171	0.9639	0.9529	0.8882	168	170
2A9K	blue	boltz	1	1.142	0.9665	0.9544	0.9015	168	170
2A9K	blue	boltz	2	1.204	0.9633	0.9544	0.8941	168	170
2A9K	blue	boltz	3	1.146	0.9661	0.9559	0.8971	168	170
2A9K	blue	boltz	4	1.037	0.9706	0.9603	0.9103	169	170
2A9K	blue	amber_af	0	1.017	0.9683	0.9574	0.8824	170	170
2A9K	blue	amber_af	1	0.961	0.9715	0.9588	0.8868	170	170
2A9K	blue	amber_af	2	0.918	0.9743	0.9676	0.9132	170	170
2A9K	blue	amber_af	3	0.932	0.9734	0.9662	0.9103	170	170
2A9K	blue	amber_af	4	0.918	0.9745	0.9662	0.9176	170	170
2A9K	blue	amber_boltz	0	1.177	0.9636	0.9515	0.8868	168	170
2A9K	blue	amber_boltz	1	1.147	0.9661	0.9544	0.8985	168	170
2A9K	blue	amber_boltz	2	1.212	0.9627	0.9529	0.8897	168	170
2A9K	blue	amber_boltz	3	1.152	0.9659	0.9559	0.8971	168	170
2A9K	blue	amber_boltz	4	1.054	0.9700	0.9618	0.9074	169	170
2ABZ	blue	af_relaxed	0	0.439	0.9957	0.9950	0.9743	301	301
2ABZ	blue	af_relaxed	1	0.448	0.9956	0.9934	0.9718	301	301
2ABZ	blue	af_relaxed	2	0.449	0.9955	0.9934	0.9693	301	301
2ABZ	blue	af_relaxed	3	0.438	0.9958	0.9934	0.9726	301	301
2ABZ	blue	af_relaxed	4	0.443	0.9957	0.9934	0.9726	301	301
2ABZ	blue	af_unrelaxed	0	0.442	0.9957	0.9942	0.9734	301	301
2ABZ	blue	af_unrelaxed	1	0.447	0.9956	0.9934	0.9709	301	301
2ABZ	blue	af_unrelaxed	2	0.439	0.9957	0.9950	0.9726	301	301
2ABZ	blue	af_unrelaxed	3	0.449	0.9955	0.9934	0.9693	301	301
2ABZ	blue	af_unrelaxed	4	0.437	0.9958	0.9942	0.9726	301	301
2ABZ	blue	boltz	0	0.483	0.9952	0.9934	0.9743	301	301
2ABZ	blue	boltz	1	0.455	0.9956	0.9934	0.9784	301	301
2ABZ	blue	boltz	2	0.453	0.9958	0.9942	0.9767	301	301
2ABZ	blue	boltz	3	0.460	0.9956	0.9934	0.9767	301	301
2ABZ	blue	boltz	4	0.518	0.9945	0.9925	0.9676	300	301
2ABZ	blue	amber_af	0	0.441	0.9957	0.9934	0.9734	301	301
2ABZ	blue	amber_af	1	0.448	0.9956	0.9934	0.9718	301	301
2ABZ	blue	amber_af	2	0.439	0.9957	0.9950	0.9743	301	301
2ABZ	blue	amber_af	3	0.448	0.9955	0.9934	0.9701	301	301
2ABZ	blue	amber_af	4	0.438	0.9958	0.9934	0.9726	301	301
2ABZ	blue	amber_boltz	0	0.479	0.9952	0.9934	0.9751	301	301
2ABZ	blue	amber_boltz	1	0.458	0.9956	0.9942	0.9792	301	301
2ABZ	blue	amber_boltz	2	0.452	0.9957	0.9942	0.9784	301	301
2ABZ	blue	amber_boltz	3	0.462	0.9955	0.9934	0.9776	301	301
2ABZ	blue	amber_boltz	4	0.516	0.9945	0.9925	0.9684	300	301
2AJF	blue	af_relaxed	0	1.685	0.9650	0.8539	0.7127	594	597
2AJF	blue	af_relaxed	1	2.122	0.9467	0.8204	0.6696	588	597
2AJF	blue	af_relaxed	2	2.176	0.9444	0.8195	0.6688	586	597
2AJF	blue	af_relaxed	3	2.480	0.9307	0.7885	0.6319	560	597
2AJF	blue	af_relaxed	4	1.489	0.9716	0.8668	0.7161	597	597
2AJF	blue	af_unrelaxed	0	2.118	0.9468	0.8195	0.6717	587	597
2AJF	blue	af_unrelaxed	1	2.170	0.9447	0.8195	0.6692	587	597
2AJF	blue	af_unrelaxed	2	2.472	0.9311	0.7910	0.6374	562	597
2AJF	blue	af_unrelaxed	3	1.677	0.9653	0.8530	0.7064	594	597
2AJF	blue	af_unrelaxed	4	1.480	0.9720	0.8681	0.7190	597	597
2AJF	blue	boltz	0	1.719	0.9667	0.8685	0.6972	578	597
2AJF	blue	boltz	1	1.626	0.9697	0.8786	0.7136	580	597
2AJF	blue	boltz	2	1.937	0.9581	0.8212	0.6290	580	597
2AJF	blue	boltz	3	1.819	0.9631	0.8480	0.6725	581	597
2AJF	blue	boltz	4	2.113	0.9525	0.8149	0.6244	571	597
2AJF	blue	amber_af	0	2.122	0.9466	0.8204	0.6692	588	597
2AJF	blue	amber_af	1	2.177	0.9444	0.8191	0.6679	586	597
2AJF	blue	amber_af	2	2.484	0.9305	0.7873	0.6294	559	597
2AJF	blue	amber_af	3	1.685	0.9650	0.8543	0.7123	593	597
2AJF	blue	amber_af	4	1.489	0.9717	0.8668	0.7148	597	597
2AJF	blue	amber_boltz	0	1.733	0.9663	0.8689	0.6977	578	597
2AJF	blue	amber_boltz	1	1.638	0.9693	0.8794	0.7157	580	597
2AJF	blue	amber_boltz	2	1.950	0.9577	0.8208	0.6294	579	597
2AJF	blue	amber_boltz	3	1.831	0.9627	0.8463	0.6688	581	597
2AJF	blue	amber_boltz	4	2.121	0.9523	0.8145	0.6227	571	597
2AYO	blue	af_relaxed	0	2.106	0.9478	0.8704	0.7296	343	355
2AYO	blue	af_relaxed	1	2.186	0.9473	0.8739	0.7310	341	355
2AYO	blue	af_relaxed	2	2.218	0.9477	0.8732	0.7310	344	355
2AYO	blue	af_relaxed	3	2.135	0.9463	0.8732	0.7275	340	355
2AYO	blue	af_relaxed	4	2.196	0.9464	0.8697	0.7239	341	355
2AYO	blue	af_unrelaxed	0	2.097	0.9484	0.8739	0.7338	343	355
2AYO	blue	af_unrelaxed	1	2.200	0.9484	0.8761	0.7408	344	355
2AYO	blue	af_unrelaxed	2	2.169	0.9482	0.8761	0.7408	342	355
2AYO	blue	af_unrelaxed	3	2.182	0.9472	0.8732	0.7310	341	355
2AYO	blue	af_unrelaxed	4	2.123	0.9470	0.8754	0.7331	341	355
2AYO	blue	boltz	0	2.190	0.9378	0.8599	0.7035	337	355
2AYO	blue	boltz	1	2.175	0.9416	0.8556	0.6965	342	355
2AYO	blue	boltz	2	2.323	0.9371	0.8563	0.7021	339	355
2AYO	blue	boltz	3	2.157	0.9392	0.8535	0.6923	342	355
2AYO	blue	boltz	4	2.333	0.9377	0.8528	0.7000	341	355
2AYO	blue	amber_af	0	2.106	0.9478	0.8718	0.7310	343	355
2AYO	blue	amber_af	1	2.219	0.9476	0.8739	0.7317	344	355
2AYO	blue	amber_af	2	2.186	0.9474	0.8739	0.7310	341	355
2AYO	blue	amber_af	3	2.196	0.9465	0.8704	0.7246	341	355
2AYO	blue	amber_af	4	2.134	0.9463	0.8732	0.7282	340	355
2AYO	blue	amber_boltz	0	2.197	0.9375	0.8549	0.7014	338	355
2AYO	blue	amber_boltz	1	2.181	0.9412	0.8549	0.6944	343	355
2AYO	blue	amber_boltz	2	2.328	0.9368	0.8577	0.7028	339	355
2AYO	blue	amber_boltz	3	2.160	0.9389	0.8521	0.6944	343	355
2AYO	blue	amber_boltz	4	2.331	0.9375	0.8507	0.7007	341	355
2B42	blue	af_relaxed	0	1.032	0.9873	0.9766	0.9499	359	364
2B42	blue	af_relaxed	1	1.083	0.9861	0.9766	0.9519	357	364
2B42	blue	af_relaxed	2	1.095	0.9857	0.9753	0.9519	357	364
2B42	blue	af_relaxed	3	1.047	0.9868	0.9780	0.9519	357	364
2B42	blue	af_relaxed	4	1.071	0.9861	0.9766	0.9512	357	364
2B42	blue	af_unrelaxed	0	1.049	0.9869	0.9773	0.9533	357	364
2B42	blue	af_unrelaxed	1	1.068	0.9862	0.9760	0.9519	357	364
2B42	blue	af_unrelaxed	2	1.033	0.9873	0.9773	0.9526	359	364
2B42	blue	af_unrelaxed	3	1.092	0.9859	0.9760	0.9512	357	364
2B42	blue	af_unrelaxed	4	1.084	0.9862	0.9766	0.9519	357	364
2B42	blue	boltz	0	1.628	0.9627	0.8922	0.7431	358	364
2B42	blue	boltz	1	1.622	0.9640	0.9066	0.7630	357	364
2B42	blue	boltz	2	1.646	0.9622	0.9004	0.7569	358	364
2B42	blue	boltz	3	1.638	0.9642	0.8970	0.7548	358	364
2B42	blue	boltz	4	1.750	0.9558	0.8757	0.7191	357	364
2B42	blue	amber_af	0	1.055	0.9867	0.9766	0.9512	357	364
2B42	blue	amber_af	1	1.069	0.9861	0.9766	0.9505	357	364
2B42	blue	amber_af	2	1.032	0.9873	0.9780	0.9512	359	364
2B42	blue	amber_af	3	1.097	0.9857	0.9753	0.9526	357	364
2B42	blue	amber_af	4	1.082	0.9861	0.9766	0.9519	357	364
2B42	blue	amber_boltz	0	1.636	0.9625	0.8929	0.7452	358	364
2B42	blue	amber_boltz	1	1.626	0.9638	0.9038	0.7603	357	364
2B42	blue	amber_boltz	2	1.653	0.9620	0.8997	0.7569	358	364
2B42	blue	amber_boltz	3	1.638	0.9641	0.8984	0.7541	358	364
2B42	blue	amber_boltz	4	1.751	0.9559	0.8750	0.7184	356	364
2B4J	blue	af_relaxed	0	1.419	0.9671	0.9741	0.9278	131	135
2B4J	blue	af_relaxed	1	1.589	0.9480	0.9444	0.8778	131	135
2B4J	blue	af_relaxed	2	1.585	0.9469	0.9407	0.8667	131	135
2B4J	blue	af_relaxed	3	1.496	0.9529	0.9519	0.8852	132	135
2B4J	blue	af_relaxed	4	1.539	0.9478	0.9407	0.8704	131	135
2B4J	blue	af_unrelaxed	0	1.496	0.9537	0.9556	0.8981	132	135
2B4J	blue	af_unrelaxed	1	1.534	0.9489	0.9426	0.8778	131	135
2B4J	blue	af_unrelaxed	2	1.424	0.9674	0.9741	0.9315	131	135
2B4J	blue	af_unrelaxed	3	1.587	0.9478	0.9426	0.8759	131	135
2B4J	blue	af_unrelaxed	4	1.584	0.9493	0.9463	0.8833	131	135
2B4J	blue	boltz	0	1.277	0.9735	0.9778	0.9463	133	135
2B4J	blue	boltz	1	1.301	0.9725	0.9778	0.9463	133	135
2B4J	blue	boltz	2	1.313	0.9723	0.9778	0.9500	131	135
2B4J	blue	boltz	3	1.301	0.9726	0.9778	0.9463	132	135
2B4J	blue	boltz	4	1.274	0.9730	0.9778	0.9481	133	135
2B4J	blue	amber_af	0	1.496	0.9529	0.9519	0.8852	132	135
2B4J	blue	amber_af	1	1.540	0.9477	0.9407	0.8704	131	135
2B4J	blue	amber_af	2	1.419	0.9671	0.9741	0.9278	131	135
2B4J	blue	amber_af	3	1.585	0.9469	0.9407	0.8685	131	135
2B4J	blue	amber_af	4	1.588	0.9481	0.9426	0.8778	131	135
2B4J	blue	amber_boltz	0	1.283	0.9730	0.9778	0.9444	133	135
2B4J	blue	amber_boltz	1	1.304	0.9724	0.9778	0.9463	133	135
2B4J	blue	amber_boltz	2	1.315	0.9721	0.9778	0.9519	131	135
2B4J	blue	amber_boltz	3	1.305	0.9726	0.9778	0.9444	132	135
2B4J	blue	amber_boltz	4	1.281	0.9727	0.9778	0.9444	133	135
2BTF	blue	af_relaxed	0	1.353	0.9771	0.9512	0.8743	366	374
2BTF	blue	af_relaxed	1	1.368	0.9771	0.9532	0.8703	366	374
2BTF	blue	af_relaxed	2	1.398	0.9759	0.9492	0.8656	365	374
2BTF	blue	af_relaxed	3	1.389	0.9764	0.9499	0.8636	366	374
2BTF	blue	af_relaxed	4	1.401	0.9761	0.9505	0.8636	366	374
2BTF	blue	af_unrelaxed	0	1.395	0.9761	0.9492	0.8663	365	374
2BTF	blue	af_unrelaxed	1	1.385	0.9766	0.9499	0.8676	366	374
2BTF	blue	af_unrelaxed	2	1.349	0.9774	0.9525	0.8770	366	374
2BTF	blue	af_unrelaxed	3	1.398	0.9763	0.9499	0.8650	366	374
2BTF	blue	af_unrelaxed	4	1.369	0.9773	0.9532	0.8723	366	374
2BTF	blue	boltz	0	1.487	0.9741	0.9432	0.8496	366	374
2BTF	blue	boltz	1	1.607	0.9724	0.9445	0.8596	365	374
2BTF	blue	boltz	2	1.492	0.9735	0.9465	0.8536	363	374
2BTF	blue	boltz	3	1.509	0.9730	0.9445	0.8489	363	374
2BTF	blue	boltz	4	1.724	0.9711	0.9439	0.8509	364	374
2BTF	blue	amber_af	0	1.398	0.9759	0.9485	0.8650	365	374
2BTF	blue	amber_af	1	1.389	0.9763	0.9499	0.8636	366	374
2BTF	blue	amber_af	2	1.354	0.9771	0.9505	0.8730	366	374
2BTF	blue	amber_af	3	1.401	0.9761	0.9499	0.8630	366	374
2BTF	blue	amber_af	4	1.368	0.9771	0.9525	0.8697	366	374
2BTF	blue	amber_boltz	0	1.488	0.9739	0.9432	0.8443	365	374
2BTF	blue	amber_boltz	1	1.613	0.9721	0.9445	0.8543	365	374
2BTF	blue	amber_boltz	2	1.489	0.9734	0.9472	0.8489	363	374
2BTF	blue	amber_boltz	3	1.508	0.9729	0.9439	0.8456	363	374
2BTF	blue	amber_boltz	4	1.728	0.9710	0.9432	0.8476	363	374
2C0L	blue	af_relaxed	0	1.127	0.9845	0.9820	0.9289	289	292
2C0L	blue	af_relaxed	1	1.125	0.9850	0.9820	0.9349	289	292
2C0L	blue	af_relaxed	2	1.137	0.9840	0.9812	0.9195	289	292
2C0L	blue	af_relaxed	3	1.172	0.9833	0.9829	0.9204	289	292
2C0L	blue	af_relaxed	4	1.148	0.9843	0.9812	0.9349	289	292
2C0L	blue	af_unrelaxed	0	1.145	0.9844	0.9812	0.9341	289	292
2C0L	blue	af_unrelaxed	1	1.170	0.9833	0.9820	0.9187	289	292
2C0L	blue	af_unrelaxed	2	1.126	0.9846	0.9812	0.9255	289	292
2C0L	blue	af_unrelaxed	3	1.130	0.9850	0.9803	0.9324	289	292
2C0L	blue	af_unrelaxed	4	1.135	0.9841	0.9812	0.9212	289	292
2C0L	blue	boltz	0	1.258	0.9780	0.9580	0.8433	289	292
2C0L	blue	boltz	1	1.282	0.9771	0.9546	0.8450	289	292
2C0L	blue	boltz	2	1.226	0.9799	0.9683	0.8767	289	292
2C0L	blue	boltz	3	1.310	0.9766	0.9521	0.8450	289	292
2C0L	blue	boltz	4	1.191	0.9803	0.9666	0.8818	289	292
2C0L	blue	amber_af	0	1.148	0.9843	0.9812	0.9366	289	292
2C0L	blue	amber_af	1	1.172	0.9833	0.9829	0.9204	289	292
2C0L	blue	amber_af	2	1.127	0.9845	0.9820	0.9281	289	292
2C0L	blue	amber_af	3	1.125	0.9850	0.9812	0.9349	289	292
2C0L	blue	amber_af	4	1.137	0.9840	0.9812	0.9187	289	292
2C0L	blue	amber_boltz	0	1.258	0.9782	0.9632	0.8510	289	292
2C0L	blue	amber_boltz	1	1.278	0.9774	0.9555	0.8459	289	292
2C0L	blue	amber_boltz	2	1.227	0.9800	0.9675	0.8750	289	292
2C0L	blue	amber_boltz	3	1.311	0.9768	0.9538	0.8467	289	292
2C0L	blue	amber_boltz	4	1.191	0.9804	0.9666	0.8801	289	292
2CFH	blue	af_relaxed	0	2.196	0.9619	0.9534	0.9146	157	161
2CFH	blue	af_relaxed	1	2.228	0.9584	0.9457	0.8929	158	161
2CFH	blue	af_relaxed	2	2.224	0.9613	0.9534	0.9115	157	161
2CFH	blue	af_relaxed	3	2.210	0.9591	0.9472	0.8991	157	161
2CFH	blue	af_relaxed	4	2.273	0.9562	0.9441	0.8913	157	161
2CFH	blue	af_unrelaxed	0	2.261	0.9561	0.9441	0.8929	157	161
2CFH	blue	af_unrelaxed	1	2.211	0.9589	0.9457	0.8929	158	161
2CFH	blue	af_unrelaxed	2	2.198	0.9595	0.9472	0.8960	157	161
2CFH	blue	af_unrelaxed	3	2.185	0.9620	0.9550	0.9146	157	161
2CFH	blue	af_unrelaxed	4	2.214	0.9619	0.9534	0.9099	157	161
2CFH	blue	boltz	0	2.364	0.9528	0.9379	0.8525	158	161
2CFH	blue	boltz	1	2.351	0.9521	0.9363	0.8447	158	161
2CFH	blue	boltz	2	2.391	0.9502	0.9363	0.8571	157	161
2CFH	blue	boltz	3	2.151	0.9505	0.9301	0.8509	159	161
2CFH	blue	boltz	4	1.929	0.9482	0.9301	0.8571	157	161
2CFH	blue	amber_af	0	2.273	0.9562	0.9441	0.8913	157	161
2CFH	blue	amber_af	1	2.228	0.9584	0.9457	0.8929	158	161
2CFH	blue	amber_af	2	2.210	0.9591	0.9472	0.8991	157	161
2CFH	blue	amber_af	3	2.196	0.9619	0.9534	0.9146	157	161
2CFH	blue	amber_af	4	2.223	0.9614	0.9534	0.9115	157	161
2CFH	blue	amber_boltz	0	2.369	0.9529	0.9379	0.8494	158	161
2CFH	blue	amber_boltz	1	2.356	0.9520	0.9379	0.8463	158	161
2CFH	blue	amber_boltz	2	2.399	0.9499	0.9363	0.8540	157	161
2CFH	blue	amber_boltz	3	2.152	0.9506	0.9317	0.8509	159	161
2CFH	blue	amber_boltz	4	1.925	0.9480	0.9286	0.8540	157	161
2DD8	blue	af_relaxed	0	5.299	0.6379	0.6295	0.4943	135	220
2DD8	blue	af_relaxed	1	5.277	0.6399	0.6295	0.4932	135	220
2DD8	blue	af_relaxed	2	5.569	0.6274	0.6148	0.4852	131	220
2DD8	blue	af_relaxed	3	5.622	0.6240	0.6068	0.4784	131	220
2DD8	blue	af_relaxed	4	5.884	0.6168	0.6080	0.4864	127	220
2DD8	blue	af_unrelaxed	0	5.881	0.6166	0.6080	0.4864	131	220
2DD8	blue	af_unrelaxed	1	5.557	0.6285	0.6193	0.4920	134	220
2DD8	blue	af_unrelaxed	2	5.311	0.6372	0.6273	0.4943	136	220
2DD8	blue	af_unrelaxed	3	5.625	0.6259	0.6159	0.4909	132	220
2DD8	blue	af_unrelaxed	4	5.278	0.6403	0.6284	0.4966	136	220
2DD8	blue	boltz	0	9.107	0.5585	0.5307	0.4705	116	220
2DD8	blue	boltz	1	8.683	0.5627	0.5341	0.4670	117	220
2DD8	blue	boltz	2	9.482	0.5563	0.5239	0.4648	116	220
2DD8	blue	boltz	3	9.113	0.5602	0.5318	0.4716	117	220
2DD8	blue	boltz	4	10.233	0.5483	0.5250	0.4682	117	220
2DD8	blue	amber_af	0	5.883	0.6167	0.6080	0.4864	127	220
2DD8	blue	amber_af	1	5.569	0.6273	0.6148	0.4841	131	220
2DD8	blue	amber_af	2	5.299	0.6380	0.6284	0.4932	135	220
2DD8	blue	amber_af	3	5.619	0.6247	0.6114	0.4818	131	220
2DD8	blue	amber_af	4	5.274	0.6400	0.6273	0.4920	135	220
2DD8	blue	amber_boltz	0	9.111	0.5585	0.5307	0.4693	116	220
2DD8	blue	amber_boltz	1	8.688	0.5628	0.5341	0.4659	117	220
2DD8	blue	amber_boltz	2	9.482	0.5562	0.5250	0.4648	116	220
2DD8	blue	amber_boltz	3	9.115	0.5603	0.5307	0.4716	116	220
2DD8	blue	amber_boltz	4	10.238	0.5484	0.5227	0.4648	115	220
2FD6	blue	af_relaxed	0	1.802	0.9263	0.8538	0.7264	208	212
2FD6	blue	af_relaxed	1	1.301	0.9681	0.9399	0.8137	209	212
2FD6	blue	af_relaxed	2	1.447	0.9600	0.9304	0.8031	207	212
2FD6	blue	af_relaxed	3	1.338	0.9687	0.9552	0.8373	208	212
2FD6	blue	af_relaxed	4	1.556	0.9488	0.8915	0.7583	208	212
2FD6	blue	af_unrelaxed	0	1.555	0.9490	0.8915	0.7606	208	212
2FD6	blue	af_unrelaxed	1	1.805	0.9264	0.8550	0.7311	208	212
2FD6	blue	af_unrelaxed	2	1.451	0.9599	0.9316	0.8031	207	212
2FD6	blue	af_unrelaxed	3	1.349	0.9683	0.9540	0.8337	208	212
2FD6	blue	af_unrelaxed	4	1.311	0.9680	0.9446	0.8184	209	212
2FD6	blue	boltz	0	1.248	0.9737	0.9634	0.8526	209	212
2FD6	blue	boltz	1	1.371	0.9611	0.9186	0.7972	209	212
2FD6	blue	boltz	2	1.241	0.9719	0.9505	0.8325	209	212
2FD6	blue	boltz	3	1.326	0.9679	0.9434	0.8243	209	212
2FD6	blue	boltz	4	1.245	0.9723	0.9552	0.8361	209	212
2FD6	blue	amber_af	0	1.557	0.9488	0.8903	0.7583	208	212
2FD6	blue	amber_af	1	1.802	0.9263	0.8550	0.7276	208	212
2FD6	blue	amber_af	2	1.447	0.9600	0.9304	0.8019	207	212
2FD6	blue	amber_af	3	1.337	0.9687	0.9552	0.8361	208	212
2FD6	blue	amber_af	4	1.301	0.9680	0.9399	0.8125	209	212
2FD6	blue	amber_boltz	0	1.241	0.9737	0.9634	0.8502	209	212
2FD6	blue	amber_boltz	1	1.372	0.9608	0.9175	0.7948	209	212
2FD6	blue	amber_boltz	2	1.239	0.9719	0.9493	0.8314	209	212
2FD6	blue	amber_boltz	3	1.331	0.9672	0.9422	0.8231	209	212
2FD6	blue	amber_boltz	4	1.254	0.9715	0.9575	0.8302	209	212
2FJG	blue	af_relaxed	0	2.364	0.9236	0.8589	0.7076	212	218
2FJG	blue	af_relaxed	1	2.163	0.9465	0.9140	0.7638	211	218
2FJG	blue	af_relaxed	2	2.030	0.9569	0.9461	0.8280	212	218
2FJG	blue	af_relaxed	3	2.107	0.9502	0.9266	0.7752	211	218
2FJG	blue	af_relaxed	4	2.046	0.9571	0.9415	0.8119	211	218
2FJG	blue	af_unrelaxed	0	2.353	0.9244	0.8589	0.7099	212	218
2FJG	blue	af_unrelaxed	1	2.021	0.9574	0.9427	0.8142	212	218
2FJG	blue	af_unrelaxed	2	2.017	0.9570	0.9438	0.8314	212	218
2FJG	blue	af_unrelaxed	3	2.127	0.9471	0.9186	0.7695	211	218
2FJG	blue	af_unrelaxed	4	2.094	0.9508	0.9300	0.7798	212	218
2FJG	blue	boltz	0	2.369	0.9208	0.8521	0.7053	209	218
2FJG	blue	boltz	1	2.094	0.9454	0.9037	0.7557	211	218
2FJG	blue	boltz	2	2.653	0.8931	0.7993	0.6537	210	218
2FJG	blue	boltz	3	1.946	0.9557	0.9381	0.8085	212	218
2FJG	blue	boltz	4	3.066	0.8459	0.7592	0.6124	209	218
2FJG	blue	amber_af	0	2.364	0.9237	0.8589	0.7076	212	218
2FJG	blue	amber_af	1	2.047	0.9571	0.9415	0.8108	211	218
2FJG	blue	amber_af	2	2.031	0.9569	0.9461	0.8291	212	218
2FJG	blue	amber_af	3	2.161	0.9465	0.9140	0.7638	211	218
2FJG	blue	amber_af	4	2.107	0.9502	0.9278	0.7764	211	218
2FJG	blue	amber_boltz	0	2.377	0.9203	0.8532	0.7053	209	218
2FJG	blue	amber_boltz	1	2.105	0.9449	0.9037	0.7546	211	218
2FJG	blue	amber_boltz	2	2.655	0.8931	0.7993	0.6537	210	218
2FJG	blue	amber_boltz	3	1.950	0.9552	0.9392	0.8028	212	218
2FJG	blue	amber_boltz	4	3.072	0.8455	0.7580	0.6124	209	218
2FJU	blue	af_relaxed	0	0.687	0.9824	0.9773	0.9034	176	176
2FJU	blue	af_relaxed	1	0.705	0.9811	0.9716	0.8736	176	176
2FJU	blue	af_relaxed	2	0.712	0.9812	0.9773	0.8892	176	176
2FJU	blue	af_relaxed	3	0.636	0.9847	0.9815	0.9105	176	176
2FJU	blue	af_relaxed	4	0.770	0.9782	0.9659	0.8849	176	176
2FJU	blue	af_unrelaxed	0	0.576	0.9878	0.9901	0.9403	176	176
2FJU	blue	af_unrelaxed	1	0.548	0.9885	0.9929	0.9418	176	176
2FJU	blue	af_unrelaxed	2	0.615	0.9857	0.9886	0.9162	176	176
2FJU	blue	af_unrelaxed	3	0.728	0.9798	0.9744	0.8480	176	176
2FJU	blue	af_unrelaxed	4	0.668	0.9834	0.9815	0.9077	176	176
2FJU	blue	boltz	0	1.124	0.9682	0.9588	0.8963	173	176
2FJU	blue	boltz	1	1.114	0.9686	0.9560	0.8864	173	176
2FJU	blue	boltz	2	1.096	0.9691	0.9588	0.8935	173	176
2FJU	blue	boltz	3	1.067	0.9700	0.9616	0.9020	173	176
2FJU	blue	boltz	4	0.973	0.9728	0.9645	0.9077	175	176
2FJU	blue	amber_af	0	0.619	0.9853	0.9830	0.9119	176	176
2FJU	blue	amber_af	1	0.818	0.9760	0.9631	0.8821	176	176
2FJU	blue	amber_af	2	0.710	0.9812	0.9801	0.8935	176	176
2FJU	blue	amber_af	3	0.704	0.9812	0.9730	0.8750	176	176
2FJU	blue	amber_af	4	0.686	0.9825	0.9773	0.9020	176	176
2FJU	blue	amber_boltz	0	1.148	0.9674	0.9560	0.8920	173	176
2FJU	blue	amber_boltz	1	1.156	0.9664	0.9545	0.8821	173	176
2FJU	blue	amber_boltz	2	1.117	0.9684	0.9560	0.8892	173	176
2FJU	blue	amber_boltz	3	1.084	0.9694	0.9631	0.8991	173	176
2FJU	blue	amber_boltz	4	0.991	0.9719	0.9631	0.9006	175	176
2G77	blue	af_relaxed	0	0.944	0.9905	0.9887	0.9585	328	331
2G77	blue	af_relaxed	1	0.962	0.9901	0.9856	0.9637	328	331
2G77	blue	af_relaxed	2	0.935	0.9907	0.9887	0.9585	328	331
2G77	blue	af_relaxed	3	0.927	0.9909	0.9887	0.9660	328	331
2G77	blue	af_relaxed	4	0.948	0.9907	0.9887	0.9721	328	331
2G77	blue	af_unrelaxed	0	0.955	0.9902	0.9856	0.9645	328	331
2G77	blue	af_unrelaxed	1	0.943	0.9907	0.9887	0.9705	328	331
2G77	blue	af_unrelaxed	2	0.931	0.9908	0.9872	0.9577	328	331
2G77	blue	af_unrelaxed	3	0.940	0.9905	0.9879	0.9600	328	331
2G77	blue	af_unrelaxed	4	0.926	0.9909	0.9879	0.9622	328	331
2G77	blue	boltz	0	1.449	0.9743	0.9411	0.8036	325	331
2G77	blue	boltz	1	1.224	0.9787	0.9539	0.8104	327	331
2G77	blue	boltz	2	1.158	0.9808	0.9668	0.8421	327	331
2G77	blue	boltz	3	1.365	0.9760	0.9471	0.8233	325	331
2G77	blue	boltz	4	1.354	0.9746	0.9381	0.7968	325	331
2G77	blue	amber_af	0	0.961	0.9901	0.9856	0.9637	328	331
2G77	blue	amber_af	1	0.948	0.9907	0.9879	0.9721	328	331
2G77	blue	amber_af	2	0.935	0.9907	0.9887	0.9585	328	331
2G77	blue	amber_af	3	0.944	0.9905	0.9887	0.9577	328	331
2G77	blue	amber_af	4	0.927	0.9909	0.9887	0.9660	328	331
2G77	blue	amber_boltz	0	1.456	0.9743	0.9418	0.8036	325	331
2G77	blue	amber_boltz	1	1.229	0.9787	0.9562	0.8157	327	331
2G77	blue	amber_boltz	2	1.163	0.9807	0.9683	0.8482	327	331
2G77	blue	amber_boltz	3	1.368	0.9759	0.9449	0.8225	325	331
2G77	blue	amber_boltz	4	1.351	0.9747	0.9388	0.7968	325	331
2GAF	blue	af_relaxed	0	0.754	0.9883	0.9781	0.9458	286	286
2GAF	blue	af_relaxed	1	0.907	0.9861	0.9773	0.9441	283	286
2GAF	blue	af_relaxed	2	0.766	0.9884	0.9799	0.9449	284	286
2GAF	blue	af_relaxed	3	0.768	0.9877	0.9773	0.9397	286	286
2GAF	blue	af_relaxed	4	1.089	0.9831	0.9738	0.9362	281	286
2GAF	blue	af_unrelaxed	0	0.709	0.9893	0.9790	0.9484	286	286
2GAF	blue	af_unrelaxed	1	0.898	0.9864	0.9773	0.9467	283	286
2GAF	blue	af_unrelaxed	2	0.739	0.9888	0.9790	0.9484	286	286
2GAF	blue	af_unrelaxed	3	0.691	0.9900	0.9816	0.9510	286	286
2GAF	blue	af_unrelaxed	4	1.084	0.9833	0.9729	0.9379	281	286
2GAF	blue	boltz	0	1.338	0.9769	0.9642	0.8960	280	286
2GAF	blue	boltz	1	1.296	0.9771	0.9650	0.8907	280	286
2GAF	blue	boltz	2	0.975	0.9817	0.9633	0.8899	285	286
2GAF	blue	boltz	3	1.073	0.9801	0.9650	0.8855	282	286
2GAF	blue	boltz	4	1.007	0.9814	0.9685	0.8925	282	286
2GAF	blue	amber_af	0	0.767	0.9878	0.9764	0.9388	286	286
2GAF	blue	amber_af	1	0.907	0.9861	0.9773	0.9441	283	286
2GAF	blue	amber_af	2	0.754	0.9883	0.9790	0.9467	286	286
2GAF	blue	amber_af	3	0.763	0.9884	0.9799	0.9449	285	286
2GAF	blue	amber_af	4	1.089	0.9831	0.9738	0.9371	281	286
2GAF	blue	amber_boltz	0	1.346	0.9766	0.9633	0.8934	280	286
2GAF	blue	amber_boltz	1	1.296	0.9769	0.9642	0.8890	280	286
2GAF	blue	amber_boltz	2	0.974	0.9817	0.9642	0.8890	285	286
2GAF	blue	amber_boltz	3	1.076	0.9800	0.9659	0.8846	282	286
2GAF	blue	amber_boltz	4	1.017	0.9810	0.9668	0.8855	282	286
2GTP	blue	af_relaxed	0	0.549	0.9932	0.9944	0.9194	310	310
2GTP	blue	af_relaxed	1	0.562	0.9931	0.9935	0.9242	310	310
2GTP	blue	af_relaxed	2	0.542	0.9934	0.9944	0.9202	310	310
2GTP	blue	af_relaxed	3	0.554	0.9931	0.9927	0.9194	310	310
2GTP	blue	af_relaxed	4	0.536	0.9935	0.9935	0.9331	310	310
2GTP	blue	af_unrelaxed	0	0.466	0.9949	0.9976	0.9274	310	310
2GTP	blue	af_unrelaxed	1	0.468	0.9948	0.9968	0.9250	310	310
2GTP	blue	af_unrelaxed	2	0.458	0.9950	0.9976	0.9298	310	310
2GTP	blue	af_unrelaxed	3	0.446	0.9953	0.9984	0.9387	310	310
2GTP	blue	af_unrelaxed	4	0.556	0.9933	0.9927	0.9258	310	310
2GTP	blue	boltz	0	0.699	0.9896	0.9847	0.8863	309	310
2GTP	blue	boltz	1	0.773	0.9869	0.9661	0.8597	309	310
2GTP	blue	boltz	2	0.952	0.9801	0.9339	0.8194	309	310
2GTP	blue	boltz	3	0.792	0.9863	0.9677	0.8629	309	310
2GTP	blue	boltz	4	0.801	0.9861	0.9710	0.8637	309	310
2GTP	blue	amber_af	0	0.548	0.9932	0.9944	0.9194	310	310
2GTP	blue	amber_af	1	0.554	0.9930	0.9935	0.9185	310	310
2GTP	blue	amber_af	2	0.542	0.9933	0.9944	0.9202	310	310
2GTP	blue	amber_af	3	0.534	0.9936	0.9935	0.9331	310	310
2GTP	blue	amber_af	4	0.562	0.9931	0.9927	0.9242	310	310
2GTP	blue	amber_boltz	0	0.705	0.9894	0.9831	0.8806	309	310
2GTP	blue	amber_boltz	1	0.780	0.9866	0.9637	0.8556	309	310
2GTP	blue	amber_boltz	2	0.956	0.9800	0.9339	0.8194	309	310
2GTP	blue	amber_boltz	3	0.800	0.9860	0.9677	0.8637	309	310
2GTP	blue	amber_boltz	4	0.805	0.9860	0.9702	0.8629	309	310
2H7V	blue	af_relaxed	0	1.133	0.9739	0.9657	0.9093	180	182
2H7V	blue	af_relaxed	1	1.266	0.9632	0.9396	0.8736	180	182
2H7V	blue	af_relaxed	2	1.338	0.9606	0.9423	0.8791	179	182
2H7V	blue	af_relaxed	3	1.169	0.9647	0.9423	0.8750	181	182
2H7V	blue	af_relaxed	4	1.317	0.9606	0.9382	0.8750	179	182
2H7V	blue	af_unrelaxed	0	1.336	0.9613	0.9423	0.8791	180	182
2H7V	blue	af_unrelaxed	1	1.137	0.9742	0.9670	0.9107	180	182
2H7V	blue	af_unrelaxed	2	1.271	0.9635	0.9409	0.8750	180	182
2H7V	blue	af_unrelaxed	3	1.166	0.9655	0.9437	0.8777	181	182
2H7V	blue	af_unrelaxed	4	1.317	0.9613	0.9396	0.8791	179	182
2H7V	blue	boltz	0	1.443	0.9685	0.9547	0.8832	179	182
2H7V	blue	boltz	1	1.218	0.9700	0.9547	0.8832	179	182
2H7V	blue	boltz	2	0.833	0.9786	0.9684	0.8970	181	182
2H7V	blue	boltz	3	1.488	0.9691	0.9560	0.8942	179	182
2H7V	blue	boltz	4	1.313	0.9691	0.9547	0.8832	179	182
2H7V	blue	amber_af	0	1.338	0.9606	0.9423	0.8777	179	182
2H7V	blue	amber_af	1	1.132	0.9739	0.9657	0.9093	180	182
2H7V	blue	amber_af	2	1.267	0.9631	0.9396	0.8723	180	182
2H7V	blue	amber_af	3	1.166	0.9648	0.9423	0.8750	181	182
2H7V	blue	amber_af	4	1.316	0.9607	0.9382	0.8750	179	182
2H7V	blue	amber_boltz	0	1.452	0.9684	0.9547	0.8819	179	182
2H7V	blue	amber_boltz	1	1.218	0.9697	0.9547	0.8846	179	182
2H7V	blue	amber_boltz	2	0.836	0.9784	0.9657	0.8970	181	182
2H7V	blue	amber_boltz	3	1.502	0.9687	0.9547	0.8887	179	182
2H7V	blue	amber_boltz	4	1.325	0.9687	0.9533	0.8846	179	182
2HLE	blue	af_relaxed	0	1.505	0.9558	0.9481	0.8484	182	188
2HLE	blue	af_relaxed	1	1.492	0.9538	0.9375	0.8351	183	188
2HLE	blue	af_relaxed	2	1.545	0.9545	0.9402	0.8418	182	188
2HLE	blue	af_relaxed	3	1.419	0.9576	0.9455	0.8444	183	188
2HLE	blue	af_relaxed	4	1.478	0.9546	0.9415	0.8378	182	188
2HLE	blue	af_unrelaxed	0	1.478	0.9545	0.9415	0.8391	182	188
2HLE	blue	af_unrelaxed	1	1.419	0.9575	0.9468	0.8457	183	188
2HLE	blue	af_unrelaxed	2	1.501	0.9559	0.9481	0.8537	182	188
2HLE	blue	af_unrelaxed	3	1.539	0.9547	0.9428	0.8471	182	188
2HLE	blue	af_unrelaxed	4	1.487	0.9540	0.9362	0.8338	183	188
2HLE	blue	boltz	0	2.929	0.9330	0.9122	0.8098	180	188
2HLE	blue	boltz	1	4.327	0.9203	0.8976	0.7912	178	188
2HLE	blue	boltz	2	4.182	0.9264	0.9003	0.7952	179	188
2HLE	blue	boltz	3	4.096	0.9301	0.9056	0.8032	181	188
2HLE	blue	boltz	4	2.993	0.9435	0.9215	0.8191	183	188
2HLE	blue	amber_af	0	1.479	0.9546	0.9415	0.8378	182	188
2HLE	blue	amber_af	1	1.419	0.9576	0.9455	0.8444	183	188
2HLE	blue	amber_af	2	1.505	0.9558	0.9481	0.8497	182	188
2HLE	blue	amber_af	3	1.544	0.9545	0.9402	0.8431	182	188
2HLE	blue	amber_af	4	1.492	0.9538	0.9388	0.8364	183	188
2HLE	blue	amber_boltz	0	2.926	0.9327	0.9096	0.8059	180	188
2HLE	blue	amber_boltz	1	4.335	0.9200	0.8963	0.7886	178	188
2HLE	blue	amber_boltz	2	4.182	0.9263	0.8989	0.7912	179	188
2HLE	blue	amber_boltz	3	4.104	0.9299	0.9043	0.8005	181	188
2HLE	blue	amber_boltz	4	2.987	0.9435	0.9189	0.8191	183	188
2HQS	blue	af_relaxed	0	1.531	0.9859	0.9715	0.8714	409	412
2HQS	blue	af_relaxed	1	1.554	0.9851	0.9654	0.8629	409	412
2HQS	blue	af_relaxed	2	1.523	0.9874	0.9775	0.8865	409	412
2HQS	blue	af_relaxed	3	1.518	0.9864	0.9745	0.8762	409	412
2HQS	blue	af_relaxed	4	1.495	0.9869	0.9745	0.8792	409	412
2HQS	blue	af_unrelaxed	0	1.529	0.9860	0.9715	0.8738	409	412
2HQS	blue	af_unrelaxed	1	1.493	0.9871	0.9745	0.8841	409	412
2HQS	blue	af_unrelaxed	2	1.522	0.9876	0.9782	0.8883	409	412
2HQS	blue	af_unrelaxed	3	1.517	0.9866	0.9751	0.8774	409	412
2HQS	blue	af_unrelaxed	4	1.552	0.9852	0.9648	0.8647	409	412
2HQS	blue	boltz	0	1.331	0.9862	0.9721	0.8665	409	412
2HQS	blue	boltz	1	1.422	0.9850	0.9654	0.8471	409	412
2HQS	blue	boltz	2	1.394	0.9870	0.9757	0.8786	409	412
2HQS	blue	boltz	3	1.263	0.9858	0.9666	0.8568	409	412
2HQS	blue	boltz	4	1.493	0.9861	0.9666	0.8580	409	412
2HQS	blue	amber_af	0	1.531	0.9859	0.9715	0.8720	409	412
2HQS	blue	amber_af	1	1.495	0.9870	0.9739	0.8799	409	412
2HQS	blue	amber_af	2	1.523	0.9874	0.9782	0.8877	409	412
2HQS	blue	amber_af	3	1.518	0.9864	0.9757	0.8768	409	412
2HQS	blue	amber_af	4	1.553	0.9851	0.9654	0.8629	409	412
2HQS	blue	amber_boltz	0	1.338	0.9860	0.9721	0.8659	409	412
2HQS	blue	amber_boltz	1	1.430	0.9848	0.9672	0.8477	409	412
2HQS	blue	amber_boltz	2	1.398	0.9869	0.9751	0.8762	409	412
2HQS	blue	amber_boltz	3	1.267	0.9856	0.9660	0.8550	409	412
2HQS	blue	amber_boltz	4	1.497	0.9859	0.9666	0.8586	409	412
2HRK	blue	af_relaxed	0	0.431	0.9926	0.9958	0.9407	177	177
2HRK	blue	af_relaxed	1	0.457	0.9917	0.9944	0.9449	177	177
2HRK	blue	af_relaxed	2	0.565	0.9898	0.9929	0.9407	177	177
2HRK	blue	af_relaxed	3	0.486	0.9906	0.9915	0.9280	177	177
2HRK	blue	af_relaxed	4	0.458	0.9917	0.9944	0.9407	177	177
2HRK	blue	af_unrelaxed	0	0.451	0.9919	0.9958	0.9449	177	177
2HRK	blue	af_unrelaxed	1	0.555	0.9901	0.9929	0.9435	177	177
2HRK	blue	af_unrelaxed	2	0.456	0.9918	0.9929	0.9393	177	177
2HRK	blue	af_unrelaxed	3	0.425	0.9928	0.9972	0.9435	177	177
2HRK	blue	af_unrelaxed	4	0.481	0.9908	0.9929	0.9322	177	177
2HRK	blue	boltz	0	0.493	0.9905	0.9901	0.9322	177	177
2HRK	blue	boltz	1	0.518	0.9897	0.9915	0.9435	177	177
2HRK	blue	boltz	2	0.455	0.9918	0.9929	0.9449	177	177
2HRK	blue	boltz	3	0.502	0.9902	0.9929	0.9322	177	177
2HRK	blue	boltz	4	0.556	0.9881	0.9831	0.9181	177	177
2HRK	blue	amber_af	0	0.459	0.9917	0.9944	0.9435	177	177
2HRK	blue	amber_af	1	0.566	0.9898	0.9929	0.9407	177	177
2HRK	blue	amber_af	2	0.457	0.9917	0.9944	0.9407	177	177
2HRK	blue	amber_af	3	0.431	0.9926	0.9958	0.9407	177	177
2HRK	blue	amber_af	4	0.485	0.9907	0.9915	0.9280	177	177
2HRK	blue	amber_boltz	0	0.505	0.9901	0.9901	0.9336	177	177
2HRK	blue	amber_boltz	1	0.523	0.9895	0.9887	0.9407	177	177
2HRK	blue	amber_boltz	2	0.460	0.9917	0.9944	0.9449	177	177
2HRK	blue	amber_boltz	3	0.509	0.9899	0.9901	0.9294	177	177
2HRK	blue	amber_boltz	4	0.563	0.9878	0.9816	0.9138	177	177
2I25	blue	af_relaxed	0	0.435	0.9901	0.9942	0.9671	129	129
2I25	blue	af_relaxed	1	0.419	0.9907	0.9942	0.9709	129	129
2I25	blue	af_relaxed	2	0.407	0.9912	0.9961	0.9748	129	129
2I25	blue	af_relaxed	3	0.413	0.9909	0.9961	0.9729	129	129
2I25	blue	af_relaxed	4	0.422	0.9905	0.9942	0.9709	129	129
2I25	blue	af_unrelaxed	0	0.416	0.9909	0.9961	0.9729	129	129
2I25	blue	af_unrelaxed	1	0.431	0.9902	0.9961	0.9709	129	129
2I25	blue	af_unrelaxed	2	0.450	0.9892	0.9942	0.9574	129	129
2I25	blue	af_unrelaxed	3	0.402	0.9914	0.9961	0.9729	129	129
2I25	blue	af_unrelaxed	4	0.411	0.9910	0.9961	0.9709	129	129
2I25	blue	boltz	0	0.306	0.9948	0.9981	0.9845	129	129
2I25	blue	boltz	1	0.324	0.9943	0.9961	0.9826	129	129
2I25	blue	boltz	2	0.346	0.9935	0.9961	0.9767	129	129
2I25	blue	boltz	3	0.319	0.9944	0.9981	0.9826	129	129
2I25	blue	boltz	4	0.342	0.9937	0.9961	0.9806	129	129
2I25	blue	amber_af	0	0.420	0.9907	0.9942	0.9709	129	129
2I25	blue	amber_af	1	0.436	0.9900	0.9942	0.9671	129	129
2I25	blue	amber_af	2	0.422	0.9905	0.9942	0.9729	129	129
2I25	blue	amber_af	3	0.406	0.9912	0.9961	0.9748	129	129
2I25	blue	amber_af	4	0.414	0.9909	0.9961	0.9729	129	129
2I25	blue	amber_boltz	0	0.311	0.9947	0.9981	0.9864	129	129
2I25	blue	amber_boltz	1	0.329	0.9941	0.9961	0.9826	129	129
2I25	blue	amber_boltz	2	0.352	0.9932	0.9961	0.9748	129	129
2I25	blue	amber_boltz	3	0.335	0.9938	0.9981	0.9806	129	129
2I25	blue	amber_boltz	4	0.341	0.9938	0.9961	0.9826	129	129
2I9B	blue	af_relaxed	0	0.695	0.9740	0.9752	0.8926	121	121
2I9B	blue	af_relaxed	1	0.735	0.9711	0.9628	0.8740	121	121
2I9B	blue	af_relaxed	2	0.672	0.9753	0.9731	0.8864	121	121
2I9B	blue	af_relaxed	3	0.722	0.9720	0.9731	0.8843	121	121
2I9B	blue	af_relaxed	4	0.746	0.9707	0.9649	0.8843	121	121
2I9B	blue	af_unrelaxed	0	0.691	0.9744	0.9773	0.8926	121	121
2I9B	blue	af_unrelaxed	1	0.718	0.9723	0.9773	0.8884	121	121
2I9B	blue	af_unrelaxed	2	0.748	0.9707	0.9690	0.8884	121	121
2I9B	blue	af_unrelaxed	3	0.734	0.9713	0.9669	0.8822	121	121
2I9B	blue	af_unrelaxed	4	0.670	0.9756	0.9731	0.8884	121	121
2I9B	blue	boltz	0	0.729	0.9706	0.9690	0.8760	121	121
2I9B	blue	boltz	1	0.756	0.9697	0.9690	0.8822	121	121
2I9B	blue	boltz	2	0.714	0.9722	0.9711	0.8760	121	121
2I9B	blue	boltz	3	0.796	0.9670	0.9690	0.8636	121	121
2I9B	blue	boltz	4	0.772	0.9680	0.9607	0.8636	121	121
2I9B	blue	amber_af	0	0.694	0.9741	0.9752	0.8926	121	121
2I9B	blue	amber_af	1	0.724	0.9719	0.9731	0.8843	121	121
2I9B	blue	amber_af	2	0.746	0.9707	0.9649	0.8843	121	121
2I9B	blue	amber_af	3	0.734	0.9712	0.9649	0.8760	121	121
2I9B	blue	amber_af	4	0.673	0.9753	0.9731	0.8864	121	121
2I9B	blue	amber_boltz	0	0.742	0.9696	0.9669	0.8719	121	121
2I9B	blue	amber_boltz	1	0.765	0.9690	0.9669	0.8781	121	121
2I9B	blue	amber_boltz	2	0.724	0.9715	0.9690	0.8760	121	121
2I9B	blue	amber_boltz	3	0.803	0.9664	0.9690	0.8657	121	121
2I9B	blue	amber_boltz	4	0.783	0.9670	0.9607	0.8636	121	121
2IDO	blue	af_relaxed	0	0.665	0.9844	0.9826	0.9288	172	172
2IDO	blue	af_relaxed	1	0.663	0.9851	0.9826	0.9346	172	172
2IDO	blue	af_relaxed	2	0.797	0.9793	0.9767	0.9142	172	172
2IDO	blue	af_relaxed	3	0.766	0.9800	0.9767	0.9128	172	172
2IDO	blue	af_relaxed	4	0.634	0.9857	0.9826	0.9360	172	172
2IDO	blue	af_unrelaxed	0	0.798	0.9794	0.9767	0.9172	172	172
2IDO	blue	af_unrelaxed	1	0.767	0.9801	0.9767	0.9128	172	172
2IDO	blue	af_unrelaxed	2	0.627	0.9860	0.9811	0.9331	172	172
2IDO	blue	af_unrelaxed	3	0.659	0.9854	0.9826	0.9317	172	172
2IDO	blue	af_unrelaxed	4	0.659	0.9847	0.9811	0.9259	172	172
2IDO	blue	boltz	0	0.780	0.9812	0.9782	0.9055	171	172
2IDO	blue	boltz	1	0.756	0.9817	0.9753	0.9172	171	172
2IDO	blue	boltz	2	0.739	0.9828	0.9782	0.9273	171	172
2IDO	blue	boltz	3	0.753	0.9826	0.9782	0.9157	171	172
2IDO	blue	boltz	4	0.894	0.9778	0.9709	0.9012	171	172
2IDO	blue	amber_af	0	0.797	0.9793	0.9767	0.9142	172	172
2IDO	blue	amber_af	1	0.766	0.9801	0.9767	0.9142	172	172
2IDO	blue	amber_af	2	0.634	0.9857	0.9826	0.9375	172	172
2IDO	blue	amber_af	3	0.664	0.9851	0.9826	0.9331	172	172
2IDO	blue	amber_af	4	0.665	0.9844	0.9826	0.9302	172	172
2IDO	blue	amber_boltz	0	0.781	0.9811	0.9767	0.9041	171	172
2IDO	blue	amber_boltz	1	0.756	0.9815	0.9753	0.9186	171	172
2IDO	blue	amber_boltz	2	0.744	0.9824	0.9753	0.9288	171	172
2IDO	blue	amber_boltz	3	0.756	0.9823	0.9767	0.9128	171	172
2IDO	blue	amber_boltz	4	0.892	0.9775	0.9695	0.8983	171	172
2J0T	blue	af_relaxed	0	0.526	0.9909	0.9938	0.9705	161	161
2J0T	blue	af_relaxed	1	0.425	0.9924	0.9938	0.9674	161	161
2J0T	blue	af_relaxed	2	0.507	0.9911	0.9938	0.9720	161	161
2J0T	blue	af_relaxed	3	0.529	0.9907	0.9922	0.9689	161	161
2J0T	blue	af_relaxed	4	0.471	0.9918	0.9938	0.9705	161	161
2J0T	blue	af_unrelaxed	0	0.500	0.9911	0.9938	0.9720	161	161
2J0T	blue	af_unrelaxed	1	0.523	0.9910	0.9938	0.9720	161	161
2J0T	blue	af_unrelaxed	2	0.416	0.9927	0.9938	0.9705	161	161
2J0T	blue	af_unrelaxed	3	0.468	0.9919	0.9938	0.9705	161	161
2J0T	blue	af_unrelaxed	4	0.531	0.9907	0.9922	0.9705	161	161
2J0T	blue	boltz	0	0.578	0.9879	0.9876	0.9425	161	161
2J0T	blue	boltz	1	0.488	0.9898	0.9891	0.9379	161	161
2J0T	blue	boltz	2	0.594	0.9868	0.9891	0.9457	161	161
2J0T	blue	boltz	3	0.503	0.9895	0.9891	0.9394	161	161
2J0T	blue	boltz	4	0.857	0.9846	0.9845	0.9410	160	161
2J0T	blue	amber_af	0	0.508	0.9910	0.9938	0.9720	161	161
2J0T	blue	amber_af	1	0.526	0.9909	0.9938	0.9705	161	161
2J0T	blue	amber_af	2	0.426	0.9924	0.9938	0.9674	161	161
2J0T	blue	amber_af	3	0.470	0.9918	0.9938	0.9705	161	161
2J0T	blue	amber_af	4	0.528	0.9908	0.9922	0.9689	161	161
2J0T	blue	amber_boltz	0	0.571	0.9882	0.9876	0.9410	161	161
2J0T	blue	amber_boltz	1	0.482	0.9901	0.9907	0.9394	161	161
2J0T	blue	amber_boltz	2	0.594	0.9869	0.9891	0.9441	161	161
2J0T	blue	amber_boltz	3	0.494	0.9899	0.9907	0.9425	161	161
2J0T	blue	amber_boltz	4	0.859	0.9848	0.9860	0.9425	160	161
2J7P	blue	af_relaxed	0	1.419	0.9745	0.9349	0.8219	289	292
2J7P	blue	af_relaxed	1	1.585	0.9633	0.9058	0.7628	288	292
2J7P	blue	af_relaxed	2	1.595	0.9629	0.8998	0.7611	288	292
2J7P	blue	af_relaxed	3	1.589	0.9645	0.9058	0.7663	288	292
2J7P	blue	af_relaxed	4	1.522	0.9683	0.9170	0.7808	289	292
2J7P	blue	af_unrelaxed	0	1.508	0.9683	0.9178	0.7731	289	292
2J7P	blue	af_unrelaxed	1	1.403	0.9746	0.9324	0.8151	289	292
2J7P	blue	af_unrelaxed	2	1.586	0.9633	0.9041	0.7586	288	292
2J7P	blue	af_unrelaxed	3	1.596	0.9629	0.8998	0.7611	288	292
2J7P	blue	af_unrelaxed	4	1.588	0.9645	0.9067	0.7628	288	292
2J7P	blue	boltz	0	2.141	0.9514	0.9238	0.8373	278	292
2J7P	blue	boltz	1	2.203	0.9413	0.9152	0.8005	273	292
2J7P	blue	boltz	2	2.539	0.9325	0.9041	0.7911	265	292
2J7P	blue	boltz	3	2.347	0.9370	0.8981	0.7705	271	292
2J7P	blue	boltz	4	2.360	0.9376	0.9041	0.7885	270	292
2J7P	blue	amber_af	0	1.522	0.9683	0.9170	0.7825	289	292
2J7P	blue	amber_af	1	1.418	0.9745	0.9349	0.8219	289	292
2J7P	blue	amber_af	2	1.583	0.9633	0.9058	0.7628	288	292
2J7P	blue	amber_af	3	1.594	0.9629	0.9007	0.7611	288	292
2J7P	blue	amber_af	4	1.589	0.9645	0.9067	0.7663	288	292
2J7P	blue	amber_boltz	0	2.155	0.9512	0.9238	0.8373	278	292
2J7P	blue	amber_boltz	1	2.207	0.9412	0.9135	0.8022	273	292
2J7P	blue	amber_boltz	2	2.543	0.9325	0.9033	0.7962	265	292
2J7P	blue	amber_boltz	3	2.354	0.9369	0.8998	0.7791	270	292
2J7P	blue	amber_boltz	4	2.365	0.9375	0.9058	0.7920	270	292
2MTA	blue	af_relaxed	0	14.261	0.1812	0.1524	0.0833	19	105
2MTA	blue	af_relaxed	1	14.249	0.1816	0.1524	0.0833	19	105
2MTA	blue	af_relaxed	2	14.251	0.1815	0.1524	0.0833	19	105
2MTA	blue	af_relaxed	3	14.232	0.1822	0.1548	0.0857	19	105
2MTA	blue	af_relaxed	4	14.238	0.1816	0.1524	0.0833	19	105
2MTA	blue	af_unrelaxed	0	14.238	0.1820	0.1548	0.0857	19	105
2MTA	blue	af_unrelaxed	1	14.214	0.1826	0.1548	0.0881	19	105
2MTA	blue	af_unrelaxed	2	14.222	0.1824	0.1571	0.0881	19	105
2MTA	blue	af_unrelaxed	3	14.245	0.1818	0.1571	0.0881	19	105
2MTA	blue	af_unrelaxed	4	14.230	0.1824	0.1571	0.0881	19	105
2MTA	blue	boltz	0	14.208	0.1835	0.1571	0.0881	18	105
2MTA	blue	boltz	1	14.190	0.1840	0.1571	0.0881	19	105
2MTA	blue	boltz	2	14.211	0.1834	0.1571	0.0881	19	105
2MTA	blue	boltz	3	14.243	0.1831	0.1571	0.0881	19	105
2MTA	blue	boltz	4	14.234	0.1827	0.1548	0.0857	18	105
2MTA	blue	amber_af	0	14.251	0.1815	0.1548	0.0857	19	105
2MTA	blue	amber_af	1	14.233	0.1822	0.1548	0.0857	19	105
2MTA	blue	amber_af	2	14.241	0.1816	0.1524	0.0833	19	105
2MTA	blue	amber_af	3	14.259	0.1812	0.1524	0.0833	19	105
2MTA	blue	amber_af	4	14.248	0.1816	0.1524	0.0833	19	105
2MTA	blue	amber_boltz	0	14.218	0.1828	0.1571	0.0881	18	105
2MTA	blue	amber_boltz	1	14.201	0.1832	0.1571	0.0881	18	105
2MTA	blue	amber_boltz	2	14.222	0.1826	0.1571	0.0881	19	105
2MTA	blue	amber_boltz	3	14.250	0.1828	0.1571	0.0881	19	105
2MTA	blue	amber_boltz	4	14.241	0.1821	0.1548	0.0857	18	105
2NZ8	blue	af_relaxed	0	0.574	0.9889	0.9873	0.9605	177	177
2NZ8	blue	af_relaxed	1	0.571	0.9890	0.9873	0.9590	177	177
2NZ8	blue	af_relaxed	2	0.578	0.9887	0.9873	0.9520	177	177
2NZ8	blue	af_relaxed	3	0.572	0.9890	0.9859	0.9562	177	177
2NZ8	blue	af_relaxed	4	0.565	0.9891	0.9873	0.9562	177	177
2NZ8	blue	af_unrelaxed	0	0.575	0.9888	0.9873	0.9548	177	177
2NZ8	blue	af_unrelaxed	1	0.564	0.9892	0.9873	0.9576	177	177
2NZ8	blue	af_unrelaxed	2	0.574	0.9889	0.9873	0.9590	177	177
2NZ8	blue	af_unrelaxed	3	0.568	0.9891	0.9873	0.9562	177	177
2NZ8	blue	af_unrelaxed	4	0.567	0.9891	0.9873	0.9605	177	177
2NZ8	blue	boltz	0	0.565	0.9894	0.9887	0.9590	177	177
2NZ8	blue	boltz	1	0.565	0.9891	0.9887	0.9548	177	177
2NZ8	blue	boltz	2	0.593	0.9884	0.9887	0.9576	177	177
2NZ8	blue	boltz	3	0.587	0.9887	0.9887	0.9605	177	177
2NZ8	blue	boltz	4	0.597	0.9881	0.9859	0.9590	177	177
2NZ8	blue	amber_af	0	0.578	0.9887	0.9873	0.9520	177	177
2NZ8	blue	amber_af	1	0.565	0.9891	0.9873	0.9562	177	177
2NZ8	blue	amber_af	2	0.574	0.9889	0.9873	0.9605	177	177
2NZ8	blue	amber_af	3	0.572	0.9890	0.9859	0.9548	177	177
2NZ8	blue	amber_af	4	0.571	0.9890	0.9873	0.9590	177	177
2NZ8	blue	amber_boltz	0	0.564	0.9894	0.9887	0.9605	177	177
2NZ8	blue	amber_boltz	1	0.566	0.9890	0.9887	0.9548	177	177
2NZ8	blue	amber_boltz	2	0.592	0.9883	0.9873	0.9590	177	177
2NZ8	blue	amber_boltz	3	0.588	0.9886	0.9887	0.9633	177	177
2NZ8	blue	amber_boltz	4	0.595	0.9881	0.9873	0.9605	177	177
2O3B	blue	af_relaxed	0	0.926	0.9906	0.9927	0.9678	239	241
2O3B	blue	af_relaxed	1	0.909	0.9910	0.9917	0.9730	239	241
2O3B	blue	af_relaxed	2	0.923	0.9908	0.9938	0.9689	239	241
2O3B	blue	af_relaxed	3	0.907	0.9910	0.9917	0.9741	239	241
2O3B	blue	af_relaxed	4	0.663	0.9919	0.9938	0.9689	239	241
2O3B	blue	af_unrelaxed	0	0.656	0.9921	0.9938	0.9730	240	241
2O3B	blue	af_unrelaxed	1	0.897	0.9911	0.9917	0.9720	239	241
2O3B	blue	af_unrelaxed	2	0.912	0.9910	0.9927	0.9710	239	241
2O3B	blue	af_unrelaxed	3	0.895	0.9912	0.9927	0.9761	239	241
2O3B	blue	af_unrelaxed	4	0.915	0.9908	0.9938	0.9710	239	241
2O3B	blue	boltz	0	0.903	0.9910	0.9917	0.9678	239	241
2O3B	blue	boltz	1	0.943	0.9908	0.9907	0.9710	239	241
2O3B	blue	boltz	2	0.902	0.9910	0.9907	0.9720	239	241
2O3B	blue	boltz	3	0.928	0.9900	0.9917	0.9647	239	241
2O3B	blue	boltz	4	0.899	0.9905	0.9927	0.9668	239	241
2O3B	blue	amber_af	0	0.663	0.9919	0.9938	0.9689	239	241
2O3B	blue	amber_af	1	0.909	0.9910	0.9917	0.9730	239	241
2O3B	blue	amber_af	2	0.923	0.9908	0.9938	0.9699	239	241
2O3B	blue	amber_af	3	0.907	0.9910	0.9917	0.9741	239	241
2O3B	blue	amber_af	4	0.926	0.9906	0.9927	0.9678	239	241
2O3B	blue	amber_boltz	0	0.915	0.9908	0.9917	0.9647	239	241
2O3B	blue	amber_boltz	1	0.954	0.9905	0.9907	0.9678	239	241
2O3B	blue	amber_boltz	2	0.914	0.9907	0.9907	0.9678	239	241
2O3B	blue	amber_boltz	3	0.945	0.9897	0.9917	0.9606	239	241
2O3B	blue	amber_boltz	4	0.914	0.9902	0.9917	0.9627	239	241
2O8V	blue	af_relaxed	0	1.620	0.9516	0.9225	0.8188	223	229
2O8V	blue	af_relaxed	1	1.559	0.9551	0.9258	0.8210	225	229
2O8V	blue	af_relaxed	2	1.534	0.9553	0.9258	0.8264	224	229
2O8V	blue	af_relaxed	3	1.550	0.9544	0.9225	0.8111	224	229
2O8V	blue	af_relaxed	4	1.508	0.9555	0.9225	0.8221	224	229
2O8V	blue	af_unrelaxed	0	1.539	0.9555	0.9258	0.8319	223	229
2O8V	blue	af_unrelaxed	1	1.516	0.9556	0.9247	0.8286	224	229
2O8V	blue	af_unrelaxed	2	1.560	0.9552	0.9247	0.8231	224	229
2O8V	blue	af_unrelaxed	3	1.627	0.9517	0.9214	0.8210	223	229
2O8V	blue	af_unrelaxed	4	1.553	0.9544	0.9236	0.8177	224	229
2O8V	blue	boltz	0	1.978	0.9383	0.9039	0.7795	216	229
2O8V	blue	boltz	1	2.983	0.9337	0.9061	0.7948	218	229
2O8V	blue	boltz	2	3.165	0.9312	0.8941	0.7751	215	229
2O8V	blue	boltz	3	3.282	0.9333	0.8886	0.7707	220	229
2O8V	blue	boltz	4	2.742	0.9342	0.9039	0.7871	217	229
2O8V	blue	amber_af	0	1.532	0.9553	0.9258	0.8264	224	229
2O8V	blue	amber_af	1	1.508	0.9555	0.9225	0.8221	224	229
2O8V	blue	amber_af	2	1.558	0.9551	0.9258	0.8210	225	229
2O8V	blue	amber_af	3	1.620	0.9515	0.9225	0.8177	223	229
2O8V	blue	amber_af	4	1.551	0.9544	0.9225	0.8122	224	229
2O8V	blue	amber_boltz	0	1.979	0.9382	0.9050	0.7784	216	229
2O8V	blue	amber_boltz	1	2.999	0.9334	0.9028	0.7882	218	229
2O8V	blue	amber_boltz	2	3.163	0.9311	0.8941	0.7751	216	229
2O8V	blue	amber_boltz	3	3.296	0.9330	0.8876	0.7664	219	229
2O8V	blue	amber_boltz	4	2.749	0.9337	0.9017	0.7860	217	229
2OOB	blue	af_relaxed	0	0.944	0.9189	0.9659	0.9318	44	44
2OOB	blue	af_relaxed	1	1.295	0.9196	0.9602	0.9261	42	44
2OOB	blue	af_relaxed	2	1.239	0.9146	0.9602	0.9091	43	44
2OOB	blue	af_relaxed	3	1.328	0.9153	0.9659	0.9148	42	44
2OOB	blue	af_relaxed	4	1.291	0.9126	0.9602	0.9205	42	44
2OOB	blue	af_unrelaxed	0	1.213	0.9110	0.9602	0.8920	43	44
2OOB	blue	af_unrelaxed	1	1.271	0.9190	0.9602	0.9261	43	44
2OOB	blue	af_unrelaxed	2	1.295	0.9143	0.9659	0.9261	42	44
2OOB	blue	af_unrelaxed	3	1.260	0.9105	0.9602	0.9261	43	44
2OOB	blue	af_unrelaxed	4	0.956	0.9169	0.9659	0.9261	44	44
2OOB	blue	boltz	0	1.731	0.8935	0.9432	0.8977	41	44
2OOB	blue	boltz	1	1.760	0.8915	0.9375	0.8864	41	44
2OOB	blue	boltz	2	1.663	0.9034	0.9432	0.9034	41	44
2OOB	blue	boltz	3	1.776	0.8979	0.9432	0.8977	41	44
2OOB	blue	boltz	4	1.686	0.8919	0.9375	0.8807	41	44
2OOB	blue	amber_af	0	1.239	0.9145	0.9602	0.9091	43	44
2OOB	blue	amber_af	1	1.294	0.9197	0.9602	0.9261	42	44
2OOB	blue	amber_af	2	1.327	0.9152	0.9659	0.9148	42	44
2OOB	blue	amber_af	3	1.294	0.9115	0.9602	0.9205	42	44
2OOB	blue	amber_af	4	0.943	0.9191	0.9659	0.9318	44	44
2OOB	blue	amber_boltz	0	1.743	0.8960	0.9489	0.9034	41	44
2OOB	blue	amber_boltz	1	1.767	0.8912	0.9375	0.8864	41	44
2OOB	blue	amber_boltz	2	1.664	0.9040	0.9432	0.9034	41	44
2OOB	blue	amber_boltz	3	1.778	0.8992	0.9432	0.8977	41	44
2OOB	blue	amber_boltz	4	1.695	0.8922	0.9432	0.8864	41	44
2OOR	blue	af_relaxed	0	0.426	0.9964	0.9993	0.9544	378	378
2OOR	blue	af_relaxed	1	0.432	0.9963	0.9980	0.9530	378	378
2OOR	blue	af_relaxed	2	0.423	0.9965	0.9993	0.9570	378	378
2OOR	blue	af_relaxed	3	0.428	0.9964	0.9993	0.9583	378	378
2OOR	blue	af_relaxed	4	0.455	0.9959	0.9980	0.9431	378	378
2OOR	blue	af_unrelaxed	0	0.427	0.9964	0.9993	0.9537	378	378
2OOR	blue	af_unrelaxed	1	0.456	0.9959	0.9987	0.9385	378	378
2OOR	blue	af_unrelaxed	2	0.432	0.9963	0.9987	0.9537	378	378
2OOR	blue	af_unrelaxed	3	0.426	0.9964	0.9993	0.9530	378	378
2OOR	blue	af_unrelaxed	4	0.422	0.9965	0.9987	0.9590	378	378
2OOR	blue	boltz	0	1.389	0.9691	0.9213	0.7745	374	378
2OOR	blue	boltz	1	1.477	0.9657	0.9087	0.7579	371	378
2OOR	blue	boltz	2	1.347	0.9703	0.9081	0.7507	374	378
2OOR	blue	boltz	3	1.452	0.9655	0.8981	0.7434	374	378
2OOR	blue	boltz	4	1.495	0.9654	0.9153	0.7553	370	378
2OOR	blue	amber_af	0	0.427	0.9964	0.9993	0.9570	378	378
2OOR	blue	amber_af	1	0.455	0.9959	0.9987	0.9431	378	378
2OOR	blue	amber_af	2	0.432	0.9963	0.9980	0.9524	378	378
2OOR	blue	amber_af	3	0.426	0.9964	0.9993	0.9550	378	378
2OOR	blue	amber_af	4	0.423	0.9965	0.9987	0.9570	378	378
2OOR	blue	amber_boltz	0	1.390	0.9692	0.9239	0.7798	373	378
2OOR	blue	amber_boltz	1	1.477	0.9657	0.9074	0.7566	371	378
2OOR	blue	amber_boltz	2	1.345	0.9704	0.9094	0.7526	374	378
2OOR	blue	amber_boltz	3	1.448	0.9658	0.8968	0.7460	374	378
2OOR	blue	amber_boltz	4	1.494	0.9655	0.9187	0.7593	371	378
2OT3	blue	af_relaxed	0	0.779	0.9835	0.9555	0.8715	253	253
2OT3	blue	af_relaxed	1	0.802	0.9825	0.9536	0.8607	253	253
2OT3	blue	af_relaxed	2	0.829	0.9830	0.9605	0.8854	252	253
2OT3	blue	af_relaxed	3	1.025	0.9792	0.9496	0.8577	251	253
2OT3	blue	af_relaxed	4	0.737	0.9850	0.9605	0.8715	253	253
2OT3	blue	af_unrelaxed	0	0.798	0.9827	0.9555	0.8676	253	253
2OT3	blue	af_unrelaxed	1	0.734	0.9852	0.9605	0.8706	253	253
2OT3	blue	af_unrelaxed	2	1.025	0.9792	0.9516	0.8577	251	253
2OT3	blue	af_unrelaxed	3	0.825	0.9833	0.9615	0.8854	252	253
2OT3	blue	af_unrelaxed	4	0.775	0.9836	0.9565	0.8745	253	253
2OT3	blue	boltz	0	0.984	0.9744	0.9358	0.8192	253	253
2OT3	blue	boltz	1	0.852	0.9803	0.9516	0.8439	253	253
2OT3	blue	boltz	2	1.028	0.9721	0.9279	0.8231	253	253
2OT3	blue	boltz	3	1.036	0.9717	0.9289	0.8241	253	253
2OT3	blue	boltz	4	0.891	0.9785	0.9447	0.8419	253	253
2OT3	blue	amber_af	0	0.801	0.9825	0.9536	0.8607	253	253
2OT3	blue	amber_af	1	0.736	0.9851	0.9615	0.8725	253	253
2OT3	blue	amber_af	2	1.025	0.9791	0.9506	0.8577	251	253
2OT3	blue	amber_af	3	0.829	0.9830	0.9605	0.8854	252	253
2OT3	blue	amber_af	4	0.779	0.9834	0.9555	0.8735	253	253
2OT3	blue	amber_boltz	0	0.988	0.9742	0.9348	0.8172	253	253
2OT3	blue	amber_boltz	1	0.856	0.9801	0.9506	0.8439	253	253
2OT3	blue	amber_boltz	2	1.029	0.9721	0.9308	0.8310	253	253
2OT3	blue	amber_boltz	3	1.040	0.9716	0.9318	0.8281	253	253
2OT3	blue	amber_boltz	4	0.897	0.9782	0.9427	0.8409	253	253
2OUL	blue	af_relaxed	0	0.593	0.9904	0.9834	0.9315	241	241
2OUL	blue	af_relaxed	1	0.564	0.9915	0.9876	0.9367	241	241
2OUL	blue	af_relaxed	2	0.723	0.9879	0.9824	0.9253	239	241
2OUL	blue	af_relaxed	3	0.622	0.9893	0.9793	0.9170	241	241
2OUL	blue	af_relaxed	4	0.577	0.9908	0.9834	0.9284	241	241
2OUL	blue	af_unrelaxed	0	0.586	0.9905	0.9844	0.9315	241	241
2OUL	blue	af_unrelaxed	1	0.556	0.9915	0.9886	0.9398	241	241
2OUL	blue	af_unrelaxed	2	0.722	0.9878	0.9813	0.9212	239	241
2OUL	blue	af_unrelaxed	3	0.571	0.9908	0.9813	0.9253	241	241
2OUL	blue	af_unrelaxed	4	0.616	0.9894	0.9803	0.9180	241	241
2OUL	blue	boltz	0	0.573	0.9907	0.9844	0.9388	241	241
2OUL	blue	boltz	1	0.498	0.9928	0.9907	0.9398	241	241
2OUL	blue	boltz	2	0.516	0.9924	0.9865	0.9492	241	241
2OUL	blue	boltz	3	0.478	0.9934	0.9917	0.9523	241	241
2OUL	blue	boltz	4	0.647	0.9886	0.9793	0.9315	241	241
2OUL	blue	amber_af	0	0.593	0.9903	0.9834	0.9336	241	241
2OUL	blue	amber_af	1	0.564	0.9915	0.9876	0.9367	241	241
2OUL	blue	amber_af	2	0.722	0.9879	0.9834	0.9284	239	241
2OUL	blue	amber_af	3	0.578	0.9908	0.9834	0.9295	241	241
2OUL	blue	amber_af	4	0.621	0.9894	0.9782	0.9170	241	241
2OUL	blue	amber_boltz	0	0.574	0.9906	0.9834	0.9357	241	241
2OUL	blue	amber_boltz	1	0.496	0.9928	0.9896	0.9388	241	241
2OUL	blue	amber_boltz	2	0.516	0.9924	0.9855	0.9492	241	241
2OUL	blue	amber_boltz	3	0.482	0.9933	0.9917	0.9502	241	241
2OUL	blue	amber_boltz	4	0.649	0.9885	0.9803	0.9305	241	241
2OZA	blue	af_relaxed	0	2.371	0.9450	0.8776	0.7613	316	331
2OZA	blue	af_relaxed	1	2.256	0.9487	0.8920	0.7787	316	331
2OZA	blue	af_relaxed	2	2.307	0.9497	0.8844	0.7651	318	331
2OZA	blue	af_relaxed	3	2.718	0.9219	0.8474	0.7107	309	331
2OZA	blue	af_relaxed	4	2.480	0.9384	0.8678	0.7432	316	331
2OZA	blue	af_unrelaxed	0	2.241	0.9492	0.8920	0.7802	319	331
2OZA	blue	af_unrelaxed	1	2.474	0.9385	0.8693	0.7477	316	331
2OZA	blue	af_unrelaxed	2	2.321	0.9462	0.8807	0.7666	316	331
2OZA	blue	af_unrelaxed	3	2.278	0.9505	0.8837	0.7666	319	331
2OZA	blue	af_unrelaxed	4	2.669	0.9236	0.8489	0.7213	311	331
2OZA	blue	boltz	0	8.517	0.8103	0.7613	0.6624	263	331
2OZA	blue	boltz	1	7.830	0.8092	0.7447	0.6427	264	331
2OZA	blue	boltz	2	8.544	0.8054	0.7492	0.6480	263	331
2OZA	blue	boltz	3	7.332	0.8147	0.7764	0.6654	263	331
2OZA	blue	boltz	4	10.306	0.7911	0.7379	0.6367	259	331
2OZA	blue	amber_af	0	2.257	0.9487	0.8912	0.7757	317	331
2OZA	blue	amber_af	1	2.478	0.9384	0.8678	0.7432	316	331
2OZA	blue	amber_af	2	2.371	0.9451	0.8761	0.7606	316	331
2OZA	blue	amber_af	3	2.307	0.9497	0.8844	0.7651	318	331
2OZA	blue	amber_af	4	2.709	0.9222	0.8482	0.7137	309	331
2OZA	blue	amber_boltz	0	8.528	0.8097	0.7606	0.6594	263	331
2OZA	blue	amber_boltz	1	7.840	0.8087	0.7424	0.6390	264	331
2OZA	blue	amber_boltz	2	8.556	0.8050	0.7500	0.6465	263	331
2OZA	blue	amber_boltz	3	7.339	0.8142	0.7742	0.6647	262	331
2OZA	blue	amber_boltz	4	10.320	0.7909	0.7364	0.6337	259	331
2PCC	blue	af_relaxed	0	0.546	0.9934	0.9923	0.9490	294	294
2PCC	blue	af_relaxed	1	0.550	0.9934	0.9932	0.9515	294	294
2PCC	blue	af_relaxed	2	0.525	0.9937	0.9923	0.9507	294	294
2PCC	blue	af_relaxed	3	0.563	0.9931	0.9932	0.9481	294	294
2PCC	blue	af_relaxed	4	0.551	0.9933	0.9923	0.9507	294	294
2PCC	blue	af_unrelaxed	0	0.549	0.9934	0.9923	0.9515	294	294
2PCC	blue	af_unrelaxed	1	0.523	0.9937	0.9923	0.9515	294	294
2PCC	blue	af_unrelaxed	2	0.543	0.9934	0.9923	0.9490	294	294
2PCC	blue	af_unrelaxed	3	0.563	0.9931	0.9923	0.9464	294	294
2PCC	blue	af_unrelaxed	4	0.547	0.9935	0.9923	0.9515	294	294
2PCC	blue	boltz	0	0.561	0.9938	0.9923	0.9677	293	294
2PCC	blue	boltz	1	0.552	0.9935	0.9923	0.9592	294	294
2PCC	blue	boltz	2	0.578	0.9935	0.9915	0.9668	293	294
2PCC	blue	boltz	3	0.642	0.9919	0.9898	0.9439	293	294
2PCC	blue	boltz	4	0.579	0.9930	0.9915	0.9566	293	294
2PCC	blue	amber_af	0	0.551	0.9933	0.9923	0.9515	294	294
2PCC	blue	amber_af	1	0.525	0.9937	0.9923	0.9515	294	294
2PCC	blue	amber_af	2	0.546	0.9934	0.9923	0.9490	294	294
2PCC	blue	amber_af	3	0.563	0.9931	0.9932	0.9473	294	294
2PCC	blue	amber_af	4	0.550	0.9934	0.9932	0.9515	294	294
2PCC	blue	amber_boltz	0	0.571	0.9935	0.9915	0.9643	293	294
2PCC	blue	amber_boltz	1	0.563	0.9933	0.9923	0.9549	293	294
2PCC	blue	amber_boltz	2	0.587	0.9933	0.9915	0.9651	293	294
2PCC	blue	amber_boltz	3	0.651	0.9917	0.9889	0.9422	293	294
2PCC	blue	amber_boltz	4	0.587	0.9928	0.9906	0.9541	293	294
2SIC	blue	af_relaxed	0	0.223	0.9987	1.0000	0.9945	275	275
2SIC	blue	af_relaxed	1	0.225	0.9987	1.0000	0.9955	275	275
2SIC	blue	af_relaxed	2	0.223	0.9987	1.0000	0.9964	275	275
2SIC	blue	af_relaxed	3	0.220	0.9987	1.0000	0.9964	275	275
2SIC	blue	af_relaxed	4	0.224	0.9987	1.0000	0.9945	275	275
2SIC	blue	af_unrelaxed	0	0.220	0.9987	1.0000	0.9945	275	275
2SIC	blue	af_unrelaxed	1	0.223	0.9987	1.0000	0.9955	275	275
2SIC	blue	af_unrelaxed	2	0.222	0.9987	1.0000	0.9955	275	275
2SIC	blue	af_unrelaxed	3	0.219	0.9987	1.0000	0.9964	275	275
2SIC	blue	af_unrelaxed	4	0.218	0.9987	1.0000	0.9955	275	275
2SIC	blue	boltz	0	0.252	0.9983	1.0000	0.9927	275	275
2SIC	blue	boltz	1	0.255	0.9983	1.0000	0.9900	275	275
2SIC	blue	boltz	2	0.274	0.9980	1.0000	0.9900	275	275
2SIC	blue	boltz	3	0.271	0.9981	1.0000	0.9909	275	275
2SIC	blue	boltz	4	0.266	0.9981	1.0000	0.9900	275	275
2SIC	blue	amber_af	0	0.224	0.9987	1.0000	0.9945	275	275
2SIC	blue	amber_af	1	0.225	0.9987	1.0000	0.9945	275	275
2SIC	blue	amber_af	2	0.225	0.9987	1.0000	0.9955	275	275
2SIC	blue	amber_af	3	0.221	0.9987	1.0000	0.9973	275	275
2SIC	blue	amber_af	4	0.219	0.9987	1.0000	0.9955	275	275
2SIC	blue	amber_boltz	0	0.252	0.9983	1.0000	0.9936	275	275
2SIC	blue	amber_boltz	1	0.259	0.9982	1.0000	0.9909	275	275
2SIC	blue	amber_boltz	2	0.276	0.9980	1.0000	0.9891	275	275
2SIC	blue	amber_boltz	3	0.272	0.9980	1.0000	0.9900	275	275
2SIC	blue	amber_boltz	4	0.268	0.9981	1.0000	0.9900	275	275
2SNI	blue	af_relaxed	0	0.262	0.9982	1.0000	0.9936	275	275
2SNI	blue	af_relaxed	1	0.257	0.9982	1.0000	0.9927	275	275
2SNI	blue	af_relaxed	2	0.265	0.9981	1.0000	0.9909	275	275
2SNI	blue	af_relaxed	3	0.267	0.9981	1.0000	0.9918	275	275
2SNI	blue	af_relaxed	4	0.260	0.9982	1.0000	0.9927	275	275
2SNI	blue	af_unrelaxed	0	0.251	0.9983	1.0000	0.9936	275	275
2SNI	blue	af_unrelaxed	1	0.254	0.9983	1.0000	0.9927	275	275
2SNI	blue	af_unrelaxed	2	0.256	0.9983	1.0000	0.9927	275	275
2SNI	blue	af_unrelaxed	3	0.253	0.9983	1.0000	0.9936	275	275
2SNI	blue	af_unrelaxed	4	0.260	0.9982	1.0000	0.9927	275	275
2SNI	blue	boltz	0	0.313	0.9974	1.0000	0.9818	275	275
2SNI	blue	boltz	1	0.285	0.9978	1.0000	0.9873	275	275
2SNI	blue	boltz	2	0.297	0.9977	1.0000	0.9845	275	275
2SNI	blue	boltz	3	0.307	0.9975	1.0000	0.9809	275	275
2SNI	blue	boltz	4	0.281	0.9979	0.9991	0.9900	275	275
2SNI	blue	amber_af	0	0.257	0.9982	1.0000	0.9927	275	275
2SNI	blue	amber_af	1	0.260	0.9982	1.0000	0.9927	275	275
2SNI	blue	amber_af	2	0.265	0.9981	1.0000	0.9909	275	275
2SNI	blue	amber_af	3	0.261	0.9982	1.0000	0.9936	275	275
2SNI	blue	amber_af	4	0.268	0.9981	1.0000	0.9918	275	275
2SNI	blue	amber_boltz	0	0.320	0.9973	1.0000	0.9818	275	275
2SNI	blue	amber_boltz	1	0.291	0.9978	1.0000	0.9855	275	275
2SNI	blue	amber_boltz	2	0.304	0.9976	1.0000	0.9827	275	275
2SNI	blue	amber_boltz	3	0.314	0.9974	0.9991	0.9809	275	275
2SNI	blue	amber_boltz	4	0.288	0.9978	0.9991	0.9891	275	275
2UUY	blue	af_relaxed	0	0.316	0.9968	0.9989	0.9798	223	223
2UUY	blue	af_relaxed	1	0.308	0.9970	0.9989	0.9798	223	223
2UUY	blue	af_relaxed	2	0.314	0.9968	0.9989	0.9798	223	223
2UUY	blue	af_relaxed	3	0.317	0.9968	0.9989	0.9776	223	223
2UUY	blue	af_relaxed	4	0.314	0.9968	0.9978	0.9776	223	223
2UUY	blue	af_unrelaxed	0	0.320	0.9967	0.9989	0.9776	223	223
2UUY	blue	af_unrelaxed	1	0.318	0.9967	0.9989	0.9787	223	223
2UUY	blue	af_unrelaxed	2	0.311	0.9969	0.9989	0.9798	223	223
2UUY	blue	af_unrelaxed	3	0.318	0.9968	0.9989	0.9798	223	223
2UUY	blue	af_unrelaxed	4	0.316	0.9968	0.9989	0.9776	223	223
2UUY	blue	boltz	0	0.308	0.9970	1.0000	0.9809	223	223
2UUY	blue	boltz	1	0.306	0.9970	1.0000	0.9798	223	223
2UUY	blue	boltz	2	0.304	0.9970	1.0000	0.9809	223	223
2UUY	blue	boltz	3	0.308	0.9969	1.0000	0.9809	223	223
2UUY	blue	boltz	4	0.291	0.9973	1.0000	0.9843	223	223
2UUY	blue	amber_af	0	0.316	0.9968	0.9989	0.9776	223	223
2UUY	blue	amber_af	1	0.316	0.9968	0.9989	0.9787	223	223
2UUY	blue	amber_af	2	0.309	0.9969	0.9989	0.9798	223	223
2UUY	blue	amber_af	3	0.314	0.9968	0.9989	0.9787	223	223
2UUY	blue	amber_af	4	0.315	0.9968	0.9989	0.9798	223	223
2UUY	blue	amber_boltz	0	0.312	0.9969	1.0000	0.9787	223	223
2UUY	blue	amber_boltz	1	0.310	0.9969	1.0000	0.9787	223	223
2UUY	blue	amber_boltz	2	0.307	0.9970	1.0000	0.9809	223	223
2UUY	blue	amber_boltz	3	0.312	0.9969	1.0000	0.9787	223	223
2UUY	blue	amber_boltz	4	0.298	0.9971	1.0000	0.9843	223	223
2VDB	blue	af_relaxed	0	3.742	0.8710	0.7186	0.5335	458	574
2VDB	blue	af_relaxed	1	4.008	0.8592	0.6990	0.5166	452	574
2VDB	blue	af_relaxed	2	3.553	0.8799	0.7409	0.5592	465	574
2VDB	blue	af_relaxed	3	3.838	0.8663	0.7147	0.5309	456	574
2VDB	blue	af_relaxed	4	3.796	0.8694	0.7186	0.5353	456	574
2VDB	blue	af_unrelaxed	0	4.006	0.8592	0.7003	0.5183	451	574
2VDB	blue	af_unrelaxed	1	3.838	0.8664	0.7130	0.5287	457	574
2VDB	blue	af_unrelaxed	2	3.795	0.8695	0.7191	0.5357	459	574
2VDB	blue	af_unrelaxed	3	3.553	0.8799	0.7400	0.5588	465	574
2VDB	blue	af_unrelaxed	4	3.741	0.8711	0.7169	0.5331	458	574
2VDB	blue	boltz	0	4.372	0.8380	0.6341	0.4521	452	574
2VDB	blue	boltz	1	4.332	0.8397	0.6385	0.4564	454	574
2VDB	blue	boltz	2	4.262	0.8441	0.6481	0.4634	452	574
2VDB	blue	boltz	3	4.362	0.8358	0.6346	0.4547	454	574
2VDB	blue	boltz	4	4.473	0.8362	0.6267	0.4490	445	574
2VDB	blue	amber_af	0	4.008	0.8592	0.6995	0.5166	452	574
2VDB	blue	amber_af	1	3.838	0.8664	0.7147	0.5309	456	574
2VDB	blue	amber_af	2	3.797	0.8694	0.7186	0.5357	456	574
2VDB	blue	amber_af	3	3.554	0.8799	0.7404	0.5588	465	574
2VDB	blue	amber_af	4	3.741	0.8710	0.7195	0.5344	458	574
2VDB	blue	amber_boltz	0	4.373	0.8381	0.6333	0.4495	449	574
2VDB	blue	amber_boltz	1	4.334	0.8397	0.6389	0.4551	453	574
2VDB	blue	amber_boltz	2	4.264	0.8440	0.6516	0.4652	452	574
2VDB	blue	amber_boltz	3	4.362	0.8359	0.6368	0.4534	453	574
2VDB	blue	amber_boltz	4	4.476	0.8361	0.6280	0.4499	446	574
2VIS	blue	af_relaxed	0	1.084	0.9625	0.8976	0.7440	210	210
2VIS	blue	af_relaxed	1	1.130	0.9596	0.8869	0.7333	210	210
2VIS	blue	af_relaxed	2	1.488	0.9328	0.8536	0.7012	210	210
2VIS	blue	af_relaxed	3	1.110	0.9608	0.8905	0.7357	210	210
2VIS	blue	af_relaxed	4	1.007	0.9674	0.9119	0.7571	210	210
2VIS	blue	af_unrelaxed	0	1.106	0.9611	0.8869	0.7333	210	210
2VIS	blue	af_unrelaxed	1	1.083	0.9626	0.8964	0.7452	210	210
2VIS	blue	af_unrelaxed	2	1.488	0.9328	0.8500	0.6988	210	210
2VIS	blue	af_unrelaxed	3	1.004	0.9676	0.9095	0.7607	210	210
2VIS	blue	af_unrelaxed	4	1.128	0.9597	0.8905	0.7417	210	210
2VIS	blue	boltz	0	1.054	0.9641	0.8929	0.7464	210	210
2VIS	blue	boltz	1	0.897	0.9739	0.9381	0.7940	210	210
2VIS	blue	boltz	2	1.150	0.9581	0.8786	0.7321	210	210
2VIS	blue	boltz	3	1.569	0.9259	0.8476	0.7024	210	210
2VIS	blue	boltz	4	1.441	0.9370	0.8643	0.7179	209	210
2VIS	blue	amber_af	0	1.109	0.9609	0.8905	0.7357	210	210
2VIS	blue	amber_af	1	1.084	0.9625	0.8976	0.7429	210	210
2VIS	blue	amber_af	2	1.488	0.9328	0.8524	0.6988	210	210
2VIS	blue	amber_af	3	1.007	0.9675	0.9119	0.7560	210	210
2VIS	blue	amber_af	4	1.129	0.9596	0.8881	0.7345	210	210
2VIS	blue	amber_boltz	0	1.062	0.9636	0.8881	0.7405	210	210
2VIS	blue	amber_boltz	1	0.906	0.9734	0.9381	0.7917	210	210
2VIS	blue	amber_boltz	2	1.156	0.9577	0.8786	0.7298	210	210
2VIS	blue	amber_boltz	3	1.574	0.9253	0.8440	0.6940	210	210
2VIS	blue	amber_boltz	4	1.448	0.9363	0.8631	0.7155	209	210
2VXT	blue	af_relaxed	0	1.581	0.9321	0.8611	0.7440	204	207
2VXT	blue	af_relaxed	1	1.926	0.8994	0.8237	0.7029	206	207
2VXT	blue	af_relaxed	2	1.641	0.9257	0.8611	0.7428	205	207
2VXT	blue	af_relaxed	3	1.617	0.9290	0.8611	0.7440	204	207
2VXT	blue	af_relaxed	4	4.037	0.6979	0.6981	0.5761	146	207
2VXT	blue	af_unrelaxed	0	1.636	0.9262	0.8623	0.7452	205	207
2VXT	blue	af_unrelaxed	1	4.029	0.6987	0.6993	0.5773	146	207
2VXT	blue	af_unrelaxed	2	1.569	0.9326	0.8623	0.7440	204	207
2VXT	blue	af_unrelaxed	3	1.922	0.9000	0.8249	0.7053	206	207
2VXT	blue	af_unrelaxed	4	1.616	0.9291	0.8623	0.7440	205	207
2VXT	blue	boltz	0	1.652	0.9296	0.8708	0.7560	204	207
2VXT	blue	boltz	1	1.902	0.9056	0.8394	0.7234	203	207
2VXT	blue	boltz	2	1.418	0.9486	0.8973	0.7862	204	207
2VXT	blue	boltz	3	1.508	0.9395	0.8829	0.7645	205	207
2VXT	blue	boltz	4	2.266	0.8663	0.8080	0.6896	205	207
2VXT	blue	amber_af	0	1.641	0.9256	0.8611	0.7428	205	207
2VXT	blue	amber_af	1	4.037	0.6978	0.6981	0.5761	146	207
2VXT	blue	amber_af	2	1.581	0.9322	0.8599	0.7428	204	207
2VXT	blue	amber_af	3	1.927	0.8994	0.8237	0.7029	206	207
2VXT	blue	amber_af	4	1.616	0.9291	0.8623	0.7452	204	207
2VXT	blue	amber_boltz	0	1.649	0.9296	0.8696	0.7524	204	207
2VXT	blue	amber_boltz	1	1.902	0.9054	0.8382	0.7210	203	207
2VXT	blue	amber_boltz	2	1.419	0.9483	0.8973	0.7838	204	207
2VXT	blue	amber_boltz	3	1.509	0.9392	0.8804	0.7609	205	207
2VXT	blue	amber_boltz	4	2.271	0.8657	0.8092	0.6908	205	207
2W9E	blue	af_relaxed	0	0.643	0.9715	0.9773	0.8864	99	99
2W9E	blue	af_relaxed	1	0.663	0.9694	0.9747	0.8813	99	99
2W9E	blue	af_relaxed	2	0.716	0.9645	0.9672	0.8485	99	99
2W9E	blue	af_relaxed	3	0.873	0.9487	0.9444	0.7955	99	99
2W9E	blue	af_relaxed	4	0.844	0.9510	0.9470	0.7904	99	99
2W9E	blue	af_unrelaxed	0	0.917	0.9438	0.9369	0.7677	99	99
2W9E	blue	af_unrelaxed	1	0.631	0.9724	0.9773	0.8889	99	99
2W9E	blue	af_unrelaxed	2	0.660	0.9697	0.9773	0.8813	99	99
2W9E	blue	af_unrelaxed	3	0.857	0.9491	0.9444	0.7626	99	99
2W9E	blue	af_unrelaxed	4	0.713	0.9648	0.9722	0.8535	99	99
2W9E	blue	boltz	0	0.810	0.9578	0.9571	0.8460	99	99
2W9E	blue	boltz	1	0.742	0.9631	0.9646	0.8460	99	99
2W9E	blue	boltz	2	0.759	0.9618	0.9596	0.8460	99	99
2W9E	blue	boltz	3	0.701	0.9659	0.9672	0.8510	99	99
2W9E	blue	boltz	4	0.763	0.9604	0.9646	0.8359	99	99
2W9E	blue	amber_af	0	0.874	0.9486	0.9419	0.7929	99	99
2W9E	blue	amber_af	1	0.643	0.9714	0.9773	0.8864	99	99
2W9E	blue	amber_af	2	0.664	0.9694	0.9747	0.8788	99	99
2W9E	blue	amber_af	3	0.845	0.9510	0.9495	0.7904	99	99
2W9E	blue	amber_af	4	0.714	0.9646	0.9697	0.8510	99	99
2W9E	blue	amber_boltz	0	0.815	0.9574	0.9571	0.8409	99	99
2W9E	blue	amber_boltz	1	0.742	0.9632	0.9646	0.8434	99	99
2W9E	blue	amber_boltz	2	0.763	0.9615	0.9596	0.8485	99	99
2W9E	blue	amber_boltz	3	0.711	0.9652	0.9697	0.8561	99	99
2W9E	blue	amber_boltz	4	0.794	0.9575	0.9646	0.8308	99	99
2X9A	blue	af_relaxed	0	0.468	0.9776	0.9918	0.9713	61	61
2X9A	blue	af_relaxed	1	0.452	0.9784	0.9959	0.9754	61	61
2X9A	blue	af_relaxed	2	0.464	0.9774	0.9959	0.9754	61	61
2X9A	blue	af_relaxed	3	0.461	0.9763	0.9959	0.9713	61	61
2X9A	blue	af_relaxed	4	0.463	0.9770	0.9959	0.9754	61	61
2X9A	blue	af_unrelaxed	0	0.468	0.9777	0.9918	0.9672	61	61
2X9A	blue	af_unrelaxed	1	0.447	0.9786	0.9959	0.9754	61	61
2X9A	blue	af_unrelaxed	2	0.463	0.9772	0.9959	0.9713	61	61
2X9A	blue	af_unrelaxed	3	0.457	0.9779	0.9918	0.9672	61	61
2X9A	blue	af_unrelaxed	4	0.454	0.9768	0.9959	0.9713	61	61
2X9A	blue	boltz	0	0.444	0.9774	0.9959	0.9754	61	61
2X9A	blue	boltz	1	0.406	0.9816	0.9959	0.9877	61	61
2X9A	blue	boltz	2	0.578	0.9743	0.9918	0.9672	61	61
2X9A	blue	boltz	3	0.451	0.9764	0.9959	0.9672	61	61
2X9A	blue	boltz	4	0.685	0.9711	0.9918	0.9631	61	61
2X9A	blue	amber_af	0	0.468	0.9776	0.9918	0.9713	61	61
2X9A	blue	amber_af	1	0.451	0.9785	0.9959	0.9754	61	61
2X9A	blue	amber_af	2	0.464	0.9769	0.9959	0.9754	61	61
2X9A	blue	amber_af	3	0.464	0.9774	0.9959	0.9754	61	61
2X9A	blue	amber_af	4	0.461	0.9764	0.9959	0.9713	61	61
2X9A	blue	amber_boltz	0	0.458	0.9764	0.9959	0.9754	61	61
2X9A	blue	amber_boltz	1	0.418	0.9808	0.9959	0.9836	61	61
2X9A	blue	amber_boltz	2	0.605	0.9725	0.9918	0.9590	61	61
2X9A	blue	amber_boltz	3	0.464	0.9759	0.9959	0.9754	61	61
2X9A	blue	amber_boltz	4	0.700	0.9698	0.9918	0.9672	61	61
2YVJ	blue	af_relaxed	0	0.748	0.9897	0.9670	0.8445	402	402
2YVJ	blue	af_relaxed	1	0.749	0.9897	0.9664	0.8408	402	402
2YVJ	blue	af_relaxed	2	0.728	0.9902	0.9683	0.8526	402	402
2YVJ	blue	af_relaxed	3	0.743	0.9898	0.9677	0.8483	402	402
2YVJ	blue	af_relaxed	4	0.741	0.9899	0.9683	0.8489	402	402
2YVJ	blue	af_unrelaxed	0	0.745	0.9898	0.9670	0.8445	402	402
2YVJ	blue	af_unrelaxed	1	0.745	0.9898	0.9670	0.8439	402	402
2YVJ	blue	af_unrelaxed	2	0.724	0.9903	0.9689	0.8539	402	402
2YVJ	blue	af_unrelaxed	3	0.739	0.9899	0.9683	0.8483	402	402
2YVJ	blue	af_unrelaxed	4	0.736	0.9900	0.9677	0.8495	402	402
2YVJ	blue	boltz	0	0.730	0.9902	0.9701	0.8582	402	402
2YVJ	blue	boltz	1	0.722	0.9905	0.9683	0.8539	402	402
2YVJ	blue	boltz	2	0.718	0.9905	0.9701	0.8489	402	402
2YVJ	blue	boltz	3	0.708	0.9908	0.9689	0.8532	402	402
2YVJ	blue	boltz	4	0.674	0.9916	0.9739	0.8619	402	402
2YVJ	blue	amber_af	0	0.748	0.9897	0.9670	0.8433	402	402
2YVJ	blue	amber_af	1	0.749	0.9897	0.9664	0.8408	402	402
2YVJ	blue	amber_af	2	0.729	0.9902	0.9677	0.8532	402	402
2YVJ	blue	amber_af	3	0.743	0.9898	0.9677	0.8483	402	402
2YVJ	blue	amber_af	4	0.741	0.9899	0.9677	0.8495	402	402
2YVJ	blue	amber_boltz	0	0.736	0.9901	0.9708	0.8570	402	402
2YVJ	blue	amber_boltz	1	0.730	0.9903	0.9670	0.8507	402	402
2YVJ	blue	amber_boltz	2	0.724	0.9904	0.9689	0.8439	402	402
2YVJ	blue	amber_boltz	3	0.712	0.9907	0.9695	0.8507	402	402
2YVJ	blue	amber_boltz	4	0.682	0.9914	0.9739	0.8563	402	402
2Z0E	blue	af_relaxed	0	6.190	0.9521	0.9405	0.9056	301	315
2Z0E	blue	af_relaxed	1	6.184	0.9524	0.9413	0.9111	301	315
2Z0E	blue	af_relaxed	2	6.201	0.9513	0.9397	0.9016	301	315
2Z0E	blue	af_relaxed	3	6.209	0.9483	0.9325	0.8937	300	315
2Z0E	blue	af_relaxed	4	6.199	0.9469	0.9333	0.8944	299	315
2Z0E	blue	af_unrelaxed	0	6.200	0.9514	0.9381	0.9024	301	315
2Z0E	blue	af_unrelaxed	1	6.193	0.9521	0.9397	0.9056	301	315
2Z0E	blue	af_unrelaxed	2	6.209	0.9484	0.9333	0.8952	300	315
2Z0E	blue	af_unrelaxed	3	6.183	0.9525	0.9413	0.9111	301	315
2Z0E	blue	af_unrelaxed	4	6.199	0.9469	0.9333	0.8952	299	315
2Z0E	blue	boltz	0	4.438	0.9486	0.9325	0.8817	299	315
2Z0E	blue	boltz	1	4.266	0.9478	0.9302	0.8762	299	315
2Z0E	blue	boltz	2	4.575	0.9476	0.9333	0.8746	299	315
2Z0E	blue	boltz	3	4.388	0.9503	0.9389	0.8841	299	315
2Z0E	blue	boltz	4	3.979	0.9504	0.9341	0.8762	299	315
2Z0E	blue	amber_af	0	6.201	0.9514	0.9397	0.9008	301	315
2Z0E	blue	amber_af	1	6.190	0.9521	0.9405	0.9063	301	315
2Z0E	blue	amber_af	2	6.210	0.9483	0.9333	0.8944	300	315
2Z0E	blue	amber_af	3	6.184	0.9524	0.9413	0.9111	301	315
2Z0E	blue	amber_af	4	6.200	0.9469	0.9333	0.8944	299	315
2Z0E	blue	amber_boltz	0	4.442	0.9485	0.9341	0.8810	299	315
2Z0E	blue	amber_boltz	1	4.271	0.9477	0.9302	0.8722	299	315
2Z0E	blue	amber_boltz	2	4.575	0.9476	0.9325	0.8754	299	315
2Z0E	blue	amber_boltz	3	4.397	0.9501	0.9381	0.8833	299	315
2Z0E	blue	amber_boltz	4	3.980	0.9501	0.9333	0.8738	299	315
3A4S	blue	af_relaxed	0	0.759	0.9827	0.9839	0.9274	154	155
3A4S	blue	af_relaxed	1	0.738	0.9836	0.9839	0.9258	154	155
3A4S	blue	af_relaxed	2	0.725	0.9840	0.9839	0.9258	154	155
3A4S	blue	af_relaxed	3	0.732	0.9841	0.9855	0.9323	154	155
3A4S	blue	af_relaxed	4	0.729	0.9843	0.9855	0.9339	154	155
3A4S	blue	af_unrelaxed	0	0.736	0.9836	0.9839	0.9274	154	155
3A4S	blue	af_unrelaxed	1	0.757	0.9828	0.9823	0.9258	154	155
3A4S	blue	af_unrelaxed	2	0.728	0.9844	0.9855	0.9355	154	155
3A4S	blue	af_unrelaxed	3	0.722	0.9841	0.9839	0.9274	154	155
3A4S	blue	af_unrelaxed	4	0.727	0.9845	0.9855	0.9355	154	155
3A4S	blue	boltz	0	0.699	0.9860	0.9887	0.9484	154	155
3A4S	blue	boltz	1	0.696	0.9853	0.9855	0.9371	154	155
3A4S	blue	boltz	2	0.667	0.9870	0.9871	0.9435	154	155
3A4S	blue	boltz	3	0.700	0.9860	0.9887	0.9419	154	155
3A4S	blue	boltz	4	0.722	0.9854	0.9855	0.9419	154	155
3A4S	blue	amber_af	0	0.738	0.9835	0.9839	0.9258	154	155
3A4S	blue	amber_af	1	0.759	0.9827	0.9839	0.9274	154	155
3A4S	blue	amber_af	2	0.732	0.9841	0.9855	0.9323	154	155
3A4S	blue	amber_af	3	0.726	0.9840	0.9839	0.9258	154	155
3A4S	blue	amber_af	4	0.729	0.9843	0.9855	0.9355	154	155
3A4S	blue	amber_boltz	0	0.711	0.9850	0.9855	0.9371	154	155
3A4S	blue	amber_boltz	1	0.697	0.9852	0.9855	0.9339	154	155
3A4S	blue	amber_boltz	2	0.670	0.9867	0.9871	0.9387	154	155
3A4S	blue	amber_boltz	3	0.704	0.9856	0.9887	0.9387	154	155
3A4S	blue	amber_boltz	4	0.723	0.9852	0.9839	0.9371	154	155
3AAA	blue	af_relaxed	0	1.150	0.9688	0.9316	0.8343	267	267
3AAA	blue	af_relaxed	1	1.029	0.9742	0.9457	0.8549	267	267
3AAA	blue	af_relaxed	2	1.172	0.9678	0.9326	0.8399	267	267
3AAA	blue	af_relaxed	3	1.111	0.9706	0.9354	0.8436	267	267
3AAA	blue	af_relaxed	4	1.043	0.9736	0.9410	0.8530	267	267
3AAA	blue	af_unrelaxed	0	1.164	0.9682	0.9335	0.8390	267	267
3AAA	blue	af_unrelaxed	1	1.037	0.9739	0.9429	0.8539	267	267
3AAA	blue	af_unrelaxed	2	1.103	0.9710	0.9391	0.8446	267	267
3AAA	blue	af_unrelaxed	3	1.021	0.9746	0.9476	0.8586	267	267
3AAA	blue	af_unrelaxed	4	1.144	0.9691	0.9345	0.8380	267	267
3AAA	blue	boltz	0	0.931	0.9786	0.9541	0.8624	267	267
3AAA	blue	boltz	1	1.046	0.9736	0.9448	0.8455	267	267
3AAA	blue	boltz	2	1.102	0.9711	0.9382	0.8399	266	267
3AAA	blue	boltz	3	1.108	0.9707	0.9401	0.8371	267	267
3AAA	blue	boltz	4	1.009	0.9751	0.9466	0.8418	267	267
3AAA	blue	amber_af	0	1.172	0.9678	0.9326	0.8408	267	267
3AAA	blue	amber_af	1	1.043	0.9736	0.9419	0.8539	267	267
3AAA	blue	amber_af	2	1.111	0.9706	0.9382	0.8455	267	267
3AAA	blue	amber_af	3	1.030	0.9742	0.9466	0.8549	267	267
3AAA	blue	amber_af	4	1.150	0.9688	0.9316	0.8333	267	267
3AAA	blue	amber_boltz	0	0.936	0.9783	0.9522	0.8586	267	267
3AAA	blue	amber_boltz	1	1.054	0.9732	0.9438	0.8427	267	267
3AAA	blue	amber_boltz	2	1.107	0.9708	0.9391	0.8418	267	267
3AAA	blue	amber_boltz	3	1.112	0.9704	0.9382	0.8352	267	267
3AAA	blue	amber_boltz	4	1.015	0.9748	0.9457	0.8371	267	267
3AAD	blue	af_relaxed	0	17.698	0.4960	0.4792	0.4280	127	264
3AAD	blue	af_relaxed	1	11.222	0.7342	0.6629	0.5019	200	264
3AAD	blue	af_relaxed	2	10.097	0.7664	0.6761	0.5114	220	264
3AAD	blue	af_relaxed	3	16.242	0.5022	0.4782	0.4252	127	264
3AAD	blue	af_relaxed	4	16.534	0.4897	0.4801	0.4252	127	264
3AAD	blue	af_unrelaxed	0	16.234	0.5024	0.4801	0.4290	127	264
3AAD	blue	af_unrelaxed	1	10.093	0.7665	0.6790	0.5189	220	264
3AAD	blue	af_unrelaxed	2	17.690	0.4962	0.4792	0.4309	127	264
3AAD	blue	af_unrelaxed	3	11.221	0.7345	0.6638	0.5047	200	264
3AAD	blue	af_unrelaxed	4	16.529	0.4900	0.4801	0.4299	127	264
3AAD	blue	boltz	0	15.476	0.4908	0.4773	0.4205	124	264
3AAD	blue	boltz	1	16.210	0.4865	0.4688	0.4110	127	264
3AAD	blue	boltz	2	15.719	0.4883	0.4678	0.4100	125	264
3AAD	blue	boltz	3	18.068	0.4877	0.4706	0.4119	124	264
3AAD	blue	boltz	4	16.711	0.4882	0.4735	0.4195	127	264
3AAD	blue	amber_af	0	16.242	0.5022	0.4782	0.4261	127	264
3AAD	blue	amber_af	1	10.097	0.7664	0.6761	0.5114	220	264
3AAD	blue	amber_af	2	17.697	0.4960	0.4782	0.4271	127	264
3AAD	blue	amber_af	3	11.222	0.7342	0.6629	0.5019	201	264
3AAD	blue	amber_af	4	16.534	0.4897	0.4801	0.4252	127	264
3AAD	blue	amber_boltz	0	15.489	0.4907	0.4763	0.4214	123	264
3AAD	blue	amber_boltz	1	16.245	0.4863	0.4697	0.4072	127	264
3AAD	blue	amber_boltz	2	15.724	0.4883	0.4678	0.4091	125	264
3AAD	blue	amber_boltz	3	18.110	0.4869	0.4716	0.4081	124	264
3AAD	blue	amber_boltz	4	16.481	0.4881	0.4744	0.4242	127	264
3BIW	blue	af_relaxed	0	0.723	0.9935	0.9831	0.9475	531	533
3BIW	blue	af_relaxed	1	0.682	0.9942	0.9850	0.9498	531	533
3BIW	blue	af_relaxed	2	0.674	0.9942	0.9855	0.9522	532	533
3BIW	blue	af_relaxed	3	0.686	0.9940	0.9845	0.9512	532	533
3BIW	blue	af_relaxed	4	0.677	0.9942	0.9850	0.9484	532	533
3BIW	blue	af_unrelaxed	0	0.662	0.9944	0.9855	0.9564	532	533
3BIW	blue	af_unrelaxed	1	0.678	0.9942	0.9845	0.9545	532	533
3BIW	blue	af_unrelaxed	2	0.675	0.9943	0.9855	0.9545	531	533
3BIW	blue	af_unrelaxed	3	0.619	0.9951	0.9873	0.9611	532	533
3BIW	blue	af_unrelaxed	4	0.716	0.9937	0.9836	0.9526	531	533
3BIW	blue	boltz	0	0.948	0.9880	0.9522	0.8241	531	533
3BIW	blue	boltz	1	0.986	0.9872	0.9517	0.8316	530	533
3BIW	blue	boltz	2	1.000	0.9871	0.9526	0.8213	529	533
3BIW	blue	boltz	3	0.961	0.9879	0.9568	0.8344	530	533
3BIW	blue	boltz	4	1.035	0.9858	0.9437	0.8063	530	533
3BIW	blue	amber_af	0	0.674	0.9942	0.9855	0.9522	532	533
3BIW	blue	amber_af	1	0.686	0.9940	0.9845	0.9512	532	533
3BIW	blue	amber_af	2	0.683	0.9942	0.9855	0.9503	531	533
3BIW	blue	amber_af	3	0.675	0.9942	0.9850	0.9489	532	533
3BIW	blue	amber_af	4	0.722	0.9935	0.9831	0.9484	531	533
3BIW	blue	amber_boltz	0	0.950	0.9879	0.9526	0.8241	531	533
3BIW	blue	amber_boltz	1	0.991	0.9870	0.9498	0.8260	530	533
3BIW	blue	amber_boltz	2	1.003	0.9870	0.9517	0.8157	529	533
3BIW	blue	amber_boltz	3	0.965	0.9878	0.9568	0.8307	530	533
3BIW	blue	amber_boltz	4	1.039	0.9857	0.9423	0.8077	530	533
3BP8	blue	af_relaxed	0	1.662	0.9566	0.8543	0.7087	377	381
3BP8	blue	af_relaxed	1	1.870	0.9443	0.8235	0.6713	377	381
3BP8	blue	af_relaxed	2	1.717	0.9542	0.8451	0.6916	377	381
3BP8	blue	af_relaxed	3	1.687	0.9558	0.8465	0.6923	377	381
3BP8	blue	af_relaxed	4	1.793	0.9501	0.8314	0.6772	376	381
3BP8	blue	af_unrelaxed	0	1.655	0.9569	0.8537	0.7113	377	381
3BP8	blue	af_unrelaxed	1	1.864	0.9446	0.8235	0.6752	377	381
3BP8	blue	af_unrelaxed	2	1.704	0.9547	0.8458	0.6962	377	381
3BP8	blue	af_unrelaxed	3	1.682	0.9560	0.8471	0.6955	377	381
3BP8	blue	af_unrelaxed	4	1.779	0.9507	0.8353	0.6864	377	381
3BP8	blue	boltz	0	1.753	0.9552	0.8360	0.6476	378	381
3BP8	blue	boltz	1	1.916	0.9460	0.8150	0.6260	374	381
3BP8	blue	boltz	2	1.789	0.9540	0.8425	0.6562	374	381
3BP8	blue	boltz	3	1.750	0.9553	0.8419	0.6516	376	381
3BP8	blue	boltz	4	1.863	0.9503	0.8255	0.6325	374	381
3BP8	blue	amber_af	0	1.662	0.9566	0.8543	0.7087	377	381
3BP8	blue	amber_af	1	1.870	0.9443	0.8235	0.6706	377	381
3BP8	blue	amber_af	2	1.717	0.9542	0.8438	0.6896	377	381
3BP8	blue	amber_af	3	1.687	0.9558	0.8478	0.6929	377	381
3BP8	blue	amber_af	4	1.793	0.9501	0.8320	0.6778	376	381
3BP8	blue	amber_boltz	0	1.766	0.9546	0.8327	0.6424	378	381
3BP8	blue	amber_boltz	1	1.929	0.9454	0.8130	0.6227	374	381
3BP8	blue	amber_boltz	2	1.798	0.9537	0.8406	0.6503	373	381
3BP8	blue	amber_boltz	3	1.760	0.9550	0.8379	0.6444	376	381
3BP8	blue	amber_boltz	4	1.873	0.9500	0.8248	0.6312	374	381
3BX7	blue	af_relaxed	0	0.644	0.9845	0.9769	0.9263	173	173
3BX7	blue	af_relaxed	1	1.259	0.9669	0.9595	0.9075	169	173
3BX7	blue	af_relaxed	2	0.857	0.9751	0.9639	0.9075	173	173
3BX7	blue	af_relaxed	3	1.249	0.9661	0.9566	0.9003	169	173
3BX7	blue	af_relaxed	4	1.408	0.9629	0.9581	0.8887	168	173
3BX7	blue	af_unrelaxed	0	1.267	0.9666	0.9566	0.9032	169	173
3BX7	blue	af_unrelaxed	1	0.647	0.9844	0.9754	0.9306	173	173
3BX7	blue	af_unrelaxed	2	1.417	0.9620	0.9566	0.8960	169	173
3BX7	blue	af_unrelaxed	3	0.862	0.9749	0.9610	0.9046	173	173
3BX7	blue	af_unrelaxed	4	1.254	0.9660	0.9566	0.9032	169	173
3BX7	blue	boltz	0	1.590	0.9592	0.9581	0.8974	167	173
3BX7	blue	boltz	1	1.571	0.9596	0.9581	0.9003	167	173
3BX7	blue	boltz	2	1.574	0.9601	0.9581	0.8916	167	173
3BX7	blue	boltz	3	1.677	0.9560	0.9509	0.8887	167	173
3BX7	blue	boltz	4	1.528	0.9597	0.9523	0.8916	168	173
3BX7	blue	amber_af	0	1.259	0.9669	0.9595	0.9075	169	173
3BX7	blue	amber_af	1	0.646	0.9844	0.9769	0.9263	173	173
3BX7	blue	amber_af	2	1.409	0.9627	0.9581	0.8873	168	173
3BX7	blue	amber_af	3	0.858	0.9751	0.9639	0.9075	173	173
3BX7	blue	amber_af	4	1.251	0.9661	0.9581	0.9032	169	173
3BX7	blue	amber_boltz	0	1.594	0.9588	0.9581	0.8960	167	173
3BX7	blue	amber_boltz	1	1.571	0.9597	0.9581	0.8974	167	173
3BX7	blue	amber_boltz	2	1.577	0.9596	0.9581	0.8902	167	173
3BX7	blue	amber_boltz	3	1.676	0.9557	0.9509	0.8858	167	173
3BX7	blue	amber_boltz	4	1.526	0.9592	0.9523	0.8887	168	173
3CPH	blue	af_relaxed	0	2.393	0.9164	0.8966	0.7989	164	174
3CPH	blue	af_relaxed	1	2.248	0.9265	0.8980	0.7960	167	174
3CPH	blue	af_relaxed	2	2.424	0.9100	0.8865	0.7802	166	174
3CPH	blue	af_relaxed	3	2.455	0.9059	0.8736	0.7644	163	174
3CPH	blue	af_relaxed	4	2.398	0.9083	0.8836	0.7672	166	174
3CPH	blue	af_unrelaxed	0	2.379	0.9171	0.8966	0.8032	164	174
3CPH	blue	af_unrelaxed	1	2.424	0.9098	0.8851	0.7773	166	174
3CPH	blue	af_unrelaxed	2	2.406	0.9074	0.8807	0.7586	166	174
3CPH	blue	af_unrelaxed	3	2.240	0.9265	0.8980	0.7945	167	174
3CPH	blue	af_unrelaxed	4	2.447	0.9056	0.8764	0.7644	163	174
3CPH	blue	boltz	0	4.157	0.9187	0.9052	0.8103	160	174
3CPH	blue	boltz	1	4.532	0.8996	0.8865	0.7931	158	174
3CPH	blue	boltz	2	4.518	0.8984	0.8836	0.7931	157	174
3CPH	blue	boltz	3	4.496	0.9032	0.8851	0.8046	161	174
3CPH	blue	boltz	4	4.186	0.9195	0.9009	0.8118	162	174
3CPH	blue	amber_af	0	2.393	0.9163	0.8966	0.7989	164	174
3CPH	blue	amber_af	1	2.423	0.9101	0.8865	0.7802	166	174
3CPH	blue	amber_af	2	2.398	0.9084	0.8822	0.7672	166	174
3CPH	blue	amber_af	3	2.248	0.9265	0.8994	0.7974	167	174
3CPH	blue	amber_af	4	2.451	0.9057	0.8750	0.7644	162	174
3CPH	blue	amber_boltz	0	4.145	0.9184	0.9066	0.8118	160	174
3CPH	blue	amber_boltz	1	4.554	0.8993	0.8851	0.7931	158	174
3CPH	blue	amber_boltz	2	4.523	0.8980	0.8822	0.7888	157	174
3CPH	blue	amber_boltz	3	4.504	0.9025	0.8865	0.8046	161	174
3CPH	blue	amber_boltz	4	4.194	0.9187	0.9009	0.8103	163	174
3D5S	blue	af_relaxed	0	0.585	0.9932	0.9882	0.9663	296	297
3D5S	blue	af_relaxed	1	0.582	0.9932	0.9891	0.9672	296	297
3D5S	blue	af_relaxed	2	0.586	0.9932	0.9891	0.9672	296	297
3D5S	blue	af_relaxed	3	0.578	0.9934	0.9899	0.9697	296	297
3D5S	blue	af_relaxed	4	0.572	0.9936	0.9899	0.9714	296	297
3D5S	blue	af_unrelaxed	0	0.582	0.9935	0.9899	0.9714	296	297
3D5S	blue	af_unrelaxed	1	0.588	0.9933	0.9882	0.9680	296	297
3D5S	blue	af_unrelaxed	2	0.596	0.9932	0.9891	0.9697	296	297
3D5S	blue	af_unrelaxed	3	0.592	0.9932	0.9891	0.9705	296	297
3D5S	blue	af_unrelaxed	4	0.591	0.9932	0.9882	0.9680	296	297
3D5S	blue	boltz	0	0.811	0.9902	0.9874	0.9259	296	297
3D5S	blue	boltz	1	0.545	0.9931	0.9891	0.9343	297	297
3D5S	blue	boltz	2	0.712	0.9900	0.9840	0.9209	296	297
3D5S	blue	boltz	3	0.529	0.9934	0.9907	0.9394	297	297
3D5S	blue	boltz	4	0.641	0.9915	0.9874	0.9259	296	297
3D5S	blue	amber_af	0	0.573	0.9935	0.9899	0.9705	296	297
3D5S	blue	amber_af	1	0.578	0.9934	0.9899	0.9697	296	297
3D5S	blue	amber_af	2	0.586	0.9932	0.9891	0.9672	296	297
3D5S	blue	amber_af	3	0.584	0.9932	0.9891	0.9672	296	297
3D5S	blue	amber_af	4	0.583	0.9932	0.9891	0.9672	296	297
3D5S	blue	amber_boltz	0	0.821	0.9900	0.9865	0.9234	296	297
3D5S	blue	amber_boltz	1	0.545	0.9931	0.9891	0.9335	297	297
3D5S	blue	amber_boltz	2	0.709	0.9901	0.9815	0.9200	296	297
3D5S	blue	amber_boltz	3	0.526	0.9934	0.9907	0.9386	297	297
3D5S	blue	amber_boltz	4	0.640	0.9914	0.9882	0.9234	296	297
3DAW	blue	af_relaxed	0	0.947	0.9841	0.9556	0.8555	371	372
3DAW	blue	af_relaxed	1	0.965	0.9834	0.9489	0.8441	371	372
3DAW	blue	af_relaxed	2	1.026	0.9818	0.9469	0.8374	370	372
3DAW	blue	af_relaxed	3	0.973	0.9837	0.9577	0.8575	369	372
3DAW	blue	af_relaxed	4	0.932	0.9850	0.9617	0.8716	371	372
3DAW	blue	af_unrelaxed	0	0.971	0.9837	0.9583	0.8602	370	372
3DAW	blue	af_unrelaxed	1	0.930	0.9850	0.9610	0.8716	371	372
3DAW	blue	af_unrelaxed	2	0.937	0.9843	0.9550	0.8542	371	372
3DAW	blue	af_unrelaxed	3	1.027	0.9818	0.9476	0.8380	370	372
3DAW	blue	af_unrelaxed	4	0.960	0.9835	0.9516	0.8468	371	372
3DAW	blue	boltz	0	1.049	0.9818	0.9496	0.8313	368	372
3DAW	blue	boltz	1	1.185	0.9798	0.9550	0.8427	367	372
3DAW	blue	boltz	2	1.096	0.9825	0.9570	0.8609	368	372
3DAW	blue	boltz	3	1.108	0.9798	0.9388	0.8226	369	372
3DAW	blue	boltz	4	1.413	0.9715	0.9214	0.7897	364	372
3DAW	blue	amber_af	0	0.973	0.9837	0.9577	0.8582	369	372
3DAW	blue	amber_af	1	0.932	0.9849	0.9610	0.8716	371	372
3DAW	blue	amber_af	2	0.951	0.9840	0.9556	0.8555	371	372
3DAW	blue	amber_af	3	1.026	0.9818	0.9476	0.8387	370	372
3DAW	blue	amber_af	4	0.964	0.9834	0.9489	0.8441	371	372
3DAW	blue	amber_boltz	0	1.051	0.9817	0.9483	0.8293	368	372
3DAW	blue	amber_boltz	1	1.184	0.9799	0.9543	0.8387	367	372
3DAW	blue	amber_boltz	2	1.100	0.9824	0.9577	0.8616	368	372
3DAW	blue	amber_boltz	3	1.106	0.9799	0.9402	0.8226	369	372
3DAW	blue	amber_boltz	4	1.417	0.9714	0.9227	0.7917	364	372
3EO1	blue	af_relaxed	0	1.069	0.9719	0.9581	0.8372	212	215
3EO1	blue	af_relaxed	1	1.000	0.9753	0.9593	0.8500	212	215
3EO1	blue	af_relaxed	2	1.013	0.9743	0.9605	0.8419	212	215
3EO1	blue	af_relaxed	3	1.027	0.9735	0.9570	0.8326	212	215
3EO1	blue	af_relaxed	4	1.094	0.9715	0.9547	0.8279	212	215
3EO1	blue	af_unrelaxed	0	1.006	0.9745	0.9581	0.8407	212	215
3EO1	blue	af_unrelaxed	1	1.085	0.9719	0.9547	0.8279	212	215
3EO1	blue	af_unrelaxed	2	1.057	0.9724	0.9570	0.8419	212	215
3EO1	blue	af_unrelaxed	3	0.989	0.9757	0.9616	0.8547	212	215
3EO1	blue	af_unrelaxed	4	1.003	0.9748	0.9581	0.8442	212	215
3EO1	blue	boltz	0	1.029	0.9724	0.9465	0.8326	213	215
3EO1	blue	boltz	1	1.076	0.9703	0.9442	0.8105	212	215
3EO1	blue	boltz	2	1.022	0.9725	0.9465	0.8407	214	215
3EO1	blue	boltz	3	0.987	0.9758	0.9581	0.8616	213	215
3EO1	blue	boltz	4	1.055	0.9728	0.9535	0.8326	212	215
3EO1	blue	amber_af	0	1.033	0.9732	0.9570	0.8302	212	215
3EO1	blue	amber_af	1	1.093	0.9715	0.9547	0.8291	212	215
3EO1	blue	amber_af	2	1.068	0.9719	0.9581	0.8372	212	215
3EO1	blue	amber_af	3	1.000	0.9753	0.9616	0.8535	212	215
3EO1	blue	amber_af	4	1.013	0.9743	0.9616	0.8419	212	215
3EO1	blue	amber_boltz	0	1.044	0.9718	0.9430	0.8233	213	215
3EO1	blue	amber_boltz	1	1.091	0.9698	0.9442	0.8070	212	215
3EO1	blue	amber_boltz	2	1.033	0.9721	0.9442	0.8337	213	215
3EO1	blue	amber_boltz	3	1.001	0.9752	0.9570	0.8570	212	215
3EO1	blue	amber_boltz	4	1.067	0.9723	0.9523	0.8302	212	215
3EOA	blue	af_relaxed	0	0.977	0.9734	0.9500	0.8128	214	215
3EOA	blue	af_relaxed	1	1.383	0.9492	0.8907	0.7523	212	215
3EOA	blue	af_relaxed	2	1.329	0.9511	0.8895	0.7430	213	215
3EOA	blue	af_relaxed	3	1.045	0.9734	0.9535	0.8163	213	215
3EOA	blue	af_relaxed	4	1.574	0.9318	0.8535	0.7093	213	215
3EOA	blue	af_unrelaxed	0	1.051	0.9731	0.9547	0.8233	213	215
3EOA	blue	af_unrelaxed	1	1.591	0.9310	0.8512	0.7105	212	215
3EOA	blue	af_unrelaxed	2	0.984	0.9730	0.9488	0.8140	214	215
3EOA	blue	af_unrelaxed	3	1.384	0.9489	0.8907	0.7570	213	215
3EOA	blue	af_unrelaxed	4	1.329	0.9508	0.8849	0.7453	214	215
3EOA	blue	boltz	0	1.528	0.9393	0.8628	0.7186	212	215
3EOA	blue	boltz	1	1.793	0.9158	0.8442	0.7070	212	215
3EOA	blue	boltz	2	1.813	0.9183	0.8430	0.7058	211	215
3EOA	blue	boltz	3	2.168	0.8863	0.8116	0.6756	210	215
3EOA	blue	boltz	4	1.066	0.9726	0.9535	0.8174	212	215
3EOA	blue	amber_af	0	1.045	0.9734	0.9535	0.8163	213	215
3EOA	blue	amber_af	1	1.573	0.9318	0.8523	0.7093	213	215
3EOA	blue	amber_af	2	0.969	0.9735	0.9477	0.8105	214	215
3EOA	blue	amber_af	3	1.383	0.9492	0.8907	0.7547	212	215
3EOA	blue	amber_af	4	1.332	0.9508	0.8884	0.7442	214	215
3EOA	blue	amber_boltz	0	1.536	0.9388	0.8605	0.7140	212	215
3EOA	blue	amber_boltz	1	1.803	0.9153	0.8442	0.7047	212	215
3EOA	blue	amber_boltz	2	1.817	0.9182	0.8442	0.7047	211	215
3EOA	blue	amber_boltz	3	2.170	0.8862	0.8105	0.6733	210	215
3EOA	blue	amber_boltz	4	1.067	0.9722	0.9535	0.8163	212	215
3F1P	blue	af_relaxed	0	1.255	0.9591	0.9715	0.9101	112	114
3F1P	blue	af_relaxed	1	1.478	0.9558	0.9671	0.9013	111	114
3F1P	blue	af_relaxed	2	1.588	0.9529	0.9671	0.8991	111	114
3F1P	blue	af_relaxed	3	1.248	0.9596	0.9715	0.9057	112	114
3F1P	blue	af_relaxed	4	1.459	0.9549	0.9671	0.9035	111	114
3F1P	blue	af_unrelaxed	0	1.252	0.9594	0.9715	0.9123	112	114
3F1P	blue	af_unrelaxed	1	1.246	0.9598	0.9715	0.9057	112	114
3F1P	blue	af_unrelaxed	2	1.467	0.9565	0.9671	0.8991	111	114
3F1P	blue	af_unrelaxed	3	1.460	0.9548	0.9671	0.9035	111	114
3F1P	blue	af_unrelaxed	4	1.581	0.9533	0.9671	0.9013	111	114
3F1P	blue	boltz	0	3.031	0.9464	0.9518	0.9101	110	114
3F1P	blue	boltz	1	2.437	0.9445	0.9627	0.9211	110	114
3F1P	blue	boltz	2	1.853	0.9506	0.9583	0.9167	111	114
3F1P	blue	boltz	3	2.585	0.9476	0.9583	0.9211	110	114
3F1P	blue	boltz	4	2.443	0.9434	0.9539	0.9145	110	114
3F1P	blue	amber_af	0	1.256	0.9590	0.9715	0.9079	112	114
3F1P	blue	amber_af	1	1.248	0.9596	0.9715	0.9057	112	114
3F1P	blue	amber_af	2	1.476	0.9559	0.9671	0.9013	111	114
3F1P	blue	amber_af	3	1.460	0.9549	0.9671	0.9013	111	114
3F1P	blue	amber_af	4	1.588	0.9528	0.9671	0.9013	111	114
3F1P	blue	amber_boltz	0	3.057	0.9459	0.9518	0.9079	110	114
3F1P	blue	amber_boltz	1	2.440	0.9441	0.9583	0.9123	110	114
3F1P	blue	amber_boltz	2	1.861	0.9509	0.9583	0.9145	111	114
3F1P	blue	amber_boltz	3	2.586	0.9477	0.9583	0.9211	110	114
3F1P	blue	amber_boltz	4	2.437	0.9434	0.9539	0.9123	110	114
3FN1	blue	af_relaxed	0	0.589	0.9731	0.9891	0.8913	92	92
3FN1	blue	af_relaxed	1	0.575	0.9740	0.9918	0.8967	92	92
3FN1	blue	af_relaxed	2	0.574	0.9742	0.9918	0.8995	92	92
3FN1	blue	af_relaxed	3	0.550	0.9761	0.9946	0.8967	92	92
3FN1	blue	af_relaxed	4	0.537	0.9772	0.9918	0.9022	92	92
3FN1	blue	af_unrelaxed	0	0.553	0.9758	0.9946	0.8967	92	92
3FN1	blue	af_unrelaxed	1	0.543	0.9767	0.9946	0.9022	92	92
3FN1	blue	af_unrelaxed	2	0.576	0.9739	0.9918	0.8995	92	92
3FN1	blue	af_unrelaxed	3	0.576	0.9739	0.9918	0.8995	92	92
3FN1	blue	af_unrelaxed	4	0.589	0.9730	0.9891	0.8886	92	92
3FN1	blue	boltz	0	0.560	0.9756	0.9891	0.8940	92	92
3FN1	blue	boltz	1	0.571	0.9747	0.9864	0.8913	92	92
3FN1	blue	boltz	2	0.562	0.9755	0.9891	0.8995	92	92
3FN1	blue	boltz	3	0.543	0.9769	0.9891	0.9049	92	92
3FN1	blue	boltz	4	0.633	0.9690	0.9810	0.8696	92	92
3FN1	blue	amber_af	0	0.549	0.9762	0.9946	0.8995	92	92
3FN1	blue	amber_af	1	0.537	0.9773	0.9918	0.9022	92	92
3FN1	blue	amber_af	2	0.576	0.9740	0.9918	0.8967	92	92
3FN1	blue	amber_af	3	0.575	0.9741	0.9918	0.9022	92	92
3FN1	blue	amber_af	4	0.590	0.9730	0.9891	0.8886	92	92
3FN1	blue	amber_boltz	0	0.560	0.9756	0.9918	0.8913	92	92
3FN1	blue	amber_boltz	1	0.571	0.9748	0.9837	0.8886	92	92
3FN1	blue	amber_boltz	2	0.564	0.9754	0.9891	0.8967	92	92
3FN1	blue	amber_boltz	3	0.541	0.9771	0.9891	0.9076	92	92
3FN1	blue	amber_boltz	4	0.628	0.9694	0.9810	0.8723	92	92
3G6D	blue	af_relaxed	0	2.526	0.8846	0.8797	0.7830	97	106
3G6D	blue	af_relaxed	1	2.223	0.8979	0.8962	0.8042	101	106
3G6D	blue	af_relaxed	2	2.256	0.8921	0.8939	0.7854	100	106
3G6D	blue	af_relaxed	3	2.712	0.8693	0.8656	0.7146	97	106
3G6D	blue	af_relaxed	4	2.879	0.8469	0.8396	0.6651	96	106
3G6D	blue	af_unrelaxed	0	2.853	0.8458	0.8396	0.6486	96	106
3G6D	blue	af_unrelaxed	1	2.211	0.8985	0.8962	0.7995	101	106
3G6D	blue	af_unrelaxed	2	2.715	0.8686	0.8632	0.7028	97	106
3G6D	blue	af_unrelaxed	3	2.256	0.8919	0.8915	0.7854	102	106
3G6D	blue	af_unrelaxed	4	2.514	0.8850	0.8797	0.7807	97	106
3G6D	blue	boltz	0	2.850	0.8499	0.8467	0.7123	96	106
3G6D	blue	boltz	1	2.916	0.8470	0.8349	0.7052	95	106
3G6D	blue	boltz	2	2.898	0.8391	0.8278	0.6981	95	106
3G6D	blue	boltz	3	2.860	0.8473	0.8373	0.7146	94	106
3G6D	blue	boltz	4	2.989	0.8391	0.8255	0.6863	94	106
3G6D	blue	amber_af	0	2.871	0.8475	0.8396	0.6651	97	106
3G6D	blue	amber_af	1	2.223	0.8978	0.8962	0.8019	101	106
3G6D	blue	amber_af	2	2.707	0.8693	0.8656	0.7146	97	106
3G6D	blue	amber_af	3	2.261	0.8920	0.8939	0.7877	100	106
3G6D	blue	amber_af	4	2.527	0.8846	0.8797	0.7830	97	106
3G6D	blue	amber_boltz	0	2.852	0.8498	0.8396	0.7075	96	106
3G6D	blue	amber_boltz	1	2.916	0.8472	0.8349	0.7099	95	106
3G6D	blue	amber_boltz	2	2.899	0.8391	0.8302	0.6981	95	106
3G6D	blue	amber_boltz	3	2.863	0.8475	0.8373	0.7146	94	106
3G6D	blue	amber_boltz	4	2.988	0.8397	0.8278	0.6910	94	106
3H11	blue	af_relaxed	0	2.626	0.9614	0.9540	0.8962	205	212
3H11	blue	af_relaxed	1	2.734	0.9600	0.9517	0.8962	205	212
3H11	blue	af_relaxed	2	3.275	0.9567	0.9517	0.9021	204	212
3H11	blue	af_relaxed	3	2.759	0.9515	0.9399	0.8679	203	212
3H11	blue	af_relaxed	4	2.889	0.9557	0.9481	0.8892	202	212
3H11	blue	af_unrelaxed	0	2.704	0.9556	0.9505	0.8915	203	212
3H11	blue	af_unrelaxed	1	3.260	0.9593	0.9528	0.9080	205	212
3H11	blue	af_unrelaxed	2	2.958	0.9609	0.9528	0.9033	204	212
3H11	blue	af_unrelaxed	3	2.739	0.9651	0.9587	0.9222	205	212
3H11	blue	af_unrelaxed	4	2.654	0.9655	0.9599	0.9222	206	212
3H11	blue	boltz	0	2.680	0.9335	0.8880	0.7417	202	212
3H11	blue	boltz	1	2.629	0.9372	0.9045	0.7830	203	212
3H11	blue	boltz	2	16.905	0.5903	0.5542	0.4941	122	212
3H11	blue	boltz	3	16.659	0.5925	0.5566	0.4976	122	212
3H11	blue	boltz	4	16.832	0.5938	0.5590	0.5035	122	212
3H11	blue	amber_af	0	2.761	0.9515	0.9387	0.8667	203	212
3H11	blue	amber_af	1	3.275	0.9566	0.9517	0.9021	204	212
3H11	blue	amber_af	2	2.943	0.9554	0.9469	0.8856	202	212
3H11	blue	amber_af	3	2.726	0.9600	0.9517	0.8986	205	212
3H11	blue	amber_af	4	2.629	0.9614	0.9528	0.8950	205	212
3H11	blue	amber_boltz	0	2.682	0.9324	0.8856	0.7394	202	212
3H11	blue	amber_boltz	1	2.628	0.9365	0.9045	0.7795	203	212
3H11	blue	amber_boltz	2	16.928	0.5900	0.5542	0.4917	122	212
3H11	blue	amber_boltz	3	16.673	0.5924	0.5554	0.4953	122	212
3H11	blue	amber_boltz	4	16.859	0.5935	0.5613	0.5024	122	212
3H2V	blue	af_relaxed	0	2.215	0.9239	0.9095	0.8161	161	174
3H2V	blue	af_relaxed	1	2.032	0.9358	0.9239	0.8290	164	174
3H2V	blue	af_relaxed	2	1.708	0.9432	0.9224	0.8348	167	174
3H2V	blue	af_relaxed	3	1.738	0.9446	0.9210	0.8175	169	174
3H2V	blue	af_relaxed	4	1.852	0.9406	0.9267	0.8463	166	174
3H2V	blue	af_unrelaxed	0	2.026	0.9359	0.9253	0.8376	164	174
3H2V	blue	af_unrelaxed	1	1.687	0.9473	0.9267	0.8348	169	174
3H2V	blue	af_unrelaxed	2	2.189	0.9252	0.9095	0.8204	161	174
3H2V	blue	af_unrelaxed	3	1.720	0.9432	0.9239	0.8348	167	174
3H2V	blue	af_unrelaxed	4	1.797	0.9422	0.9267	0.8463	166	174
3H2V	blue	boltz	0	1.622	0.9516	0.9397	0.8736	168	174
3H2V	blue	boltz	1	1.271	0.9583	0.9411	0.8693	170	174
3H2V	blue	boltz	2	1.275	0.9562	0.9353	0.8448	171	174
3H2V	blue	boltz	3	1.233	0.9591	0.9425	0.8463	170	174
3H2V	blue	boltz	4	1.271	0.9568	0.9382	0.8621	171	174
3H2V	blue	amber_af	0	2.031	0.9359	0.9253	0.8319	164	174
3H2V	blue	amber_af	1	1.731	0.9448	0.9224	0.8233	169	174
3H2V	blue	amber_af	2	2.215	0.9238	0.9095	0.8147	161	174
3H2V	blue	amber_af	3	1.713	0.9432	0.9224	0.8362	167	174
3H2V	blue	amber_af	4	1.847	0.9405	0.9253	0.8463	166	174
3H2V	blue	amber_boltz	0	1.628	0.9513	0.9397	0.8736	168	174
3H2V	blue	amber_boltz	1	1.273	0.9578	0.9397	0.8592	170	174
3H2V	blue	amber_boltz	2	1.283	0.9557	0.9382	0.8534	171	174
3H2V	blue	amber_boltz	3	1.243	0.9584	0.9425	0.8477	170	174
3H2V	blue	amber_boltz	4	1.273	0.9564	0.9368	0.8592	171	174
3HI6	blue	af_relaxed	0	2.019	0.9186	0.8944	0.7750	170	180
3HI6	blue	af_relaxed	1	2.078	0.9160	0.8861	0.7653	170	180
3HI6	blue	af_relaxed	2	2.031	0.9180	0.8931	0.7750	170	180
3HI6	blue	af_relaxed	3	2.106	0.9158	0.8917	0.7806	170	180
3HI6	blue	af_relaxed	4	2.078	0.9186	0.8903	0.7681	171	180
3HI6	blue	af_unrelaxed	0	2.090	0.9177	0.8931	0.7667	170	180
3HI6	blue	af_unrelaxed	1	2.096	0.9161	0.8917	0.7764	170	180
3HI6	blue	af_unrelaxed	2	2.011	0.9190	0.8917	0.7750	170	180
3HI6	blue	af_unrelaxed	3	2.061	0.9172	0.8917	0.7764	170	180
3HI6	blue	af_unrelaxed	4	2.009	0.9190	0.8931	0.7722	170	180
3HI6	blue	boltz	0	2.877	0.8899	0.8708	0.7750	161	180
3HI6	blue	boltz	1	2.782	0.8904	0.8681	0.7792	161	180
3HI6	blue	boltz	2	2.759	0.8920	0.8736	0.7778	161	180
3HI6	blue	boltz	3	2.834	0.8901	0.8681	0.7708	161	180
3HI6	blue	boltz	4	2.856	0.8893	0.8653	0.7736	161	180
3HI6	blue	amber_af	0	2.079	0.9182	0.8903	0.7694	171	180
3HI6	blue	amber_af	1	2.114	0.9154	0.8944	0.7819	170	180
3HI6	blue	amber_af	2	2.018	0.9187	0.8944	0.7764	170	180
3HI6	blue	amber_af	3	2.076	0.9164	0.8903	0.7694	170	180
3HI6	blue	amber_af	4	2.031	0.9181	0.8917	0.7750	170	180
3HI6	blue	amber_boltz	0	2.879	0.8895	0.8667	0.7681	161	180
3HI6	blue	amber_boltz	1	2.788	0.8900	0.8667	0.7764	161	180
3HI6	blue	amber_boltz	2	2.758	0.8922	0.8722	0.7764	161	180
3HI6	blue	amber_boltz	3	2.837	0.8896	0.8667	0.7694	161	180
3HI6	blue	amber_boltz	4	2.851	0.8891	0.8611	0.7681	161	180
3HMX	blue	af_relaxed	0	1.536	0.9545	0.8797	0.6975	290	295
3HMX	blue	af_relaxed	1	1.577	0.9521	0.8644	0.6780	289	295
3HMX	blue	af_relaxed	2	1.543	0.9548	0.8797	0.7076	289	295
3HMX	blue	af_relaxed	3	1.581	0.9542	0.8898	0.7466	288	295
3HMX	blue	af_relaxed	4	1.570	0.9526	0.8771	0.6890	290	295
3HMX	blue	af_unrelaxed	0	1.580	0.9542	0.8907	0.7483	288	295
3HMX	blue	af_unrelaxed	1	1.587	0.9516	0.8686	0.6898	290	295
3HMX	blue	af_unrelaxed	2	1.550	0.9544	0.8805	0.7093	290	295
3HMX	blue	af_unrelaxed	3	1.530	0.9550	0.8754	0.7059	291	295
3HMX	blue	af_unrelaxed	4	1.546	0.9540	0.8746	0.6949	291	295
3HMX	blue	boltz	0	2.058	0.9222	0.8093	0.6195	286	295
3HMX	blue	boltz	1	2.413	0.8938	0.7441	0.5424	286	295
3HMX	blue	boltz	2	2.149	0.9137	0.7831	0.5873	286	295
3HMX	blue	boltz	3	2.387	0.8978	0.7551	0.5517	286	295
3HMX	blue	boltz	4	2.051	0.9214	0.8025	0.6136	286	295
3HMX	blue	amber_af	0	1.581	0.9542	0.8898	0.7458	288	295
3HMX	blue	amber_af	1	1.572	0.9524	0.8644	0.6788	289	295
3HMX	blue	amber_af	2	1.543	0.9548	0.8797	0.7068	289	295
3HMX	blue	amber_af	3	1.571	0.9525	0.8746	0.6873	291	295
3HMX	blue	amber_af	4	1.531	0.9548	0.8805	0.6992	290	295
3HMX	blue	amber_boltz	0	2.061	0.9222	0.8085	0.6161	287	295
3HMX	blue	amber_boltz	1	2.424	0.8934	0.7398	0.5398	285	295
3HMX	blue	amber_boltz	2	2.152	0.9138	0.7831	0.5856	286	295
3HMX	blue	amber_boltz	3	2.394	0.8978	0.7542	0.5517	286	295
3HMX	blue	amber_boltz	4	2.055	0.9214	0.8025	0.6127	287	295
3K75	blue	af_relaxed	0	0.771	0.9792	0.9785	0.9139	150	151
3K75	blue	af_relaxed	1	0.644	0.9825	0.9801	0.9172	151	151
3K75	blue	af_relaxed	2	0.758	0.9800	0.9801	0.9205	150	151
3K75	blue	af_relaxed	3	0.772	0.9789	0.9785	0.9156	150	151
3K75	blue	af_relaxed	4	0.654	0.9821	0.9768	0.9123	151	151
3K75	blue	af_unrelaxed	0	0.644	0.9825	0.9801	0.9172	151	151
3K75	blue	af_unrelaxed	1	0.657	0.9820	0.9785	0.9123	151	151
3K75	blue	af_unrelaxed	2	0.771	0.9790	0.9785	0.9089	150	151
3K75	blue	af_unrelaxed	3	0.769	0.9793	0.9785	0.9139	150	151
3K75	blue	af_unrelaxed	4	0.755	0.9800	0.9801	0.9139	150	151
3K75	blue	boltz	0	0.656	0.9816	0.9768	0.9156	151	151
3K75	blue	boltz	1	0.577	0.9852	0.9818	0.9172	151	151
3K75	blue	boltz	2	0.825	0.9746	0.9685	0.8990	151	151
3K75	blue	boltz	3	0.729	0.9795	0.9752	0.9073	151	151
3K75	blue	boltz	4	0.640	0.9827	0.9768	0.9123	151	151
3K75	blue	amber_af	0	0.644	0.9825	0.9801	0.9172	151	151
3K75	blue	amber_af	1	0.654	0.9821	0.9768	0.9123	151	151
3K75	blue	amber_af	2	0.773	0.9789	0.9785	0.9139	150	151
3K75	blue	amber_af	3	0.771	0.9792	0.9785	0.9139	150	151
3K75	blue	amber_af	4	0.757	0.9801	0.9801	0.9238	150	151
3K75	blue	amber_boltz	0	0.668	0.9810	0.9735	0.9073	151	151
3K75	blue	amber_boltz	1	0.586	0.9847	0.9834	0.9172	151	151
3K75	blue	amber_boltz	2	0.825	0.9744	0.9702	0.9007	151	151
3K75	blue	amber_boltz	3	0.727	0.9793	0.9735	0.9023	151	151
3K75	blue	amber_boltz	4	0.646	0.9824	0.9768	0.9123	151	151
3L5W	blue	af_relaxed	0	4.118	0.6887	0.6861	0.5460	157	223
3L5W	blue	af_relaxed	1	4.184	0.6821	0.6760	0.5303	156	223
3L5W	blue	af_relaxed	2	3.832	0.7121	0.6872	0.5426	184	223
3L5W	blue	af_relaxed	3	3.896	0.7064	0.6816	0.5381	183	223
3L5W	blue	af_relaxed	4	3.730	0.7218	0.6962	0.5471	187	223
3L5W	blue	af_unrelaxed	0	3.896	0.7062	0.6816	0.5348	182	223
3L5W	blue	af_unrelaxed	1	3.757	0.7195	0.6928	0.5482	186	223
3L5W	blue	af_unrelaxed	2	4.180	0.6826	0.6760	0.5303	152	223
3L5W	blue	af_unrelaxed	3	3.835	0.7119	0.6861	0.5404	184	223
3L5W	blue	af_unrelaxed	4	4.119	0.6887	0.6850	0.5437	156	223
3L5W	blue	boltz	0	2.639	0.8321	0.7567	0.6143	220	223
3L5W	blue	boltz	1	2.157	0.8784	0.7915	0.6547	222	223
3L5W	blue	boltz	2	2.934	0.8021	0.7399	0.6020	216	223
3L5W	blue	boltz	3	3.044	0.7909	0.7321	0.5930	212	223
3L5W	blue	boltz	4	3.453	0.7507	0.7085	0.5706	197	223
3L5W	blue	amber_af	0	3.895	0.7065	0.6794	0.5359	183	223
3L5W	blue	amber_af	1	3.728	0.7222	0.6962	0.5471	187	223
3L5W	blue	amber_af	2	4.184	0.6822	0.6749	0.5280	156	223
3L5W	blue	amber_af	3	3.832	0.7121	0.6872	0.5415	184	223
3L5W	blue	amber_af	4	4.119	0.6887	0.6872	0.5471	157	223
3L5W	blue	amber_boltz	0	2.639	0.8322	0.7534	0.6110	220	223
3L5W	blue	amber_boltz	1	2.159	0.8783	0.7915	0.6547	222	223
3L5W	blue	amber_boltz	2	2.934	0.8022	0.7410	0.6009	217	223
3L5W	blue	amber_boltz	3	3.044	0.7909	0.7332	0.5930	212	223
3L5W	blue	amber_boltz	4	3.454	0.7505	0.7052	0.5673	198	223
3L89	blue	af_relaxed	0	1.280	0.9718	0.9658	0.9303	179	183
3L89	blue	af_relaxed	1	1.086	0.9750	0.9672	0.9344	180	183
3L89	blue	af_relaxed	2	1.281	0.9707	0.9645	0.9235	178	183
3L89	blue	af_relaxed	3	1.183	0.9719	0.9658	0.9112	180	183
3L89	blue	af_relaxed	4	1.159	0.9737	0.9672	0.9290	180	183
3L89	blue	af_unrelaxed	0	1.274	0.9718	0.9658	0.9303	179	183
3L89	blue	af_unrelaxed	1	1.272	0.9708	0.9645	0.9262	178	183
3L89	blue	af_unrelaxed	2	1.070	0.9755	0.9686	0.9385	181	183
3L89	blue	af_unrelaxed	3	1.155	0.9739	0.9672	0.9290	180	183
3L89	blue	af_unrelaxed	4	1.159	0.9730	0.9645	0.9208	180	183
3L89	blue	boltz	0	1.391	0.9632	0.9549	0.8921	178	183
3L89	blue	boltz	1	1.349	0.9649	0.9577	0.8989	177	183
3L89	blue	boltz	2	1.323	0.9664	0.9617	0.9085	178	183
3L89	blue	boltz	3	1.400	0.9626	0.9563	0.9016	178	183
3L89	blue	boltz	4	1.396	0.9617	0.9495	0.8866	178	183
3L89	blue	amber_af	0	1.281	0.9718	0.9658	0.9303	179	183
3L89	blue	amber_af	1	1.281	0.9707	0.9645	0.9249	178	183
3L89	blue	amber_af	2	1.087	0.9750	0.9672	0.9344	180	183
3L89	blue	amber_af	3	1.160	0.9737	0.9672	0.9290	180	183
3L89	blue	amber_af	4	1.183	0.9718	0.9658	0.9112	180	183
3L89	blue	amber_boltz	0	1.390	0.9634	0.9549	0.8866	178	183
3L89	blue	amber_boltz	1	1.357	0.9649	0.9577	0.8989	177	183
3L89	blue	amber_boltz	2	1.325	0.9666	0.9617	0.9071	178	183
3L89	blue	amber_boltz	3	1.400	0.9629	0.9563	0.8975	178	183
3L89	blue	amber_boltz	4	1.398	0.9617	0.9481	0.8811	178	183
3LVK	blue	af_relaxed	0	0.342	0.9977	0.9968	0.9774	388	388
3LVK	blue	af_relaxed	1	0.352	0.9976	0.9974	0.9762	388	388
3LVK	blue	af_relaxed	2	0.342	0.9977	0.9987	0.9781	388	388
3LVK	blue	af_relaxed	3	0.374	0.9973	0.9968	0.9729	388	388
3LVK	blue	af_relaxed	4	0.368	0.9974	0.9961	0.9723	388	388
3LVK	blue	af_unrelaxed	0	0.369	0.9974	0.9974	0.9723	388	388
3LVK	blue	af_unrelaxed	1	0.362	0.9974	0.9968	0.9710	388	388
3LVK	blue	af_unrelaxed	2	0.343	0.9977	0.9974	0.9768	388	388
3LVK	blue	af_unrelaxed	3	0.337	0.9978	0.9968	0.9762	388	388
3LVK	blue	af_unrelaxed	4	0.333	0.9978	0.9987	0.9774	388	388
3LVK	blue	boltz	0	0.639	0.9923	0.9781	0.8911	388	388
3LVK	blue	boltz	1	0.650	0.9921	0.9755	0.8988	388	388
3LVK	blue	boltz	2	0.625	0.9926	0.9807	0.8950	388	388
3LVK	blue	boltz	3	0.671	0.9916	0.9749	0.9046	388	388
3LVK	blue	boltz	4	0.596	0.9933	0.9813	0.9175	388	388
3LVK	blue	amber_af	0	0.374	0.9973	0.9968	0.9729	388	388
3LVK	blue	amber_af	1	0.369	0.9974	0.9968	0.9716	388	388
3LVK	blue	amber_af	2	0.352	0.9976	0.9968	0.9755	388	388
3LVK	blue	amber_af	3	0.342	0.9977	0.9968	0.9774	388	388
3LVK	blue	amber_af	4	0.342	0.9977	0.9987	0.9774	388	388
3LVK	blue	amber_boltz	0	0.643	0.9922	0.9762	0.8905	388	388
3LVK	blue	amber_boltz	1	0.658	0.9919	0.9762	0.9001	388	388
3LVK	blue	amber_boltz	2	0.627	0.9926	0.9800	0.8950	388	388
3LVK	blue	amber_boltz	3	0.676	0.9915	0.9749	0.9008	388	388
3LVK	blue	amber_boltz	4	0.603	0.9932	0.9820	0.9143	388	388
3MJ9	blue	af_relaxed	0	1.589	0.9472	0.8974	0.7238	224	229
3MJ9	blue	af_relaxed	1	1.550	0.9524	0.9127	0.7576	224	229
3MJ9	blue	af_relaxed	2	1.547	0.9472	0.8952	0.7227	225	229
3MJ9	blue	af_relaxed	3	1.545	0.9497	0.9028	0.7413	224	229
3MJ9	blue	af_relaxed	4	1.550	0.9491	0.8996	0.7238	225	229
3MJ9	blue	af_unrelaxed	0	1.565	0.9485	0.9050	0.7293	225	229
3MJ9	blue	af_unrelaxed	1	1.561	0.9467	0.8985	0.7260	224	229
3MJ9	blue	af_unrelaxed	2	1.470	0.9544	0.9159	0.7587	225	229
3MJ9	blue	af_unrelaxed	3	1.568	0.9480	0.9039	0.7347	224	229
3MJ9	blue	af_unrelaxed	4	1.528	0.9509	0.9105	0.7489	224	229
3MJ9	blue	boltz	0	1.596	0.9515	0.9105	0.7653	222	229
3MJ9	blue	boltz	1	1.368	0.9607	0.9378	0.8253	224	229
3MJ9	blue	boltz	2	1.442	0.9544	0.9138	0.7653	225	229
3MJ9	blue	boltz	3	1.837	0.9461	0.9072	0.7675	220	229
3MJ9	blue	boltz	4	1.788	0.9462	0.9083	0.7697	221	229
3MJ9	blue	amber_af	0	1.553	0.9487	0.8996	0.7238	225	229
3MJ9	blue	amber_af	1	1.548	0.9472	0.8952	0.7216	225	229
3MJ9	blue	amber_af	2	1.554	0.9520	0.9116	0.7555	224	229
3MJ9	blue	amber_af	3	1.589	0.9473	0.8985	0.7238	224	229
3MJ9	blue	amber_af	4	1.596	0.9475	0.9028	0.7413	223	229
3MJ9	blue	amber_boltz	0	1.616	0.9507	0.9083	0.7664	222	229
3MJ9	blue	amber_boltz	1	1.383	0.9599	0.9345	0.8221	223	229
3MJ9	blue	amber_boltz	2	1.455	0.9539	0.9116	0.7631	225	229
3MJ9	blue	amber_boltz	3	1.839	0.9460	0.9028	0.7620	220	229
3MJ9	blue	amber_boltz	4	1.794	0.9460	0.9083	0.7675	221	229
3MXW	blue	af_relaxed	0	0.612	0.9852	0.9886	0.9265	153	153
3MXW	blue	af_relaxed	1	0.523	0.9876	0.9886	0.9265	153	153
3MXW	blue	af_relaxed	2	0.602	0.9856	0.9886	0.9248	153	153
3MXW	blue	af_relaxed	3	0.546	0.9865	0.9869	0.9232	153	153
3MXW	blue	af_relaxed	4	0.623	0.9845	0.9853	0.9216	153	153
3MXW	blue	af_unrelaxed	0	0.526	0.9874	0.9886	0.9248	153	153
3MXW	blue	af_unrelaxed	1	0.601	0.9856	0.9902	0.9330	153	153
3MXW	blue	af_unrelaxed	2	0.608	0.9853	0.9886	0.9281	153	153
3MXW	blue	af_unrelaxed	3	0.515	0.9879	0.9935	0.9297	153	153
3MXW	blue	af_unrelaxed	4	0.597	0.9858	0.9918	0.9346	153	153
3MXW	blue	boltz	0	0.616	0.9836	0.9820	0.9314	153	153
3MXW	blue	boltz	1	0.568	0.9861	0.9886	0.9330	153	153
3MXW	blue	boltz	2	0.622	0.9830	0.9788	0.9085	153	153
3MXW	blue	boltz	3	0.600	0.9841	0.9788	0.9085	153	153
3MXW	blue	boltz	4	0.563	0.9859	0.9918	0.9281	153	153
3MXW	blue	amber_af	0	0.549	0.9864	0.9853	0.9199	153	153
3MXW	blue	amber_af	1	0.621	0.9846	0.9869	0.9232	153	153
3MXW	blue	amber_af	2	0.614	0.9850	0.9886	0.9281	153	153
3MXW	blue	amber_af	3	0.524	0.9876	0.9886	0.9265	153	153
3MXW	blue	amber_af	4	0.600	0.9856	0.9886	0.9248	153	153
3MXW	blue	amber_boltz	0	0.631	0.9829	0.9804	0.9248	153	153
3MXW	blue	amber_boltz	1	0.582	0.9855	0.9869	0.9346	153	153
3MXW	blue	amber_boltz	2	0.633	0.9824	0.9788	0.9052	153	153
3MXW	blue	amber_boltz	3	0.608	0.9837	0.9820	0.9150	153	153
3MXW	blue	amber_boltz	4	0.574	0.9854	0.9869	0.9232	153	153
3P57	blue	af_relaxed	0	0.648	0.9668	0.9778	0.8861	90	90
3P57	blue	af_relaxed	1	0.829	0.9594	0.9833	0.8972	90	90
3P57	blue	af_relaxed	2	0.853	0.9561	0.9667	0.8778	90	90
3P57	blue	af_relaxed	3	0.648	0.9665	0.9861	0.8750	90	90
3P57	blue	af_relaxed	4	0.674	0.9643	0.9778	0.8722	90	90
3P57	blue	af_unrelaxed	0	0.671	0.9645	0.9861	0.8833	90	90
3P57	blue	af_unrelaxed	1	0.659	0.9658	0.9806	0.8806	90	90
3P57	blue	af_unrelaxed	2	0.816	0.9611	0.9833	0.8972	90	90
3P57	blue	af_unrelaxed	3	0.687	0.9631	0.9778	0.8722	90	90
3P57	blue	af_unrelaxed	4	0.848	0.9565	0.9722	0.8806	90	90
3P57	blue	boltz	0	1.207	0.9233	0.9333	0.8056	89	90
3P57	blue	boltz	1	1.216	0.9179	0.9306	0.7944	89	90
3P57	blue	boltz	2	1.227	0.9185	0.9306	0.8139	89	90
3P57	blue	boltz	3	0.994	0.9441	0.9611	0.8556	90	90
3P57	blue	boltz	4	1.326	0.9214	0.9306	0.8167	88	90
3P57	blue	amber_af	0	0.651	0.9663	0.9861	0.8778	90	90
3P57	blue	amber_af	1	0.648	0.9668	0.9778	0.8833	90	90
3P57	blue	amber_af	2	0.830	0.9594	0.9833	0.8944	90	90
3P57	blue	amber_af	3	0.674	0.9642	0.9778	0.8694	90	90
3P57	blue	amber_af	4	0.854	0.9560	0.9667	0.8778	90	90
3P57	blue	amber_boltz	0	1.222	0.9220	0.9250	0.8000	89	90
3P57	blue	amber_boltz	1	1.235	0.9160	0.9250	0.7861	89	90
3P57	blue	amber_boltz	2	1.238	0.9177	0.9250	0.8056	89	90
3P57	blue	amber_boltz	3	1.000	0.9436	0.9528	0.8500	90	90
3P57	blue	amber_boltz	4	1.332	0.9211	0.9361	0.8194	88	90
3PC8	blue	af_relaxed	0	0.548	0.9803	0.9923	0.9485	97	97
3PC8	blue	af_relaxed	1	0.546	0.9806	0.9923	0.9485	97	97
3PC8	blue	af_relaxed	2	0.504	0.9825	0.9948	0.9588	97	97
3PC8	blue	af_relaxed	3	0.493	0.9838	0.9923	0.9639	97	97
3PC8	blue	af_relaxed	4	0.525	0.9815	0.9923	0.9485	97	97
3PC8	blue	af_unrelaxed	0	0.519	0.9821	0.9923	0.9562	97	97
3PC8	blue	af_unrelaxed	1	0.549	0.9805	0.9923	0.9588	97	97
3PC8	blue	af_unrelaxed	2	0.504	0.9826	0.9948	0.9562	97	97
3PC8	blue	af_unrelaxed	3	0.485	0.9843	0.9948	0.9665	97	97
3PC8	blue	af_unrelaxed	4	0.541	0.9809	0.9923	0.9536	97	97
3PC8	blue	boltz	0	0.483	0.9841	0.9923	0.9639	97	97
3PC8	blue	boltz	1	0.536	0.9809	0.9897	0.9562	97	97
3PC8	blue	boltz	2	0.550	0.9808	0.9923	0.9639	97	97
3PC8	blue	boltz	3	0.514	0.9819	0.9897	0.9536	97	97
3PC8	blue	boltz	4	0.580	0.9796	0.9897	0.9665	97	97
3PC8	blue	amber_af	0	0.525	0.9816	0.9923	0.9485	97	97
3PC8	blue	amber_af	1	0.553	0.9801	0.9923	0.9485	97	97
3PC8	blue	amber_af	2	0.505	0.9825	0.9948	0.9588	97	97
3PC8	blue	amber_af	3	0.492	0.9838	0.9923	0.9665	97	97
3PC8	blue	amber_af	4	0.546	0.9805	0.9923	0.9459	97	97
3PC8	blue	amber_boltz	0	0.497	0.9832	0.9923	0.9691	97	97
3PC8	blue	amber_boltz	1	0.554	0.9799	0.9897	0.9510	97	97
3PC8	blue	amber_boltz	2	0.563	0.9799	0.9897	0.9588	97	97
3PC8	blue	amber_boltz	3	0.525	0.9812	0.9897	0.9536	97	97
3PC8	blue	amber_boltz	4	0.591	0.9788	0.9897	0.9588	97	97
3R9A	blue	af_relaxed	0	0.328	0.9979	0.9981	0.9851	387	387
3R9A	blue	af_relaxed	1	0.324	0.9980	0.9974	0.9819	387	387
3R9A	blue	af_relaxed	2	0.538	0.9955	0.9929	0.9774	386	387
3R9A	blue	af_relaxed	3	0.690	0.9946	0.9922	0.9742	386	387
3R9A	blue	af_relaxed	4	0.558	0.9953	0.9929	0.9690	386	387
3R9A	blue	af_unrelaxed	0	0.535	0.9956	0.9935	0.9767	386	387
3R9A	blue	af_unrelaxed	1	0.685	0.9946	0.9929	0.9742	386	387
3R9A	blue	af_unrelaxed	2	0.554	0.9954	0.9929	0.9703	386	387
3R9A	blue	af_unrelaxed	3	0.327	0.9979	0.9981	0.9851	387	387
3R9A	blue	af_unrelaxed	4	0.324	0.9980	0.9974	0.9813	387	387
3R9A	blue	boltz	0	0.870	0.9894	0.9826	0.9109	385	387
3R9A	blue	boltz	1	1.217	0.9812	0.9709	0.8882	381	387
3R9A	blue	boltz	2	0.836	0.9896	0.9787	0.8973	386	387
3R9A	blue	boltz	3	1.052	0.9846	0.9748	0.9083	383	387
3R9A	blue	boltz	4	0.962	0.9863	0.9755	0.8921	385	387
3R9A	blue	amber_af	0	0.538	0.9955	0.9929	0.9780	386	387
3R9A	blue	amber_af	1	0.690	0.9946	0.9922	0.9742	386	387
3R9A	blue	amber_af	2	0.558	0.9953	0.9929	0.9690	386	387
3R9A	blue	amber_af	3	0.328	0.9979	0.9981	0.9845	387	387
3R9A	blue	amber_af	4	0.324	0.9980	0.9974	0.9819	387	387
3R9A	blue	amber_boltz	0	0.872	0.9894	0.9800	0.9109	385	387
3R9A	blue	amber_boltz	1	1.217	0.9812	0.9696	0.8876	381	387
3R9A	blue	amber_boltz	2	0.836	0.9896	0.9787	0.9005	386	387
3R9A	blue	amber_boltz	3	1.052	0.9846	0.9735	0.9096	383	387
3R9A	blue	amber_boltz	4	0.963	0.9863	0.9755	0.8941	385	387
3RJQ	blue	af_relaxed	0	2.412	0.9325	0.8836	0.7260	271	292
3RJQ	blue	af_relaxed	1	2.461	0.9275	0.8673	0.6943	271	292
3RJQ	blue	af_relaxed	2	2.381	0.9350	0.8853	0.7235	274	292
3RJQ	blue	af_relaxed	3	2.290	0.9308	0.8707	0.6978	274	292
3RJQ	blue	af_relaxed	4	2.363	0.9322	0.8733	0.7072	272	292
3RJQ	blue	af_unrelaxed	0	2.381	0.9349	0.8853	0.7243	273	292
3RJQ	blue	af_unrelaxed	1	2.291	0.9306	0.8724	0.7029	275	292
3RJQ	blue	af_unrelaxed	2	2.436	0.9288	0.8673	0.7003	272	292
3RJQ	blue	af_unrelaxed	3	2.361	0.9325	0.8784	0.7192	272	292
3RJQ	blue	af_unrelaxed	4	2.404	0.9326	0.8810	0.7252	271	292
3RJQ	blue	boltz	0	1.621	0.9594	0.9092	0.7774	287	292
3RJQ	blue	boltz	1	1.545	0.9639	0.9229	0.7928	287	292
3RJQ	blue	boltz	2	1.577	0.9610	0.9135	0.7740	288	292
3RJQ	blue	boltz	3	1.566	0.9613	0.9135	0.7791	287	292
3RJQ	blue	boltz	4	1.531	0.9646	0.9221	0.7962	288	292
3RJQ	blue	amber_af	0	2.382	0.9350	0.8853	0.7243	274	292
3RJQ	blue	amber_af	1	2.290	0.9307	0.8724	0.6986	274	292
3RJQ	blue	amber_af	2	2.461	0.9275	0.8682	0.6961	271	292
3RJQ	blue	amber_af	3	2.360	0.9325	0.8750	0.7158	272	292
3RJQ	blue	amber_af	4	2.411	0.9325	0.8836	0.7277	271	292
3RJQ	blue	amber_boltz	0	1.623	0.9593	0.9110	0.7705	287	292
3RJQ	blue	amber_boltz	1	1.550	0.9636	0.9212	0.7834	287	292
3RJQ	blue	amber_boltz	2	1.578	0.9609	0.9152	0.7765	288	292
3RJQ	blue	amber_boltz	3	1.567	0.9612	0.9135	0.7731	287	292
3RJQ	blue	amber_boltz	4	1.531	0.9644	0.9221	0.7877	288	292
3RVW	blue	af_relaxed	0	0.491	0.9924	0.9876	0.9437	222	222
3RVW	blue	af_relaxed	1	0.512	0.9917	0.9910	0.9336	222	222
3RVW	blue	af_relaxed	2	0.543	0.9907	0.9865	0.9223	222	222
3RVW	blue	af_relaxed	3	0.548	0.9906	0.9831	0.9291	222	222
3RVW	blue	af_relaxed	4	0.553	0.9905	0.9831	0.9291	222	222
3RVW	blue	af_unrelaxed	0	0.542	0.9908	0.9854	0.9347	222	222
3RVW	blue	af_unrelaxed	1	0.515	0.9916	0.9899	0.9336	222	222
3RVW	blue	af_unrelaxed	2	0.494	0.9923	0.9887	0.9414	222	222
3RVW	blue	af_unrelaxed	3	0.495	0.9922	0.9910	0.9381	222	222
3RVW	blue	af_unrelaxed	4	0.518	0.9916	0.9876	0.9381	222	222
3RVW	blue	boltz	0	0.440	0.9939	0.9932	0.9505	222	222
3RVW	blue	boltz	1	0.466	0.9932	0.9932	0.9493	222	222
3RVW	blue	boltz	2	0.433	0.9941	0.9932	0.9572	222	222
3RVW	blue	boltz	3	0.436	0.9941	0.9944	0.9550	222	222
3RVW	blue	boltz	4	0.511	0.9918	0.9910	0.9336	222	222
3RVW	blue	amber_af	0	0.552	0.9905	0.9842	0.9302	222	222
3RVW	blue	amber_af	1	0.542	0.9908	0.9865	0.9257	222	222
3RVW	blue	amber_af	2	0.492	0.9924	0.9876	0.9448	222	222
3RVW	blue	amber_af	3	0.501	0.9920	0.9910	0.9381	222	222
3RVW	blue	amber_af	4	0.552	0.9905	0.9831	0.9291	222	222
3RVW	blue	amber_boltz	0	0.444	0.9938	0.9921	0.9493	222	222
3RVW	blue	amber_boltz	1	0.474	0.9930	0.9921	0.9471	222	222
3RVW	blue	amber_boltz	2	0.442	0.9938	0.9932	0.9527	222	222
3RVW	blue	amber_boltz	3	0.442	0.9939	0.9921	0.9550	222	222
3RVW	blue	amber_boltz	4	0.518	0.9916	0.9910	0.9369	222	222
3S9D	blue	af_relaxed	0	2.089	0.9252	0.9246	0.8353	121	126
3S9D	blue	af_relaxed	1	2.078	0.9241	0.9206	0.8313	120	126
3S9D	blue	af_relaxed	2	1.996	0.9319	0.9266	0.8651	121	126
3S9D	blue	af_relaxed	3	2.039	0.9295	0.9286	0.8571	121	126
3S9D	blue	af_relaxed	4	2.295	0.9100	0.9127	0.8254	119	126
3S9D	blue	af_unrelaxed	0	2.293	0.9095	0.9127	0.8175	118	126
3S9D	blue	af_unrelaxed	1	2.003	0.9320	0.9306	0.8671	121	126
3S9D	blue	af_unrelaxed	2	2.090	0.9250	0.9286	0.8353	121	126
3S9D	blue	af_unrelaxed	3	2.042	0.9292	0.9286	0.8532	121	126
3S9D	blue	af_unrelaxed	4	2.084	0.9240	0.9266	0.8333	120	126
3S9D	blue	boltz	0	2.500	0.8994	0.8968	0.7758	116	126
3S9D	blue	boltz	1	2.478	0.8994	0.8929	0.7679	117	126
3S9D	blue	boltz	2	2.504	0.8954	0.8909	0.7540	116	126
3S9D	blue	boltz	3	2.509	0.8995	0.8948	0.7798	116	126
3S9D	blue	boltz	4	2.474	0.8989	0.8968	0.7738	116	126
3S9D	blue	amber_af	0	2.294	0.9100	0.9107	0.8214	119	126
3S9D	blue	amber_af	1	1.996	0.9319	0.9266	0.8631	121	126
3S9D	blue	amber_af	2	2.089	0.9251	0.9246	0.8353	121	126
3S9D	blue	amber_af	3	2.042	0.9294	0.9286	0.8571	121	126
3S9D	blue	amber_af	4	2.079	0.9241	0.9206	0.8333	120	126
3S9D	blue	amber_boltz	0	2.503	0.8994	0.8948	0.7659	116	126
3S9D	blue	amber_boltz	1	2.482	0.8996	0.8968	0.7679	117	126
3S9D	blue	amber_boltz	2	2.505	0.8953	0.8929	0.7500	116	126
3S9D	blue	amber_boltz	3	2.510	0.8997	0.8968	0.7857	116	126
3S9D	blue	amber_boltz	4	2.475	0.8987	0.8968	0.7679	116	126
3SE8	blue	af_relaxed	0	0.637	0.9926	0.9869	0.9499	343	344
3SE8	blue	af_relaxed	1	0.654	0.9923	0.9840	0.9462	343	344
3SE8	blue	af_relaxed	2	0.636	0.9927	0.9847	0.9477	343	344
3SE8	blue	af_relaxed	3	0.677	0.9917	0.9826	0.9411	343	344
3SE8	blue	af_relaxed	4	0.641	0.9925	0.9847	0.9455	343	344
3SE8	blue	af_unrelaxed	0	0.630	0.9927	0.9855	0.9491	343	344
3SE8	blue	af_unrelaxed	1	0.638	0.9925	0.9847	0.9462	343	344
3SE8	blue	af_unrelaxed	2	0.644	0.9924	0.9847	0.9469	343	344
3SE8	blue	af_unrelaxed	3	0.631	0.9927	0.9847	0.9499	343	344
3SE8	blue	af_unrelaxed	4	0.657	0.9921	0.9833	0.9411	343	344
3SE8	blue	boltz	0	0.724	0.9897	0.9717	0.8961	343	344
3SE8	blue	boltz	1	0.830	0.9870	0.9622	0.8874	342	344
3SE8	blue	boltz	2	0.760	0.9886	0.9695	0.8903	343	344
3SE8	blue	boltz	3	0.762	0.9886	0.9702	0.8953	344	344
3SE8	blue	boltz	4	0.766	0.9884	0.9680	0.8852	343	344
3SE8	blue	amber_af	0	0.638	0.9926	0.9869	0.9491	343	344
3SE8	blue	amber_af	1	0.641	0.9924	0.9847	0.9462	343	344
3SE8	blue	amber_af	2	0.654	0.9923	0.9847	0.9469	343	344
3SE8	blue	amber_af	3	0.634	0.9927	0.9855	0.9491	343	344
3SE8	blue	amber_af	4	0.677	0.9917	0.9818	0.9411	343	344
3SE8	blue	amber_boltz	0	0.728	0.9896	0.9717	0.8924	343	344
3SE8	blue	amber_boltz	1	0.829	0.9870	0.9629	0.8859	342	344
3SE8	blue	amber_boltz	2	0.767	0.9884	0.9688	0.8874	343	344
3SE8	blue	amber_boltz	3	0.771	0.9883	0.9702	0.8939	344	344
3SE8	blue	amber_boltz	4	0.770	0.9883	0.9680	0.8844	343	344
3SGQ	blue	af_relaxed	0	0.199	0.9985	1.0000	1.0000	185	185
3SGQ	blue	af_relaxed	1	0.208	0.9983	1.0000	0.9986	185	185
3SGQ	blue	af_relaxed	2	0.222	0.9981	1.0000	0.9973	185	185
3SGQ	blue	af_relaxed	3	0.207	0.9983	1.0000	0.9973	185	185
3SGQ	blue	af_relaxed	4	0.216	0.9982	1.0000	0.9973	185	185
3SGQ	blue	af_unrelaxed	0	0.212	0.9983	1.0000	0.9986	185	185
3SGQ	blue	af_unrelaxed	1	0.206	0.9984	1.0000	0.9986	185	185
3SGQ	blue	af_unrelaxed	2	0.198	0.9985	1.0000	0.9986	185	185
3SGQ	blue	af_unrelaxed	3	0.186	0.9987	1.0000	1.0000	185	185
3SGQ	blue	af_unrelaxed	4	0.194	0.9985	1.0000	1.0000	185	185
3SGQ	blue	boltz	0	0.260	0.9974	1.0000	0.9919	185	185
3SGQ	blue	boltz	1	0.270	0.9972	1.0000	0.9919	185	185
3SGQ	blue	boltz	2	0.251	0.9976	1.0000	0.9919	185	185
3SGQ	blue	boltz	3	0.254	0.9975	1.0000	0.9919	185	185
3SGQ	blue	boltz	4	0.230	0.9980	1.0000	0.9932	185	185
3SGQ	blue	amber_af	0	0.222	0.9981	1.0000	0.9973	185	185
3SGQ	blue	amber_af	1	0.215	0.9982	1.0000	0.9973	185	185
3SGQ	blue	amber_af	2	0.209	0.9983	1.0000	0.9986	185	185
3SGQ	blue	amber_af	3	0.199	0.9985	1.0000	1.0000	185	185
3SGQ	blue	amber_af	4	0.207	0.9983	1.0000	0.9973	185	185
3SGQ	blue	amber_boltz	0	0.273	0.9971	1.0000	0.9919	185	185
3SGQ	blue	amber_boltz	1	0.280	0.9970	1.0000	0.9919	185	185
3SGQ	blue	amber_boltz	2	0.259	0.9974	1.0000	0.9919	185	185
3SGQ	blue	amber_boltz	3	0.262	0.9974	1.0000	0.9919	185	185
3SGQ	blue	amber_boltz	4	0.239	0.9978	1.0000	0.9932	185	185
3SZK	blue	af_relaxed	0	0.865	0.9771	0.9821	0.9107	139	140
3SZK	blue	af_relaxed	1	0.869	0.9765	0.9786	0.9125	139	140
3SZK	blue	af_relaxed	2	0.911	0.9730	0.9750	0.8875	139	140
3SZK	blue	af_relaxed	3	0.871	0.9768	0.9786	0.8964	139	140
3SZK	blue	af_relaxed	4	0.885	0.9756	0.9786	0.9000	139	140
3SZK	blue	af_unrelaxed	0	0.858	0.9778	0.9804	0.9018	139	140
3SZK	blue	af_unrelaxed	1	0.879	0.9755	0.9750	0.8911	139	140
3SZK	blue	af_unrelaxed	2	0.856	0.9777	0.9821	0.9089	139	140
3SZK	blue	af_unrelaxed	3	0.854	0.9776	0.9786	0.9125	139	140
3SZK	blue	af_unrelaxed	4	0.877	0.9762	0.9786	0.8982	139	140
3SZK	blue	boltz	0	0.919	0.9740	0.9732	0.8857	139	140
3SZK	blue	boltz	1	0.847	0.9793	0.9839	0.9036	139	140
3SZK	blue	boltz	2	0.962	0.9701	0.9661	0.8839	139	140
3SZK	blue	boltz	3	0.885	0.9763	0.9750	0.8804	139	140
3SZK	blue	boltz	4	0.833	0.9769	0.9786	0.9000	139	140
3SZK	blue	amber_af	0	0.871	0.9768	0.9786	0.8964	139	140
3SZK	blue	amber_af	1	0.911	0.9730	0.9750	0.8875	139	140
3SZK	blue	amber_af	2	0.865	0.9771	0.9821	0.9107	139	140
3SZK	blue	amber_af	3	0.872	0.9763	0.9750	0.9071	139	140
3SZK	blue	amber_af	4	0.888	0.9752	0.9786	0.9036	139	140
3SZK	blue	amber_boltz	0	0.927	0.9736	0.9714	0.8786	139	140
3SZK	blue	amber_boltz	1	0.861	0.9785	0.9821	0.9071	139	140
3SZK	blue	amber_boltz	2	0.975	0.9697	0.9661	0.8839	139	140
3SZK	blue	amber_boltz	3	0.899	0.9756	0.9750	0.8768	139	140
3SZK	blue	amber_boltz	4	0.846	0.9762	0.9768	0.8857	139	140
3U7Y	blue	af_relaxed	0	0.897	0.9854	0.9610	0.8706	338	340
3U7Y	blue	af_relaxed	1	0.901	0.9854	0.9618	0.8699	338	340
3U7Y	blue	af_relaxed	2	0.904	0.9853	0.9625	0.8699	337	340
3U7Y	blue	af_relaxed	3	0.902	0.9853	0.9603	0.8684	338	340
3U7Y	blue	af_relaxed	4	0.904	0.9853	0.9618	0.8699	338	340
3U7Y	blue	af_unrelaxed	0	0.890	0.9857	0.9625	0.8743	338	340
3U7Y	blue	af_unrelaxed	1	0.891	0.9857	0.9625	0.8757	338	340
3U7Y	blue	af_unrelaxed	2	0.885	0.9858	0.9610	0.8684	338	340
3U7Y	blue	af_unrelaxed	3	0.881	0.9858	0.9610	0.8721	338	340
3U7Y	blue	af_unrelaxed	4	0.886	0.9857	0.9603	0.8706	338	340
3U7Y	blue	boltz	0	1.007	0.9837	0.9610	0.8588	338	340
3U7Y	blue	boltz	1	0.972	0.9848	0.9654	0.8713	337	340
3U7Y	blue	boltz	2	1.006	0.9844	0.9669	0.8772	338	340
3U7Y	blue	boltz	3	0.973	0.9836	0.9625	0.8529	338	340
3U7Y	blue	boltz	4	1.046	0.9829	0.9581	0.8596	338	340
3U7Y	blue	amber_af	0	0.904	0.9853	0.9618	0.8691	338	340
3U7Y	blue	amber_af	1	0.904	0.9853	0.9618	0.8691	337	340
3U7Y	blue	amber_af	2	0.900	0.9854	0.9625	0.8713	338	340
3U7Y	blue	amber_af	3	0.897	0.9853	0.9618	0.8706	338	340
3U7Y	blue	amber_af	4	0.902	0.9853	0.9610	0.8684	338	340
3U7Y	blue	amber_boltz	0	1.013	0.9835	0.9610	0.8618	338	340
3U7Y	blue	amber_boltz	1	0.983	0.9845	0.9654	0.8706	337	340
3U7Y	blue	amber_boltz	2	1.015	0.9842	0.9669	0.8801	338	340
3U7Y	blue	amber_boltz	3	0.981	0.9833	0.9625	0.8507	338	340
3U7Y	blue	amber_boltz	4	1.054	0.9826	0.9574	0.8574	338	340
3V6Z	blue	af_relaxed	0	1.042	0.9764	0.9706	0.8971	217	221
3V6Z	blue	af_relaxed	1	1.015	0.9745	0.9627	0.8360	220	221
3V6Z	blue	af_relaxed	2	1.211	0.9691	0.9536	0.8529	217	221
3V6Z	blue	af_relaxed	3	1.022	0.9745	0.9638	0.8529	220	221
3V6Z	blue	af_relaxed	4	1.146	0.9674	0.9412	0.8077	220	221
3V6Z	blue	af_unrelaxed	0	0.996	0.9754	0.9627	0.8439	220	221
3V6Z	blue	af_unrelaxed	1	1.000	0.9752	0.9638	0.8541	220	221
3V6Z	blue	af_unrelaxed	2	1.039	0.9763	0.9672	0.8925	217	221
3V6Z	blue	af_unrelaxed	3	1.193	0.9696	0.9548	0.8597	217	221
3V6Z	blue	af_unrelaxed	4	1.073	0.9714	0.9536	0.8348	220	221
3V6Z	blue	boltz	0	1.633	0.9496	0.9027	0.7783	214	221
3V6Z	blue	boltz	1	1.603	0.9589	0.9367	0.8190	214	221
3V6Z	blue	boltz	2	1.713	0.9397	0.8665	0.7421	214	221
3V6Z	blue	boltz	3	1.794	0.9412	0.8744	0.7523	215	221
3V6Z	blue	boltz	4	1.664	0.9431	0.8812	0.7590	215	221
3V6Z	blue	amber_af	0	1.010	0.9748	0.9627	0.8394	220	221
3V6Z	blue	amber_af	1	1.024	0.9744	0.9638	0.8563	220	221
3V6Z	blue	amber_af	2	1.036	0.9765	0.9695	0.8971	217	221
3V6Z	blue	amber_af	3	1.211	0.9691	0.9536	0.8529	217	221
3V6Z	blue	amber_af	4	1.150	0.9672	0.9389	0.8032	220	221
3V6Z	blue	amber_boltz	0	1.638	0.9495	0.9005	0.7760	214	221
3V6Z	blue	amber_boltz	1	1.599	0.9586	0.9344	0.8156	214	221
3V6Z	blue	amber_boltz	2	1.724	0.9393	0.8665	0.7421	214	221
3V6Z	blue	amber_boltz	3	1.811	0.9406	0.8722	0.7500	215	221
3V6Z	blue	amber_boltz	4	1.673	0.9426	0.8790	0.7557	215	221
3VLB	blue	af_relaxed	0	1.507	0.9821	0.9678	0.9004	397	404
3VLB	blue	af_relaxed	1	1.450	0.9830	0.9697	0.9053	398	404
3VLB	blue	af_relaxed	2	1.487	0.9824	0.9691	0.9022	398	404
3VLB	blue	af_relaxed	3	1.444	0.9826	0.9697	0.9041	397	404
3VLB	blue	af_relaxed	4	1.465	0.9827	0.9691	0.9041	398	404
3VLB	blue	af_unrelaxed	0	1.429	0.9828	0.9691	0.9010	397	404
3VLB	blue	af_unrelaxed	1	1.458	0.9828	0.9697	0.9059	397	404
3VLB	blue	af_unrelaxed	2	1.508	0.9821	0.9678	0.8998	397	404
3VLB	blue	af_unrelaxed	3	1.485	0.9825	0.9697	0.9035	397	404
3VLB	blue	af_unrelaxed	4	1.449	0.9830	0.9697	0.9047	397	404
3VLB	blue	boltz	0	1.615	0.9787	0.9629	0.8744	395	404
3VLB	blue	boltz	1	1.629	0.9784	0.9623	0.8837	395	404
3VLB	blue	boltz	2	1.517	0.9794	0.9653	0.8731	395	404
3VLB	blue	boltz	3	1.564	0.9780	0.9616	0.8719	394	404
3VLB	blue	boltz	4	1.396	0.9811	0.9684	0.8855	397	404
3VLB	blue	amber_af	0	1.444	0.9826	0.9697	0.9041	397	404
3VLB	blue	amber_af	1	1.465	0.9827	0.9691	0.9041	398	404
3VLB	blue	amber_af	2	1.508	0.9821	0.9684	0.9016	397	404
3VLB	blue	amber_af	3	1.487	0.9824	0.9691	0.9028	398	404
3VLB	blue	amber_af	4	1.453	0.9830	0.9697	0.9041	398	404
3VLB	blue	amber_boltz	0	1.624	0.9786	0.9629	0.8744	395	404
3VLB	blue	amber_boltz	1	1.643	0.9783	0.9635	0.8868	395	404
3VLB	blue	amber_boltz	2	1.525	0.9792	0.9660	0.8731	395	404
3VLB	blue	amber_boltz	3	1.576	0.9778	0.9592	0.8682	395	404
3VLB	blue	amber_boltz	4	1.407	0.9810	0.9672	0.8855	397	404
3WD5	blue	af_relaxed	0	0.941	0.9665	0.9572	0.8668	152	152
3WD5	blue	af_relaxed	1	0.936	0.9663	0.9539	0.8684	152	152
3WD5	blue	af_relaxed	2	0.986	0.9647	0.9539	0.8684	152	152
3WD5	blue	af_relaxed	3	1.006	0.9611	0.9408	0.8273	152	152
3WD5	blue	af_relaxed	4	1.010	0.9617	0.9490	0.8618	152	152
3WD5	blue	af_unrelaxed	0	1.017	0.9598	0.9375	0.8141	152	152
3WD5	blue	af_unrelaxed	1	0.938	0.9659	0.9507	0.8569	152	152
3WD5	blue	af_unrelaxed	2	0.927	0.9671	0.9572	0.8618	152	152
3WD5	blue	af_unrelaxed	3	0.972	0.9640	0.9490	0.8569	152	152
3WD5	blue	af_unrelaxed	4	0.981	0.9649	0.9539	0.8618	152	152
3WD5	blue	boltz	0	1.850	0.9363	0.9293	0.8306	144	152
3WD5	blue	boltz	1	1.648	0.9574	0.9457	0.8668	149	152
3WD5	blue	boltz	2	1.554	0.9462	0.9375	0.8520	147	152
3WD5	blue	boltz	3	1.298	0.9589	0.9474	0.8470	150	152
3WD5	blue	boltz	4	1.465	0.9513	0.9441	0.8438	150	152
3WD5	blue	amber_af	0	1.007	0.9610	0.9391	0.8273	152	152
3WD5	blue	amber_af	1	0.939	0.9662	0.9539	0.8684	152	152
3WD5	blue	amber_af	2	0.941	0.9665	0.9556	0.8651	152	152
3WD5	blue	amber_af	3	1.011	0.9616	0.9490	0.8618	152	152
3WD5	blue	amber_af	4	0.985	0.9649	0.9539	0.8668	152	152
3WD5	blue	amber_boltz	0	1.873	0.9353	0.9276	0.8339	144	152
3WD5	blue	amber_boltz	1	1.665	0.9554	0.9424	0.8569	149	152
3WD5	blue	amber_boltz	2	1.563	0.9455	0.9359	0.8487	147	152
3WD5	blue	amber_boltz	3	1.311	0.9582	0.9457	0.8503	150	152
3WD5	blue	amber_boltz	4	1.481	0.9505	0.9441	0.8438	150	152
4CPA	blue	af_relaxed	0	0.424	0.9959	0.9967	0.9682	307	307
4CPA	blue	af_relaxed	1	0.427	0.9959	0.9967	0.9691	307	307
4CPA	blue	af_relaxed	2	0.430	0.9959	0.9967	0.9699	307	307
4CPA	blue	af_relaxed	3	0.435	0.9957	0.9959	0.9650	307	307
4CPA	blue	af_relaxed	4	0.425	0.9958	0.9951	0.9658	307	307
4CPA	blue	af_unrelaxed	0	0.419	0.9960	0.9967	0.9707	307	307
4CPA	blue	af_unrelaxed	1	0.422	0.9959	0.9967	0.9707	307	307
4CPA	blue	af_unrelaxed	2	0.424	0.9960	0.9967	0.9707	307	307
4CPA	blue	af_unrelaxed	3	0.435	0.9957	0.9967	0.9691	307	307
4CPA	blue	af_unrelaxed	4	0.426	0.9959	0.9967	0.9707	307	307
4CPA	blue	boltz	0	0.456	0.9953	0.9959	0.9617	307	307
4CPA	blue	boltz	1	0.475	0.9948	0.9943	0.9454	307	307
4CPA	blue	boltz	2	0.434	0.9957	0.9959	0.9691	307	307
4CPA	blue	boltz	3	0.448	0.9954	0.9959	0.9617	307	307
4CPA	blue	boltz	4	0.456	0.9953	0.9951	0.9634	307	307
4CPA	blue	amber_af	0	0.424	0.9959	0.9967	0.9691	307	307
4CPA	blue	amber_af	1	0.425	0.9958	0.9951	0.9658	307	307
4CPA	blue	amber_af	2	0.428	0.9959	0.9967	0.9682	307	307
4CPA	blue	amber_af	3	0.435	0.9957	0.9967	0.9658	307	307
4CPA	blue	amber_af	4	0.430	0.9959	0.9967	0.9691	307	307
4CPA	blue	amber_boltz	0	0.460	0.9952	0.9959	0.9601	307	307
4CPA	blue	amber_boltz	1	0.477	0.9947	0.9943	0.9471	307	307
4CPA	blue	amber_boltz	2	0.436	0.9957	0.9959	0.9674	307	307
4CPA	blue	amber_boltz	3	0.452	0.9953	0.9959	0.9617	307	307
4CPA	blue	amber_boltz	4	0.460	0.9952	0.9951	0.9634	307	307
4DN4	blue	af_relaxed	0	1.067	0.9684	0.9357	0.7979	213	214
4DN4	blue	af_relaxed	1	1.111	0.9661	0.9299	0.7932	212	214
4DN4	blue	af_relaxed	2	1.348	0.9528	0.8843	0.7395	211	214
4DN4	blue	af_relaxed	3	1.230	0.9601	0.9054	0.7629	212	214
4DN4	blue	af_relaxed	4	1.337	0.9537	0.8867	0.7453	211	214
4DN4	blue	af_unrelaxed	0	1.106	0.9660	0.9287	0.7921	212	214
4DN4	blue	af_unrelaxed	1	1.229	0.9600	0.9042	0.7629	212	214
4DN4	blue	af_unrelaxed	2	1.348	0.9527	0.8867	0.7407	211	214
4DN4	blue	af_unrelaxed	3	1.060	0.9685	0.9357	0.7979	213	214
4DN4	blue	af_unrelaxed	4	1.336	0.9536	0.8879	0.7465	211	214
4DN4	blue	boltz	0	1.245	0.9646	0.9287	0.7944	211	214
4DN4	blue	boltz	1	1.283	0.9583	0.9042	0.7675	211	214
4DN4	blue	boltz	2	1.058	0.9711	0.9439	0.8049	212	214
4DN4	blue	boltz	3	1.137	0.9642	0.9136	0.7815	213	214
4DN4	blue	boltz	4	1.020	0.9724	0.9509	0.8189	213	214
4DN4	blue	amber_af	0	1.111	0.9661	0.9299	0.7932	212	214
4DN4	blue	amber_af	1	1.232	0.9600	0.9054	0.7640	212	214
4DN4	blue	amber_af	2	1.348	0.9528	0.8843	0.7383	211	214
4DN4	blue	amber_af	3	1.067	0.9684	0.9357	0.7967	213	214
4DN4	blue	amber_af	4	1.337	0.9537	0.8890	0.7488	211	214
4DN4	blue	amber_boltz	0	1.246	0.9644	0.9299	0.8002	211	214
4DN4	blue	amber_boltz	1	1.287	0.9580	0.9042	0.7675	211	214
4DN4	blue	amber_boltz	2	1.062	0.9709	0.9451	0.8049	212	214
4DN4	blue	amber_boltz	3	1.139	0.9642	0.9147	0.7862	213	214
4DN4	blue	amber_boltz	4	1.027	0.9720	0.9486	0.8236	213	214
4DW2	blue	af_relaxed	0	1.845	0.9244	0.8476	0.6548	206	210
4DW2	blue	af_relaxed	1	1.721	0.9380	0.8619	0.6667	206	210
4DW2	blue	af_relaxed	2	1.887	0.9203	0.8369	0.6464	206	210
4DW2	blue	af_relaxed	3	1.762	0.9283	0.8524	0.6643	206	210
4DW2	blue	af_relaxed	4	1.757	0.9349	0.8583	0.6631	206	210
4DW2	blue	af_unrelaxed	0	1.781	0.9281	0.8571	0.6726	206	210
4DW2	blue	af_unrelaxed	1	1.697	0.9360	0.8643	0.6810	206	210
4DW2	blue	af_unrelaxed	2	1.840	0.9245	0.8488	0.6619	206	210
4DW2	blue	af_unrelaxed	3	1.881	0.9205	0.8393	0.6524	206	210
4DW2	blue	af_unrelaxed	4	1.707	0.9383	0.8655	0.6738	206	210
4DW2	blue	boltz	0	1.624	0.9497	0.8845	0.7012	206	210
4DW2	blue	boltz	1	1.838	0.9290	0.8536	0.6655	206	210
4DW2	blue	boltz	2	1.586	0.9507	0.8845	0.7036	206	210
4DW2	blue	boltz	3	1.655	0.9420	0.8714	0.6798	206	210
4DW2	blue	boltz	4	1.575	0.9488	0.8738	0.6821	206	210
4DW2	blue	amber_af	0	1.763	0.9288	0.8524	0.6631	206	210
4DW2	blue	amber_af	1	1.745	0.9354	0.8595	0.6655	206	210
4DW2	blue	amber_af	2	1.844	0.9245	0.8464	0.6548	206	210
4DW2	blue	amber_af	3	1.887	0.9202	0.8369	0.6476	206	210
4DW2	blue	amber_af	4	1.720	0.9381	0.8619	0.6667	206	210
4DW2	blue	amber_boltz	0	1.630	0.9493	0.8810	0.6964	206	210
4DW2	blue	amber_boltz	1	1.847	0.9287	0.8536	0.6631	206	210
4DW2	blue	amber_boltz	2	1.586	0.9504	0.8845	0.7012	206	210
4DW2	blue	amber_boltz	3	1.660	0.9417	0.8702	0.6750	206	210
4DW2	blue	amber_boltz	4	1.589	0.9483	0.8750	0.6833	206	210
4ETQ	blue	af_relaxed	0	0.987	0.9785	0.9700	0.8578	224	225
4ETQ	blue	af_relaxed	1	0.809	0.9823	0.9744	0.8656	225	225
4ETQ	blue	af_relaxed	2	1.001	0.9786	0.9711	0.8711	224	225
4ETQ	blue	af_relaxed	3	0.810	0.9825	0.9756	0.8744	224	225
4ETQ	blue	af_relaxed	4	0.820	0.9816	0.9744	0.8678	225	225
4ETQ	blue	af_unrelaxed	0	0.805	0.9824	0.9744	0.8722	225	225
4ETQ	blue	af_unrelaxed	1	0.800	0.9829	0.9767	0.8767	224	225
4ETQ	blue	af_unrelaxed	2	0.971	0.9792	0.9733	0.8667	224	225
4ETQ	blue	af_unrelaxed	3	0.816	0.9818	0.9744	0.8700	225	225
4ETQ	blue	af_unrelaxed	4	0.993	0.9789	0.9722	0.8733	224	225
4ETQ	blue	boltz	0	0.961	0.9799	0.9678	0.8689	223	225
4ETQ	blue	boltz	1	0.925	0.9804	0.9678	0.8800	223	225
4ETQ	blue	boltz	2	0.894	0.9824	0.9756	0.8856	223	225
4ETQ	blue	boltz	3	0.935	0.9811	0.9667	0.8878	223	225
4ETQ	blue	boltz	4	0.953	0.9802	0.9678	0.8811	223	225
4ETQ	blue	amber_af	0	0.809	0.9824	0.9756	0.8678	225	225
4ETQ	blue	amber_af	1	0.811	0.9825	0.9778	0.8778	224	225
4ETQ	blue	amber_af	2	0.988	0.9785	0.9700	0.8589	224	225
4ETQ	blue	amber_af	3	0.821	0.9816	0.9744	0.8689	225	225
4ETQ	blue	amber_af	4	1.000	0.9787	0.9711	0.8711	224	225
4ETQ	blue	amber_boltz	0	0.960	0.9801	0.9678	0.8711	223	225
4ETQ	blue	amber_boltz	1	0.921	0.9806	0.9667	0.8800	223	225
4ETQ	blue	amber_boltz	2	0.892	0.9825	0.9756	0.8867	223	225
4ETQ	blue	amber_boltz	3	0.935	0.9812	0.9689	0.8911	223	225
4ETQ	blue	amber_boltz	4	0.954	0.9803	0.9700	0.8822	223	225
4FP8	blue	af_relaxed	0	0.547	0.9920	0.9888	0.9082	267	267
4FP8	blue	af_relaxed	1	0.543	0.9921	0.9897	0.9110	267	267
4FP8	blue	af_relaxed	2	0.557	0.9917	0.9878	0.8979	267	267
4FP8	blue	af_relaxed	3	0.567	0.9914	0.9869	0.9026	267	267
4FP8	blue	af_relaxed	4	0.521	0.9927	0.9916	0.9195	267	267
4FP8	blue	af_unrelaxed	0	0.554	0.9918	0.9897	0.9073	267	267
4FP8	blue	af_unrelaxed	1	0.549	0.9919	0.9888	0.9026	267	267
4FP8	blue	af_unrelaxed	2	0.550	0.9919	0.9897	0.9017	267	267
4FP8	blue	af_unrelaxed	3	0.518	0.9928	0.9916	0.9139	267	267
4FP8	blue	af_unrelaxed	4	0.509	0.9930	0.9925	0.9288	267	267
4FP8	blue	boltz	0	0.888	0.9819	0.9672	0.8773	267	267
4FP8	blue	boltz	1	0.912	0.9812	0.9663	0.8755	267	267
4FP8	blue	boltz	2	0.893	0.9819	0.9654	0.8727	267	267
4FP8	blue	boltz	3	0.840	0.9831	0.9663	0.8670	267	267
4FP8	blue	boltz	4	0.880	0.9819	0.9635	0.8586	267	267
4FP8	blue	amber_af	0	0.566	0.9914	0.9869	0.9017	267	267
4FP8	blue	amber_af	1	0.545	0.9920	0.9888	0.9064	267	267
4FP8	blue	amber_af	2	0.557	0.9917	0.9888	0.8989	267	267
4FP8	blue	amber_af	3	0.557	0.9917	0.9888	0.9092	267	267
4FP8	blue	amber_af	4	0.520	0.9927	0.9916	0.9213	267	267
4FP8	blue	amber_boltz	0	0.892	0.9818	0.9672	0.8736	267	267
4FP8	blue	amber_boltz	1	0.921	0.9809	0.9654	0.8727	267	267
4FP8	blue	amber_boltz	2	0.902	0.9816	0.9644	0.8708	267	267
4FP8	blue	amber_boltz	3	0.846	0.9830	0.9663	0.8689	267	267
4FP8	blue	amber_boltz	4	0.888	0.9815	0.9635	0.8539	267	267
4FQI	blue	af_relaxed	0	0.981	0.9814	0.9591	0.8519	322	324
4FQI	blue	af_relaxed	1	1.027	0.9797	0.9552	0.8457	322	324
4FQI	blue	af_relaxed	2	0.968	0.9807	0.9491	0.8380	323	324
4FQI	blue	af_relaxed	3	1.224	0.9725	0.9398	0.8225	321	324
4FQI	blue	af_relaxed	4	1.323	0.9687	0.9375	0.8218	319	324
4FQI	blue	af_unrelaxed	0	0.979	0.9814	0.9568	0.8511	322	324
4FQI	blue	af_unrelaxed	1	0.967	0.9808	0.9498	0.8372	323	324
4FQI	blue	af_unrelaxed	2	1.021	0.9800	0.9560	0.8457	322	324
4FQI	blue	af_unrelaxed	3	1.223	0.9726	0.9383	0.8218	321	324
4FQI	blue	af_unrelaxed	4	1.325	0.9687	0.9375	0.8187	319	324
4FQI	blue	boltz	0	1.203	0.9704	0.9128	0.7924	323	324
4FQI	blue	boltz	1	1.402	0.9666	0.9290	0.8318	317	324
4FQI	blue	boltz	2	1.525	0.9622	0.9198	0.8179	317	324
4FQI	blue	boltz	3	1.958	0.9490	0.9113	0.8133	311	324
4FQI	blue	boltz	4	2.035	0.9524	0.9174	0.8079	313	324
4FQI	blue	amber_af	0	0.981	0.9814	0.9599	0.8526	322	324
4FQI	blue	amber_af	1	0.968	0.9807	0.9491	0.8372	323	324
4FQI	blue	amber_af	2	1.028	0.9796	0.9545	0.8449	322	324
4FQI	blue	amber_af	3	1.225	0.9725	0.9398	0.8225	321	324
4FQI	blue	amber_af	4	1.323	0.9687	0.9383	0.8225	319	324
4FQI	blue	amber_boltz	0	1.200	0.9705	0.9128	0.7940	323	324
4FQI	blue	amber_boltz	1	1.398	0.9666	0.9290	0.8326	317	324
4FQI	blue	amber_boltz	2	1.524	0.9620	0.9190	0.8140	317	324
4FQI	blue	amber_boltz	3	1.958	0.9488	0.9090	0.8117	311	324
4FQI	blue	amber_boltz	4	2.035	0.9521	0.9182	0.8086	313	324
4FZA	blue	af_relaxed	0	1.136	0.9738	0.9151	0.7832	323	324
4FZA	blue	af_relaxed	1	1.114	0.9748	0.9174	0.7855	323	324
4FZA	blue	af_relaxed	2	1.123	0.9744	0.9167	0.7870	323	324
4FZA	blue	af_relaxed	3	1.106	0.9751	0.9228	0.7909	323	324
4FZA	blue	af_relaxed	4	1.127	0.9743	0.9174	0.7878	323	324
4FZA	blue	af_unrelaxed	0	1.103	0.9752	0.9198	0.7917	323	324
4FZA	blue	af_unrelaxed	1	1.120	0.9746	0.9205	0.7909	323	324
4FZA	blue	af_unrelaxed	2	1.116	0.9747	0.9182	0.7948	323	324
4FZA	blue	af_unrelaxed	3	1.099	0.9755	0.9236	0.7948	323	324
4FZA	blue	af_unrelaxed	4	1.128	0.9741	0.9190	0.7894	323	324
4FZA	blue	boltz	0	1.183	0.9717	0.9082	0.7716	324	324
4FZA	blue	boltz	1	1.099	0.9757	0.9213	0.7886	323	324
4FZA	blue	boltz	2	1.308	0.9656	0.8881	0.7400	323	324
4FZA	blue	boltz	3	1.196	0.9709	0.9043	0.7585	324	324
4FZA	blue	boltz	4	1.114	0.9747	0.9182	0.7863	323	324
4FZA	blue	amber_af	0	1.114	0.9748	0.9174	0.7863	323	324
4FZA	blue	amber_af	1	1.127	0.9743	0.9182	0.7878	323	324
4FZA	blue	amber_af	2	1.123	0.9744	0.9167	0.7870	323	324
4FZA	blue	amber_af	3	1.107	0.9751	0.9228	0.7909	323	324
4FZA	blue	amber_af	4	1.135	0.9738	0.9151	0.7832	323	324
4FZA	blue	amber_boltz	0	1.190	0.9714	0.9066	0.7677	324	324
4FZA	blue	amber_boltz	1	1.105	0.9755	0.9198	0.7840	323	324
4FZA	blue	amber_boltz	2	1.317	0.9652	0.8850	0.7361	323	324
4FZA	blue	amber_boltz	3	1.204	0.9706	0.9051	0.7608	324	324
4FZA	blue	amber_boltz	4	1.122	0.9744	0.9167	0.7832	323	324
4G6J	blue	af_relaxed	0	0.653	0.9807	0.9814	0.8784	148	148
4G6J	blue	af_relaxed	1	0.742	0.9752	0.9696	0.8530	148	148
4G6J	blue	af_relaxed	2	0.718	0.9770	0.9713	0.8682	148	148
4G6J	blue	af_relaxed	3	0.715	0.9777	0.9764	0.8818	148	148
4G6J	blue	af_relaxed	4	0.692	0.9784	0.9780	0.8666	148	148
4G6J	blue	af_unrelaxed	0	0.742	0.9750	0.9679	0.8294	148	148
4G6J	blue	af_unrelaxed	1	0.660	0.9802	0.9814	0.8699	148	148
4G6J	blue	af_unrelaxed	2	0.651	0.9808	0.9814	0.8784	148	148
4G6J	blue	af_unrelaxed	3	0.685	0.9788	0.9764	0.8682	148	148
4G6J	blue	af_unrelaxed	4	0.667	0.9800	0.9814	0.8868	148	148
4G6J	blue	boltz	0	0.654	0.9810	0.9780	0.9003	148	148
4G6J	blue	boltz	1	0.663	0.9804	0.9747	0.8919	148	148
4G6J	blue	boltz	2	0.630	0.9821	0.9797	0.9020	148	148
4G6J	blue	boltz	3	0.616	0.9827	0.9865	0.9122	148	148
4G6J	blue	boltz	4	0.654	0.9809	0.9764	0.9054	148	148
4G6J	blue	amber_af	0	0.738	0.9754	0.9696	0.8530	148	148
4G6J	blue	amber_af	1	0.696	0.9782	0.9764	0.8598	148	148
4G6J	blue	amber_af	2	0.653	0.9807	0.9814	0.8784	148	148
4G6J	blue	amber_af	3	0.718	0.9769	0.9713	0.8699	148	148
4G6J	blue	amber_af	4	0.713	0.9778	0.9764	0.8834	148	148
4G6J	blue	amber_boltz	0	0.666	0.9802	0.9797	0.8970	148	148
4G6J	blue	amber_boltz	1	0.671	0.9798	0.9747	0.8851	148	148
4G6J	blue	amber_boltz	2	0.663	0.9803	0.9764	0.8885	148	148
4G6J	blue	amber_boltz	3	0.632	0.9819	0.9814	0.9054	148	148
4G6J	blue	amber_boltz	4	0.678	0.9795	0.9730	0.9003	148	148
4G6M	blue	af_relaxed	0	1.159	0.9647	0.9661	0.8839	139	140
4G6M	blue	af_relaxed	1	1.125	0.9546	0.9464	0.8250	138	140
4G6M	blue	af_relaxed	2	1.117	0.9566	0.9446	0.8268	139	140
4G6M	blue	af_relaxed	3	1.167	0.9625	0.9607	0.8696	139	140
4G6M	blue	af_relaxed	4	1.028	0.9644	0.9643	0.8768	139	140
4G6M	blue	af_unrelaxed	0	0.998	0.9611	0.9554	0.8036	139	140
4G6M	blue	af_unrelaxed	1	0.875	0.9715	0.9750	0.8857	139	140
4G6M	blue	af_unrelaxed	2	1.165	0.9644	0.9643	0.8839	139	140
4G6M	blue	af_unrelaxed	3	0.947	0.9655	0.9625	0.8268	139	140
4G6M	blue	af_unrelaxed	4	1.158	0.9629	0.9625	0.8696	138	140
4G6M	blue	boltz	0	1.381	0.9506	0.9446	0.8607	139	140
4G6M	blue	boltz	1	1.235	0.9625	0.9625	0.8750	139	140
4G6M	blue	boltz	2	1.217	0.9614	0.9607	0.8661	139	140
4G6M	blue	boltz	3	1.156	0.9643	0.9607	0.8714	139	140
4G6M	blue	boltz	4	1.131	0.9663	0.9607	0.8768	139	140
4G6M	blue	amber_af	0	1.135	0.9540	0.9429	0.8196	138	140
4G6M	blue	amber_af	1	1.045	0.9640	0.9589	0.8732	139	140
4G6M	blue	amber_af	2	1.158	0.9647	0.9661	0.8821	139	140
4G6M	blue	amber_af	3	1.122	0.9575	0.9482	0.8321	139	140
4G6M	blue	amber_af	4	1.166	0.9625	0.9607	0.8696	139	140
4G6M	blue	amber_boltz	0	1.402	0.9494	0.9411	0.8571	139	140
4G6M	blue	amber_boltz	1	1.247	0.9621	0.9589	0.8714	139	140
4G6M	blue	amber_boltz	2	1.225	0.9610	0.9589	0.8643	139	140
4G6M	blue	amber_boltz	3	1.167	0.9638	0.9589	0.8696	139	140
4G6M	blue	amber_boltz	4	1.133	0.9660	0.9607	0.8768	139	140
4GAM	blue	af_relaxed	0	1.084	0.9861	0.9472	0.8625	509	511
4GAM	blue	af_relaxed	1	1.090	0.9858	0.9447	0.8601	509	511
4GAM	blue	af_relaxed	2	1.122	0.9852	0.9442	0.8576	509	511
4GAM	blue	af_relaxed	3	1.127	0.9850	0.9432	0.8542	509	511
4GAM	blue	af_relaxed	4	1.075	0.9864	0.9535	0.8733	509	511
4GAM	blue	af_unrelaxed	0	1.079	0.9862	0.9457	0.8620	509	511
4GAM	blue	af_unrelaxed	1	1.067	0.9865	0.9516	0.8718	509	511
4GAM	blue	af_unrelaxed	2	1.120	0.9852	0.9428	0.8567	509	511
4GAM	blue	af_unrelaxed	3	1.085	0.9859	0.9452	0.8620	509	511
4GAM	blue	af_unrelaxed	4	1.115	0.9853	0.9437	0.8557	509	511
4GAM	blue	boltz	0	1.045	0.9876	0.9623	0.8664	509	511
4GAM	blue	boltz	1	1.064	0.9868	0.9569	0.8488	509	511
4GAM	blue	boltz	2	1.082	0.9868	0.9565	0.8527	509	511
4GAM	blue	boltz	3	1.063	0.9867	0.9574	0.8552	509	511
4GAM	blue	boltz	4	1.050	0.9871	0.9574	0.8571	509	511
4GAM	blue	amber_af	0	1.085	0.9861	0.9467	0.8615	509	511
4GAM	blue	amber_af	1	1.075	0.9864	0.9525	0.8723	509	511
4GAM	blue	amber_af	2	1.127	0.9851	0.9437	0.8547	509	511
4GAM	blue	amber_af	3	1.089	0.9859	0.9457	0.8615	509	511
4GAM	blue	amber_af	4	1.122	0.9852	0.9437	0.8571	509	511
4GAM	blue	amber_boltz	0	1.051	0.9875	0.9609	0.8659	509	511
4GAM	blue	amber_boltz	1	1.071	0.9867	0.9560	0.8459	509	511
4GAM	blue	amber_boltz	2	1.086	0.9867	0.9555	0.8498	509	511
4GAM	blue	amber_boltz	3	1.074	0.9865	0.9574	0.8552	509	511
4GAM	blue	amber_boltz	4	1.054	0.9870	0.9569	0.8523	509	511
4GXU	blue	af_relaxed	0	0.852	0.9844	0.9515	0.8400	325	325
4GXU	blue	af_relaxed	1	0.843	0.9844	0.9508	0.8223	325	325
4GXU	blue	af_relaxed	2	0.894	0.9824	0.9408	0.8069	325	325
4GXU	blue	af_relaxed	3	0.806	0.9857	0.9531	0.8300	325	325
4GXU	blue	af_relaxed	4	1.268	0.9696	0.9238	0.8046	321	325
4GXU	blue	af_unrelaxed	0	0.830	0.9848	0.9531	0.8315	325	325
4GXU	blue	af_unrelaxed	1	1.258	0.9701	0.9231	0.8023	321	325
4GXU	blue	af_unrelaxed	2	0.781	0.9865	0.9562	0.8408	325	325
4GXU	blue	af_unrelaxed	3	0.852	0.9844	0.9500	0.8369	325	325
4GXU	blue	af_unrelaxed	4	0.818	0.9853	0.9531	0.8362	325	325
4GXU	blue	boltz	0	2.061	0.9284	0.8885	0.7615	315	325
4GXU	blue	boltz	1	2.491	0.9004	0.8569	0.7208	291	325
4GXU	blue	boltz	2	2.859	0.8902	0.8631	0.7331	285	325
4GXU	blue	boltz	3	2.971	0.8856	0.8462	0.7162	284	325
4GXU	blue	boltz	4	3.074	0.8807	0.8508	0.7285	284	325
4GXU	blue	amber_af	0	0.895	0.9823	0.9400	0.8069	325	325
4GXU	blue	amber_af	1	1.268	0.9696	0.9238	0.8046	321	325
4GXU	blue	amber_af	2	0.829	0.9849	0.9508	0.8208	325	325
4GXU	blue	amber_af	3	0.852	0.9844	0.9515	0.8400	325	325
4GXU	blue	amber_af	4	0.845	0.9843	0.9485	0.8200	325	325
4GXU	blue	amber_boltz	0	2.066	0.9282	0.8869	0.7569	315	325
4GXU	blue	amber_boltz	1	2.494	0.9002	0.8585	0.7200	292	325
4GXU	blue	amber_boltz	2	2.864	0.8901	0.8615	0.7315	284	325
4GXU	blue	amber_boltz	3	2.974	0.8855	0.8454	0.7138	284	325
4GXU	blue	amber_boltz	4	3.080	0.8805	0.8500	0.7285	284	325
4H03	blue	af_relaxed	0	0.367	0.9975	0.9964	0.9716	414	414
4H03	blue	af_relaxed	1	0.353	0.9977	0.9964	0.9728	414	414
4H03	blue	af_relaxed	2	0.367	0.9976	0.9964	0.9734	414	414
4H03	blue	af_relaxed	3	0.373	0.9974	0.9970	0.9662	414	414
4H03	blue	af_relaxed	4	0.399	0.9971	0.9946	0.9583	414	414
4H03	blue	af_unrelaxed	0	0.370	0.9975	0.9964	0.9632	414	414
4H03	blue	af_unrelaxed	1	0.361	0.9976	0.9964	0.9722	414	414
4H03	blue	af_unrelaxed	2	0.363	0.9976	0.9964	0.9740	414	414
4H03	blue	af_unrelaxed	3	0.341	0.9979	0.9970	0.9771	414	414
4H03	blue	af_unrelaxed	4	0.364	0.9976	0.9970	0.9758	414	414
4H03	blue	boltz	0	2.889	0.9532	0.8351	0.6667	404	414
4H03	blue	boltz	1	2.926	0.9631	0.8798	0.7095	404	414
4H03	blue	boltz	2	3.006	0.9443	0.8194	0.6455	404	414
4H03	blue	boltz	3	2.956	0.9528	0.8303	0.6582	404	414
4H03	blue	boltz	4	3.068	0.9573	0.8539	0.7005	404	414
4H03	blue	amber_af	0	0.400	0.9971	0.9946	0.9583	414	414
4H03	blue	amber_af	1	0.374	0.9974	0.9970	0.9656	414	414
4H03	blue	amber_af	2	0.368	0.9975	0.9964	0.9722	414	414
4H03	blue	amber_af	3	0.353	0.9977	0.9964	0.9728	414	414
4H03	blue	amber_af	4	0.368	0.9975	0.9964	0.9734	414	414
4H03	blue	amber_boltz	0	2.893	0.9531	0.8357	0.6685	404	414
4H03	blue	amber_boltz	1	2.929	0.9630	0.8810	0.7114	404	414
4H03	blue	amber_boltz	2	3.005	0.9442	0.8188	0.6461	404	414
4H03	blue	amber_boltz	3	2.959	0.9527	0.8279	0.6540	404	414
4H03	blue	amber_boltz	4	3.069	0.9573	0.8545	0.6987	404	414
4HX3	blue	af_relaxed	0	0.904	0.9816	0.9888	0.9608	133	134
4HX3	blue	af_relaxed	1	0.913	0.9807	0.9888	0.9552	133	134
4HX3	blue	af_relaxed	2	0.912	0.9817	0.9888	0.9627	133	134
4HX3	blue	af_relaxed	3	0.948	0.9793	0.9851	0.9515	133	134
4HX3	blue	af_relaxed	4	0.921	0.9811	0.9869	0.9552	133	134
4HX3	blue	af_unrelaxed	0	0.890	0.9814	0.9888	0.9496	133	134
4HX3	blue	af_unrelaxed	1	0.886	0.9821	0.9888	0.9627	133	134
4HX3	blue	af_unrelaxed	2	0.890	0.9822	0.9888	0.9608	133	134
4HX3	blue	af_unrelaxed	3	0.913	0.9813	0.9888	0.9515	133	134
4HX3	blue	af_unrelaxed	4	0.897	0.9816	0.9888	0.9571	133	134
4HX3	blue	boltz	0	0.689	0.9845	0.9907	0.9608	133	134
4HX3	blue	boltz	1	0.838	0.9820	0.9869	0.9515	132	134
4HX3	blue	boltz	2	0.922	0.9820	0.9888	0.9608	132	134
4HX3	blue	boltz	3	0.920	0.9822	0.9851	0.9664	133	134
4HX3	blue	boltz	4	0.881	0.9832	0.9888	0.9627	133	134
4HX3	blue	amber_af	0	0.914	0.9807	0.9888	0.9552	133	134
4HX3	blue	amber_af	1	0.924	0.9803	0.9888	0.9515	133	134
4HX3	blue	amber_af	2	0.911	0.9817	0.9869	0.9590	133	134
4HX3	blue	amber_af	3	0.931	0.9807	0.9888	0.9552	133	134
4HX3	blue	amber_af	4	0.921	0.9810	0.9869	0.9571	133	134
4HX3	blue	amber_boltz	0	0.686	0.9846	0.9907	0.9590	133	134
4HX3	blue	amber_boltz	1	0.840	0.9820	0.9869	0.9552	132	134
4HX3	blue	amber_boltz	2	0.926	0.9823	0.9869	0.9646	132	134
4HX3	blue	amber_boltz	3	0.929	0.9825	0.9851	0.9664	133	134
4HX3	blue	amber_boltz	4	0.887	0.9833	0.9888	0.9646	133	134
4IZ7	blue	af_relaxed	0	1.119	0.9774	0.9331	0.8161	342	344
4IZ7	blue	af_relaxed	1	1.102	0.9782	0.9360	0.8249	341	344
4IZ7	blue	af_relaxed	2	1.116	0.9774	0.9302	0.8132	342	344
4IZ7	blue	af_relaxed	3	1.159	0.9759	0.9302	0.8169	342	344
4IZ7	blue	af_relaxed	4	1.158	0.9759	0.9266	0.8096	342	344
4IZ7	blue	af_unrelaxed	0	1.152	0.9762	0.9302	0.8147	342	344
4IZ7	blue	af_unrelaxed	1	1.159	0.9759	0.9295	0.8125	342	344
4IZ7	blue	af_unrelaxed	2	1.115	0.9776	0.9339	0.8190	342	344
4IZ7	blue	af_unrelaxed	3	1.111	0.9776	0.9295	0.8147	342	344
4IZ7	blue	af_unrelaxed	4	1.095	0.9785	0.9382	0.8263	341	344
4IZ7	blue	boltz	0	1.054	0.9806	0.9499	0.8525	341	344
4IZ7	blue	boltz	1	1.118	0.9820	0.9608	0.8765	340	344
4IZ7	blue	boltz	2	1.209	0.9757	0.9360	0.8198	341	344
4IZ7	blue	boltz	3	1.152	0.9773	0.9397	0.8430	341	344
4IZ7	blue	boltz	4	4.297	0.9515	0.9215	0.8379	328	344
4IZ7	blue	amber_af	0	1.157	0.9760	0.9310	0.8140	342	344
4IZ7	blue	amber_af	1	1.160	0.9758	0.9281	0.8110	342	344
4IZ7	blue	amber_af	2	1.120	0.9774	0.9339	0.8154	342	344
4IZ7	blue	amber_af	3	1.117	0.9774	0.9295	0.8110	342	344
4IZ7	blue	amber_af	4	1.102	0.9782	0.9353	0.8241	341	344
4IZ7	blue	amber_boltz	0	1.049	0.9807	0.9499	0.8503	341	344
4IZ7	blue	amber_boltz	1	1.120	0.9819	0.9600	0.8750	340	344
4IZ7	blue	amber_boltz	2	1.208	0.9756	0.9339	0.8147	341	344
4IZ7	blue	amber_boltz	3	1.156	0.9771	0.9404	0.8438	341	344
4IZ7	blue	amber_boltz	4	4.296	0.9516	0.9230	0.8401	328	344
4JCV	blue	af_relaxed	0	1.674	0.9178	0.8622	0.7092	195	196
4JCV	blue	af_relaxed	1	1.459	0.9316	0.8814	0.7270	196	196
4JCV	blue	af_relaxed	2	1.633	0.9169	0.8406	0.6849	196	196
4JCV	blue	af_relaxed	3	1.703	0.9158	0.8622	0.7117	195	196
4JCV	blue	af_relaxed	4	1.512	0.9295	0.8520	0.6964	195	196
4JCV	blue	af_unrelaxed	0	1.453	0.9320	0.8801	0.7321	196	196
4JCV	blue	af_unrelaxed	1	1.697	0.9163	0.8635	0.7245	195	196
4JCV	blue	af_unrelaxed	2	1.633	0.9168	0.8431	0.6888	196	196
4JCV	blue	af_unrelaxed	3	1.676	0.9175	0.8661	0.7168	195	196
4JCV	blue	af_unrelaxed	4	1.521	0.9286	0.8546	0.7054	195	196
4JCV	blue	boltz	0	6.262	0.8386	0.7755	0.6492	169	196
4JCV	blue	boltz	1	6.265	0.8334	0.7857	0.6722	169	196
4JCV	blue	boltz	2	6.186	0.8489	0.7985	0.6849	170	196
4JCV	blue	boltz	3	6.565	0.7863	0.7347	0.6212	169	196
4JCV	blue	boltz	4	9.751	0.6819	0.6709	0.5510	127	196
4JCV	blue	amber_af	0	1.459	0.9316	0.8788	0.7258	196	196
4JCV	blue	amber_af	1	1.704	0.9157	0.8635	0.7143	195	196
4JCV	blue	amber_af	2	1.632	0.9170	0.8418	0.6862	196	196
4JCV	blue	amber_af	3	1.674	0.9178	0.8622	0.7092	195	196
4JCV	blue	amber_af	4	1.511	0.9297	0.8546	0.6977	195	196
4JCV	blue	amber_boltz	0	6.264	0.8387	0.7742	0.6454	169	196
4JCV	blue	amber_boltz	1	6.282	0.8329	0.7806	0.6607	169	196
4JCV	blue	amber_boltz	2	6.197	0.8487	0.7972	0.6837	170	196
4JCV	blue	amber_boltz	3	6.574	0.7861	0.7360	0.6212	169	196
4JCV	blue	amber_boltz	4	9.747	0.6821	0.6696	0.5421	127	196
4LW4	blue	af_relaxed	0	0.979	0.9862	0.9758	0.9018	386	392
4LW4	blue	af_relaxed	1	0.948	0.9870	0.9770	0.9145	387	392
4LW4	blue	af_relaxed	2	1.198	0.9831	0.9732	0.9018	386	392
4LW4	blue	af_relaxed	3	1.275	0.9815	0.9694	0.8980	384	392
4LW4	blue	af_relaxed	4	0.673	0.9923	0.9860	0.9273	391	392
4LW4	blue	af_unrelaxed	0	0.949	0.9871	0.9783	0.9196	388	392
4LW4	blue	af_unrelaxed	1	0.677	0.9923	0.9860	0.9298	391	392
4LW4	blue	af_unrelaxed	2	1.282	0.9814	0.9694	0.8973	384	392
4LW4	blue	af_unrelaxed	3	0.984	0.9862	0.9758	0.9088	386	392
4LW4	blue	af_unrelaxed	4	1.200	0.9832	0.9745	0.9062	386	392
4LW4	blue	boltz	0	1.261	0.9815	0.9700	0.8744	385	392
4LW4	blue	boltz	1	1.178	0.9833	0.9726	0.9043	385	392
4LW4	blue	boltz	2	1.273	0.9817	0.9726	0.8973	383	392
4LW4	blue	boltz	3	1.298	0.9804	0.9700	0.8654	385	392
4LW4	blue	boltz	4	1.165	0.9831	0.9713	0.8967	385	392
4LW4	blue	amber_af	0	0.943	0.9871	0.9777	0.9171	389	392
4LW4	blue	amber_af	1	0.673	0.9923	0.9860	0.9279	391	392
4LW4	blue	amber_af	2	1.275	0.9815	0.9694	0.8980	384	392
4LW4	blue	amber_af	3	0.979	0.9862	0.9758	0.9043	386	392
4LW4	blue	amber_af	4	1.197	0.9832	0.9732	0.9024	386	392
4LW4	blue	amber_boltz	0	1.263	0.9813	0.9700	0.8750	385	392
4LW4	blue	amber_boltz	1	1.182	0.9831	0.9732	0.9037	385	392
4LW4	blue	amber_boltz	2	1.274	0.9816	0.9719	0.8916	384	392
4LW4	blue	amber_boltz	3	1.299	0.9803	0.9694	0.8673	385	392
4LW4	blue	amber_boltz	4	1.169	0.9830	0.9719	0.8999	385	392
4M3K	blue	af_relaxed	0	0.735	0.9893	0.9865	0.9337	259	260
4M3K	blue	af_relaxed	1	0.629	0.9915	0.9894	0.9433	259	260
4M3K	blue	af_relaxed	2	0.779	0.9885	0.9865	0.9385	258	260
4M3K	blue	af_relaxed	3	0.804	0.9848	0.9712	0.8923	259	260
4M3K	blue	af_relaxed	4	0.639	0.9909	0.9875	0.9423	259	260
4M3K	blue	af_unrelaxed	0	0.665	0.9899	0.9865	0.9260	259	260
4M3K	blue	af_unrelaxed	1	0.630	0.9912	0.9875	0.9462	259	260
4M3K	blue	af_unrelaxed	2	0.732	0.9895	0.9865	0.9356	259	260
4M3K	blue	af_unrelaxed	3	0.621	0.9917	0.9904	0.9500	259	260
4M3K	blue	af_unrelaxed	4	0.774	0.9888	0.9856	0.9375	258	260
4M3K	blue	boltz	0	0.632	0.9918	0.9875	0.9635	258	260
4M3K	blue	boltz	1	0.703	0.9909	0.9894	0.9596	259	260
4M3K	blue	boltz	2	0.638	0.9916	0.9885	0.9577	259	260
4M3K	blue	boltz	3	0.613	0.9920	0.9894	0.9596	259	260
4M3K	blue	boltz	4	0.665	0.9912	0.9875	0.9615	259	260
4M3K	blue	amber_af	0	0.814	0.9844	0.9692	0.8875	259	260
4M3K	blue	amber_af	1	0.640	0.9909	0.9875	0.9423	259	260
4M3K	blue	amber_af	2	0.736	0.9893	0.9865	0.9327	259	260
4M3K	blue	amber_af	3	0.629	0.9915	0.9904	0.9442	259	260
4M3K	blue	amber_af	4	0.780	0.9885	0.9856	0.9375	258	260
4M3K	blue	amber_boltz	0	0.642	0.9916	0.9875	0.9615	258	260
4M3K	blue	amber_boltz	1	0.717	0.9906	0.9894	0.9577	259	260
4M3K	blue	amber_boltz	2	0.643	0.9914	0.9894	0.9587	259	260
4M3K	blue	amber_boltz	3	0.624	0.9918	0.9894	0.9587	259	260
4M3K	blue	amber_boltz	4	0.676	0.9909	0.9875	0.9587	259	260
4M5Z	blue	af_relaxed	0	1.120	0.9680	0.9500	0.8738	209	210
4M5Z	blue	af_relaxed	1	1.117	0.9682	0.9512	0.8786	209	210
4M5Z	blue	af_relaxed	2	1.136	0.9675	0.9512	0.8738	208	210
4M5Z	blue	af_relaxed	3	1.146	0.9670	0.9500	0.8750	208	210
4M5Z	blue	af_relaxed	4	1.213	0.9636	0.9464	0.8512	207	210
4M5Z	blue	af_unrelaxed	0	1.150	0.9671	0.9500	0.8750	207	210
4M5Z	blue	af_unrelaxed	1	1.133	0.9676	0.9500	0.8750	209	210
4M5Z	blue	af_unrelaxed	2	1.135	0.9677	0.9500	0.8738	209	210
4M5Z	blue	af_unrelaxed	3	1.230	0.9631	0.9452	0.8464	206	210
4M5Z	blue	af_unrelaxed	4	1.160	0.9666	0.9488	0.8726	207	210
4M5Z	blue	boltz	0	1.138	0.9678	0.9464	0.8798	209	210
4M5Z	blue	boltz	1	1.185	0.9656	0.9476	0.8714	209	210
4M5Z	blue	boltz	2	1.118	0.9684	0.9488	0.8810	209	210
4M5Z	blue	boltz	3	1.091	0.9701	0.9536	0.8905	209	210
4M5Z	blue	boltz	4	1.100	0.9692	0.9512	0.8774	209	210
4M5Z	blue	amber_af	0	1.137	0.9675	0.9512	0.8750	208	210
4M5Z	blue	amber_af	1	1.117	0.9682	0.9512	0.8786	209	210
4M5Z	blue	amber_af	2	1.122	0.9681	0.9512	0.8750	209	210
4M5Z	blue	amber_af	3	1.215	0.9636	0.9464	0.8500	207	210
4M5Z	blue	amber_af	4	1.146	0.9670	0.9500	0.8750	208	210
4M5Z	blue	amber_boltz	0	1.132	0.9679	0.9452	0.8750	209	210
4M5Z	blue	amber_boltz	1	1.175	0.9659	0.9476	0.8702	209	210
4M5Z	blue	amber_boltz	2	1.105	0.9687	0.9500	0.8786	209	210
4M5Z	blue	amber_boltz	3	1.082	0.9702	0.9536	0.8881	209	210
4M5Z	blue	amber_boltz	4	1.094	0.9693	0.9512	0.8762	209	210
4M76	blue	af_relaxed	0	0.462	0.9948	0.9924	0.9502	296	296
4M76	blue	af_relaxed	1	0.494	0.9941	0.9882	0.9459	296	296
4M76	blue	af_relaxed	2	0.499	0.9940	0.9882	0.9375	296	296
4M76	blue	af_relaxed	3	0.707	0.9895	0.9780	0.9029	295	296
4M76	blue	af_relaxed	4	0.478	0.9945	0.9916	0.9476	296	296
4M76	blue	af_unrelaxed	0	0.457	0.9949	0.9907	0.9502	296	296
4M76	blue	af_unrelaxed	1	0.471	0.9946	0.9899	0.9459	296	296
4M76	blue	af_unrelaxed	2	0.601	0.9926	0.9882	0.9375	295	296
4M76	blue	af_unrelaxed	3	0.487	0.9943	0.9882	0.9485	296	296
4M76	blue	af_unrelaxed	4	0.468	0.9947	0.9899	0.9493	296	296
4M76	blue	boltz	0	0.822	0.9860	0.9679	0.8902	295	296
4M76	blue	boltz	1	0.713	0.9888	0.9764	0.9029	295	296
4M76	blue	boltz	2	0.722	0.9888	0.9806	0.9155	295	296
4M76	blue	boltz	3	0.793	0.9863	0.9688	0.8902	295	296
4M76	blue	boltz	4	0.730	0.9876	0.9704	0.8936	296	296
4M76	blue	amber_af	0	0.461	0.9948	0.9924	0.9502	296	296
4M76	blue	amber_af	1	0.499	0.9939	0.9882	0.9367	296	296
4M76	blue	amber_af	2	0.711	0.9893	0.9764	0.9012	295	296
4M76	blue	amber_af	3	0.492	0.9942	0.9890	0.9468	296	296
4M76	blue	amber_af	4	0.468	0.9947	0.9907	0.9493	296	296
4M76	blue	amber_boltz	0	0.819	0.9861	0.9688	0.8902	295	296
4M76	blue	amber_boltz	1	0.715	0.9887	0.9772	0.9020	295	296
4M76	blue	amber_boltz	2	0.718	0.9889	0.9797	0.9130	295	296
4M76	blue	amber_boltz	3	0.792	0.9863	0.9688	0.8885	295	296
4M76	blue	amber_boltz	4	0.735	0.9874	0.9679	0.8851	296	296
4POU	blue	af_relaxed	0	1.175	0.9403	0.9208	0.8000	119	120
4POU	blue	af_relaxed	1	1.143	0.9417	0.9271	0.8042	120	120
4POU	blue	af_relaxed	2	1.168	0.9400	0.9271	0.8063	120	120
4POU	blue	af_relaxed	3	1.240	0.9399	0.9333	0.8146	118	120
4POU	blue	af_relaxed	4	1.177	0.9401	0.9208	0.7917	119	120
4POU	blue	af_unrelaxed	0	1.232	0.9399	0.9292	0.8063	118	120
4POU	blue	af_unrelaxed	1	1.157	0.9403	0.9229	0.8021	120	120
4POU	blue	af_unrelaxed	2	1.129	0.9422	0.9271	0.8104	120	120
4POU	blue	af_unrelaxed	3	1.164	0.9405	0.9250	0.8063	119	120
4POU	blue	af_unrelaxed	4	1.155	0.9418	0.9271	0.8042	120	120
4POU	blue	boltz	0	1.305	0.9308	0.9104	0.7958	117	120
4POU	blue	boltz	1	1.272	0.9323	0.9167	0.8042	118	120
4POU	blue	boltz	2	1.253	0.9357	0.9187	0.8042	118	120
4POU	blue	boltz	3	1.160	0.9437	0.9313	0.8250	118	120
4POU	blue	boltz	4	1.271	0.9324	0.9146	0.7958	118	120
4POU	blue	amber_af	0	1.239	0.9400	0.9333	0.8146	118	120
4POU	blue	amber_af	1	1.168	0.9400	0.9271	0.8063	120	120
4POU	blue	amber_af	2	1.144	0.9416	0.9271	0.8021	120	120
4POU	blue	amber_af	3	1.176	0.9401	0.9208	0.7979	119	120
4POU	blue	amber_af	4	1.175	0.9402	0.9208	0.7937	119	120
4POU	blue	amber_boltz	0	1.314	0.9304	0.9125	0.7937	117	120
4POU	blue	amber_boltz	1	1.277	0.9323	0.9167	0.8063	118	120
4POU	blue	amber_boltz	2	1.257	0.9353	0.9167	0.8021	118	120
4POU	blue	amber_boltz	3	1.170	0.9429	0.9292	0.8208	118	120
4POU	blue	amber_boltz	4	1.279	0.9321	0.9146	0.7937	118	120
4Y7M	blue	af_relaxed	0	1.167	0.9519	0.9380	0.8488	127	129
4Y7M	blue	af_relaxed	1	1.247	0.9564	0.9516	0.8837	125	129
4Y7M	blue	af_relaxed	2	0.883	0.9707	0.9690	0.8992	128	129
4Y7M	blue	af_relaxed	3	0.821	0.9752	0.9787	0.9205	128	129
4Y7M	blue	af_relaxed	4	1.382	0.9398	0.9244	0.8178	127	129
4Y7M	blue	af_unrelaxed	0	1.229	0.9570	0.9516	0.8818	125	129
4Y7M	blue	af_unrelaxed	1	0.825	0.9763	0.9748	0.9128	128	129
4Y7M	blue	af_unrelaxed	2	1.133	0.9542	0.9399	0.8469	127	129
4Y7M	blue	af_unrelaxed	3	0.858	0.9730	0.9748	0.9070	128	129
4Y7M	blue	af_unrelaxed	4	1.262	0.9432	0.9302	0.8198	128	129
4Y7M	blue	boltz	0	1.181	0.9568	0.9516	0.8934	127	129
4Y7M	blue	boltz	1	1.202	0.9559	0.9477	0.8837	126	129
4Y7M	blue	boltz	2	1.204	0.9562	0.9477	0.8857	126	129
4Y7M	blue	boltz	3	1.163	0.9579	0.9535	0.8895	127	129
4Y7M	blue	boltz	4	0.929	0.9700	0.9671	0.9050	128	129
4Y7M	blue	amber_af	0	1.249	0.9564	0.9496	0.8818	125	129
4Y7M	blue	amber_af	1	0.821	0.9752	0.9767	0.9186	128	129
4Y7M	blue	amber_af	2	1.168	0.9518	0.9399	0.8508	127	129
4Y7M	blue	amber_af	3	0.879	0.9710	0.9690	0.9012	128	129
4Y7M	blue	amber_af	4	1.326	0.9401	0.9244	0.8159	127	129
4Y7M	blue	amber_boltz	0	1.188	0.9564	0.9516	0.8915	127	129
4Y7M	blue	amber_boltz	1	1.210	0.9556	0.9477	0.8857	126	129
4Y7M	blue	amber_boltz	2	1.208	0.9561	0.9477	0.8857	126	129
4Y7M	blue	amber_boltz	3	1.172	0.9577	0.9535	0.8915	127	129
4Y7M	blue	amber_boltz	4	0.918	0.9707	0.9671	0.9050	128	129
5C7X	blue	af_relaxed	0	0.860	0.9672	0.9696	0.9130	115	115
5C7X	blue	af_relaxed	1	1.010	0.9573	0.9609	0.8870	115	115
5C7X	blue	af_relaxed	2	0.923	0.9602	0.9609	0.8804	115	115
5C7X	blue	af_relaxed	3	0.990	0.9577	0.9652	0.8674	115	115
5C7X	blue	af_relaxed	4	1.251	0.9441	0.9457	0.8630	113	115
5C7X	blue	af_unrelaxed	0	1.102	0.9498	0.9587	0.8652	115	115
5C7X	blue	af_unrelaxed	1	1.002	0.9563	0.9587	0.8500	115	115
5C7X	blue	af_unrelaxed	2	1.006	0.9573	0.9609	0.8804	115	115
5C7X	blue	af_unrelaxed	3	0.930	0.9600	0.9609	0.8739	115	115
5C7X	blue	af_unrelaxed	4	0.859	0.9670	0.9696	0.9109	115	115
5C7X	blue	boltz	0	0.878	0.9658	0.9674	0.9043	115	115
5C7X	blue	boltz	1	0.732	0.9733	0.9826	0.9217	115	115
5C7X	blue	boltz	2	0.813	0.9708	0.9804	0.9217	114	115
5C7X	blue	boltz	3	0.798	0.9701	0.9717	0.9065	115	115
5C7X	blue	boltz	4	1.005	0.9636	0.9717	0.9043	114	115
5C7X	blue	amber_af	0	1.260	0.9441	0.9478	0.8630	114	115
5C7X	blue	amber_af	1	0.990	0.9577	0.9630	0.8652	115	115
5C7X	blue	amber_af	2	1.012	0.9572	0.9609	0.8848	115	115
5C7X	blue	amber_af	3	0.917	0.9610	0.9630	0.8848	115	115
5C7X	blue	amber_af	4	0.859	0.9672	0.9696	0.9130	115	115
5C7X	blue	amber_boltz	0	0.882	0.9651	0.9674	0.9065	115	115
5C7X	blue	amber_boltz	1	0.735	0.9728	0.9826	0.9130	115	115
5C7X	blue	amber_boltz	2	0.819	0.9701	0.9804	0.9152	114	115
5C7X	blue	amber_boltz	3	0.789	0.9703	0.9761	0.9065	115	115
5C7X	blue	amber_boltz	4	1.021	0.9627	0.9717	0.9000	114	115
5CBA	blue	af_relaxed	0	1.054	0.9552	0.9547	0.8878	126	127
5CBA	blue	af_relaxed	1	1.038	0.9561	0.9547	0.8839	126	127
5CBA	blue	af_relaxed	2	1.008	0.9585	0.9567	0.8858	126	127
5CBA	blue	af_relaxed	3	0.953	0.9621	0.9606	0.8937	126	127
5CBA	blue	af_relaxed	4	0.925	0.9652	0.9646	0.8957	126	127
5CBA	blue	af_unrelaxed	0	1.005	0.9584	0.9587	0.8878	126	127
5CBA	blue	af_unrelaxed	1	1.038	0.9557	0.9508	0.8799	126	127
5CBA	blue	af_unrelaxed	2	1.052	0.9550	0.9528	0.8858	126	127
5CBA	blue	af_unrelaxed	3	0.923	0.9650	0.9626	0.8957	126	127
5CBA	blue	af_unrelaxed	4	0.947	0.9621	0.9626	0.8937	126	127
5CBA	blue	boltz	0	1.020	0.9570	0.9528	0.8898	126	127
5CBA	blue	boltz	1	0.974	0.9607	0.9587	0.8917	126	127
5CBA	blue	boltz	2	1.084	0.9514	0.9508	0.8839	126	127
5CBA	blue	boltz	3	1.042	0.9540	0.9547	0.8898	126	127
5CBA	blue	boltz	4	0.996	0.9578	0.9528	0.8839	126	127
5CBA	blue	amber_af	0	1.012	0.9582	0.9547	0.8839	126	127
5CBA	blue	amber_af	1	1.038	0.9561	0.9567	0.8858	126	127
5CBA	blue	amber_af	2	1.054	0.9553	0.9547	0.8898	126	127
5CBA	blue	amber_af	3	0.924	0.9653	0.9646	0.8957	126	127
5CBA	blue	amber_af	4	0.949	0.9625	0.9626	0.8957	126	127
5CBA	blue	amber_boltz	0	1.027	0.9567	0.9528	0.8898	126	127
5CBA	blue	amber_boltz	1	0.982	0.9604	0.9547	0.8878	126	127
5CBA	blue	amber_boltz	2	1.093	0.9510	0.9488	0.8839	126	127
5CBA	blue	amber_boltz	3	1.050	0.9535	0.9508	0.8839	126	127
5CBA	blue	amber_boltz	4	1.001	0.9576	0.9508	0.8819	126	127
5E5M	blue	af_relaxed	0	1.159	0.9476	0.9435	0.8652	114	115
5E5M	blue	af_relaxed	1	1.219	0.9360	0.9261	0.8152	114	115
5E5M	blue	af_relaxed	2	1.160	0.9437	0.9304	0.8348	114	115
5E5M	blue	af_relaxed	3	1.192	0.9343	0.9196	0.7935	115	115
5E5M	blue	af_relaxed	4	1.166	0.9441	0.9370	0.8500	114	115
5E5M	blue	af_unrelaxed	0	1.203	0.9370	0.9239	0.8087	114	115
5E5M	blue	af_unrelaxed	1	1.188	0.9349	0.9217	0.7935	115	115
5E5M	blue	af_unrelaxed	2	1.169	0.9429	0.9348	0.8370	114	115
5E5M	blue	af_unrelaxed	3	1.151	0.9478	0.9435	0.8652	114	115
5E5M	blue	af_unrelaxed	4	1.149	0.9450	0.9413	0.8522	114	115
5E5M	blue	boltz	0	0.975	0.9546	0.9457	0.8674	115	115
5E5M	blue	boltz	1	0.964	0.9541	0.9391	0.8500	115	115
5E5M	blue	boltz	2	0.925	0.9576	0.9457	0.8630	115	115
5E5M	blue	boltz	3	0.975	0.9552	0.9478	0.8652	115	115
5E5M	blue	boltz	4	0.914	0.9584	0.9500	0.8739	115	115
5E5M	blue	amber_af	0	1.219	0.9360	0.9261	0.8152	114	115
5E5M	blue	amber_af	1	1.194	0.9341	0.9196	0.7957	115	115
5E5M	blue	amber_af	2	1.161	0.9437	0.9304	0.8326	114	115
5E5M	blue	amber_af	3	1.159	0.9477	0.9435	0.8652	114	115
5E5M	blue	amber_af	4	1.172	0.9438	0.9370	0.8522	114	115
5E5M	blue	amber_boltz	0	0.986	0.9540	0.9457	0.8652	115	115
5E5M	blue	amber_boltz	1	0.972	0.9534	0.9391	0.8522	115	115
5E5M	blue	amber_boltz	2	0.938	0.9566	0.9478	0.8609	115	115
5E5M	blue	amber_boltz	3	0.989	0.9543	0.9457	0.8587	115	115
5E5M	blue	amber_boltz	4	0.928	0.9576	0.9500	0.8739	115	115
5GRJ	blue	af_relaxed	0	3.357	0.8354	0.7653	0.5951	194	213
5GRJ	blue	af_relaxed	1	3.141	0.8473	0.7817	0.6138	196	213
5GRJ	blue	af_relaxed	2	3.135	0.8519	0.7864	0.6209	196	213
5GRJ	blue	af_relaxed	3	3.381	0.8243	0.7594	0.5904	191	213
5GRJ	blue	af_relaxed	4	3.123	0.8435	0.7770	0.6080	195	213
5GRJ	blue	af_unrelaxed	0	3.358	0.8263	0.7617	0.5892	191	213
5GRJ	blue	af_unrelaxed	1	3.106	0.8451	0.7770	0.6103	196	213
5GRJ	blue	af_unrelaxed	2	3.118	0.8531	0.7876	0.6221	196	213
5GRJ	blue	af_unrelaxed	3	3.122	0.8489	0.7829	0.6185	196	213
5GRJ	blue	af_unrelaxed	4	3.336	0.8370	0.7688	0.5998	194	213
5GRJ	blue	boltz	0	2.217	0.9586	0.9472	0.8087	206	213
5GRJ	blue	boltz	1	1.988	0.9643	0.9577	0.8603	206	213
5GRJ	blue	boltz	2	2.074	0.9594	0.9472	0.8216	206	213
5GRJ	blue	boltz	3	2.229	0.9425	0.8873	0.7453	205	213
5GRJ	blue	boltz	4	2.193	0.9324	0.8638	0.7207	205	213
5GRJ	blue	amber_af	0	3.382	0.8242	0.7594	0.5904	191	213
5GRJ	blue	amber_af	1	3.124	0.8434	0.7770	0.6068	195	213
5GRJ	blue	amber_af	2	3.135	0.8519	0.7840	0.6197	196	213
5GRJ	blue	amber_af	3	3.141	0.8474	0.7817	0.6127	195	213
5GRJ	blue	amber_af	4	3.357	0.8355	0.7653	0.5951	194	213
5GRJ	blue	amber_boltz	0	2.226	0.9582	0.9460	0.8040	206	213
5GRJ	blue	amber_boltz	1	1.993	0.9641	0.9601	0.8592	206	213
5GRJ	blue	amber_boltz	2	2.079	0.9590	0.9484	0.8146	206	213
5GRJ	blue	amber_boltz	3	2.233	0.9423	0.8885	0.7418	205	213
5GRJ	blue	amber_boltz	4	2.193	0.9322	0.8603	0.7136	205	213
5HGG	blue	af_relaxed	0	0.507	0.9931	0.9898	0.9573	246	246
5HGG	blue	af_relaxed	1	0.509	0.9931	0.9898	0.9573	246	246
5HGG	blue	af_relaxed	2	0.505	0.9932	0.9888	0.9573	246	246
5HGG	blue	af_relaxed	3	0.500	0.9932	0.9909	0.9553	246	246
5HGG	blue	af_relaxed	4	0.512	0.9930	0.9898	0.9593	246	246
5HGG	blue	af_unrelaxed	0	0.513	0.9930	0.9909	0.9573	246	246
5HGG	blue	af_unrelaxed	1	0.508	0.9931	0.9898	0.9583	246	246
5HGG	blue	af_unrelaxed	2	0.510	0.9931	0.9898	0.9573	246	246
5HGG	blue	af_unrelaxed	3	0.497	0.9934	0.9919	0.9604	246	246
5HGG	blue	af_unrelaxed	4	0.507	0.9931	0.9898	0.9563	246	246
5HGG	blue	boltz	0	0.502	0.9933	0.9888	0.9583	246	246
5HGG	blue	boltz	1	0.466	0.9942	0.9919	0.9705	246	246
5HGG	blue	boltz	2	0.478	0.9939	0.9909	0.9624	246	246
5HGG	blue	boltz	3	0.476	0.9939	0.9909	0.9644	246	246
5HGG	blue	boltz	4	0.476	0.9940	0.9909	0.9654	246	246
5HGG	blue	amber_af	0	0.514	0.9930	0.9888	0.9583	246	246
5HGG	blue	amber_af	1	0.506	0.9932	0.9888	0.9563	246	246
5HGG	blue	amber_af	2	0.510	0.9931	0.9898	0.9573	246	246
5HGG	blue	amber_af	3	0.494	0.9934	0.9909	0.9583	246	246
5HGG	blue	amber_af	4	0.509	0.9931	0.9898	0.9563	246	246
5HGG	blue	amber_boltz	0	0.506	0.9932	0.9888	0.9583	246	246
5HGG	blue	amber_boltz	1	0.472	0.9941	0.9909	0.9675	246	246
5HGG	blue	amber_boltz	2	0.481	0.9939	0.9909	0.9644	246	246
5HGG	blue	amber_boltz	3	0.476	0.9939	0.9919	0.9665	246	246
5HGG	blue	amber_boltz	4	0.478	0.9940	0.9909	0.9685	246	246
5HYS	blue	af_relaxed	0	1.303	0.9495	0.8716	0.7286	222	222
5HYS	blue	af_relaxed	1	1.978	0.8947	0.8052	0.6610	222	222
5HYS	blue	af_relaxed	2	2.302	0.8652	0.7770	0.6295	222	222
5HYS	blue	af_relaxed	3	2.407	0.8552	0.7725	0.6250	222	222
5HYS	blue	af_relaxed	4	2.067	0.8873	0.8007	0.6588	222	222
5HYS	blue	af_unrelaxed	0	1.301	0.9497	0.8705	0.7264	222	222
5HYS	blue	af_unrelaxed	1	2.067	0.8871	0.7995	0.6565	222	222
5HYS	blue	af_unrelaxed	2	2.304	0.8649	0.7782	0.6295	220	222
5HYS	blue	af_unrelaxed	3	1.982	0.8941	0.8063	0.6622	222	222
5HYS	blue	af_unrelaxed	4	2.409	0.8551	0.7736	0.6284	222	222
5HYS	blue	boltz	0	1.923	0.8997	0.8063	0.6655	222	222
5HYS	blue	boltz	1	1.096	0.9642	0.9065	0.7691	222	222
5HYS	blue	boltz	2	1.654	0.9226	0.8345	0.6948	222	222
5HYS	blue	boltz	3	2.142	0.8795	0.8007	0.6655	222	222
5HYS	blue	boltz	4	1.714	0.9175	0.8300	0.6903	222	222
5HYS	blue	amber_af	0	1.302	0.9495	0.8705	0.7275	222	222
5HYS	blue	amber_af	1	2.067	0.8873	0.8007	0.6588	222	222
5HYS	blue	amber_af	2	2.302	0.8652	0.7770	0.6306	222	222
5HYS	blue	amber_af	3	1.979	0.8946	0.8052	0.6599	222	222
5HYS	blue	amber_af	4	2.407	0.8552	0.7725	0.6250	222	222
5HYS	blue	amber_boltz	0	1.920	0.9001	0.8097	0.6689	222	222
5HYS	blue	amber_boltz	1	1.105	0.9640	0.9054	0.7691	222	222
5HYS	blue	amber_boltz	2	1.648	0.9229	0.8333	0.6937	222	222
5HYS	blue	amber_boltz	3	2.137	0.8798	0.8029	0.6667	222	222
5HYS	blue	amber_boltz	4	1.710	0.9179	0.8322	0.6937	222	222
5JMO	blue	af_relaxed	0	0.959	0.9941	0.9920	0.9788	468	471
5JMO	blue	af_relaxed	1	0.959	0.9939	0.9915	0.9729	468	471
5JMO	blue	af_relaxed	2	0.971	0.9937	0.9910	0.9729	468	471
5JMO	blue	af_relaxed	3	0.948	0.9938	0.9910	0.9735	468	471
5JMO	blue	af_relaxed	4	0.981	0.9938	0.9915	0.9735	468	471
5JMO	blue	af_unrelaxed	0	0.953	0.9942	0.9920	0.9788	468	471
5JMO	blue	af_unrelaxed	1	0.970	0.9940	0.9920	0.9766	468	471
5JMO	blue	af_unrelaxed	2	0.953	0.9940	0.9920	0.9761	468	471
5JMO	blue	af_unrelaxed	3	0.938	0.9940	0.9915	0.9751	468	471
5JMO	blue	af_unrelaxed	4	0.963	0.9939	0.9910	0.9751	468	471
5JMO	blue	boltz	0	0.895	0.9930	0.9894	0.9427	469	471
5JMO	blue	boltz	1	0.825	0.9931	0.9873	0.9337	469	471
5JMO	blue	boltz	2	0.920	0.9918	0.9862	0.9151	468	471
5JMO	blue	boltz	3	0.994	0.9915	0.9857	0.9214	468	471
5JMO	blue	boltz	4	0.814	0.9933	0.9878	0.9337	469	471
5JMO	blue	amber_af	0	0.962	0.9940	0.9920	0.9788	468	471
5JMO	blue	amber_af	1	0.982	0.9938	0.9915	0.9719	468	471
5JMO	blue	amber_af	2	0.960	0.9939	0.9920	0.9735	468	471
5JMO	blue	amber_af	3	0.947	0.9938	0.9915	0.9740	468	471
5JMO	blue	amber_af	4	0.970	0.9937	0.9915	0.9735	468	471
5JMO	blue	amber_boltz	0	0.902	0.9929	0.9883	0.9352	469	471
5JMO	blue	amber_boltz	1	0.822	0.9930	0.9878	0.9283	469	471
5JMO	blue	amber_boltz	2	0.922	0.9917	0.9867	0.9135	468	471
5JMO	blue	amber_boltz	3	1.001	0.9914	0.9873	0.9156	468	471
5JMO	blue	amber_boltz	4	0.818	0.9931	0.9878	0.9294	469	471
5KOV	blue	af_relaxed	0	1.367	0.9704	0.9630	0.8738	212	216
5KOV	blue	af_relaxed	1	1.371	0.9701	0.9653	0.8727	212	216
5KOV	blue	af_relaxed	2	1.393	0.9685	0.9560	0.8657	212	216
5KOV	blue	af_relaxed	3	1.476	0.9644	0.9502	0.8634	211	216
5KOV	blue	af_relaxed	4	1.484	0.9638	0.9514	0.8600	211	216
5KOV	blue	af_unrelaxed	0	1.364	0.9706	0.9664	0.8727	212	216
5KOV	blue	af_unrelaxed	1	1.362	0.9707	0.9653	0.8738	212	216
5KOV	blue	af_unrelaxed	2	1.468	0.9652	0.9549	0.8750	211	216
5KOV	blue	af_unrelaxed	3	1.375	0.9697	0.9630	0.8727	212	216
5KOV	blue	af_unrelaxed	4	1.462	0.9656	0.9549	0.8692	211	216
5KOV	blue	boltz	0	1.913	0.9384	0.8785	0.7350	208	216
5KOV	blue	boltz	1	1.979	0.9375	0.8796	0.7361	208	216
5KOV	blue	boltz	2	1.943	0.9395	0.8877	0.7477	208	216
5KOV	blue	boltz	3	1.897	0.9394	0.8796	0.7361	208	216
5KOV	blue	boltz	4	1.940	0.9386	0.8843	0.7477	208	216
5KOV	blue	amber_af	0	1.372	0.9701	0.9653	0.8727	212	216
5KOV	blue	amber_af	1	1.367	0.9704	0.9641	0.8750	212	216
5KOV	blue	amber_af	2	1.474	0.9647	0.9525	0.8634	211	216
5KOV	blue	amber_af	3	1.385	0.9691	0.9606	0.8692	212	216
5KOV	blue	amber_af	4	1.475	0.9644	0.9514	0.8634	211	216
5KOV	blue	amber_boltz	0	1.919	0.9383	0.8785	0.7361	208	216
5KOV	blue	amber_boltz	1	1.991	0.9372	0.8762	0.7326	208	216
5KOV	blue	amber_boltz	2	1.950	0.9392	0.8854	0.7465	208	216
5KOV	blue	amber_boltz	3	1.901	0.9393	0.8808	0.7384	208	216
5KOV	blue	amber_boltz	4	1.947	0.9383	0.8843	0.7500	208	216
5O14	blue	af_relaxed	0	0.563	0.9903	0.9891	0.9039	229	229
5O14	blue	af_relaxed	1	0.575	0.9898	0.9869	0.8876	229	229
5O14	blue	af_relaxed	2	0.580	0.9897	0.9836	0.8930	229	229
5O14	blue	af_relaxed	3	0.593	0.9894	0.9847	0.9039	229	229
5O14	blue	af_relaxed	4	0.948	0.9741	0.9443	0.8231	229	229
5O14	blue	af_unrelaxed	0	0.573	0.9899	0.9869	0.8985	229	229
5O14	blue	af_unrelaxed	1	0.683	0.9857	0.9705	0.8603	229	229
5O14	blue	af_unrelaxed	2	0.555	0.9905	0.9913	0.9061	229	229
5O14	blue	af_unrelaxed	3	0.556	0.9904	0.9902	0.8963	229	229
5O14	blue	af_unrelaxed	4	0.561	0.9904	0.9891	0.9094	229	229
5O14	blue	boltz	0	1.051	0.9752	0.9541	0.8352	227	229
5O14	blue	boltz	1	1.100	0.9738	0.9552	0.8286	226	229
5O14	blue	boltz	2	1.020	0.9786	0.9683	0.8417	226	229
5O14	blue	boltz	3	0.985	0.9783	0.9683	0.8504	226	229
5O14	blue	boltz	4	1.068	0.9751	0.9596	0.8450	226	229
5O14	blue	amber_af	0	0.579	0.9897	0.9836	0.8952	229	229
5O14	blue	amber_af	1	0.992	0.9723	0.9432	0.8221	229	229
5O14	blue	amber_af	2	0.563	0.9903	0.9880	0.9017	229	229
5O14	blue	amber_af	3	0.574	0.9898	0.9869	0.8886	229	229
5O14	blue	amber_af	4	0.595	0.9893	0.9847	0.9039	229	229
5O14	blue	amber_boltz	0	1.067	0.9744	0.9487	0.8275	227	229
5O14	blue	amber_boltz	1	1.117	0.9732	0.9531	0.8231	226	229
5O14	blue	amber_boltz	2	1.040	0.9780	0.9683	0.8384	226	229
5O14	blue	amber_boltz	3	1.003	0.9777	0.9683	0.8450	226	229
5O14	blue	amber_boltz	4	1.090	0.9743	0.9541	0.8352	226	229
5O1R	blue	af_relaxed	0	1.389	0.9535	0.9565	0.9087	110	115
5O1R	blue	af_relaxed	1	1.370	0.9556	0.9587	0.9152	110	115
5O1R	blue	af_relaxed	2	1.353	0.9569	0.9565	0.9174	111	115
5O1R	blue	af_relaxed	3	1.421	0.9542	0.9587	0.9174	110	115
5O1R	blue	af_relaxed	4	1.419	0.9535	0.9565	0.9130	110	115
5O1R	blue	af_unrelaxed	0	1.410	0.9546	0.9565	0.9152	110	115
5O1R	blue	af_unrelaxed	1	1.408	0.9539	0.9565	0.9130	110	115
5O1R	blue	af_unrelaxed	2	1.378	0.9539	0.9587	0.9130	110	115
5O1R	blue	af_unrelaxed	3	1.359	0.9561	0.9609	0.9196	110	115
5O1R	blue	af_unrelaxed	4	1.339	0.9573	0.9565	0.9196	111	115
5O1R	blue	boltz	0	2.095	0.8992	0.8935	0.8152	108	115
5O1R	blue	boltz	1	2.405	0.8876	0.8848	0.8087	106	115
5O1R	blue	boltz	2	2.025	0.8998	0.8935	0.8174	107	115
5O1R	blue	boltz	3	2.179	0.8947	0.8913	0.8109	108	115
5O1R	blue	boltz	4	2.007	0.9007	0.8978	0.8130	108	115
5O1R	blue	amber_af	0	1.421	0.9542	0.9587	0.9174	110	115
5O1R	blue	amber_af	1	1.419	0.9535	0.9565	0.9130	110	115
5O1R	blue	amber_af	2	1.389	0.9533	0.9565	0.9087	110	115
5O1R	blue	amber_af	3	1.370	0.9556	0.9587	0.9152	110	115
5O1R	blue	amber_af	4	1.353	0.9569	0.9565	0.9174	111	115
5O1R	blue	amber_boltz	0	2.111	0.8984	0.8913	0.8130	108	115
5O1R	blue	amber_boltz	1	2.419	0.8863	0.8848	0.8065	106	115
5O1R	blue	amber_boltz	2	2.042	0.8989	0.8913	0.8152	107	115
5O1R	blue	amber_boltz	3	2.196	0.8939	0.8913	0.8109	108	115
5O1R	blue	amber_boltz	4	2.033	0.8995	0.8935	0.8065	107	115
5SV3	blue	af_relaxed	0	0.499	0.9862	0.9900	0.9320	125	125
5SV3	blue	af_relaxed	1	0.505	0.9859	0.9900	0.9320	125	125
5SV3	blue	af_relaxed	2	0.658	0.9774	0.9740	0.9000	125	125
5SV3	blue	af_relaxed	3	0.829	0.9706	0.9660	0.8960	125	125
5SV3	blue	af_relaxed	4	0.922	0.9647	0.9580	0.8740	125	125
5SV3	blue	af_unrelaxed	0	0.501	0.9861	0.9900	0.9320	125	125
5SV3	blue	af_unrelaxed	1	0.816	0.9711	0.9740	0.8980	125	125
5SV3	blue	af_unrelaxed	2	0.496	0.9863	0.9900	0.9320	125	125
5SV3	blue	af_unrelaxed	3	0.655	0.9776	0.9780	0.9040	125	125
5SV3	blue	af_unrelaxed	4	0.865	0.9673	0.9600	0.8800	125	125
5SV3	blue	boltz	0	0.492	0.9866	0.9880	0.9420	125	125
5SV3	blue	boltz	1	0.483	0.9871	0.9940	0.9460	125	125
5SV3	blue	boltz	2	0.422	0.9900	0.9960	0.9560	125	125
5SV3	blue	boltz	3	0.479	0.9873	0.9940	0.9420	125	125
5SV3	blue	boltz	4	0.540	0.9841	0.9840	0.9260	125	125
5SV3	blue	amber_af	0	0.503	0.9860	0.9900	0.9320	125	125
5SV3	blue	amber_af	1	0.822	0.9708	0.9680	0.8940	125	125
5SV3	blue	amber_af	2	0.499	0.9862	0.9900	0.9300	125	125
5SV3	blue	amber_af	3	0.657	0.9775	0.9740	0.9000	125	125
5SV3	blue	amber_af	4	0.926	0.9646	0.9560	0.8720	125	125
5SV3	blue	amber_boltz	0	0.500	0.9862	0.9880	0.9420	125	125
5SV3	blue	amber_boltz	1	0.484	0.9871	0.9920	0.9460	125	125
5SV3	blue	amber_boltz	2	0.429	0.9896	0.9960	0.9520	125	125
5SV3	blue	amber_boltz	3	0.487	0.9869	0.9900	0.9400	125	125
5SV3	blue	amber_boltz	4	0.546	0.9838	0.9840	0.9240	125	125
5VNW	blue	af_relaxed	0	4.077	0.8401	0.6660	0.4666	472	583
5VNW	blue	af_relaxed	1	4.154	0.8340	0.6518	0.4485	471	583
5VNW	blue	af_relaxed	2	4.034	0.8411	0.6672	0.4661	472	583
5VNW	blue	af_relaxed	3	4.069	0.8379	0.6827	0.4846	462	583
5VNW	blue	af_relaxed	4	4.000	0.8439	0.6771	0.4773	474	583
5VNW	blue	af_unrelaxed	0	4.129	0.8360	0.6617	0.4640	472	583
5VNW	blue	af_unrelaxed	1	4.042	0.8396	0.6852	0.4867	459	583
5VNW	blue	af_unrelaxed	2	4.020	0.8422	0.6737	0.4794	474	583
5VNW	blue	af_unrelaxed	3	3.991	0.8445	0.6792	0.4828	475	583
5VNW	blue	af_unrelaxed	4	4.078	0.8400	0.6655	0.4674	471	583
5VNW	blue	boltz	0	4.335	0.8322	0.6338	0.4383	464	583
5VNW	blue	boltz	1	4.370	0.8297	0.6265	0.4305	465	583
5VNW	blue	boltz	2	4.100	0.8409	0.6467	0.4494	473	583
5VNW	blue	boltz	3	4.367	0.8259	0.6111	0.4134	466	583
5VNW	blue	boltz	4	4.392	0.8268	0.6175	0.4262	461	583
5VNW	blue	amber_af	0	4.153	0.8340	0.6518	0.4485	471	583
5VNW	blue	amber_af	1	4.067	0.8382	0.6822	0.4833	463	583
5VNW	blue	amber_af	2	4.038	0.8409	0.6677	0.4661	472	583
5VNW	blue	amber_af	3	4.000	0.8439	0.6771	0.4773	474	583
5VNW	blue	amber_af	4	4.078	0.8401	0.6655	0.4666	471	583
5VNW	blue	amber_boltz	0	4.337	0.8321	0.6312	0.4344	462	583
5VNW	blue	amber_boltz	1	4.367	0.8299	0.6252	0.4301	464	583
5VNW	blue	amber_boltz	2	4.099	0.8409	0.6475	0.4485	473	583
5VNW	blue	amber_boltz	3	4.369	0.8259	0.6106	0.4130	467	583
5VNW	blue	amber_boltz	4	4.392	0.8267	0.6154	0.4224	461	583
5WHK	blue	af_relaxed	0	4.630	0.6854	0.6821	0.5177	170	254
5WHK	blue	af_relaxed	1	4.989	0.6596	0.6575	0.4961	157	254
5WHK	blue	af_relaxed	2	2.536	0.8668	0.7618	0.5856	248	254
5WHK	blue	af_relaxed	3	2.352	0.8861	0.7726	0.5856	249	254
5WHK	blue	af_relaxed	4	3.212	0.8018	0.7057	0.5167	237	254
5WHK	blue	af_unrelaxed	0	2.346	0.8869	0.7707	0.5866	248	254
5WHK	blue	af_unrelaxed	1	2.527	0.8682	0.7648	0.5925	248	254
5WHK	blue	af_unrelaxed	2	4.992	0.6596	0.6575	0.5020	156	254
5WHK	blue	af_unrelaxed	3	4.634	0.6860	0.6811	0.5226	168	254
5WHK	blue	af_unrelaxed	4	3.219	0.8015	0.7156	0.5315	237	254
5WHK	blue	boltz	0	1.732	0.9299	0.8189	0.6516	252	254
5WHK	blue	boltz	1	1.514	0.9572	0.9114	0.7510	248	254
5WHK	blue	boltz	2	1.503	0.9537	0.8898	0.7234	251	254
5WHK	blue	boltz	3	1.516	0.9505	0.8740	0.7028	251	254
5WHK	blue	boltz	4	1.540	0.9552	0.8927	0.7283	248	254
5WHK	blue	amber_af	0	2.353	0.8859	0.7707	0.5837	248	254
5WHK	blue	amber_af	1	2.533	0.8671	0.7618	0.5837	248	254
5WHK	blue	amber_af	2	4.991	0.6598	0.6565	0.4961	156	254
5WHK	blue	amber_af	3	4.630	0.6854	0.6821	0.5167	170	254
5WHK	blue	amber_af	4	3.209	0.8020	0.7037	0.5128	238	254
5WHK	blue	amber_boltz	0	1.732	0.9298	0.8169	0.6476	252	254
5WHK	blue	amber_boltz	1	1.518	0.9571	0.9104	0.7520	248	254
5WHK	blue	amber_boltz	2	1.507	0.9535	0.8878	0.7175	251	254
5WHK	blue	amber_boltz	3	1.509	0.9509	0.8720	0.6969	251	254
5WHK	blue	amber_boltz	4	1.536	0.9551	0.8898	0.7254	247	254
5WK3	blue	af_relaxed	0	0.912	0.9103	0.9385	0.8115	61	61
5WK3	blue	af_relaxed	1	0.863	0.9173	0.9467	0.8197	61	61
5WK3	blue	af_relaxed	2	0.839	0.9213	0.9549	0.8279	61	61
5WK3	blue	af_relaxed	3	0.861	0.9175	0.9508	0.8197	61	61
5WK3	blue	af_relaxed	4	0.952	0.9002	0.9467	0.7869	61	61
5WK3	blue	af_unrelaxed	0	0.914	0.9094	0.9344	0.8156	61	61
5WK3	blue	af_unrelaxed	1	0.862	0.9170	0.9426	0.8156	61	61
5WK3	blue	af_unrelaxed	2	0.859	0.9176	0.9467	0.8197	61	61
5WK3	blue	af_unrelaxed	3	0.839	0.9210	0.9467	0.8197	61	61
5WK3	blue	af_unrelaxed	4	1.007	0.8861	0.9344	0.7418	61	61
5WK3	blue	boltz	0	0.698	0.9415	0.9713	0.8730	61	61
5WK3	blue	boltz	1	0.728	0.9367	0.9713	0.8770	61	61
5WK3	blue	boltz	2	0.779	0.9292	0.9631	0.8607	61	61
5WK3	blue	boltz	3	0.773	0.9295	0.9631	0.8566	61	61
5WK3	blue	boltz	4	0.737	0.9342	0.9713	0.8730	61	61
5WK3	blue	amber_af	0	0.913	0.9102	0.9385	0.8115	61	61
5WK3	blue	amber_af	1	0.865	0.9166	0.9508	0.8238	61	61
5WK3	blue	amber_af	2	0.863	0.9173	0.9467	0.8197	61	61
5WK3	blue	amber_af	3	0.839	0.9212	0.9549	0.8279	61	61
5WK3	blue	amber_af	4	0.951	0.9001	0.9467	0.7828	61	61
5WK3	blue	amber_boltz	0	0.702	0.9415	0.9713	0.8811	61	61
5WK3	blue	amber_boltz	1	0.734	0.9365	0.9672	0.8730	61	61
5WK3	blue	amber_boltz	2	0.779	0.9293	0.9631	0.8607	61	61
5WK3	blue	amber_boltz	3	0.779	0.9290	0.9631	0.8443	61	61
5WK3	blue	amber_boltz	4	0.741	0.9341	0.9672	0.8730	61	61
5WUX	blue	af_relaxed	0	1.433	0.9588	0.9614	0.8585	133	136
5WUX	blue	af_relaxed	1	1.581	0.9509	0.9393	0.8272	133	136
5WUX	blue	af_relaxed	2	1.589	0.9556	0.9485	0.8474	133	136
5WUX	blue	af_relaxed	3	1.567	0.9554	0.9540	0.8456	133	136
5WUX	blue	af_relaxed	4	1.454	0.9620	0.9596	0.8713	133	136
5WUX	blue	af_unrelaxed	0	1.601	0.9541	0.9485	0.8438	133	136
5WUX	blue	af_unrelaxed	1	1.574	0.9566	0.9522	0.8529	133	136
5WUX	blue	af_unrelaxed	2	1.458	0.9621	0.9614	0.8750	133	136
5WUX	blue	af_unrelaxed	3	1.249	0.9668	0.9669	0.8658	134	136
5WUX	blue	af_unrelaxed	4	1.532	0.9566	0.9504	0.8548	133	136
5WUX	blue	boltz	0	1.541	0.9514	0.9467	0.8474	133	136
5WUX	blue	boltz	1	1.437	0.9564	0.9559	0.8603	133	136
5WUX	blue	boltz	2	1.552	0.9525	0.9467	0.8640	133	136
5WUX	blue	boltz	3	1.580	0.9482	0.9412	0.8548	133	136
5WUX	blue	boltz	4	1.587	0.9539	0.9540	0.8566	133	136
5WUX	blue	amber_af	0	1.568	0.9552	0.9522	0.8493	133	136
5WUX	blue	amber_af	1	1.595	0.9551	0.9504	0.8511	133	136
5WUX	blue	amber_af	2	1.455	0.9620	0.9614	0.8732	133	136
5WUX	blue	amber_af	3	1.422	0.9597	0.9596	0.8566	133	136
5WUX	blue	amber_af	4	1.564	0.9529	0.9449	0.8346	133	136
5WUX	blue	amber_boltz	0	1.543	0.9510	0.9449	0.8474	133	136
5WUX	blue	amber_boltz	1	1.445	0.9557	0.9540	0.8566	133	136
5WUX	blue	amber_boltz	2	1.560	0.9518	0.9467	0.8621	133	136
5WUX	blue	amber_boltz	3	1.588	0.9475	0.9412	0.8548	133	136
5WUX	blue	amber_boltz	4	1.590	0.9531	0.9540	0.8585	133	136
5X0T	blue	af_relaxed	0	0.616	0.9877	0.9895	0.8791	215	215
5X0T	blue	af_relaxed	1	0.679	0.9851	0.9837	0.8663	215	215
5X0T	blue	af_relaxed	2	0.652	0.9869	0.9907	0.8849	215	215
5X0T	blue	af_relaxed	3	0.630	0.9880	0.9884	0.8953	215	215
5X0T	blue	af_relaxed	4	0.611	0.9885	0.9895	0.9035	215	215
5X0T	blue	af_unrelaxed	0	0.618	0.9881	0.9872	0.9023	215	215
5X0T	blue	af_unrelaxed	1	0.657	0.9866	0.9884	0.8756	215	215
5X0T	blue	af_unrelaxed	2	0.684	0.9849	0.9837	0.8640	215	215
5X0T	blue	af_unrelaxed	3	0.637	0.9878	0.9884	0.8965	215	215
5X0T	blue	af_unrelaxed	4	0.619	0.9876	0.9872	0.8756	215	215
5X0T	blue	boltz	0	0.567	0.9901	0.9953	0.9128	215	215
5X0T	blue	boltz	1	0.768	0.9816	0.9733	0.8535	215	215
5X0T	blue	boltz	2	0.651	0.9865	0.9860	0.8802	215	215
5X0T	blue	boltz	3	0.970	0.9719	0.9395	0.8186	214	215
5X0T	blue	boltz	4	0.884	0.9758	0.9500	0.8291	215	215
5X0T	blue	amber_af	0	0.610	0.9885	0.9895	0.9035	215	215
5X0T	blue	amber_af	1	0.652	0.9868	0.9907	0.8837	215	215
5X0T	blue	amber_af	2	0.680	0.9851	0.9837	0.8663	215	215
5X0T	blue	amber_af	3	0.631	0.9880	0.9884	0.8953	215	215
5X0T	blue	amber_af	4	0.615	0.9878	0.9895	0.8779	215	215
5X0T	blue	amber_boltz	0	0.572	0.9899	0.9942	0.9070	215	215
5X0T	blue	amber_boltz	1	0.769	0.9815	0.9709	0.8500	215	215
5X0T	blue	amber_boltz	2	0.653	0.9865	0.9849	0.8779	215	215
5X0T	blue	amber_boltz	3	0.971	0.9719	0.9407	0.8233	214	215
5X0T	blue	amber_boltz	4	0.888	0.9757	0.9465	0.8233	215	215
5Y9J	blue	af_relaxed	0	0.387	0.9927	0.9983	0.9705	144	144
5Y9J	blue	af_relaxed	1	0.499	0.9881	0.9896	0.9427	144	144
5Y9J	blue	af_relaxed	2	0.528	0.9868	0.9896	0.9375	144	144
5Y9J	blue	af_relaxed	3	0.471	0.9894	0.9913	0.9497	144	144
5Y9J	blue	af_relaxed	4	0.519	0.9872	0.9878	0.9392	144	144
5Y9J	blue	af_unrelaxed	0	0.387	0.9927	0.9948	0.9635	144	144
5Y9J	blue	af_unrelaxed	1	0.512	0.9875	0.9913	0.9410	144	144
5Y9J	blue	af_unrelaxed	2	0.530	0.9868	0.9896	0.9444	144	144
5Y9J	blue	af_unrelaxed	3	0.463	0.9898	0.9931	0.9549	144	144
5Y9J	blue	af_unrelaxed	4	0.473	0.9894	0.9913	0.9531	144	144
5Y9J	blue	boltz	0	1.041	0.9626	0.9566	0.8906	143	144
5Y9J	blue	boltz	1	0.949	0.9696	0.9635	0.9028	143	144
5Y9J	blue	boltz	2	0.953	0.9684	0.9635	0.8993	143	144
5Y9J	blue	boltz	3	1.036	0.9684	0.9653	0.9097	143	144
5Y9J	blue	boltz	4	1.069	0.9637	0.9566	0.8872	141	144
5Y9J	blue	amber_af	0	0.387	0.9927	0.9983	0.9670	144	144
5Y9J	blue	amber_af	1	0.498	0.9882	0.9896	0.9410	144	144
5Y9J	blue	amber_af	2	0.526	0.9869	0.9878	0.9375	144	144
5Y9J	blue	amber_af	3	0.471	0.9894	0.9896	0.9479	144	144
5Y9J	blue	amber_af	4	0.518	0.9873	0.9878	0.9427	144	144
5Y9J	blue	amber_boltz	0	1.037	0.9630	0.9566	0.8889	143	144
5Y9J	blue	amber_boltz	1	0.952	0.9695	0.9618	0.8958	143	144
5Y9J	blue	amber_boltz	2	0.954	0.9684	0.9635	0.8958	144	144
5Y9J	blue	amber_boltz	3	1.038	0.9684	0.9653	0.9062	143	144
5Y9J	blue	amber_boltz	4	1.076	0.9635	0.9566	0.8837	141	144
6A0Z	blue	af_relaxed	0	0.874	0.9819	0.9639	0.8694	270	270
6A0Z	blue	af_relaxed	1	0.839	0.9832	0.9611	0.8694	270	270
6A0Z	blue	af_relaxed	2	0.928	0.9795	0.9565	0.8500	270	270
6A0Z	blue	af_relaxed	3	0.957	0.9785	0.9528	0.8481	270	270
6A0Z	blue	af_relaxed	4	0.853	0.9825	0.9611	0.8602	270	270
6A0Z	blue	af_unrelaxed	0	0.954	0.9787	0.9556	0.8500	270	270
6A0Z	blue	af_unrelaxed	1	0.915	0.9801	0.9556	0.8509	270	270
6A0Z	blue	af_unrelaxed	2	0.863	0.9824	0.9639	0.8713	270	270
6A0Z	blue	af_unrelaxed	3	0.843	0.9829	0.9630	0.8630	270	270
6A0Z	blue	af_unrelaxed	4	0.830	0.9835	0.9648	0.8713	270	270
6A0Z	blue	boltz	0	0.885	0.9816	0.9583	0.8713	270	270
6A0Z	blue	boltz	1	0.886	0.9819	0.9611	0.8806	270	270
6A0Z	blue	boltz	2	0.944	0.9794	0.9556	0.8713	270	270
6A0Z	blue	boltz	3	0.908	0.9809	0.9611	0.8796	270	270
6A0Z	blue	boltz	4	0.844	0.9834	0.9639	0.8824	270	270
6A0Z	blue	amber_af	0	0.957	0.9786	0.9528	0.8472	270	270
6A0Z	blue	amber_af	1	0.926	0.9796	0.9574	0.8509	270	270
6A0Z	blue	amber_af	2	0.873	0.9820	0.9639	0.8704	270	270
6A0Z	blue	amber_af	3	0.853	0.9825	0.9611	0.8630	270	270
6A0Z	blue	amber_af	4	0.837	0.9833	0.9620	0.8694	270	270
6A0Z	blue	amber_boltz	0	0.894	0.9814	0.9583	0.8722	270	270
6A0Z	blue	amber_boltz	1	0.893	0.9817	0.9611	0.8796	270	270
6A0Z	blue	amber_boltz	2	0.951	0.9792	0.9556	0.8694	270	270
6A0Z	blue	amber_boltz	3	0.914	0.9807	0.9611	0.8815	270	270
6A0Z	blue	amber_boltz	4	0.854	0.9831	0.9620	0.8796	270	270
6A77	blue	af_relaxed	0	0.978	0.9397	0.9423	0.8297	91	91
6A77	blue	af_relaxed	1	1.059	0.9346	0.9451	0.8352	91	91
6A77	blue	af_relaxed	2	0.988	0.9418	0.9533	0.8434	91	91
6A77	blue	af_relaxed	3	1.069	0.9347	0.9478	0.8352	91	91
6A77	blue	af_relaxed	4	1.152	0.9241	0.9313	0.7802	91	91
6A77	blue	af_unrelaxed	0	1.060	0.9349	0.9423	0.8242	91	91
6A77	blue	af_unrelaxed	1	1.050	0.9352	0.9396	0.8242	91	91
6A77	blue	af_unrelaxed	2	0.977	0.9397	0.9423	0.8269	91	91
6A77	blue	af_unrelaxed	3	0.979	0.9423	0.9533	0.8434	91	91
6A77	blue	af_unrelaxed	4	1.163	0.9200	0.9231	0.7555	91	91
6A77	blue	boltz	0	1.062	0.9267	0.9258	0.8104	91	91
6A77	blue	boltz	1	1.051	0.9270	0.9231	0.8104	91	91
6A77	blue	boltz	2	1.119	0.9200	0.9176	0.7995	91	91
6A77	blue	boltz	3	0.934	0.9416	0.9478	0.8352	91	91
6A77	blue	boltz	4	1.013	0.9319	0.9313	0.8159	91	91
6A77	blue	amber_af	0	1.069	0.9347	0.9451	0.8324	91	91
6A77	blue	amber_af	1	1.059	0.9346	0.9478	0.8379	91	91
6A77	blue	amber_af	2	0.979	0.9395	0.9423	0.8324	91	91
6A77	blue	amber_af	3	0.988	0.9419	0.9533	0.8434	91	91
6A77	blue	amber_af	4	1.149	0.9243	0.9341	0.7830	91	91
6A77	blue	amber_boltz	0	1.063	0.9270	0.9258	0.8104	91	91
6A77	blue	amber_boltz	1	1.061	0.9262	0.9231	0.8077	91	91
6A77	blue	amber_boltz	2	1.122	0.9200	0.9176	0.7995	91	91
6A77	blue	amber_boltz	3	0.936	0.9417	0.9478	0.8379	91	91
6A77	blue	amber_boltz	4	1.015	0.9321	0.9313	0.8187	91	91
6AL0	blue	af_relaxed	0	6.423	0.5606	0.5838	0.4629	99	182
6AL0	blue	af_relaxed	1	6.727	0.5556	0.5769	0.4533	96	182
6AL0	blue	af_relaxed	2	6.461	0.5568	0.5797	0.4533	96	182
6AL0	blue	af_relaxed	3	6.120	0.5660	0.5907	0.4602	100	182
6AL0	blue	af_relaxed	4	6.321	0.5640	0.5852	0.4505	98	182
6AL0	blue	af_unrelaxed	0	6.325	0.5638	0.5852	0.4492	100	182
6AL0	blue	af_unrelaxed	1	6.131	0.5658	0.5893	0.4574	100	182
6AL0	blue	af_unrelaxed	2	6.422	0.5604	0.5852	0.4629	97	182
6AL0	blue	af_unrelaxed	3	6.474	0.5565	0.5783	0.4533	96	182
6AL0	blue	af_unrelaxed	4	6.724	0.5553	0.5769	0.4533	96	182
6AL0	blue	boltz	0	6.106	0.5544	0.5948	0.4602	96	182
6AL0	blue	boltz	1	6.162	0.5553	0.5907	0.4533	98	182
6AL0	blue	boltz	2	5.509	0.5743	0.6058	0.4547	101	182
6AL0	blue	boltz	3	5.503	0.5807	0.6140	0.4574	101	182
6AL0	blue	boltz	4	3.228	0.7749	0.7212	0.5495	169	182
6AL0	blue	amber_af	0	6.323	0.5640	0.5852	0.4492	98	182
6AL0	blue	amber_af	1	6.121	0.5659	0.5907	0.4588	100	182
6AL0	blue	amber_af	2	6.423	0.5606	0.5838	0.4629	99	182
6AL0	blue	amber_af	3	6.462	0.5567	0.5797	0.4533	96	182
6AL0	blue	amber_af	4	6.726	0.5556	0.5769	0.4533	96	182
6AL0	blue	amber_boltz	0	6.102	0.5545	0.5948	0.4602	96	182
6AL0	blue	amber_boltz	1	6.163	0.5552	0.5907	0.4533	98	182
6AL0	blue	amber_boltz	2	5.508	0.5743	0.6030	0.4519	101	182
6AL0	blue	amber_boltz	3	5.501	0.5808	0.6154	0.4588	102	182
6AL0	blue	amber_boltz	4	3.227	0.7755	0.7198	0.5453	169	182
6B0S	blue	af_relaxed	0	1.352	0.8872	0.9154	0.7923	64	65
6B0S	blue	af_relaxed	1	1.328	0.8933	0.9231	0.7962	64	65
6B0S	blue	af_relaxed	2	1.251	0.9088	0.9346	0.8192	64	65
6B0S	blue	af_relaxed	3	1.921	0.7962	0.8346	0.6346	63	65
6B0S	blue	af_relaxed	4	1.747	0.8084	0.8538	0.6654	64	65
6B0S	blue	af_unrelaxed	0	1.954	0.7788	0.8154	0.6038	63	65
6B0S	blue	af_unrelaxed	1	1.781	0.7966	0.8385	0.6423	64	65
6B0S	blue	af_unrelaxed	2	1.240	0.9086	0.9346	0.8154	64	65
6B0S	blue	af_unrelaxed	3	1.334	0.8879	0.9154	0.7923	64	65
6B0S	blue	af_unrelaxed	4	1.318	0.8933	0.9231	0.7962	64	65
6B0S	blue	boltz	0	0.852	0.9235	0.9615	0.8500	65	65
6B0S	blue	boltz	1	0.906	0.9227	0.9500	0.8385	65	65
6B0S	blue	boltz	2	0.782	0.9318	0.9654	0.8538	65	65
6B0S	blue	boltz	3	0.839	0.9270	0.9654	0.8538	65	65
6B0S	blue	boltz	4	0.902	0.9168	0.9500	0.8385	65	65
6B0S	blue	amber_af	0	1.930	0.7959	0.8346	0.6346	62	65
6B0S	blue	amber_af	1	1.755	0.8079	0.8538	0.6692	64	65
6B0S	blue	amber_af	2	1.251	0.9087	0.9346	0.8192	64	65
6B0S	blue	amber_af	3	1.352	0.8873	0.9154	0.7923	64	65
6B0S	blue	amber_af	4	1.328	0.8934	0.9231	0.8000	64	65
6B0S	blue	amber_boltz	0	0.856	0.9232	0.9577	0.8346	65	65
6B0S	blue	amber_boltz	1	0.915	0.9207	0.9500	0.8308	65	65
6B0S	blue	amber_boltz	2	0.783	0.9318	0.9654	0.8538	65	65
6B0S	blue	amber_boltz	3	0.853	0.9264	0.9615	0.8462	65	65
6B0S	blue	amber_boltz	4	0.914	0.9147	0.9423	0.8269	65	65
6BPC	blue	af_relaxed	0	0.675	0.9893	0.9816	0.8881	286	286
6BPC	blue	af_relaxed	1	0.758	0.9876	0.9825	0.8750	285	286
6BPC	blue	af_relaxed	2	0.739	0.9873	0.9808	0.8750	286	286
6BPC	blue	af_relaxed	3	0.701	0.9883	0.9834	0.8663	286	286
6BPC	blue	af_relaxed	4	0.692	0.9885	0.9773	0.8750	286	286
6BPC	blue	af_unrelaxed	0	0.690	0.9887	0.9834	0.8698	286	286
6BPC	blue	af_unrelaxed	1	0.661	0.9895	0.9825	0.8855	286	286
6BPC	blue	af_unrelaxed	2	0.665	0.9896	0.9825	0.8951	286	286
6BPC	blue	af_unrelaxed	3	0.710	0.9883	0.9825	0.8802	286	286
6BPC	blue	af_unrelaxed	4	0.728	0.9886	0.9860	0.8934	285	286
6BPC	blue	boltz	0	1.284	0.9730	0.9467	0.8103	282	286
6BPC	blue	boltz	1	1.157	0.9737	0.9414	0.7920	283	286
6BPC	blue	boltz	2	1.051	0.9769	0.9502	0.8094	284	286
6BPC	blue	boltz	3	1.078	0.9757	0.9432	0.7981	283	286
6BPC	blue	boltz	4	1.059	0.9766	0.9449	0.8016	283	286
6BPC	blue	amber_af	0	0.702	0.9883	0.9834	0.8680	286	286
6BPC	blue	amber_af	1	0.674	0.9891	0.9808	0.8829	286	286
6BPC	blue	amber_af	2	0.676	0.9892	0.9808	0.8864	286	286
6BPC	blue	amber_af	3	0.739	0.9873	0.9808	0.8733	286	286
6BPC	blue	amber_af	4	0.762	0.9874	0.9825	0.8767	285	286
6BPC	blue	amber_boltz	0	1.293	0.9726	0.9449	0.8059	282	286
6BPC	blue	amber_boltz	1	1.161	0.9735	0.9432	0.7937	283	286
6BPC	blue	amber_boltz	2	1.057	0.9766	0.9476	0.8042	283	286
6BPC	blue	amber_boltz	3	1.084	0.9754	0.9423	0.7937	283	286
6BPC	blue	amber_boltz	4	1.066	0.9763	0.9414	0.7946	283	286
6CWG	blue	af_relaxed	0	0.502	0.9932	0.9857	0.9389	262	262
6CWG	blue	af_relaxed	1	0.510	0.9930	0.9857	0.9399	262	262
6CWG	blue	af_relaxed	2	0.507	0.9931	0.9857	0.9380	262	262
6CWG	blue	af_relaxed	3	0.527	0.9925	0.9847	0.9313	262	262
6CWG	blue	af_relaxed	4	0.618	0.9897	0.9704	0.8960	262	262
6CWG	blue	af_unrelaxed	0	0.516	0.9928	0.9857	0.9342	262	262
6CWG	blue	af_unrelaxed	1	0.500	0.9933	0.9847	0.9380	262	262
6CWG	blue	af_unrelaxed	2	0.509	0.9930	0.9857	0.9399	262	262
6CWG	blue	af_unrelaxed	3	0.505	0.9931	0.9857	0.9389	262	262
6CWG	blue	af_unrelaxed	4	0.521	0.9927	0.9847	0.9351	262	262
6CWG	blue	boltz	0	1.360	0.9774	0.9685	0.9113	256	262
6CWG	blue	boltz	1	1.524	0.9768	0.9685	0.9055	256	262
6CWG	blue	boltz	2	1.666	0.9769	0.9723	0.9237	256	262
6CWG	blue	boltz	3	1.456	0.9780	0.9704	0.9160	256	262
6CWG	blue	boltz	4	1.516	0.9792	0.9704	0.9189	257	262
6CWG	blue	amber_af	0	0.633	0.9893	0.9704	0.8950	262	262
6CWG	blue	amber_af	1	0.502	0.9932	0.9857	0.9380	262	262
6CWG	blue	amber_af	2	0.508	0.9930	0.9857	0.9399	262	262
6CWG	blue	amber_af	3	0.507	0.9931	0.9857	0.9380	262	262
6CWG	blue	amber_af	4	0.527	0.9925	0.9857	0.9332	262	262
6CWG	blue	amber_boltz	0	1.358	0.9772	0.9676	0.9017	256	262
6CWG	blue	amber_boltz	1	1.525	0.9764	0.9685	0.8989	256	262
6CWG	blue	amber_boltz	2	1.675	0.9766	0.9704	0.9218	256	262
6CWG	blue	amber_boltz	3	1.463	0.9779	0.9695	0.9132	256	262
6CWG	blue	amber_boltz	4	1.520	0.9791	0.9714	0.9170	257	262
6DBG	blue	af_relaxed	0	0.619	0.9906	0.9886	0.8942	286	286
6DBG	blue	af_relaxed	1	0.606	0.9910	0.9860	0.8907	286	286
6DBG	blue	af_relaxed	2	0.558	0.9923	0.9913	0.9082	286	286
6DBG	blue	af_relaxed	3	0.664	0.9892	0.9799	0.8750	286	286
6DBG	blue	af_relaxed	4	0.658	0.9895	0.9799	0.8864	286	286
6DBG	blue	af_unrelaxed	0	0.578	0.9918	0.9904	0.9021	286	286
6DBG	blue	af_unrelaxed	1	0.547	0.9926	0.9913	0.9178	286	286
6DBG	blue	af_unrelaxed	2	0.608	0.9909	0.9886	0.9003	286	286
6DBG	blue	af_unrelaxed	3	0.645	0.9899	0.9790	0.8925	286	286
6DBG	blue	af_unrelaxed	4	0.635	0.9901	0.9799	0.8881	286	286
6DBG	blue	boltz	0	0.702	0.9881	0.9799	0.8872	286	286
6DBG	blue	boltz	1	0.629	0.9902	0.9895	0.8864	286	286
6DBG	blue	boltz	2	0.583	0.9916	0.9904	0.8942	286	286
6DBG	blue	boltz	3	0.670	0.9891	0.9843	0.8837	286	286
6DBG	blue	boltz	4	0.639	0.9899	0.9878	0.8741	286	286
6DBG	blue	amber_af	0	0.589	0.9915	0.9869	0.8969	286	286
6DBG	blue	amber_af	1	0.560	0.9923	0.9904	0.9073	286	286
6DBG	blue	amber_af	2	0.619	0.9905	0.9886	0.8934	286	286
6DBG	blue	amber_af	3	0.658	0.9895	0.9799	0.8855	286	286
6DBG	blue	amber_af	4	0.665	0.9892	0.9790	0.8741	286	286
6DBG	blue	amber_boltz	0	0.706	0.9880	0.9781	0.8837	286	286
6DBG	blue	amber_boltz	1	0.638	0.9900	0.9869	0.8811	286	286
6DBG	blue	amber_boltz	2	0.590	0.9914	0.9913	0.8899	286	286
6DBG	blue	amber_boltz	3	0.680	0.9887	0.9834	0.8767	286	286
6DBG	blue	amber_boltz	4	0.641	0.9898	0.9860	0.8706	286	286
6EY6	blue	af_relaxed	0	2.443	0.8462	0.7879	0.6376	193	198
6EY6	blue	af_relaxed	1	2.359	0.8534	0.7828	0.6250	194	198
6EY6	blue	af_relaxed	2	2.312	0.8579	0.7929	0.6439	194	198
6EY6	blue	af_relaxed	3	2.352	0.8544	0.7879	0.6313	196	198
6EY6	blue	af_relaxed	4	2.600	0.8269	0.7778	0.6199	193	198
6EY6	blue	af_unrelaxed	0	2.313	0.8576	0.7929	0.6439	196	198
6EY6	blue	af_unrelaxed	1	2.356	0.8535	0.7841	0.6313	194	198
6EY6	blue	af_unrelaxed	2	2.328	0.8570	0.7955	0.6439	196	198
6EY6	blue	af_unrelaxed	3	2.609	0.8276	0.7790	0.6275	191	198
6EY6	blue	af_unrelaxed	4	2.441	0.8460	0.7879	0.6402	194	198
6EY6	blue	boltz	0	2.320	0.8610	0.7955	0.6528	193	198
6EY6	blue	boltz	1	2.076	0.8834	0.8258	0.6831	195	198
6EY6	blue	boltz	2	2.444	0.8517	0.7904	0.6490	184	198
6EY6	blue	boltz	3	2.337	0.8558	0.7992	0.6503	188	198
6EY6	blue	boltz	4	2.369	0.8499	0.7967	0.6553	190	198
6EY6	blue	amber_af	0	2.314	0.8577	0.7929	0.6452	194	198
6EY6	blue	amber_af	1	2.360	0.8533	0.7828	0.6250	195	198
6EY6	blue	amber_af	2	2.350	0.8545	0.7879	0.6263	196	198
6EY6	blue	amber_af	3	2.603	0.8265	0.7778	0.6212	193	198
6EY6	blue	amber_af	4	2.442	0.8462	0.7879	0.6376	193	198
6EY6	blue	amber_boltz	0	2.324	0.8612	0.7929	0.6477	190	198
6EY6	blue	amber_boltz	1	2.078	0.8831	0.8245	0.6818	195	198
6EY6	blue	amber_boltz	2	2.446	0.8516	0.7917	0.6477	182	198
6EY6	blue	amber_boltz	3	2.340	0.8556	0.7980	0.6439	188	198
6EY6	blue	amber_boltz	4	2.372	0.8496	0.7942	0.6503	190	198
6OC3	blue	af_relaxed	0	1.452	0.9457	0.8661	0.7143	223	224
6OC3	blue	af_relaxed	1	1.187	0.9590	0.8884	0.7411	224	224
6OC3	blue	af_relaxed	2	1.309	0.9505	0.8739	0.7221	224	224
6OC3	blue	af_relaxed	3	1.373	0.9481	0.8616	0.7054	224	224
6OC3	blue	af_relaxed	4	1.439	0.9426	0.8527	0.6953	223	224
6OC3	blue	af_unrelaxed	0	1.368	0.9485	0.8638	0.7098	224	224
6OC3	blue	af_unrelaxed	1	1.425	0.9435	0.8560	0.7020	223	224
6OC3	blue	af_unrelaxed	2	1.180	0.9594	0.8940	0.7489	224	224
6OC3	blue	af_unrelaxed	3	1.409	0.9476	0.8683	0.7165	223	224
6OC3	blue	af_unrelaxed	4	1.315	0.9502	0.8739	0.7266	224	224
6OC3	blue	boltz	0	1.585	0.9303	0.8326	0.6775	223	224
6OC3	blue	boltz	1	1.287	0.9534	0.8750	0.7210	224	224
6OC3	blue	boltz	2	2.098	0.8848	0.7924	0.6395	224	224
6OC3	blue	boltz	3	1.102	0.9660	0.9152	0.7623	223	224
6OC3	blue	boltz	4	1.573	0.9299	0.8337	0.6808	224	224
6OC3	blue	amber_af	0	1.371	0.9482	0.8605	0.7042	224	224
6OC3	blue	amber_af	1	1.439	0.9427	0.8527	0.6953	223	224
6OC3	blue	amber_af	2	1.188	0.9589	0.8884	0.7411	224	224
6OC3	blue	amber_af	3	1.451	0.9458	0.8672	0.7154	223	224
6OC3	blue	amber_af	4	1.309	0.9505	0.8739	0.7210	224	224
6OC3	blue	amber_boltz	0	1.591	0.9299	0.8304	0.6741	223	224
6OC3	blue	amber_boltz	1	1.304	0.9527	0.8728	0.7188	224	224
6OC3	blue	amber_boltz	2	2.101	0.8845	0.7902	0.6339	224	224
6OC3	blue	amber_boltz	3	1.107	0.9658	0.9152	0.7612	223	224
6OC3	blue	amber_boltz	4	1.575	0.9298	0.8337	0.6808	224	224
7CEI	blue	af_relaxed	0	0.396	0.9881	0.9943	0.9828	87	87
7CEI	blue	af_relaxed	1	0.394	0.9881	0.9971	0.9856	87	87
7CEI	blue	af_relaxed	2	0.404	0.9878	0.9971	0.9856	87	87
7CEI	blue	af_relaxed	3	0.393	0.9885	0.9971	0.9885	87	87
7CEI	blue	af_relaxed	4	0.386	0.9890	0.9971	0.9856	87	87
7CEI	blue	af_unrelaxed	0	0.398	0.9880	0.9943	0.9856	87	87
7CEI	blue	af_unrelaxed	1	0.387	0.9888	0.9943	0.9856	87	87
7CEI	blue	af_unrelaxed	2	0.393	0.9887	0.9971	0.9914	87	87
7CEI	blue	af_unrelaxed	3	0.402	0.9881	0.9943	0.9856	87	87
7CEI	blue	af_unrelaxed	4	0.388	0.9890	0.9971	0.9914	87	87
7CEI	blue	boltz	0	0.577	0.9800	0.9914	0.9569	87	87
7CEI	blue	boltz	1	0.589	0.9776	0.9914	0.9483	87	87
7CEI	blue	boltz	2	0.579	0.9779	0.9885	0.9511	87	87
7CEI	blue	boltz	3	0.590	0.9769	0.9914	0.9310	87	87
7CEI	blue	boltz	4	0.549	0.9785	0.9914	0.9425	87	87
7CEI	blue	amber_af	0	0.395	0.9881	0.9971	0.9856	87	87
7CEI	blue	amber_af	1	0.397	0.9880	0.9943	0.9828	87	87
7CEI	blue	amber_af	2	0.393	0.9886	0.9971	0.9885	87	87
7CEI	blue	amber_af	3	0.404	0.9878	0.9971	0.9856	87	87
7CEI	blue	amber_af	4	0.386	0.9890	0.9971	0.9856	87	87
7CEI	blue	amber_boltz	0	0.569	0.9801	0.9914	0.9569	87	87
7CEI	blue	amber_boltz	1	0.592	0.9773	0.9914	0.9540	87	87
7CEI	blue	amber_boltz	2	0.563	0.9785	0.9885	0.9540	87	87
7CEI	blue	amber_boltz	3	0.577	0.9774	0.9914	0.9368	87	87
7CEI	blue	amber_boltz	4	0.567	0.9776	0.9885	0.9483	87	87
BAAD	blue	af_relaxed	0	11.326	0.7174	0.6534	0.4962	196	264
BAAD	blue	af_relaxed	1	17.945	0.4952	0.4792	0.4280	127	264
BAAD	blue	af_relaxed	2	16.906	0.4966	0.4773	0.4233	127	264
BAAD	blue	af_relaxed	3	15.953	0.4953	0.4782	0.4223	122	264
BAAD	blue	af_relaxed	4	15.887	0.5014	0.4792	0.4271	123	264
BAAD	blue	af_unrelaxed	0	15.877	0.5017	0.4811	0.4290	123	264
BAAD	blue	af_unrelaxed	1	16.898	0.4968	0.4782	0.4252	127	264
BAAD	blue	af_unrelaxed	2	17.937	0.4954	0.4792	0.4299	127	264
BAAD	blue	af_unrelaxed	3	11.323	0.7177	0.6544	0.4972	196	264
BAAD	blue	af_unrelaxed	4	15.947	0.4953	0.4782	0.4242	121	264
BAAD	blue	boltz	0	17.731	0.4905	0.4697	0.4129	125	264
BAAD	blue	boltz	1	14.728	0.4877	0.4725	0.4119	127	264
BAAD	blue	boltz	2	15.307	0.4884	0.4678	0.4110	124	264
BAAD	blue	boltz	3	15.715	0.5014	0.4706	0.4138	125	264
BAAD	blue	boltz	4	13.704	0.4901	0.4744	0.4129	123	264
BAAD	blue	amber_af	0	15.886	0.5014	0.4792	0.4271	123	264
BAAD	blue	amber_af	1	16.906	0.4966	0.4763	0.4223	127	264
BAAD	blue	amber_af	2	17.945	0.4952	0.4792	0.4261	127	264
BAAD	blue	amber_af	3	11.326	0.7174	0.6534	0.4962	196	264
BAAD	blue	amber_af	4	15.953	0.4953	0.4782	0.4223	122	264
BAAD	blue	amber_boltz	0	17.519	0.4901	0.4706	0.4100	125	264
BAAD	blue	amber_boltz	1	14.723	0.4877	0.4716	0.4091	127	264
BAAD	blue	amber_boltz	2	15.315	0.4882	0.4688	0.4091	124	264
BAAD	blue	amber_boltz	3	15.723	0.5010	0.4697	0.4129	125	264
BAAD	blue	amber_boltz	4	13.715	0.4897	0.4744	0.4119	123	264
BOYV	blue	af_relaxed	0	0.336	0.9970	0.9973	0.9781	274	274
BOYV	blue	af_relaxed	1	0.338	0.9970	0.9973	0.9790	274	274
BOYV	blue	af_relaxed	2	0.341	0.9969	0.9973	0.9781	274	274
BOYV	blue	af_relaxed	3	0.329	0.9971	0.9973	0.9790	274	274
BOYV	blue	af_relaxed	4	0.328	0.9971	0.9982	0.9799	274	274
BOYV	blue	af_unrelaxed	0	0.320	0.9973	0.9973	0.9818	274	274
BOYV	blue	af_unrelaxed	1	0.323	0.9972	0.9973	0.9818	274	274
BOYV	blue	af_unrelaxed	2	0.329	0.9971	0.9973	0.9799	274	274
BOYV	blue	af_unrelaxed	3	0.333	0.9971	0.9973	0.9799	274	274
BOYV	blue	af_unrelaxed	4	0.332	0.9971	0.9973	0.9799	274	274
BOYV	blue	boltz	0	0.325	0.9972	0.9982	0.9799	274	274
BOYV	blue	boltz	1	0.323	0.9972	1.0000	0.9836	274	274
BOYV	blue	boltz	2	0.302	0.9976	1.0000	0.9836	274	274
BOYV	blue	boltz	3	0.324	0.9972	0.9991	0.9818	274	274
BOYV	blue	boltz	4	0.297	0.9976	1.0000	0.9854	274	274
BOYV	blue	amber_af	0	0.328	0.9971	0.9973	0.9790	274	274
BOYV	blue	amber_af	1	0.328	0.9971	0.9982	0.9799	274	274
BOYV	blue	amber_af	2	0.337	0.9970	0.9973	0.9781	274	274
BOYV	blue	amber_af	3	0.340	0.9969	0.9973	0.9781	274	274
BOYV	blue	amber_af	4	0.338	0.9970	0.9973	0.9790	274	274
BOYV	blue	amber_boltz	0	0.333	0.9971	0.9982	0.9772	274	274
BOYV	blue	amber_boltz	1	0.328	0.9971	1.0000	0.9790	274	274
BOYV	blue	amber_boltz	2	0.309	0.9975	1.0000	0.9808	274	274
BOYV	blue	amber_boltz	3	0.332	0.9971	0.9991	0.9763	274	274
BOYV	blue	amber_boltz	4	0.305	0.9975	1.0000	0.9845	274	274
BP57	blue	af_relaxed	0	0.921	0.9488	0.9611	0.8500	90	90
BP57	blue	af_relaxed	1	0.790	0.9526	0.9667	0.8583	90	90
BP57	blue	af_relaxed	2	0.780	0.9528	0.9556	0.8389	90	90
BP57	blue	af_relaxed	3	0.791	0.9522	0.9528	0.8361	90	90
BP57	blue	af_relaxed	4	0.817	0.9485	0.9528	0.8333	90	90
BP57	blue	af_unrelaxed	0	0.832	0.9470	0.9556	0.8417	90	90
BP57	blue	af_unrelaxed	1	0.794	0.9513	0.9583	0.8417	90	90
BP57	blue	af_unrelaxed	2	0.918	0.9491	0.9639	0.8528	90	90
BP57	blue	af_unrelaxed	3	0.741	0.9571	0.9667	0.8556	90	90
BP57	blue	af_unrelaxed	4	0.792	0.9525	0.9639	0.8528	90	90
BP57	blue	boltz	0	1.153	0.9309	0.9472	0.8528	90	90
BP57	blue	boltz	1	1.358	0.9125	0.9361	0.8083	89	90
BP57	blue	boltz	2	1.509	0.8828	0.8861	0.7417	89	90
BP57	blue	boltz	3	1.172	0.9291	0.9528	0.8389	90	90
BP57	blue	boltz	4	1.026	0.9481	0.9639	0.8500	89	90
BP57	blue	amber_af	0	0.823	0.9479	0.9500	0.8306	90	90
BP57	blue	amber_af	1	0.780	0.9529	0.9556	0.8389	90	90
BP57	blue	amber_af	2	0.921	0.9488	0.9611	0.8500	90	90
BP57	blue	amber_af	3	0.792	0.9520	0.9528	0.8361	90	90
BP57	blue	amber_af	4	0.787	0.9529	0.9639	0.8528	90	90
BP57	blue	amber_boltz	0	1.147	0.9316	0.9444	0.8500	90	90
BP57	blue	amber_boltz	1	1.356	0.9120	0.9306	0.7972	89	90
BP57	blue	amber_boltz	2	1.505	0.8825	0.8861	0.7417	89	90
BP57	blue	amber_boltz	3	1.174	0.9287	0.9472	0.8278	90	90
BP57	blue	amber_boltz	4	1.046	0.9465	0.9611	0.8444	89	90
CP57	blue	af_relaxed	0	0.806	0.9515	0.9611	0.8333	90	90
CP57	blue	af_relaxed	1	0.967	0.9428	0.9500	0.8222	90	90
CP57	blue	af_relaxed	2	0.944	0.9420	0.9528	0.8278	90	90
CP57	blue	af_relaxed	3	0.843	0.9479	0.9472	0.8056	90	90
CP57	blue	af_relaxed	4	0.846	0.9471	0.9556	0.8222	90	90
CP57	blue	af_unrelaxed	0	0.851	0.9466	0.9528	0.8139	90	90
CP57	blue	af_unrelaxed	1	0.814	0.9505	0.9639	0.8333	90	90
CP57	blue	af_unrelaxed	2	0.951	0.9446	0.9583	0.8306	90	90
CP57	blue	af_unrelaxed	3	0.786	0.9541	0.9611	0.8278	90	90
CP57	blue	af_unrelaxed	4	0.952	0.9411	0.9528	0.8278	90	90
CP57	blue	boltz	0	1.122	0.9324	0.9444	0.8111	89	90
CP57	blue	boltz	1	1.034	0.9426	0.9611	0.8500	89	90
CP57	blue	boltz	2	0.984	0.9470	0.9611	0.8389	89	90
CP57	blue	boltz	3	1.272	0.9170	0.9333	0.8028	89	90
CP57	blue	boltz	4	1.141	0.9286	0.9444	0.8111	89	90
CP57	blue	amber_af	0	0.846	0.9472	0.9556	0.8222	90	90
CP57	blue	amber_af	1	0.806	0.9515	0.9611	0.8333	90	90
CP57	blue	amber_af	2	0.976	0.9419	0.9472	0.8222	90	90
CP57	blue	amber_af	3	0.840	0.9481	0.9472	0.8083	90	90
CP57	blue	amber_af	4	0.945	0.9418	0.9528	0.8278	90	90
CP57	blue	amber_boltz	0	1.122	0.9324	0.9472	0.8167	89	90
CP57	blue	amber_boltz	1	1.040	0.9422	0.9611	0.8472	89	90
CP57	blue	amber_boltz	2	0.995	0.9462	0.9611	0.8444	89	90
CP57	blue	amber_boltz	3	1.281	0.9164	0.9333	0.7972	89	90
CP57	blue	amber_boltz	4	1.162	0.9264	0.9389	0.8028	89	90
1A2K	green	af_relaxed	0	0.815	0.9851	0.9919	0.9637	123	124
1A2K	green	af_relaxed	1	0.892	0.9823	0.9879	0.9556	123	124
1A2K	green	af_relaxed	2	0.771	0.9833	0.9899	0.9577	123	124
1A2K	green	af_relaxed	3	0.740	0.9843	0.9899	0.9617	123	124
1A2K	green	af_relaxed	4	1.071	0.9695	0.9798	0.9335	121	124
1A2K	green	af_unrelaxed	0	0.809	0.9853	0.9940	0.9677	123	124
1A2K	green	af_unrelaxed	1	0.878	0.9831	0.9879	0.9556	123	124
1A2K	green	af_unrelaxed	2	0.770	0.9834	0.9899	0.9597	123	124
1A2K	green	af_unrelaxed	3	0.721	0.9846	0.9899	0.9657	123	124
1A2K	green	af_unrelaxed	4	1.055	0.9712	0.9819	0.9476	121	124
1A2K	green	boltz	0	0.344	0.9932	0.9980	0.9798	124	124
1A2K	green	boltz	1	0.564	0.9880	0.9940	0.9758	124	124
1A2K	green	boltz	2	0.586	0.9881	0.9960	0.9718	123	124
1A2K	green	boltz	3	0.395	0.9912	0.9960	0.9677	124	124
1A2K	green	boltz	4	0.617	0.9873	0.9960	0.9738	123	124
1A2K	green	amber_af	0	0.815	0.9851	0.9919	0.9637	123	124
1A2K	green	amber_af	1	0.892	0.9824	0.9879	0.9556	123	124
1A2K	green	amber_af	2	0.769	0.9834	0.9899	0.9556	123	124
1A2K	green	amber_af	3	0.740	0.9843	0.9899	0.9617	123	124
1A2K	green	amber_af	4	1.072	0.9695	0.9798	0.9355	121	124
1A2K	green	amber_boltz	0	0.349	0.9930	1.0000	0.9819	124	124
1A2K	green	amber_boltz	1	0.586	0.9875	0.9940	0.9718	123	124
1A2K	green	amber_boltz	2	0.608	0.9875	0.9960	0.9718	123	124
1A2K	green	amber_boltz	3	0.413	0.9904	0.9960	0.9677	124	124
1A2K	green	amber_boltz	4	0.626	0.9871	0.9960	0.9738	123	124
1ACB	green	af_relaxed	0	1.197	0.9843	0.9821	0.9685	234	238
1ACB	green	af_relaxed	1	1.189	0.9842	0.9811	0.9664	234	238
1ACB	green	af_relaxed	2	1.068	0.9866	0.9832	0.9664	235	238
1ACB	green	af_relaxed	3	1.047	0.9862	0.9811	0.9632	235	238
1ACB	green	af_relaxed	4	1.093	0.9865	0.9821	0.9653	235	238
1ACB	green	af_unrelaxed	0	1.187	0.9846	0.9821	0.9685	234	238
1ACB	green	af_unrelaxed	1	1.173	0.9846	0.9811	0.9674	234	238
1ACB	green	af_unrelaxed	2	1.050	0.9873	0.9842	0.9716	236	238
1ACB	green	af_unrelaxed	3	1.043	0.9868	0.9811	0.9685	235	238
1ACB	green	af_unrelaxed	4	1.053	0.9877	0.9853	0.9727	235	238
1ACB	green	boltz	0	1.207	0.9836	0.9800	0.9643	234	238
1ACB	green	boltz	1	1.197	0.9843	0.9811	0.9653	234	238
1ACB	green	boltz	2	1.144	0.9848	0.9832	0.9653	234	238
1ACB	green	boltz	3	1.171	0.9840	0.9821	0.9674	234	238
1ACB	green	boltz	4	1.244	0.9834	0.9800	0.9664	234	238
1ACB	green	amber_af	0	1.197	0.9843	0.9821	0.9685	234	238
1ACB	green	amber_af	1	1.187	0.9842	0.9811	0.9664	234	238
1ACB	green	amber_af	2	1.066	0.9866	0.9832	0.9664	235	238
1ACB	green	amber_af	3	1.047	0.9861	0.9811	0.9632	235	238
1ACB	green	amber_af	4	1.097	0.9865	0.9832	0.9674	235	238
1ACB	green	amber_boltz	0	1.206	0.9835	0.9800	0.9632	234	238
1ACB	green	amber_boltz	1	1.197	0.9842	0.9811	0.9632	234	238
1ACB	green	amber_boltz	2	1.150	0.9846	0.9832	0.9632	234	238
1ACB	green	amber_boltz	3	1.181	0.9837	0.9821	0.9632	234	238
1ACB	green	amber_boltz	4	1.246	0.9833	0.9800	0.9653	234	238
1AHW	green	af_relaxed	0	1.038	0.9754	0.9626	0.8458	212	214
1AHW	green	af_relaxed	1	1.128	0.9699	0.9451	0.8061	212	214
1AHW	green	af_relaxed	2	1.161	0.9674	0.9451	0.8072	212	214
1AHW	green	af_relaxed	3	1.171	0.9669	0.9369	0.7944	212	214
1AHW	green	af_relaxed	4	1.050	0.9745	0.9591	0.8400	212	214
1AHW	green	af_unrelaxed	0	1.025	0.9759	0.9650	0.8423	212	214
1AHW	green	af_unrelaxed	1	1.115	0.9705	0.9463	0.8061	212	214
1AHW	green	af_unrelaxed	2	1.149	0.9679	0.9463	0.8084	212	214
1AHW	green	af_unrelaxed	3	1.142	0.9687	0.9428	0.8026	212	214
1AHW	green	af_unrelaxed	4	1.031	0.9754	0.9638	0.8423	212	214
1AHW	green	boltz	0	1.246	0.9607	0.9054	0.7629	212	214
1AHW	green	boltz	1	1.214	0.9633	0.9194	0.7722	212	214
1AHW	green	boltz	2	1.089	0.9722	0.9521	0.8143	212	214
1AHW	green	boltz	3	1.100	0.9708	0.9486	0.8049	212	214
1AHW	green	boltz	4	1.299	0.9579	0.9019	0.7558	212	214
1AHW	green	amber_af	0	1.037	0.9755	0.9638	0.8481	212	214
1AHW	green	amber_af	1	1.128	0.9699	0.9451	0.8061	212	214
1AHW	green	amber_af	2	1.161	0.9674	0.9451	0.8072	212	214
1AHW	green	amber_af	3	1.156	0.9680	0.9428	0.8037	212	214
1AHW	green	amber_af	4	1.050	0.9745	0.9591	0.8411	212	214
1AHW	green	amber_boltz	0	1.251	0.9605	0.9065	0.7605	212	214
1AHW	green	amber_boltz	1	1.215	0.9630	0.9206	0.7734	212	214
1AHW	green	amber_boltz	2	1.091	0.9721	0.9521	0.8143	212	214
1AHW	green	amber_boltz	3	1.105	0.9706	0.9428	0.8002	212	214
1AHW	green	amber_boltz	4	1.306	0.9574	0.9007	0.7547	212	214
1AK4	green	af_relaxed	0	0.561	0.9905	0.9908	0.9755	163	163
1AK4	green	af_relaxed	1	0.563	0.9906	0.9908	0.9785	163	163
1AK4	green	af_relaxed	2	0.546	0.9909	0.9908	0.9755	163	163
1AK4	green	af_relaxed	3	0.575	0.9903	0.9893	0.9755	163	163
1AK4	green	af_relaxed	4	0.568	0.9901	0.9908	0.9709	163	163
1AK4	green	af_unrelaxed	0	0.555	0.9907	0.9908	0.9755	163	163
1AK4	green	af_unrelaxed	1	0.559	0.9907	0.9908	0.9801	163	163
1AK4	green	af_unrelaxed	2	0.538	0.9912	0.9908	0.9785	163	163
1AK4	green	af_unrelaxed	3	0.571	0.9903	0.9908	0.9770	163	163
1AK4	green	af_unrelaxed	4	0.562	0.9903	0.9908	0.9724	163	163
1AK4	green	boltz	0	0.652	0.9872	0.9877	0.9709	163	163
1AK4	green	boltz	1	0.676	0.9863	0.9862	0.9693	163	163
1AK4	green	boltz	2	0.647	0.9876	0.9877	0.9755	163	163
1AK4	green	boltz	3	0.659	0.9872	0.9877	0.9755	163	163
1AK4	green	boltz	4	0.649	0.9872	0.9877	0.9709	163	163
1AK4	green	amber_af	0	0.561	0.9905	0.9908	0.9755	163	163
1AK4	green	amber_af	1	0.563	0.9907	0.9908	0.9785	163	163
1AK4	green	amber_af	2	0.546	0.9909	0.9908	0.9755	163	163
1AK4	green	amber_af	3	0.575	0.9903	0.9893	0.9739	163	163
1AK4	green	amber_af	4	0.567	0.9901	0.9908	0.9709	163	163
1AK4	green	amber_boltz	0	0.660	0.9869	0.9877	0.9709	163	163
1AK4	green	amber_boltz	1	0.686	0.9860	0.9862	0.9678	163	163
1AK4	green	amber_boltz	2	0.651	0.9874	0.9877	0.9755	163	163
1AK4	green	amber_boltz	3	0.664	0.9870	0.9877	0.9724	163	163
1AK4	green	amber_boltz	4	0.657	0.9869	0.9862	0.9693	163	163
1AKJ	green	af_relaxed	0	1.002	0.9798	0.9502	0.8442	275	276
1AKJ	green	af_relaxed	1	1.065	0.9773	0.9457	0.8252	275	276
1AKJ	green	af_relaxed	2	1.036	0.9787	0.9447	0.8288	275	276
1AKJ	green	af_relaxed	3	1.015	0.9801	0.9574	0.8388	275	276
1AKJ	green	af_relaxed	4	1.024	0.9795	0.9520	0.8388	275	276
1AKJ	green	af_unrelaxed	0	1.004	0.9796	0.9484	0.8406	275	276
1AKJ	green	af_unrelaxed	1	1.066	0.9771	0.9457	0.8234	275	276
1AKJ	green	af_unrelaxed	2	1.037	0.9785	0.9429	0.8315	275	276
1AKJ	green	af_unrelaxed	3	1.004	0.9804	0.9547	0.8478	275	276
1AKJ	green	af_unrelaxed	4	1.018	0.9797	0.9511	0.8433	275	276
1AKJ	green	boltz	0	1.061	0.9776	0.9393	0.8315	275	276
1AKJ	green	boltz	1	0.990	0.9802	0.9475	0.8451	275	276
1AKJ	green	boltz	2	1.271	0.9666	0.9203	0.7962	275	276
1AKJ	green	boltz	3	1.082	0.9759	0.9321	0.8034	275	276
1AKJ	green	boltz	4	1.062	0.9773	0.9375	0.8279	275	276
1AKJ	green	amber_af	0	1.002	0.9798	0.9511	0.8451	275	276
1AKJ	green	amber_af	1	1.067	0.9772	0.9447	0.8216	275	276
1AKJ	green	amber_af	2	1.036	0.9787	0.9438	0.8279	275	276
1AKJ	green	amber_af	3	1.017	0.9801	0.9565	0.8379	275	276
1AKJ	green	amber_af	4	1.024	0.9795	0.9529	0.8397	275	276
1AKJ	green	amber_boltz	0	1.063	0.9775	0.9393	0.8297	275	276
1AKJ	green	amber_boltz	1	0.993	0.9801	0.9475	0.8424	275	276
1AKJ	green	amber_boltz	2	1.273	0.9665	0.9185	0.7899	275	276
1AKJ	green	amber_boltz	3	1.085	0.9758	0.9348	0.8080	275	276
1AKJ	green	amber_boltz	4	1.066	0.9771	0.9366	0.8261	275	276
1ATN	green	af_relaxed	0	1.108	0.9817	0.9583	0.8582	368	372
1ATN	green	af_relaxed	1	1.136	0.9806	0.9563	0.8501	368	372
1ATN	green	af_relaxed	2	1.027	0.9846	0.9671	0.8804	368	372
1ATN	green	af_relaxed	3	1.117	0.9819	0.9583	0.8636	367	372
1ATN	green	af_relaxed	4	1.080	0.9829	0.9610	0.8730	367	372
1ATN	green	af_unrelaxed	0	1.107	0.9819	0.9583	0.8609	368	372
1ATN	green	af_unrelaxed	1	1.133	0.9808	0.9563	0.8522	368	372
1ATN	green	af_unrelaxed	2	1.028	0.9847	0.9664	0.8804	368	372
1ATN	green	af_unrelaxed	3	1.118	0.9820	0.9590	0.8669	367	372
1ATN	green	af_unrelaxed	4	1.082	0.9830	0.9610	0.8730	367	372
1ATN	green	boltz	0	2.141	0.9313	0.8044	0.6371	360	372
1ATN	green	boltz	1	2.300	0.9288	0.8017	0.6384	361	372
1ATN	green	boltz	2	2.308	0.9306	0.8017	0.6344	360	372
1ATN	green	boltz	3	2.379	0.9269	0.7944	0.6263	360	372
1ATN	green	boltz	4	2.269	0.9297	0.8024	0.6310	361	372
1ATN	green	amber_af	0	1.108	0.9817	0.9590	0.8602	368	372
1ATN	green	amber_af	1	1.136	0.9806	0.9563	0.8501	368	372
1ATN	green	amber_af	2	1.027	0.9846	0.9671	0.8804	368	372
1ATN	green	amber_af	3	1.117	0.9819	0.9590	0.8642	367	372
1ATN	green	amber_af	4	1.080	0.9829	0.9610	0.8690	367	372
1ATN	green	amber_boltz	0	2.145	0.9311	0.8031	0.6364	361	372
1ATN	green	amber_boltz	1	2.302	0.9286	0.7997	0.6358	360	372
1ATN	green	amber_boltz	2	2.311	0.9304	0.8017	0.6310	361	372
1ATN	green	amber_boltz	3	2.378	0.9269	0.7944	0.6243	360	372
1ATN	green	amber_boltz	4	2.269	0.9296	0.8004	0.6297	361	372
1AVX	green	af_relaxed	0	0.353	0.9960	1.0000	0.9697	223	223
1AVX	green	af_relaxed	1	0.355	0.9959	1.0000	0.9720	223	223
1AVX	green	af_relaxed	2	0.356	0.9959	1.0000	0.9686	223	223
1AVX	green	af_relaxed	3	0.356	0.9959	1.0000	0.9686	223	223
1AVX	green	af_relaxed	4	0.357	0.9959	1.0000	0.9709	223	223
1AVX	green	af_unrelaxed	0	0.343	0.9962	1.0000	0.9731	223	223
1AVX	green	af_unrelaxed	1	0.344	0.9962	1.0000	0.9742	223	223
1AVX	green	af_unrelaxed	2	0.346	0.9961	1.0000	0.9742	223	223
1AVX	green	af_unrelaxed	3	0.347	0.9961	1.0000	0.9720	223	223
1AVX	green	af_unrelaxed	4	0.349	0.9961	1.0000	0.9753	223	223
1AVX	green	boltz	0	0.375	0.9955	1.0000	0.9697	223	223
1AVX	green	boltz	1	0.379	0.9954	0.9989	0.9686	223	223
1AVX	green	boltz	2	0.374	0.9955	0.9989	0.9720	223	223
1AVX	green	boltz	3	0.393	0.9950	0.9989	0.9608	223	223
1AVX	green	boltz	4	0.359	0.9959	1.0000	0.9742	223	223
1AVX	green	amber_af	0	0.363	0.9958	0.9989	0.9675	223	223
1AVX	green	amber_af	1	0.355	0.9959	1.0000	0.9720	223	223
1AVX	green	amber_af	2	0.355	0.9959	1.0000	0.9697	223	223
1AVX	green	amber_af	3	0.366	0.9957	0.9989	0.9675	223	223
1AVX	green	amber_af	4	0.358	0.9959	1.0000	0.9709	223	223
1AVX	green	amber_boltz	0	0.387	0.9952	1.0000	0.9652	223	223
1AVX	green	amber_boltz	1	0.390	0.9951	0.9989	0.9641	223	223
1AVX	green	amber_boltz	2	0.386	0.9952	0.9989	0.9630	223	223
1AVX	green	amber_boltz	3	0.402	0.9948	0.9989	0.9574	223	223
1AVX	green	amber_boltz	4	0.370	0.9956	1.0000	0.9720	223	223
1AY7	green	af_relaxed	0	0.396	0.9880	1.0000	0.9531	96	96
1AY7	green	af_relaxed	1	0.401	0.9877	1.0000	0.9505	96	96
1AY7	green	af_relaxed	2	0.403	0.9876	1.0000	0.9557	96	96
1AY7	green	af_relaxed	3	0.421	0.9865	1.0000	0.9453	96	96
1AY7	green	af_relaxed	4	0.406	0.9874	1.0000	0.9531	96	96
1AY7	green	af_unrelaxed	0	0.391	0.9883	1.0000	0.9531	96	96
1AY7	green	af_unrelaxed	1	0.397	0.9880	1.0000	0.9583	96	96
1AY7	green	af_unrelaxed	2	0.391	0.9883	1.0000	0.9583	96	96
1AY7	green	af_unrelaxed	3	0.411	0.9871	1.0000	0.9505	96	96
1AY7	green	af_unrelaxed	4	0.400	0.9878	1.0000	0.9531	96	96
1AY7	green	boltz	0	0.313	0.9925	0.9974	0.9818	96	96
1AY7	green	boltz	1	0.346	0.9911	0.9974	0.9792	96	96
1AY7	green	boltz	2	0.355	0.9904	1.0000	0.9766	96	96
1AY7	green	boltz	3	0.422	0.9879	0.9974	0.9766	96	96
1AY7	green	boltz	4	0.267	0.9945	1.0000	0.9896	96	96
1AY7	green	amber_af	0	0.396	0.9880	1.0000	0.9531	96	96
1AY7	green	amber_af	1	0.402	0.9877	1.0000	0.9505	96	96
1AY7	green	amber_af	2	0.402	0.9876	1.0000	0.9557	96	96
1AY7	green	amber_af	3	0.421	0.9865	1.0000	0.9453	96	96
1AY7	green	amber_af	4	0.407	0.9874	1.0000	0.9505	96	96
1AY7	green	amber_boltz	0	0.328	0.9919	0.9974	0.9792	96	96
1AY7	green	amber_boltz	1	0.359	0.9904	0.9974	0.9766	96	96
1AY7	green	amber_boltz	2	0.365	0.9899	0.9974	0.9688	96	96
1AY7	green	amber_boltz	3	0.445	0.9867	0.9974	0.9714	96	96
1AY7	green	amber_boltz	4	0.287	0.9937	1.0000	0.9896	96	96
1AZS	green	af_relaxed	0	0.977	0.9837	0.9908	0.8987	189	190
1AZS	green	af_relaxed	1	0.779	0.9864	0.9895	0.9079	189	190
1AZS	green	af_relaxed	2	0.774	0.9856	0.9882	0.9026	189	190
1AZS	green	af_relaxed	3	0.776	0.9858	0.9855	0.8987	189	190
1AZS	green	af_relaxed	4	0.994	0.9800	0.9789	0.8803	188	190
1AZS	green	af_unrelaxed	0	0.978	0.9837	0.9921	0.8987	189	190
1AZS	green	af_unrelaxed	1	0.781	0.9862	0.9895	0.9000	189	190
1AZS	green	af_unrelaxed	2	0.777	0.9854	0.9882	0.8934	189	190
1AZS	green	af_unrelaxed	3	0.777	0.9857	0.9895	0.8961	189	190
1AZS	green	af_unrelaxed	4	1.000	0.9797	0.9789	0.8763	188	190
1AZS	green	boltz	0	0.593	0.9914	0.9947	0.9605	189	190
1AZS	green	boltz	1	0.588	0.9912	0.9961	0.9592	189	190
1AZS	green	boltz	2	0.553	0.9914	0.9974	0.9579	189	190
1AZS	green	boltz	3	0.845	0.9861	0.9908	0.9421	188	190
1AZS	green	boltz	4	0.526	0.9916	0.9947	0.9579	190	190
1AZS	green	amber_af	0	0.977	0.9837	0.9908	0.8961	189	190
1AZS	green	amber_af	1	0.779	0.9864	0.9895	0.9053	189	190
1AZS	green	amber_af	2	0.774	0.9856	0.9882	0.9026	189	190
1AZS	green	amber_af	3	0.776	0.9858	0.9855	0.9000	189	190
1AZS	green	amber_af	4	0.994	0.9800	0.9789	0.8803	188	190
1AZS	green	amber_boltz	0	0.594	0.9914	0.9947	0.9553	189	190
1AZS	green	amber_boltz	1	0.585	0.9913	0.9961	0.9579	189	190
1AZS	green	amber_boltz	2	0.559	0.9912	0.9961	0.9539	189	190
1AZS	green	amber_boltz	3	0.850	0.9860	0.9895	0.9395	188	190
1AZS	green	amber_boltz	4	0.538	0.9914	0.9947	0.9553	190	190
1B6C	green	af_relaxed	0	0.472	0.9857	0.9953	0.9556	107	107
1B6C	green	af_relaxed	1	0.476	0.9857	0.9953	0.9626	107	107
1B6C	green	af_relaxed	2	0.327	0.9928	1.0000	0.9860	107	107
1B6C	green	af_relaxed	3	0.431	0.9878	0.9953	0.9626	107	107
1B6C	green	af_relaxed	4	0.473	0.9855	0.9930	0.9579	107	107
1B6C	green	af_unrelaxed	0	0.414	0.9886	0.9977	0.9673	107	107
1B6C	green	af_unrelaxed	1	0.415	0.9885	0.9977	0.9579	107	107
1B6C	green	af_unrelaxed	2	0.343	0.9921	1.0000	0.9790	107	107
1B6C	green	af_unrelaxed	3	0.414	0.9885	0.9977	0.9533	107	107
1B6C	green	af_unrelaxed	4	0.387	0.9899	1.0000	0.9696	107	107
1B6C	green	boltz	0	0.343	0.9921	1.0000	0.9743	107	107
1B6C	green	boltz	1	0.369	0.9909	0.9977	0.9696	107	107
1B6C	green	boltz	2	0.346	0.9919	1.0000	0.9790	107	107
1B6C	green	boltz	3	0.369	0.9909	0.9977	0.9696	107	107
1B6C	green	boltz	4	0.365	0.9911	1.0000	0.9673	107	107
1B6C	green	amber_af	0	0.473	0.9857	0.9930	0.9556	107	107
1B6C	green	amber_af	1	0.481	0.9854	0.9953	0.9603	107	107
1B6C	green	amber_af	2	0.328	0.9927	1.0000	0.9860	107	107
1B6C	green	amber_af	3	0.431	0.9879	0.9953	0.9626	107	107
1B6C	green	amber_af	4	0.475	0.9854	0.9930	0.9556	107	107
1B6C	green	amber_boltz	0	0.342	0.9921	1.0000	0.9766	107	107
1B6C	green	amber_boltz	1	0.367	0.9910	0.9977	0.9720	107	107
1B6C	green	amber_boltz	2	0.348	0.9918	1.0000	0.9790	107	107
1B6C	green	amber_boltz	3	0.369	0.9909	0.9977	0.9696	107	107
1B6C	green	amber_boltz	4	0.364	0.9910	1.0000	0.9673	107	107
1BKD	green	af_relaxed	0	1.382	0.9482	0.9247	0.8193	162	166
1BKD	green	af_relaxed	1	1.296	0.9538	0.9383	0.8479	162	166
1BKD	green	af_relaxed	2	1.287	0.9536	0.9352	0.8298	162	166
1BKD	green	af_relaxed	3	1.386	0.9491	0.9307	0.8253	161	166
1BKD	green	af_relaxed	4	1.299	0.9524	0.9322	0.8283	163	166
1BKD	green	af_unrelaxed	0	1.378	0.9483	0.9262	0.8223	162	166
1BKD	green	af_unrelaxed	1	1.289	0.9542	0.9398	0.8494	162	166
1BKD	green	af_unrelaxed	2	1.285	0.9536	0.9383	0.8328	162	166
1BKD	green	af_unrelaxed	3	1.378	0.9495	0.9322	0.8253	161	166
1BKD	green	af_unrelaxed	4	1.301	0.9523	0.9352	0.8404	163	166
1BKD	green	boltz	0	0.630	0.9854	0.9804	0.9383	166	166
1BKD	green	boltz	1	0.641	0.9849	0.9819	0.9337	166	166
1BKD	green	boltz	2	0.661	0.9842	0.9819	0.9352	166	166
1BKD	green	boltz	3	0.655	0.9849	0.9819	0.9413	166	166
1BKD	green	boltz	4	0.680	0.9838	0.9804	0.9352	166	166
1BKD	green	amber_af	0	1.383	0.9480	0.9247	0.8208	162	166
1BKD	green	amber_af	1	1.295	0.9539	0.9367	0.8449	162	166
1BKD	green	amber_af	2	1.287	0.9536	0.9337	0.8283	162	166
1BKD	green	amber_af	3	1.385	0.9492	0.9322	0.8298	161	166
1BKD	green	amber_af	4	1.299	0.9524	0.9322	0.8328	163	166
1BKD	green	amber_boltz	0	0.633	0.9851	0.9789	0.9322	166	166
1BKD	green	amber_boltz	1	0.637	0.9850	0.9819	0.9292	166	166
1BKD	green	amber_boltz	2	0.666	0.9838	0.9804	0.9292	166	166
1BKD	green	amber_boltz	3	0.660	0.9845	0.9804	0.9352	166	166
1BKD	green	amber_boltz	4	0.679	0.9838	0.9819	0.9337	166	166
1BUH	green	af_relaxed	0	4.217	0.9194	0.8632	0.7613	268	287
1BUH	green	af_relaxed	1	4.252	0.9169	0.8598	0.7552	267	287
1BUH	green	af_relaxed	2	4.218	0.9175	0.8615	0.7613	268	287
1BUH	green	af_relaxed	3	4.255	0.9175	0.8589	0.7578	268	287
1BUH	green	af_relaxed	4	4.058	0.9245	0.8676	0.7657	270	287
1BUH	green	af_unrelaxed	0	4.211	0.9200	0.8650	0.7639	268	287
1BUH	green	af_unrelaxed	1	4.244	0.9174	0.8615	0.7578	267	287
1BUH	green	af_unrelaxed	2	4.205	0.9180	0.8650	0.7666	269	287
1BUH	green	af_unrelaxed	3	4.248	0.9181	0.8598	0.7587	269	287
1BUH	green	af_unrelaxed	4	4.047	0.9250	0.8693	0.7674	269	287
1BUH	green	boltz	0	1.033	0.9789	0.9547	0.8336	285	287
1BUH	green	boltz	1	1.090	0.9761	0.9390	0.8075	285	287
1BUH	green	boltz	2	1.061	0.9782	0.9495	0.8275	285	287
1BUH	green	boltz	3	1.149	0.9732	0.9294	0.8031	285	287
1BUH	green	boltz	4	1.201	0.9718	0.9242	0.7953	285	287
1BUH	green	amber_af	0	4.216	0.9195	0.8641	0.7622	268	287
1BUH	green	amber_af	1	4.252	0.9169	0.8598	0.7552	267	287
1BUH	green	amber_af	2	4.218	0.9175	0.8624	0.7622	268	287
1BUH	green	amber_af	3	4.255	0.9175	0.8589	0.7578	268	287
1BUH	green	amber_af	4	4.057	0.9245	0.8676	0.7648	270	287
1BUH	green	amber_boltz	0	1.030	0.9791	0.9547	0.8336	285	287
1BUH	green	amber_boltz	1	1.088	0.9762	0.9382	0.8057	285	287
1BUH	green	amber_boltz	2	1.061	0.9782	0.9469	0.8249	285	287
1BUH	green	amber_boltz	3	1.148	0.9733	0.9277	0.7979	285	287
1BUH	green	amber_boltz	4	1.201	0.9718	0.9242	0.7953	285	287
1BVN	green	af_relaxed	0	0.563	0.9956	0.9934	0.9456	494	496
1BVN	green	af_relaxed	1	0.561	0.9957	0.9929	0.9435	494	496
1BVN	green	af_relaxed	2	0.553	0.9958	0.9940	0.9486	494	496
1BVN	green	af_relaxed	3	0.537	0.9961	0.9940	0.9551	494	496
1BVN	green	af_relaxed	4	0.544	0.9960	0.9940	0.9511	494	496
1BVN	green	af_unrelaxed	0	0.552	0.9958	0.9934	0.9501	494	496
1BVN	green	af_unrelaxed	1	0.549	0.9959	0.9940	0.9506	494	496
1BVN	green	af_unrelaxed	2	0.544	0.9960	0.9945	0.9541	494	496
1BVN	green	af_unrelaxed	3	0.526	0.9962	0.9950	0.9617	494	496
1BVN	green	af_unrelaxed	4	0.533	0.9961	0.9945	0.9561	494	496
1BVN	green	boltz	0	0.685	0.9934	0.9869	0.9002	494	496
1BVN	green	boltz	1	0.655	0.9940	0.9884	0.9138	494	496
1BVN	green	boltz	2	0.680	0.9935	0.9894	0.9047	494	496
1BVN	green	boltz	3	0.682	0.9934	0.9889	0.9027	494	496
1BVN	green	boltz	4	0.716	0.9927	0.9849	0.8810	494	496
1BVN	green	amber_af	0	0.563	0.9956	0.9934	0.9451	494	496
1BVN	green	amber_af	1	0.561	0.9957	0.9929	0.9425	494	496
1BVN	green	amber_af	2	0.553	0.9958	0.9934	0.9481	494	496
1BVN	green	amber_af	3	0.537	0.9961	0.9940	0.9561	494	496
1BVN	green	amber_af	4	0.545	0.9960	0.9934	0.9511	494	496
1BVN	green	amber_boltz	0	0.685	0.9934	0.9874	0.8982	494	496
1BVN	green	amber_boltz	1	0.655	0.9940	0.9884	0.9158	494	496
1BVN	green	amber_boltz	2	0.679	0.9935	0.9889	0.9022	494	496
1BVN	green	amber_boltz	3	0.683	0.9934	0.9884	0.8987	494	496
1BVN	green	amber_boltz	4	0.717	0.9927	0.9839	0.8821	494	496
1CGI	green	af_relaxed	0	1.075	0.9846	0.9847	0.9469	242	245
1CGI	green	af_relaxed	1	1.001	0.9855	0.9857	0.9459	242	245
1CGI	green	af_relaxed	2	1.043	0.9848	0.9857	0.9418	241	245
1CGI	green	af_relaxed	3	0.950	0.9857	0.9827	0.9459	242	245
1CGI	green	af_relaxed	4	0.928	0.9856	0.9837	0.9469	241	245
1CGI	green	af_unrelaxed	0	1.048	0.9853	0.9857	0.9500	242	245
1CGI	green	af_unrelaxed	1	0.921	0.9870	0.9867	0.9510	242	245
1CGI	green	af_unrelaxed	2	0.960	0.9866	0.9867	0.9531	242	245
1CGI	green	af_unrelaxed	3	0.919	0.9869	0.9857	0.9531	242	245
1CGI	green	af_unrelaxed	4	0.922	0.9862	0.9847	0.9531	241	245
1CGI	green	boltz	0	0.897	0.9869	0.9837	0.9571	242	245
1CGI	green	boltz	1	0.936	0.9857	0.9796	0.9490	242	245
1CGI	green	boltz	2	1.011	0.9863	0.9847	0.9561	242	245
1CGI	green	boltz	3	0.906	0.9866	0.9816	0.9500	242	245
1CGI	green	boltz	4	0.984	0.9864	0.9837	0.9541	242	245
1CGI	green	amber_af	0	1.076	0.9846	0.9847	0.9459	242	245
1CGI	green	amber_af	1	1.014	0.9851	0.9857	0.9439	242	245
1CGI	green	amber_af	2	1.034	0.9848	0.9857	0.9439	241	245
1CGI	green	amber_af	3	0.944	0.9860	0.9837	0.9469	242	245
1CGI	green	amber_af	4	0.928	0.9856	0.9837	0.9459	241	245
1CGI	green	amber_boltz	0	0.910	0.9862	0.9837	0.9520	242	245
1CGI	green	amber_boltz	1	0.941	0.9851	0.9796	0.9418	242	245
1CGI	green	amber_boltz	2	1.013	0.9857	0.9847	0.9500	242	245
1CGI	green	amber_boltz	3	0.907	0.9859	0.9806	0.9439	242	245
1CGI	green	amber_boltz	4	1.062	0.9847	0.9827	0.9480	241	245
1CLV	green	af_relaxed	0	0.518	0.9957	0.9931	0.9346	470	470
1CLV	green	af_relaxed	1	0.523	0.9956	0.9926	0.9346	470	470
1CLV	green	af_relaxed	2	0.490	0.9961	0.9926	0.9351	470	470
1CLV	green	af_relaxed	3	0.605	0.9945	0.9894	0.9255	469	470
1CLV	green	af_relaxed	4	0.502	0.9959	0.9941	0.9356	470	470
1CLV	green	af_unrelaxed	0	0.518	0.9957	0.9926	0.9303	470	470
1CLV	green	af_unrelaxed	1	0.524	0.9956	0.9915	0.9293	470	470
1CLV	green	af_unrelaxed	2	0.494	0.9960	0.9931	0.9340	470	470
1CLV	green	af_unrelaxed	3	0.607	0.9945	0.9894	0.9229	469	470
1CLV	green	af_unrelaxed	4	0.506	0.9959	0.9931	0.9340	470	470
1CLV	green	boltz	0	0.575	0.9951	0.9915	0.9394	469	470
1CLV	green	boltz	1	0.513	0.9961	0.9941	0.9521	469	470
1CLV	green	boltz	2	0.510	0.9963	0.9941	0.9644	469	470
1CLV	green	boltz	3	0.591	0.9948	0.9894	0.9261	469	470
1CLV	green	boltz	4	0.641	0.9937	0.9851	0.9048	469	470
1CLV	green	amber_af	0	0.517	0.9957	0.9931	0.9340	470	470
1CLV	green	amber_af	1	0.522	0.9956	0.9926	0.9346	470	470
1CLV	green	amber_af	2	0.489	0.9961	0.9931	0.9362	470	470
1CLV	green	amber_af	3	0.605	0.9945	0.9894	0.9261	469	470
1CLV	green	amber_af	4	0.503	0.9959	0.9941	0.9362	470	470
1CLV	green	amber_boltz	0	0.577	0.9951	0.9915	0.9388	469	470
1CLV	green	amber_boltz	1	0.514	0.9961	0.9941	0.9537	469	470
1CLV	green	amber_boltz	2	0.510	0.9963	0.9936	0.9644	469	470
1CLV	green	amber_boltz	3	0.589	0.9948	0.9894	0.9271	469	470
1CLV	green	amber_boltz	4	0.641	0.9938	0.9851	0.9053	469	470
1D6R	green	af_relaxed	0	0.319	0.9967	1.0000	0.9865	223	223
1D6R	green	af_relaxed	1	0.326	0.9966	0.9989	0.9843	223	223
1D6R	green	af_relaxed	2	0.334	0.9964	0.9989	0.9854	223	223
1D6R	green	af_relaxed	3	0.321	0.9967	0.9989	0.9843	223	223
1D6R	green	af_relaxed	4	0.313	0.9968	1.0000	0.9865	223	223
1D6R	green	af_unrelaxed	0	0.319	0.9967	1.0000	0.9865	223	223
1D6R	green	af_unrelaxed	1	0.322	0.9967	0.9989	0.9865	223	223
1D6R	green	af_unrelaxed	2	0.331	0.9965	0.9989	0.9843	223	223
1D6R	green	af_unrelaxed	3	0.320	0.9967	1.0000	0.9865	223	223
1D6R	green	af_unrelaxed	4	0.314	0.9968	1.0000	0.9877	223	223
1D6R	green	boltz	0	0.302	0.9971	1.0000	0.9899	223	223
1D6R	green	boltz	1	0.280	0.9975	1.0000	0.9910	223	223
1D6R	green	boltz	2	0.286	0.9973	1.0000	0.9922	223	223
1D6R	green	boltz	3	0.292	0.9972	1.0000	0.9910	223	223
1D6R	green	boltz	4	0.266	0.9977	1.0000	0.9922	223	223
1D6R	green	amber_af	0	0.319	0.9967	1.0000	0.9865	223	223
1D6R	green	amber_af	1	0.326	0.9966	0.9989	0.9854	223	223
1D6R	green	amber_af	2	0.334	0.9964	0.9989	0.9854	223	223
1D6R	green	amber_af	3	0.321	0.9967	0.9989	0.9843	223	223
1D6R	green	amber_af	4	0.313	0.9968	1.0000	0.9865	223	223
1D6R	green	amber_boltz	0	0.308	0.9969	1.0000	0.9888	223	223
1D6R	green	amber_boltz	1	0.288	0.9973	1.0000	0.9910	223	223
1D6R	green	amber_boltz	2	0.296	0.9972	1.0000	0.9922	223	223
1D6R	green	amber_boltz	3	0.300	0.9971	1.0000	0.9910	223	223
1D6R	green	amber_boltz	4	0.278	0.9975	1.0000	0.9910	223	223
1DE4	green	af_relaxed	0	2.010	0.9435	0.8594	0.6921	267	272
1DE4	green	af_relaxed	1	1.988	0.9454	0.8603	0.6939	267	272
1DE4	green	af_relaxed	2	2.008	0.9447	0.8539	0.6893	267	272
1DE4	green	af_relaxed	3	2.004	0.9440	0.8502	0.6893	267	272
1DE4	green	af_relaxed	4	2.021	0.9434	0.8520	0.6866	267	272
1DE4	green	boltz	0	2.152	0.9304	0.8263	0.6636	267	272
1DE4	green	boltz	1	2.285	0.9174	0.8180	0.6700	267	272
1DE4	green	boltz	2	2.201	0.9233	0.8263	0.6691	267	272
1DE4	green	boltz	3	2.038	0.9404	0.8474	0.7004	267	272
1DE4	green	boltz	4	2.415	0.9029	0.8153	0.6829	265	272
1DE4	green	amber_af	0	2.009	0.9435	0.8566	0.6921	267	272
1DE4	green	amber_af	1	1.988	0.9453	0.8585	0.6930	267	272
1DE4	green	amber_af	2	2.007	0.9448	0.8529	0.6884	267	272
1DE4	green	amber_af	3	2.006	0.9439	0.8502	0.6875	267	272
1DE4	green	amber_af	4	2.019	0.9434	0.8520	0.6857	267	272
1DE4	green	amber_boltz	0	2.161	0.9299	0.8263	0.6645	267	272
1DE4	green	amber_boltz	1	2.298	0.9164	0.8143	0.6664	267	272
1DE4	green	amber_boltz	2	2.212	0.9228	0.8235	0.6664	267	272
1DE4	green	amber_boltz	3	2.052	0.9399	0.8465	0.6985	267	272
1DE4	green	amber_boltz	4	2.420	0.9024	0.8125	0.6737	265	272
1DFJ	green	af_relaxed	0	0.568	0.9820	0.9879	0.8972	124	124
1DFJ	green	af_relaxed	1	0.574	0.9817	0.9879	0.8952	124	124
1DFJ	green	af_relaxed	2	0.563	0.9824	0.9899	0.9012	124	124
1DFJ	green	af_relaxed	3	0.573	0.9818	0.9879	0.8952	124	124
1DFJ	green	af_relaxed	4	0.556	0.9828	0.9879	0.9012	124	124
1DFJ	green	af_unrelaxed	0	0.560	0.9825	0.9879	0.9012	124	124
1DFJ	green	af_unrelaxed	1	0.562	0.9824	0.9879	0.9052	124	124
1DFJ	green	af_unrelaxed	2	0.553	0.9829	0.9899	0.9032	124	124
1DFJ	green	af_unrelaxed	3	0.565	0.9822	0.9879	0.8911	124	124
1DFJ	green	af_unrelaxed	4	0.546	0.9833	0.9879	0.9012	124	124
1DFJ	green	boltz	0	0.653	0.9768	0.9798	0.8710	124	124
1DFJ	green	boltz	1	0.652	0.9770	0.9798	0.8810	124	124
1DFJ	green	boltz	2	0.667	0.9760	0.9778	0.8750	124	124
1DFJ	green	boltz	3	0.626	0.9786	0.9839	0.8851	124	124
1DFJ	green	boltz	4	0.668	0.9760	0.9819	0.8710	124	124
1DFJ	green	amber_af	0	0.568	0.9820	0.9879	0.8972	124	124
1DFJ	green	amber_af	1	0.574	0.9817	0.9879	0.8952	124	124
1DFJ	green	amber_af	2	0.563	0.9824	0.9899	0.9032	124	124
1DFJ	green	amber_af	3	0.572	0.9818	0.9879	0.8972	124	124
1DFJ	green	amber_af	4	0.556	0.9827	0.9879	0.9012	124	124
1DFJ	green	amber_boltz	0	0.658	0.9766	0.9819	0.8770	124	124
1DFJ	green	amber_boltz	1	0.659	0.9766	0.9819	0.8810	124	124
1DFJ	green	amber_boltz	2	0.680	0.9752	0.9778	0.8750	124	124
1DFJ	green	amber_boltz	3	0.638	0.9780	0.9839	0.8851	124	124
1DFJ	green	amber_boltz	4	0.679	0.9755	0.9819	0.8730	124	124
1DQJ	green	af_relaxed	0	11.738	0.3585	0.2079	0.0923	59	214
1DQJ	green	af_relaxed	1	11.739	0.3583	0.2103	0.0935	60	214
1DQJ	green	af_relaxed	2	11.789	0.3558	0.2103	0.0923	51	214
1DQJ	green	af_relaxed	3	11.777	0.3565	0.2114	0.0923	53	214
1DQJ	green	af_relaxed	4	11.821	0.3550	0.2103	0.0923	54	214
1DQJ	green	af_unrelaxed	0	11.719	0.3600	0.2091	0.0911	59	214
1DQJ	green	af_unrelaxed	1	11.717	0.3593	0.2091	0.0923	61	214
1DQJ	green	af_unrelaxed	2	11.769	0.3571	0.2114	0.0935	53	214
1DQJ	green	af_unrelaxed	3	11.755	0.3575	0.2091	0.0911	55	214
1DQJ	green	af_unrelaxed	4	11.801	0.3560	0.2138	0.0946	55	214
1DQJ	green	boltz	0	11.765	0.3582	0.2091	0.0923	57	214
1DQJ	green	boltz	1	11.721	0.3550	0.2056	0.0876	58	214
1DQJ	green	boltz	2	11.758	0.3580	0.2068	0.0888	58	214
1DQJ	green	boltz	3	11.757	0.3576	0.2068	0.0888	54	214
1DQJ	green	boltz	4	11.701	0.3547	0.2056	0.0876	57	214
1DQJ	green	amber_af	0	11.737	0.3586	0.2091	0.0935	57	214
1DQJ	green	amber_af	1	11.738	0.3583	0.2103	0.0935	60	214
1DQJ	green	amber_af	2	11.787	0.3558	0.2114	0.0935	53	214
1DQJ	green	amber_af	3	11.778	0.3565	0.2126	0.0935	53	214
1DQJ	green	amber_af	4	11.819	0.3550	0.2103	0.0923	54	214
1DQJ	green	amber_boltz	0	11.777	0.3575	0.2091	0.0923	58	214
1DQJ	green	amber_boltz	1	11.733	0.3547	0.2091	0.0911	59	214
1DQJ	green	amber_boltz	2	11.768	0.3576	0.2068	0.0888	59	214
1DQJ	green	amber_boltz	3	11.769	0.3570	0.2068	0.0888	54	214
1DQJ	green	amber_boltz	4	11.715	0.3541	0.2103	0.0923	51	214
1E4K	green	af_relaxed	0	4.740	0.9243	0.9028	0.7836	201	216
1E4K	green	af_relaxed	1	4.612	0.9227	0.8912	0.7639	201	216
1E4K	green	af_relaxed	2	4.420	0.9211	0.8877	0.7477	201	216
1E4K	green	af_relaxed	3	4.682	0.9211	0.8924	0.7523	201	216
1E4K	green	af_relaxed	4	4.496	0.9164	0.8831	0.7269	201	216
1E4K	green	af_unrelaxed	0	4.719	0.9249	0.9005	0.7789	201	216
1E4K	green	af_unrelaxed	1	4.585	0.9241	0.8970	0.7697	201	216
1E4K	green	af_unrelaxed	2	4.409	0.9213	0.8877	0.7454	201	216
1E4K	green	af_unrelaxed	3	4.666	0.9219	0.8958	0.7593	201	216
1E4K	green	af_unrelaxed	4	4.399	0.9224	0.9016	0.7558	201	216
1E4K	green	boltz	0	4.643	0.8862	0.8032	0.6470	201	216
1E4K	green	boltz	1	4.532	0.9088	0.8484	0.6944	201	216
1E4K	green	boltz	2	4.713	0.8946	0.8229	0.6632	200	216
1E4K	green	boltz	3	4.724	0.8959	0.8183	0.6586	201	216
1E4K	green	boltz	4	4.237	0.8922	0.8160	0.6586	201	216
1E4K	green	amber_af	0	4.739	0.9243	0.9028	0.7847	201	216
1E4K	green	amber_af	1	4.610	0.9227	0.8924	0.7627	201	216
1E4K	green	amber_af	2	4.417	0.9212	0.8866	0.7442	201	216
1E4K	green	amber_af	3	4.683	0.9213	0.8924	0.7546	201	216
1E4K	green	amber_af	4	4.496	0.9157	0.8819	0.7269	201	216
1E4K	green	amber_boltz	0	4.655	0.8857	0.7998	0.6412	201	216
1E4K	green	amber_boltz	1	4.544	0.9080	0.8484	0.6933	201	216
1E4K	green	amber_boltz	2	4.715	0.8941	0.8206	0.6597	200	216
1E4K	green	amber_boltz	3	4.730	0.8953	0.8183	0.6551	201	216
1E4K	green	amber_boltz	4	4.246	0.8917	0.8160	0.6597	201	216
1E6E	green	af_relaxed	0	0.797	0.9909	0.9754	0.9010	455	457
1E6E	green	af_relaxed	1	0.801	0.9907	0.9748	0.8993	455	457
1E6E	green	af_relaxed	2	0.837	0.9897	0.9677	0.8796	455	457
1E6E	green	af_relaxed	3	0.778	0.9909	0.9732	0.8961	456	457
1E6E	green	af_relaxed	4	0.821	0.9900	0.9694	0.8846	455	457
1E6E	green	af_unrelaxed	0	0.794	0.9909	0.9754	0.9015	455	457
1E6E	green	af_unrelaxed	1	0.799	0.9908	0.9748	0.9026	455	457
1E6E	green	af_unrelaxed	2	0.835	0.9898	0.9694	0.8818	455	457
1E6E	green	af_unrelaxed	3	0.776	0.9910	0.9726	0.8988	456	457
1E6E	green	af_unrelaxed	4	0.817	0.9901	0.9694	0.8824	455	457
1E6E	green	boltz	0	0.769	0.9908	0.9732	0.8829	457	457
1E6E	green	boltz	1	0.879	0.9883	0.9639	0.8572	456	457
1E6E	green	boltz	2	0.994	0.9850	0.9486	0.8162	455	457
1E6E	green	boltz	3	0.966	0.9859	0.9551	0.8222	455	457
1E6E	green	boltz	4	0.927	0.9874	0.9633	0.8441	453	457
1E6E	green	amber_af	0	0.797	0.9909	0.9754	0.8999	455	457
1E6E	green	amber_af	1	0.801	0.9907	0.9748	0.8993	455	457
1E6E	green	amber_af	2	0.836	0.9897	0.9694	0.8818	455	457
1E6E	green	amber_af	3	0.778	0.9909	0.9732	0.8972	456	457
1E6E	green	amber_af	4	0.822	0.9900	0.9694	0.8846	455	457
1E6E	green	amber_boltz	0	0.776	0.9906	0.9737	0.8813	457	457
1E6E	green	amber_boltz	1	0.888	0.9881	0.9628	0.8534	456	457
1E6E	green	amber_boltz	2	1.001	0.9848	0.9469	0.8118	455	457
1E6E	green	amber_boltz	3	0.972	0.9857	0.9551	0.8178	455	457
1E6E	green	amber_boltz	4	0.932	0.9872	0.9612	0.8381	454	457
1E6J	green	af_relaxed	0	1.709	0.9534	0.9222	0.7948	207	212
1E6J	green	af_relaxed	1	1.835	0.9292	0.8491	0.7099	208	212
1E6J	green	af_relaxed	2	1.755	0.9490	0.8962	0.7653	207	212
1E6J	green	af_relaxed	3	2.117	0.9116	0.8302	0.6851	208	212
1E6J	green	af_relaxed	4	2.427	0.8687	0.7818	0.6380	207	212
1E6J	green	af_unrelaxed	0	1.723	0.9529	0.9186	0.7889	207	212
1E6J	green	af_unrelaxed	1	1.832	0.9297	0.8491	0.7087	208	212
1E6J	green	af_unrelaxed	2	1.769	0.9483	0.8962	0.7653	208	212
1E6J	green	af_unrelaxed	3	2.151	0.9090	0.8290	0.6910	208	212
1E6J	green	af_unrelaxed	4	2.417	0.8701	0.7842	0.6415	207	212
1E6J	green	boltz	0	2.194	0.8989	0.8172	0.6792	207	212
1E6J	green	boltz	1	1.711	0.9462	0.8962	0.7606	208	212
1E6J	green	boltz	2	2.096	0.9107	0.8361	0.6993	207	212
1E6J	green	boltz	3	2.001	0.9214	0.8502	0.7099	207	212
1E6J	green	boltz	4	2.061	0.9154	0.8420	0.7040	207	212
1E6J	green	amber_af	0	1.708	0.9534	0.9222	0.7948	207	212
1E6J	green	amber_af	1	1.831	0.9295	0.8491	0.7111	208	212
1E6J	green	amber_af	2	1.753	0.9490	0.8962	0.7653	207	212
1E6J	green	amber_af	3	2.124	0.9114	0.8290	0.6875	208	212
1E6J	green	amber_af	4	2.426	0.8687	0.7818	0.6392	207	212
1E6J	green	amber_boltz	0	2.193	0.8992	0.8184	0.6781	207	212
1E6J	green	amber_boltz	1	1.714	0.9466	0.8974	0.7630	208	212
1E6J	green	amber_boltz	2	2.095	0.9110	0.8373	0.6993	207	212
1E6J	green	amber_boltz	3	2.000	0.9219	0.8467	0.7099	207	212
1E6J	green	amber_boltz	4	2.061	0.9159	0.8408	0.7017	207	212
1E96	green	af_relaxed	0	0.379	0.9943	0.9986	0.9635	178	178
1E96	green	af_relaxed	1	0.436	0.9925	0.9972	0.9522	178	178
1E96	green	af_relaxed	2	0.364	0.9947	0.9986	0.9677	178	178
1E96	green	af_relaxed	3	0.454	0.9919	0.9972	0.9438	178	178
1E96	green	af_relaxed	4	0.468	0.9916	0.9972	0.9452	178	178
1E96	green	af_unrelaxed	0	0.373	0.9945	0.9986	0.9663	178	178
1E96	green	af_unrelaxed	1	0.437	0.9925	0.9972	0.9551	178	178
1E96	green	af_unrelaxed	2	0.364	0.9947	0.9986	0.9649	178	178
1E96	green	af_unrelaxed	3	0.445	0.9922	0.9986	0.9494	178	178
1E96	green	af_unrelaxed	4	0.461	0.9918	0.9986	0.9480	178	178
1E96	green	boltz	0	0.989	0.9735	0.9649	0.9157	177	178
1E96	green	boltz	1	1.019	0.9734	0.9691	0.9157	176	178
1E96	green	boltz	2	1.154	0.9690	0.9663	0.9115	174	178
1E96	green	boltz	3	1.150	0.9683	0.9649	0.9171	175	178
1E96	green	boltz	4	1.105	0.9695	0.9635	0.9143	174	178
1E96	green	amber_af	0	0.379	0.9943	0.9986	0.9635	178	178
1E96	green	amber_af	1	0.436	0.9925	0.9972	0.9522	178	178
1E96	green	amber_af	2	0.365	0.9947	0.9986	0.9677	178	178
1E96	green	amber_af	3	0.450	0.9920	0.9972	0.9466	178	178
1E96	green	amber_af	4	0.467	0.9916	0.9958	0.9424	178	178
1E96	green	amber_boltz	0	0.997	0.9729	0.9649	0.9073	177	178
1E96	green	amber_boltz	1	1.024	0.9733	0.9691	0.9171	176	178
1E96	green	amber_boltz	2	1.161	0.9685	0.9649	0.9059	174	178
1E96	green	amber_boltz	3	1.150	0.9680	0.9649	0.9143	175	178
1E96	green	amber_boltz	4	1.115	0.9690	0.9635	0.9087	174	178
1EAW	green	af_relaxed	0	0.532	0.9923	0.9896	0.9429	241	241
1EAW	green	af_relaxed	1	0.515	0.9927	0.9917	0.9471	241	241
1EAW	green	af_relaxed	2	0.533	0.9922	0.9896	0.9429	241	241
1EAW	green	af_relaxed	3	0.518	0.9926	0.9907	0.9409	241	241
1EAW	green	af_relaxed	4	0.510	0.9929	0.9917	0.9481	241	241
1EAW	green	af_unrelaxed	0	0.531	0.9923	0.9896	0.9440	241	241
1EAW	green	af_unrelaxed	1	0.519	0.9927	0.9907	0.9471	241	241
1EAW	green	af_unrelaxed	2	0.533	0.9922	0.9896	0.9419	241	241
1EAW	green	af_unrelaxed	3	0.527	0.9924	0.9907	0.9419	241	241
1EAW	green	af_unrelaxed	4	0.521	0.9926	0.9907	0.9471	241	241
1EAW	green	boltz	0	0.545	0.9919	0.9896	0.9388	241	241
1EAW	green	boltz	1	0.568	0.9915	0.9876	0.9409	241	241
1EAW	green	boltz	2	0.539	0.9921	0.9896	0.9398	241	241
1EAW	green	boltz	3	0.562	0.9915	0.9896	0.9388	241	241
1EAW	green	boltz	4	0.557	0.9916	0.9886	0.9398	241	241
1EAW	green	amber_af	0	0.531	0.9923	0.9896	0.9429	241	241
1EAW	green	amber_af	1	0.516	0.9927	0.9917	0.9471	241	241
1EAW	green	amber_af	2	0.534	0.9922	0.9896	0.9429	241	241
1EAW	green	amber_af	3	0.520	0.9926	0.9907	0.9419	241	241
1EAW	green	amber_af	4	0.510	0.9928	0.9917	0.9461	241	241
1EAW	green	amber_boltz	0	0.550	0.9918	0.9876	0.9378	241	241
1EAW	green	amber_boltz	1	0.574	0.9913	0.9876	0.9398	241	241
1EAW	green	amber_boltz	2	0.545	0.9919	0.9886	0.9367	241	241
1EAW	green	amber_boltz	3	0.565	0.9915	0.9896	0.9388	241	241
1EAW	green	amber_boltz	4	0.564	0.9915	0.9886	0.9398	241	241
1EER	green	af_relaxed	0	2.061	0.9201	0.8976	0.7771	157	166
1EER	green	af_relaxed	1	2.005	0.9225	0.9036	0.7771	157	166
1EER	green	af_relaxed	2	2.079	0.9137	0.8855	0.7530	156	166
1EER	green	af_relaxed	3	2.044	0.9144	0.8840	0.7470	156	166
1EER	green	af_relaxed	4	2.126	0.9079	0.8750	0.7545	157	166
1EER	green	af_unrelaxed	0	2.051	0.9203	0.8991	0.7711	157	166
1EER	green	af_unrelaxed	1	1.996	0.9231	0.9051	0.7771	157	166
1EER	green	af_unrelaxed	2	2.065	0.9145	0.8855	0.7545	157	166
1EER	green	af_unrelaxed	3	2.037	0.9151	0.8870	0.7485	157	166
1EER	green	af_unrelaxed	4	2.114	0.9087	0.8780	0.7530	158	166
1EER	green	boltz	0	2.254	0.9161	0.8976	0.7892	156	166
1EER	green	boltz	1	2.476	0.9140	0.8946	0.7726	157	166
1EER	green	boltz	2	2.442	0.9104	0.8901	0.7666	154	166
1EER	green	boltz	3	2.476	0.9110	0.8901	0.7741	156	166
1EER	green	boltz	4	2.058	0.9155	0.8946	0.7696	159	166
1EER	green	amber_af	0	2.062	0.9199	0.8976	0.7771	156	166
1EER	green	amber_af	1	2.005	0.9225	0.9021	0.7741	157	166
1EER	green	amber_af	2	2.076	0.9138	0.8870	0.7545	157	166
1EER	green	amber_af	3	2.044	0.9144	0.8840	0.7470	156	166
1EER	green	amber_af	4	2.125	0.9080	0.8750	0.7545	157	166
1EER	green	amber_boltz	0	2.262	0.9156	0.8931	0.7846	156	166
1EER	green	amber_boltz	1	2.481	0.9137	0.8946	0.7711	157	166
1EER	green	amber_boltz	2	2.446	0.9100	0.8855	0.7636	154	166
1EER	green	amber_boltz	3	2.487	0.9104	0.8886	0.7696	155	166
1EER	green	amber_boltz	4	2.069	0.9148	0.8931	0.7651	158	166
1EFN	green	af_relaxed	0	0.523	0.9651	0.9868	0.9561	57	57
1EFN	green	af_relaxed	1	0.528	0.9638	0.9912	0.9561	57	57
1EFN	green	af_relaxed	2	0.524	0.9640	0.9912	0.9518	57	57
1EFN	green	af_relaxed	3	0.513	0.9656	0.9912	0.9561	57	57
1EFN	green	af_relaxed	4	0.514	0.9651	0.9912	0.9561	57	57
1EFN	green	af_unrelaxed	0	0.524	0.9653	0.9912	0.9561	57	57
1EFN	green	af_unrelaxed	1	0.519	0.9650	0.9868	0.9561	57	57
1EFN	green	af_unrelaxed	2	0.524	0.9644	0.9912	0.9518	57	57
1EFN	green	af_unrelaxed	3	0.506	0.9666	0.9912	0.9561	57	57
1EFN	green	af_unrelaxed	4	0.508	0.9664	0.9912	0.9561	57	57
1EFN	green	boltz	0	0.512	0.9646	0.9868	0.9430	57	57
1EFN	green	boltz	1	0.486	0.9675	0.9912	0.9561	57	57
1EFN	green	boltz	2	0.481	0.9678	0.9912	0.9518	57	57
1EFN	green	boltz	3	0.506	0.9649	0.9868	0.9430	57	57
1EFN	green	boltz	4	0.514	0.9640	0.9868	0.9474	57	57
1EFN	green	amber_af	0	0.525	0.9650	0.9868	0.9561	57	57
1EFN	green	amber_af	1	0.528	0.9637	0.9868	0.9518	57	57
1EFN	green	amber_af	2	0.528	0.9637	0.9912	0.9518	57	57
1EFN	green	amber_af	3	0.513	0.9654	0.9912	0.9561	57	57
1EFN	green	amber_af	4	0.514	0.9653	0.9912	0.9561	57	57
1EFN	green	amber_boltz	0	0.522	0.9635	0.9868	0.9430	57	57
1EFN	green	amber_boltz	1	0.495	0.9659	0.9868	0.9474	57	57
1EFN	green	amber_boltz	2	0.493	0.9662	0.9912	0.9518	57	57
1EFN	green	amber_boltz	3	0.514	0.9634	0.9868	0.9430	57	57
1EFN	green	amber_boltz	4	0.514	0.9638	0.9868	0.9518	57	57
1EWY	green	af_relaxed	0	0.829	0.9855	0.9736	0.8690	293	294
1EWY	green	af_relaxed	1	0.824	0.9856	0.9719	0.8733	293	294
1EWY	green	af_relaxed	2	0.843	0.9849	0.9711	0.8716	293	294
1EWY	green	af_relaxed	3	0.829	0.9855	0.9719	0.8682	293	294
1EWY	green	af_relaxed	4	0.818	0.9856	0.9702	0.8673	293	294
1EWY	green	af_unrelaxed	0	0.821	0.9857	0.9736	0.8699	293	294
1EWY	green	af_unrelaxed	1	0.818	0.9858	0.9728	0.8733	293	294
1EWY	green	af_unrelaxed	2	0.838	0.9851	0.9694	0.8673	293	294
1EWY	green	af_unrelaxed	3	0.822	0.9858	0.9728	0.8673	293	294
1EWY	green	af_unrelaxed	4	0.815	0.9857	0.9694	0.8665	293	294
1EWY	green	boltz	0	0.872	0.9828	0.9532	0.8214	293	294
1EWY	green	boltz	1	0.895	0.9817	0.9481	0.8163	293	294
1EWY	green	boltz	2	0.884	0.9823	0.9490	0.8206	293	294
1EWY	green	boltz	3	0.939	0.9799	0.9413	0.8095	294	294
1EWY	green	boltz	4	0.905	0.9816	0.9490	0.8248	293	294
1EWY	green	amber_af	0	0.829	0.9855	0.9736	0.8699	293	294
1EWY	green	amber_af	1	0.824	0.9856	0.9728	0.8733	293	294
1EWY	green	amber_af	2	0.843	0.9849	0.9711	0.8707	293	294
1EWY	green	amber_af	3	0.829	0.9855	0.9719	0.8682	293	294
1EWY	green	amber_af	4	0.818	0.9856	0.9702	0.8665	293	294
1EWY	green	amber_boltz	0	0.877	0.9826	0.9515	0.8214	293	294
1EWY	green	amber_boltz	1	0.899	0.9816	0.9490	0.8155	293	294
1EWY	green	amber_boltz	2	0.889	0.9822	0.9498	0.8231	293	294
1EWY	green	amber_boltz	3	0.944	0.9797	0.9379	0.8027	294	294
1EWY	green	amber_boltz	4	0.908	0.9815	0.9490	0.8223	293	294
1EXB	green	af_relaxed	0	0.283	0.9982	0.9992	0.9862	326	326
1EXB	green	af_relaxed	1	0.282	0.9982	0.9992	0.9854	326	326
1EXB	green	af_relaxed	2	0.288	0.9981	0.9992	0.9847	326	326
1EXB	green	af_relaxed	3	0.284	0.9982	0.9992	0.9862	326	326
1EXB	green	af_relaxed	4	0.274	0.9983	0.9985	0.9870	326	326
1EXB	green	af_unrelaxed	0	0.275	0.9983	0.9992	0.9877	326	326
1EXB	green	af_unrelaxed	1	0.267	0.9984	0.9992	0.9908	326	326
1EXB	green	af_unrelaxed	2	0.257	0.9985	0.9992	0.9916	326	326
1EXB	green	af_unrelaxed	3	0.276	0.9983	0.9985	0.9870	326	326
1EXB	green	af_unrelaxed	4	0.259	0.9985	0.9985	0.9916	326	326
1EXB	green	boltz	0	0.633	0.9912	0.9778	0.9172	326	326
1EXB	green	boltz	1	0.699	0.9893	0.9732	0.8949	326	326
1EXB	green	boltz	2	0.836	0.9850	0.9647	0.8758	326	326
1EXB	green	boltz	3	0.919	0.9818	0.9494	0.8466	326	326
1EXB	green	boltz	4	1.423	0.9644	0.9248	0.8290	320	326
1EXB	green	amber_af	0	0.283	0.9982	0.9992	0.9870	326	326
1EXB	green	amber_af	1	0.282	0.9982	0.9992	0.9854	326	326
1EXB	green	amber_af	2	0.289	0.9981	0.9992	0.9847	326	326
1EXB	green	amber_af	3	0.284	0.9982	0.9992	0.9862	326	326
1EXB	green	amber_af	4	0.274	0.9983	0.9985	0.9870	326	326
1EXB	green	amber_boltz	0	0.643	0.9909	0.9755	0.9103	326	326
1EXB	green	amber_boltz	1	0.715	0.9888	0.9709	0.8919	326	326
1EXB	green	amber_boltz	2	0.849	0.9845	0.9617	0.8704	326	326
1EXB	green	amber_boltz	3	0.927	0.9815	0.9494	0.8451	326	326
1EXB	green	amber_boltz	4	1.436	0.9639	0.9248	0.8275	319	326
1EZU	green	af_relaxed	0	0.719	0.9750	0.9661	0.8839	140	140
1EZU	green	af_relaxed	1	0.640	0.9800	0.9821	0.9071	140	140
1EZU	green	af_relaxed	2	0.710	0.9756	0.9714	0.8839	140	140
1EZU	green	af_relaxed	3	0.696	0.9764	0.9750	0.8875	140	140
1EZU	green	af_relaxed	4	0.755	0.9728	0.9661	0.8804	140	140
1EZU	green	af_unrelaxed	0	0.719	0.9750	0.9714	0.8875	140	140
1EZU	green	af_unrelaxed	1	0.645	0.9797	0.9821	0.9054	140	140
1EZU	green	af_unrelaxed	2	0.710	0.9757	0.9696	0.8786	140	140
1EZU	green	af_unrelaxed	3	0.701	0.9762	0.9732	0.8821	140	140
1EZU	green	af_unrelaxed	4	0.759	0.9725	0.9679	0.8821	140	140
1EZU	green	boltz	0	0.725	0.9749	0.9714	0.8804	140	140
1EZU	green	boltz	1	1.099	0.9496	0.9357	0.8357	140	140
1EZU	green	boltz	2	1.057	0.9534	0.9411	0.8357	140	140
1EZU	green	boltz	3	0.901	0.9628	0.9554	0.8536	140	140
1EZU	green	boltz	4	0.781	0.9724	0.9661	0.8768	140	140
1EZU	green	amber_af	0	0.719	0.9750	0.9679	0.8857	140	140
1EZU	green	amber_af	1	0.640	0.9799	0.9821	0.9089	140	140
1EZU	green	amber_af	2	0.709	0.9757	0.9732	0.8875	140	140
1EZU	green	amber_af	3	0.696	0.9765	0.9732	0.8857	140	140
1EZU	green	amber_af	4	0.754	0.9728	0.9661	0.8804	140	140
1EZU	green	amber_boltz	0	0.726	0.9748	0.9714	0.8804	140	140
1EZU	green	amber_boltz	1	1.097	0.9497	0.9339	0.8357	140	140
1EZU	green	amber_boltz	2	1.057	0.9533	0.9393	0.8375	140	140
1EZU	green	amber_boltz	3	0.904	0.9626	0.9554	0.8500	140	140
1EZU	green	amber_boltz	4	0.779	0.9725	0.9679	0.8750	140	140
1F34	green	af_relaxed	0	0.620	0.9921	0.9838	0.9123	324	325
1F34	green	af_relaxed	1	0.641	0.9915	0.9831	0.9038	324	325
1F34	green	af_relaxed	2	0.638	0.9916	0.9823	0.9077	324	325
1F34	green	af_relaxed	3	0.654	0.9911	0.9823	0.9031	324	325
1F34	green	af_relaxed	4	0.635	0.9916	0.9846	0.9085	324	325
1F34	green	af_unrelaxed	0	0.609	0.9923	0.9838	0.9146	324	325
1F34	green	af_unrelaxed	1	0.632	0.9917	0.9823	0.9062	324	325
1F34	green	af_unrelaxed	2	0.621	0.9919	0.9823	0.9108	325	325
1F34	green	af_unrelaxed	3	0.642	0.9914	0.9831	0.9077	324	325
1F34	green	af_unrelaxed	4	0.623	0.9919	0.9846	0.9100	324	325
1F34	green	boltz	0	0.733	0.9888	0.9777	0.8731	324	325
1F34	green	boltz	1	0.768	0.9876	0.9685	0.8608	325	325
1F34	green	boltz	2	0.815	0.9862	0.9654	0.8569	324	325
1F34	green	boltz	3	0.787	0.9872	0.9692	0.8631	324	325
1F34	green	boltz	4	0.695	0.9900	0.9785	0.8892	324	325
1F34	green	amber_af	0	0.620	0.9921	0.9838	0.9123	324	325
1F34	green	amber_af	1	0.641	0.9915	0.9823	0.9031	324	325
1F34	green	amber_af	2	0.637	0.9916	0.9823	0.9062	324	325
1F34	green	amber_af	3	0.655	0.9911	0.9831	0.9046	324	325
1F34	green	amber_af	4	0.635	0.9916	0.9846	0.9085	324	325
1F34	green	amber_boltz	0	0.742	0.9885	0.9746	0.8723	324	325
1F34	green	amber_boltz	1	0.777	0.9873	0.9685	0.8585	325	325
1F34	green	amber_boltz	2	0.822	0.9861	0.9654	0.8562	324	325
1F34	green	amber_boltz	3	0.793	0.9871	0.9692	0.8631	324	325
1F34	green	amber_boltz	4	0.707	0.9898	0.9792	0.8877	324	325
1F51	green	af_relaxed	0	1.255	0.9764	0.9724	0.8550	179	181
1F51	green	af_relaxed	1	1.264	0.9779	0.9820	0.8729	179	181
1F51	green	af_relaxed	2	1.324	0.9762	0.9724	0.8508	179	181
1F51	green	af_relaxed	3	1.312	0.9749	0.9696	0.8453	179	181
1F51	green	af_relaxed	4	1.279	0.9782	0.9779	0.8812	179	181
1F51	green	af_unrelaxed	0	1.246	0.9768	0.9765	0.8522	179	181
1F51	green	af_unrelaxed	1	1.259	0.9780	0.9793	0.8729	179	181
1F51	green	af_unrelaxed	2	1.318	0.9764	0.9724	0.8508	179	181
1F51	green	af_unrelaxed	3	1.304	0.9752	0.9696	0.8467	179	181
1F51	green	af_unrelaxed	4	1.271	0.9785	0.9793	0.8826	179	181
1F51	green	boltz	0	2.363	0.9348	0.9213	0.7997	173	181
1F51	green	boltz	1	2.144	0.9491	0.9420	0.8398	174	181
1F51	green	boltz	2	2.588	0.9195	0.8950	0.7597	173	181
1F51	green	boltz	3	2.388	0.9397	0.9254	0.8025	173	181
1F51	green	boltz	4	2.570	0.9242	0.8992	0.7638	172	181
1F51	green	amber_af	0	1.256	0.9764	0.9724	0.8522	179	181
1F51	green	amber_af	1	1.264	0.9779	0.9820	0.8757	179	181
1F51	green	amber_af	2	1.324	0.9762	0.9724	0.8522	179	181
1F51	green	amber_af	3	1.313	0.9749	0.9696	0.8453	179	181
1F51	green	amber_af	4	1.278	0.9782	0.9779	0.8812	179	181
1F51	green	amber_boltz	0	2.359	0.9346	0.9254	0.8011	173	181
1F51	green	amber_boltz	1	2.141	0.9489	0.9378	0.8232	174	181
1F51	green	amber_boltz	2	2.586	0.9192	0.8964	0.7555	173	181
1F51	green	amber_boltz	3	2.386	0.9394	0.9268	0.7997	173	181
1F51	green	amber_boltz	4	2.567	0.9239	0.8978	0.7583	172	181
1F6M	green	af_relaxed	0	1.439	0.9567	0.8750	0.7492	320	320
1F6M	green	af_relaxed	1	1.017	0.9776	0.9305	0.8031	320	320
1F6M	green	af_relaxed	2	1.554	0.9494	0.8633	0.7352	320	320
1F6M	green	af_relaxed	3	7.031	0.7035	0.6367	0.5711	205	320
1F6M	green	af_relaxed	4	7.061	0.7030	0.6383	0.5672	204	320
1F6M	green	af_unrelaxed	0	1.440	0.9567	0.8750	0.7508	320	320
1F6M	green	af_unrelaxed	1	1.021	0.9774	0.9273	0.8039	320	320
1F6M	green	af_unrelaxed	2	1.555	0.9494	0.8625	0.7352	320	320
1F6M	green	af_unrelaxed	3	7.034	0.7036	0.6367	0.5742	202	320
1F6M	green	af_unrelaxed	4	7.058	0.7035	0.6375	0.5719	206	320
1F6M	green	boltz	0	1.082	0.9750	0.9164	0.7703	320	320
1F6M	green	boltz	1	0.799	0.9861	0.9672	0.8313	320	320
1F6M	green	boltz	2	0.855	0.9841	0.9539	0.8133	320	320
1F6M	green	boltz	3	0.943	0.9809	0.9414	0.8063	320	320
1F6M	green	boltz	4	0.980	0.9793	0.9437	0.7984	320	320
1F6M	green	amber_af	0	1.439	0.9567	0.8750	0.7492	320	320
1F6M	green	amber_af	1	1.017	0.9776	0.9313	0.8039	320	320
1F6M	green	amber_af	2	1.554	0.9494	0.8648	0.7367	320	320
1F6M	green	amber_af	3	7.030	0.7034	0.6352	0.5711	205	320
1F6M	green	amber_af	4	7.063	0.7029	0.6367	0.5656	204	320
1F6M	green	amber_boltz	0	1.084	0.9749	0.9180	0.7695	320	320
1F6M	green	amber_boltz	1	0.804	0.9860	0.9672	0.8297	320	320
1F6M	green	amber_boltz	2	0.861	0.9839	0.9516	0.8086	320	320
1F6M	green	amber_boltz	3	0.953	0.9806	0.9422	0.8039	320	320
1F6M	green	amber_boltz	4	0.985	0.9791	0.9422	0.7945	320	320
1FAK	green	af_relaxed	0	0.740	0.9887	0.9821	0.9412	249	251
1FAK	green	af_relaxed	1	0.742	0.9886	0.9811	0.9382	249	251
1FAK	green	af_relaxed	2	0.744	0.9886	0.9821	0.9382	249	251
1FAK	green	af_relaxed	3	0.759	0.9880	0.9791	0.9363	249	251
1FAK	green	af_relaxed	4	0.744	0.9885	0.9801	0.9382	249	251
1FAK	green	af_unrelaxed	0	0.734	0.9888	0.9811	0.9402	249	251
1FAK	green	af_unrelaxed	1	0.737	0.9886	0.9811	0.9392	249	251
1FAK	green	af_unrelaxed	2	0.737	0.9887	0.9821	0.9412	249	251
1FAK	green	af_unrelaxed	3	0.752	0.9882	0.9791	0.9382	249	251
1FAK	green	af_unrelaxed	4	0.738	0.9886	0.9811	0.9402	249	251
1FAK	green	boltz	0	0.761	0.9883	0.9801	0.9382	249	251
1FAK	green	boltz	1	0.767	0.9889	0.9811	0.9432	249	251
1FAK	green	boltz	2	0.780	0.9879	0.9811	0.9392	249	251
1FAK	green	boltz	3	0.753	0.9889	0.9801	0.9422	249	251
1FAK	green	boltz	4	0.735	0.9893	0.9841	0.9512	249	251
1FAK	green	amber_af	0	0.740	0.9887	0.9821	0.9412	249	251
1FAK	green	amber_af	1	0.743	0.9886	0.9811	0.9382	249	251
1FAK	green	amber_af	2	0.745	0.9886	0.9821	0.9373	249	251
1FAK	green	amber_af	3	0.759	0.9881	0.9791	0.9363	249	251
1FAK	green	amber_af	4	0.759	0.9881	0.9801	0.9313	249	251
1FAK	green	amber_boltz	0	0.766	0.9882	0.9821	0.9382	249	251
1FAK	green	amber_boltz	1	0.773	0.9887	0.9811	0.9442	249	251
1FAK	green	amber_boltz	2	0.790	0.9876	0.9821	0.9402	249	251
1FAK	green	amber_boltz	3	0.762	0.9887	0.9811	0.9452	249	251
1FAK	green	amber_boltz	4	0.742	0.9892	0.9841	0.9512	249	251
1FC2	green	af_relaxed	0	2.106	0.7775	0.8895	0.7384	41	43
1FC2	green	af_relaxed	1	3.557	0.7180	0.8372	0.6744	37	43
1FC2	green	af_relaxed	2	4.094	0.4956	0.6686	0.4709	37	43
1FC2	green	af_relaxed	3	2.433	0.6673	0.8081	0.6163	39	43
1FC2	green	af_relaxed	4	3.122	0.6864	0.8023	0.6279	39	43
1FC2	green	af_unrelaxed	0	2.108	0.7803	0.8895	0.7442	41	43
1FC2	green	af_unrelaxed	1	3.579	0.7233	0.8488	0.6977	38	43
1FC2	green	af_unrelaxed	2	3.740	0.6859	0.8081	0.6395	38	43
1FC2	green	af_unrelaxed	3	2.533	0.6630	0.8081	0.6221	39	43
1FC2	green	af_unrelaxed	4	3.101	0.6969	0.8314	0.6512	39	43
1FC2	green	boltz	0	2.399	0.7303	0.8430	0.6744	40	43
1FC2	green	boltz	1	2.373	0.7108	0.8372	0.6744	40	43
1FC2	green	boltz	2	2.631	0.7365	0.8488	0.6802	40	43
1FC2	green	boltz	3	2.513	0.7259	0.8314	0.6570	40	43
1FC2	green	boltz	4	2.615	0.7717	0.8721	0.7326	40	43
1FC2	green	amber_af	0	2.106	0.7776	0.8895	0.7384	41	43
1FC2	green	amber_af	1	3.548	0.7133	0.8430	0.6744	37	43
1FC2	green	amber_af	2	4.117	0.5034	0.6686	0.4651	36	43
1FC2	green	amber_af	3	2.446	0.6718	0.8140	0.6163	39	43
1FC2	green	amber_af	4	3.268	0.6806	0.7965	0.6337	39	43
1FC2	green	amber_boltz	0	2.391	0.7275	0.8430	0.6686	40	43
1FC2	green	amber_boltz	1	2.392	0.7088	0.8430	0.6802	40	43
1FC2	green	amber_boltz	2	2.623	0.7356	0.8488	0.6802	40	43
1FC2	green	amber_boltz	3	2.522	0.7236	0.8372	0.6686	40	43
1FC2	green	amber_boltz	4	2.618	0.7721	0.8663	0.7267	40	43
1FCC	green	af_relaxed	0	1.401	0.9449	0.8920	0.7536	205	206
1FCC	green	af_relaxed	1	1.377	0.9465	0.8920	0.7512	206	206
1FCC	green	af_relaxed	2	1.304	0.9527	0.9102	0.7694	205	206
1FCC	green	af_relaxed	3	1.347	0.9488	0.8956	0.7500	206	206
1FCC	green	af_relaxed	4	1.377	0.9460	0.8920	0.7488	206	206
1FCC	green	af_unrelaxed	0	1.396	0.9452	0.8932	0.7597	205	206
1FCC	green	af_unrelaxed	1	1.379	0.9463	0.8944	0.7549	206	206
1FCC	green	af_unrelaxed	2	1.297	0.9532	0.9163	0.7816	205	206
1FCC	green	af_unrelaxed	3	1.352	0.9484	0.8956	0.7561	206	206
1FCC	green	af_unrelaxed	4	1.373	0.9463	0.8968	0.7561	206	206
1FCC	green	boltz	0	1.003	0.9675	0.9308	0.7828	206	206
1FCC	green	boltz	1	1.087	0.9670	0.9490	0.8022	206	206
1FCC	green	boltz	2	1.114	0.9641	0.9417	0.7973	206	206
1FCC	green	boltz	3	1.166	0.9601	0.9223	0.7961	206	206
1FCC	green	boltz	4	1.255	0.9536	0.9017	0.7609	206	206
1FCC	green	amber_af	0	1.401	0.9449	0.8920	0.7524	205	206
1FCC	green	amber_af	1	1.377	0.9465	0.8932	0.7512	206	206
1FCC	green	amber_af	2	1.303	0.9527	0.9102	0.7694	205	206
1FCC	green	amber_af	3	1.348	0.9488	0.8956	0.7500	206	206
1FCC	green	amber_af	4	1.377	0.9460	0.8908	0.7476	206	206
1FCC	green	amber_boltz	0	1.007	0.9673	0.9308	0.7779	206	206
1FCC	green	amber_boltz	1	1.090	0.9667	0.9466	0.7949	206	206
1FCC	green	amber_boltz	2	1.116	0.9638	0.9393	0.7913	206	206
1FCC	green	amber_boltz	3	1.166	0.9600	0.9223	0.7913	206	206
1FCC	green	amber_boltz	4	1.257	0.9534	0.9017	0.7536	206	206
1FFW	green	af_relaxed	0	0.327	0.9940	1.0000	0.9766	128	128
1FFW	green	af_relaxed	1	0.329	0.9939	1.0000	0.9727	128	128
1FFW	green	af_relaxed	2	0.334	0.9937	1.0000	0.9727	128	128
1FFW	green	af_relaxed	3	0.331	0.9939	1.0000	0.9746	128	128
1FFW	green	af_relaxed	4	0.334	0.9938	1.0000	0.9727	128	128
1FFW	green	af_unrelaxed	0	0.322	0.9942	1.0000	0.9727	128	128
1FFW	green	af_unrelaxed	1	0.324	0.9941	1.0000	0.9746	128	128
1FFW	green	af_unrelaxed	2	0.333	0.9938	1.0000	0.9727	128	128
1FFW	green	af_unrelaxed	3	0.331	0.9939	1.0000	0.9707	128	128
1FFW	green	af_unrelaxed	4	0.333	0.9938	1.0000	0.9727	128	128
1FFW	green	boltz	0	0.336	0.9937	1.0000	0.9727	128	128
1FFW	green	boltz	1	0.352	0.9931	1.0000	0.9746	128	128
1FFW	green	boltz	2	0.350	0.9932	1.0000	0.9746	128	128
1FFW	green	boltz	3	0.326	0.9941	1.0000	0.9824	128	128
1FFW	green	boltz	4	0.355	0.9930	1.0000	0.9688	128	128
1FFW	green	amber_af	0	0.326	0.9940	1.0000	0.9766	128	128
1FFW	green	amber_af	1	0.337	0.9936	1.0000	0.9746	128	128
1FFW	green	amber_af	2	0.336	0.9937	1.0000	0.9727	128	128
1FFW	green	amber_af	3	0.330	0.9939	1.0000	0.9746	128	128
1FFW	green	amber_af	4	0.333	0.9938	1.0000	0.9727	128	128
1FFW	green	amber_boltz	0	0.340	0.9935	1.0000	0.9668	128	128
1FFW	green	amber_boltz	1	0.354	0.9930	1.0000	0.9688	128	128
1FFW	green	amber_boltz	2	0.351	0.9931	1.0000	0.9746	128	128
1FFW	green	amber_boltz	3	0.334	0.9938	1.0000	0.9785	128	128
1FFW	green	amber_boltz	4	0.359	0.9928	1.0000	0.9707	128	128
1FLE	green	af_relaxed	0	0.327	0.9968	1.0000	0.9792	240	240
1FLE	green	af_relaxed	1	0.314	0.9970	1.0000	0.9844	240	240
1FLE	green	af_relaxed	2	0.315	0.9970	1.0000	0.9844	240	240
1FLE	green	af_relaxed	3	0.307	0.9972	1.0000	0.9885	240	240
1FLE	green	af_relaxed	4	0.323	0.9969	1.0000	0.9812	240	240
1FLE	green	af_unrelaxed	0	0.322	0.9969	1.0000	0.9802	240	240
1FLE	green	af_unrelaxed	1	0.308	0.9972	1.0000	0.9844	240	240
1FLE	green	af_unrelaxed	2	0.308	0.9972	1.0000	0.9844	240	240
1FLE	green	af_unrelaxed	3	0.301	0.9973	1.0000	0.9875	240	240
1FLE	green	af_unrelaxed	4	0.315	0.9970	1.0000	0.9823	240	240
1FLE	green	boltz	0	0.312	0.9971	0.9990	0.9844	240	240
1FLE	green	boltz	1	0.319	0.9970	0.9979	0.9802	240	240
1FLE	green	boltz	2	0.319	0.9969	1.0000	0.9812	240	240
1FLE	green	boltz	3	0.319	0.9970	0.9990	0.9844	240	240
1FLE	green	boltz	4	0.313	0.9971	0.9990	0.9823	240	240
1FLE	green	amber_af	0	0.328	0.9968	1.0000	0.9792	240	240
1FLE	green	amber_af	1	0.313	0.9971	1.0000	0.9844	240	240
1FLE	green	amber_af	2	0.315	0.9970	1.0000	0.9844	240	240
1FLE	green	amber_af	3	0.306	0.9972	1.0000	0.9885	240	240
1FLE	green	amber_af	4	0.323	0.9969	1.0000	0.9802	240	240
1FLE	green	amber_boltz	0	0.322	0.9969	0.9979	0.9812	240	240
1FLE	green	amber_boltz	1	0.330	0.9967	0.9990	0.9802	240	240
1FLE	green	amber_boltz	2	0.328	0.9968	1.0000	0.9802	240	240
1FLE	green	amber_boltz	3	0.330	0.9967	0.9990	0.9771	240	240
1FLE	green	amber_boltz	4	0.326	0.9968	0.9979	0.9802	240	240
1FQ1	green	af_relaxed	0	1.294	0.9686	0.9590	0.8566	181	183
1FQ1	green	af_relaxed	1	1.330	0.9673	0.9604	0.8470	181	183
1FQ1	green	af_relaxed	2	1.304	0.9690	0.9604	0.8648	181	183
1FQ1	green	af_relaxed	3	1.318	0.9682	0.9617	0.8511	181	183
1FQ1	green	af_relaxed	4	1.313	0.9672	0.9577	0.8511	181	183
1FQ1	green	af_unrelaxed	0	1.286	0.9690	0.9590	0.8579	181	183
1FQ1	green	af_unrelaxed	1	1.323	0.9676	0.9617	0.8497	181	183
1FQ1	green	af_unrelaxed	2	1.294	0.9694	0.9631	0.8620	181	183
1FQ1	green	af_unrelaxed	3	1.311	0.9685	0.9631	0.8566	181	183
1FQ1	green	af_unrelaxed	4	1.307	0.9675	0.9590	0.8552	181	183
1FQ1	green	boltz	0	1.357	0.9693	0.9658	0.8648	181	183
1FQ1	green	boltz	1	1.325	0.9695	0.9645	0.8661	181	183
1FQ1	green	boltz	2	1.278	0.9712	0.9658	0.8770	181	183
1FQ1	green	boltz	3	1.340	0.9688	0.9617	0.8593	181	183
1FQ1	green	boltz	4	1.309	0.9690	0.9631	0.8593	181	183
1FQ1	green	amber_af	0	1.294	0.9686	0.9604	0.8579	181	183
1FQ1	green	amber_af	1	1.330	0.9672	0.9590	0.8456	181	183
1FQ1	green	amber_af	2	1.303	0.9690	0.9604	0.8634	181	183
1FQ1	green	amber_af	3	1.319	0.9682	0.9617	0.8511	181	183
1FQ1	green	amber_af	4	1.313	0.9672	0.9563	0.8497	181	183
1FQ1	green	amber_boltz	0	1.366	0.9688	0.9631	0.8607	181	183
1FQ1	green	amber_boltz	1	1.332	0.9689	0.9631	0.8579	181	183
1FQ1	green	amber_boltz	2	1.288	0.9708	0.9672	0.8743	181	183
1FQ1	green	amber_boltz	3	1.348	0.9685	0.9631	0.8552	181	183
1FQ1	green	amber_boltz	4	1.316	0.9687	0.9631	0.8552	181	183
1FQJ	green	af_relaxed	0	0.542	0.9936	0.9921	0.9338	317	317
1FQJ	green	af_relaxed	1	0.556	0.9932	0.9890	0.9211	317	317
1FQJ	green	af_relaxed	2	0.534	0.9938	0.9929	0.9306	317	317
1FQJ	green	af_relaxed	3	0.582	0.9927	0.9905	0.9132	317	317
1FQJ	green	af_relaxed	4	0.549	0.9933	0.9921	0.9235	317	317
1FQJ	green	af_unrelaxed	0	0.533	0.9938	0.9921	0.9361	317	317
1FQJ	green	af_unrelaxed	1	0.547	0.9933	0.9890	0.9203	317	317
1FQJ	green	af_unrelaxed	2	0.524	0.9940	0.9929	0.9330	317	317
1FQJ	green	af_unrelaxed	3	0.575	0.9928	0.9913	0.9180	317	317
1FQJ	green	af_unrelaxed	4	0.544	0.9934	0.9921	0.9251	317	317
1FQJ	green	boltz	0	0.572	0.9931	0.9882	0.9290	317	317
1FQJ	green	boltz	1	0.568	0.9931	0.9897	0.9180	317	317
1FQJ	green	boltz	2	0.594	0.9926	0.9897	0.9156	316	317
1FQJ	green	boltz	3	0.657	0.9907	0.9874	0.8888	316	317
1FQJ	green	boltz	4	0.627	0.9915	0.9874	0.8951	317	317
1FQJ	green	amber_af	0	0.542	0.9936	0.9921	0.9306	317	317
1FQJ	green	amber_af	1	0.555	0.9932	0.9890	0.9203	317	317
1FQJ	green	amber_af	2	0.534	0.9938	0.9929	0.9298	317	317
1FQJ	green	amber_af	3	0.582	0.9927	0.9905	0.9140	317	317
1FQJ	green	amber_af	4	0.549	0.9933	0.9921	0.9243	317	317
1FQJ	green	amber_boltz	0	0.576	0.9930	0.9866	0.9259	317	317
1FQJ	green	amber_boltz	1	0.569	0.9931	0.9905	0.9211	317	317
1FQJ	green	amber_boltz	2	0.602	0.9924	0.9890	0.9117	316	317
1FQJ	green	amber_boltz	3	0.661	0.9907	0.9858	0.8880	316	317
1FQJ	green	amber_boltz	4	0.631	0.9914	0.9866	0.8935	317	317
1GCQ	green	af_relaxed	0	1.026	0.9384	0.9693	0.9167	56	57
1GCQ	green	af_relaxed	1	1.038	0.9384	0.9737	0.9167	56	57
1GCQ	green	af_relaxed	2	1.018	0.9338	0.9649	0.9035	56	57
1GCQ	green	af_relaxed	3	1.130	0.9340	0.9649	0.8991	56	57
1GCQ	green	af_relaxed	4	1.229	0.9329	0.9649	0.8991	56	57
1GCQ	green	af_unrelaxed	0	1.012	0.9396	0.9693	0.9167	56	57
1GCQ	green	af_unrelaxed	1	1.018	0.9399	0.9737	0.9211	56	57
1GCQ	green	af_unrelaxed	2	1.002	0.9347	0.9649	0.9035	56	57
1GCQ	green	af_unrelaxed	3	1.100	0.9359	0.9693	0.9079	56	57
1GCQ	green	af_unrelaxed	4	1.203	0.9345	0.9605	0.8991	56	57
1GCQ	green	boltz	0	1.441	0.9365	0.9649	0.9211	56	57
1GCQ	green	boltz	1	1.400	0.9366	0.9649	0.9211	56	57
1GCQ	green	boltz	2	1.140	0.9430	0.9649	0.9211	56	57
1GCQ	green	boltz	3	1.311	0.9363	0.9649	0.9167	56	57
1GCQ	green	boltz	4	1.407	0.9368	0.9649	0.9211	56	57
1GCQ	green	amber_af	0	1.027	0.9383	0.9693	0.9167	56	57
1GCQ	green	amber_af	1	1.038	0.9385	0.9737	0.9211	56	57
1GCQ	green	amber_af	2	1.018	0.9339	0.9649	0.9035	56	57
1GCQ	green	amber_af	3	1.130	0.9341	0.9649	0.8991	56	57
1GCQ	green	amber_af	4	1.229	0.9329	0.9649	0.9035	56	57
1GCQ	green	amber_boltz	0	1.450	0.9350	0.9649	0.9211	56	57
1GCQ	green	amber_boltz	1	1.407	0.9347	0.9605	0.9167	56	57
1GCQ	green	amber_boltz	2	1.153	0.9410	0.9693	0.9211	56	57
1GCQ	green	amber_boltz	3	1.321	0.9360	0.9649	0.9167	56	57
1GCQ	green	amber_boltz	4	1.412	0.9357	0.9649	0.9211	56	57
1GHQ	green	af_relaxed	0	1.994	0.9576	0.9210	0.8379	297	307
1GHQ	green	af_relaxed	1	2.158	0.9555	0.9169	0.8331	295	307
1GHQ	green	af_relaxed	2	1.967	0.9574	0.9202	0.8379	296	307
1GHQ	green	af_relaxed	3	2.187	0.9557	0.9169	0.8347	295	307
1GHQ	green	af_relaxed	4	2.403	0.9550	0.9178	0.8388	295	307
1GHQ	green	af_unrelaxed	0	1.986	0.9578	0.9210	0.8371	297	307
1GHQ	green	af_unrelaxed	1	2.152	0.9558	0.9161	0.8322	295	307
1GHQ	green	af_unrelaxed	2	1.960	0.9578	0.9210	0.8404	295	307
1GHQ	green	af_unrelaxed	3	2.178	0.9559	0.9169	0.8363	295	307
1GHQ	green	af_unrelaxed	4	2.391	0.9552	0.9178	0.8379	295	307
1GHQ	green	boltz	0	1.722	0.9603	0.9283	0.8078	298	307
1GHQ	green	boltz	1	1.907	0.9586	0.9186	0.7956	297	307
1GHQ	green	boltz	2	2.180	0.9548	0.9202	0.8127	292	307
1GHQ	green	boltz	3	1.972	0.9571	0.9202	0.8046	296	307
1GHQ	green	boltz	4	2.078	0.9565	0.9226	0.8070	295	307
1GHQ	green	amber_af	0	1.994	0.9576	0.9210	0.8379	297	307
1GHQ	green	amber_af	1	2.159	0.9555	0.9161	0.8331	295	307
1GHQ	green	amber_af	2	1.967	0.9575	0.9202	0.8396	296	307
1GHQ	green	amber_af	3	2.187	0.9557	0.9169	0.8347	295	307
1GHQ	green	amber_af	4	2.404	0.9550	0.9178	0.8388	295	307
1GHQ	green	amber_boltz	0	1.738	0.9600	0.9267	0.8037	298	307
1GHQ	green	amber_boltz	1	1.902	0.9580	0.9194	0.7915	297	307
1GHQ	green	amber_boltz	2	2.265	0.9535	0.9194	0.8119	292	307
1GHQ	green	amber_boltz	3	1.970	0.9564	0.9194	0.8046	296	307
1GHQ	green	amber_boltz	4	2.179	0.9548	0.9178	0.8037	295	307
1GL1	green	af_relaxed	0	1.048	0.9874	0.9874	0.9623	236	239
1GL1	green	af_relaxed	1	1.079	0.9872	0.9874	0.9623	236	239
1GL1	green	af_relaxed	2	1.050	0.9875	0.9874	0.9592	236	239
1GL1	green	af_relaxed	3	1.063	0.9875	0.9874	0.9613	236	239
1GL1	green	af_relaxed	4	0.943	0.9874	0.9874	0.9603	236	239
1GL1	green	af_unrelaxed	0	1.041	0.9876	0.9885	0.9644	236	239
1GL1	green	af_unrelaxed	1	1.083	0.9872	0.9864	0.9592	236	239
1GL1	green	af_unrelaxed	2	1.045	0.9876	0.9874	0.9623	236	239
1GL1	green	af_unrelaxed	3	1.060	0.9876	0.9874	0.9634	236	239
1GL1	green	af_unrelaxed	4	0.932	0.9876	0.9874	0.9613	236	239
1GL1	green	boltz	0	0.966	0.9892	0.9906	0.9686	237	239
1GL1	green	boltz	1	1.095	0.9880	0.9874	0.9697	236	239
1GL1	green	boltz	2	1.027	0.9874	0.9854	0.9697	236	239
1GL1	green	boltz	3	1.003	0.9879	0.9874	0.9644	236	239
1GL1	green	boltz	4	0.978	0.9892	0.9895	0.9686	237	239
1GL1	green	amber_af	0	1.048	0.9874	0.9874	0.9634	236	239
1GL1	green	amber_af	1	1.080	0.9872	0.9874	0.9613	236	239
1GL1	green	amber_af	2	1.051	0.9875	0.9874	0.9603	236	239
1GL1	green	amber_af	3	1.064	0.9875	0.9874	0.9613	236	239
1GL1	green	amber_af	4	0.945	0.9874	0.9874	0.9582	236	239
1GL1	green	amber_boltz	0	0.967	0.9892	0.9906	0.9697	237	239
1GL1	green	amber_boltz	1	1.090	0.9880	0.9885	0.9697	236	239
1GL1	green	amber_boltz	2	1.025	0.9873	0.9854	0.9697	236	239
1GL1	green	amber_boltz	3	0.998	0.9880	0.9885	0.9697	236	239
1GL1	green	amber_boltz	4	0.978	0.9891	0.9895	0.9665	237	239
1GLA	green	af_relaxed	0	9.314	0.9248	0.9270	0.8711	150	161
1GLA	green	af_relaxed	1	9.009	0.9222	0.9270	0.8432	150	161
1GLA	green	af_relaxed	2	8.856	0.9235	0.9270	0.8602	150	161
1GLA	green	af_relaxed	3	9.132	0.9221	0.9239	0.8571	150	161
1GLA	green	af_relaxed	4	9.145	0.9208	0.9224	0.8509	150	161
1GLA	green	af_unrelaxed	0	9.297	0.9253	0.9317	0.8742	150	161
1GLA	green	af_unrelaxed	1	8.995	0.9217	0.9270	0.8307	150	161
1GLA	green	af_unrelaxed	2	8.833	0.9235	0.9301	0.8602	150	161
1GLA	green	af_unrelaxed	3	9.100	0.9255	0.9301	0.8773	150	161
1GLA	green	af_unrelaxed	4	9.108	0.9221	0.9255	0.8463	150	161
1GLA	green	boltz	0	9.389	0.9267	0.9301	0.8975	150	161
1GLA	green	boltz	1	8.566	0.9256	0.9286	0.8866	150	161
1GLA	green	boltz	2	9.129	0.9266	0.9286	0.8960	150	161
1GLA	green	boltz	3	8.140	0.9270	0.9286	0.8960	150	161
1GLA	green	boltz	4	7.587	0.9270	0.9301	0.8975	150	161
1GLA	green	amber_af	0	9.315	0.9246	0.9286	0.8711	150	161
1GLA	green	amber_af	1	9.008	0.9224	0.9270	0.8463	150	161
1GLA	green	amber_af	2	8.855	0.9234	0.9270	0.8602	150	161
1GLA	green	amber_af	3	9.131	0.9223	0.9255	0.8571	150	161
1GLA	green	amber_af	4	9.147	0.9211	0.9208	0.8494	150	161
1GLA	green	amber_boltz	0	9.391	0.9262	0.9286	0.8944	150	161
1GLA	green	amber_boltz	1	8.562	0.9255	0.9286	0.8851	150	161
1GLA	green	amber_boltz	2	9.128	0.9262	0.9286	0.8882	150	161
1GLA	green	amber_boltz	3	8.148	0.9266	0.9286	0.8913	150	161
1GLA	green	amber_boltz	4	7.595	0.9269	0.9286	0.8960	150	161
1GP2	green	af_relaxed	0	1.507	0.9638	0.9110	0.7634	331	337
1GP2	green	af_relaxed	1	1.440	0.9658	0.9221	0.7700	333	337
1GP2	green	af_relaxed	2	1.454	0.9653	0.9206	0.7708	334	337
1GP2	green	af_relaxed	3	1.436	0.9661	0.9303	0.7812	331	337
1GP2	green	af_relaxed	4	2.607	0.9236	0.8717	0.7033	309	337
1GP2	green	af_unrelaxed	0	1.499	0.9640	0.9139	0.7700	331	337
1GP2	green	af_unrelaxed	1	1.432	0.9661	0.9206	0.7715	333	337
1GP2	green	af_unrelaxed	2	1.447	0.9655	0.9184	0.7700	334	337
1GP2	green	af_unrelaxed	3	1.432	0.9663	0.9288	0.7834	331	337
1GP2	green	af_unrelaxed	4	2.605	0.9238	0.8739	0.7062	310	337
1GP2	green	boltz	0	1.655	0.9576	0.9013	0.7315	327	337
1GP2	green	boltz	1	1.620	0.9590	0.9110	0.7589	329	337
1GP2	green	boltz	2	1.665	0.9547	0.9013	0.7515	328	337
1GP2	green	boltz	3	1.589	0.9606	0.9110	0.7552	328	337
1GP2	green	boltz	4	2.038	0.9376	0.8835	0.7188	318	337
1GP2	green	amber_af	0	1.507	0.9638	0.9110	0.7641	331	337
1GP2	green	amber_af	1	1.440	0.9659	0.9206	0.7700	333	337
1GP2	green	amber_af	2	1.453	0.9653	0.9206	0.7693	334	337
1GP2	green	amber_af	3	1.436	0.9661	0.9303	0.7819	331	337
1GP2	green	amber_af	4	2.607	0.9236	0.8717	0.7018	309	337
1GP2	green	amber_boltz	0	1.659	0.9575	0.9028	0.7344	327	337
1GP2	green	amber_boltz	1	1.621	0.9589	0.9117	0.7604	329	337
1GP2	green	amber_boltz	2	1.664	0.9546	0.8984	0.7485	329	337
1GP2	green	amber_boltz	3	1.591	0.9605	0.9102	0.7567	328	337
1GP2	green	amber_boltz	4	2.038	0.9376	0.8813	0.7166	317	337
1GPW	green	af_relaxed	0	3.137	0.9603	0.9506	0.9140	243	253
1GPW	green	af_relaxed	1	0.860	0.9843	0.9753	0.9269	252	253
1GPW	green	af_relaxed	2	0.965	0.9813	0.9704	0.9121	250	253
1GPW	green	af_relaxed	3	3.398	0.9588	0.9536	0.9051	242	253
1GPW	green	af_relaxed	4	0.902	0.9833	0.9733	0.9239	252	253
1GPW	green	af_unrelaxed	0	3.121	0.9607	0.9516	0.9180	243	253
1GPW	green	af_unrelaxed	1	0.861	0.9843	0.9753	0.9269	252	253
1GPW	green	af_unrelaxed	2	0.960	0.9815	0.9713	0.9170	251	253
1GPW	green	af_unrelaxed	3	3.390	0.9589	0.9526	0.9071	242	253
1GPW	green	af_unrelaxed	4	0.899	0.9834	0.9733	0.9239	251	253
1GPW	green	boltz	0	1.015	0.9767	0.9575	0.8370	252	253
1GPW	green	boltz	1	1.101	0.9752	0.9526	0.8478	251	253
1GPW	green	boltz	2	1.087	0.9746	0.9457	0.8251	251	253
1GPW	green	boltz	3	1.044	0.9767	0.9565	0.8458	251	253
1GPW	green	boltz	4	1.081	0.9758	0.9585	0.8547	249	253
1GPW	green	amber_af	0	3.137	0.9603	0.9506	0.9150	243	253
1GPW	green	amber_af	1	0.860	0.9844	0.9743	0.9259	252	253
1GPW	green	amber_af	2	0.965	0.9813	0.9713	0.9130	250	253
1GPW	green	amber_af	3	3.399	0.9588	0.9536	0.9061	242	253
1GPW	green	amber_af	4	0.902	0.9834	0.9733	0.9229	252	253
1GPW	green	amber_boltz	0	1.021	0.9764	0.9565	0.8350	252	253
1GPW	green	amber_boltz	1	1.109	0.9748	0.9545	0.8468	251	253
1GPW	green	amber_boltz	2	1.094	0.9744	0.9457	0.8241	251	253
1GPW	green	amber_boltz	3	1.057	0.9762	0.9575	0.8439	251	253
1GPW	green	amber_boltz	4	1.089	0.9755	0.9575	0.8538	249	253
1GRN	green	af_relaxed	0	5.277	0.9384	0.9359	0.8901	180	191
1GRN	green	af_relaxed	1	4.888	0.9423	0.9411	0.8966	181	191
1GRN	green	af_relaxed	2	5.487	0.9379	0.9346	0.8848	180	191
1GRN	green	af_relaxed	3	5.190	0.9387	0.9346	0.8835	180	191
1GRN	green	af_relaxed	4	5.258	0.9383	0.9359	0.8914	180	191
1GRN	green	af_unrelaxed	0	5.256	0.9384	0.9359	0.8940	180	191
1GRN	green	af_unrelaxed	1	4.870	0.9423	0.9411	0.8992	181	191
1GRN	green	af_unrelaxed	2	5.465	0.9379	0.9346	0.8874	180	191
1GRN	green	af_unrelaxed	3	5.166	0.9386	0.9346	0.8874	180	191
1GRN	green	af_unrelaxed	4	5.239	0.9384	0.9359	0.8966	180	191
1GRN	green	boltz	0	1.433	0.9675	0.9542	0.9058	188	191
1GRN	green	boltz	1	1.354	0.9694	0.9594	0.9136	187	191
1GRN	green	boltz	2	1.339	0.9690	0.9568	0.8979	188	191
1GRN	green	boltz	3	1.200	0.9733	0.9660	0.9188	187	191
1GRN	green	boltz	4	1.414	0.9694	0.9607	0.9031	186	191
1GRN	green	amber_af	0	5.277	0.9384	0.9359	0.8901	180	191
1GRN	green	amber_af	1	4.888	0.9424	0.9411	0.8966	181	191
1GRN	green	amber_af	2	5.487	0.9379	0.9346	0.8861	180	191
1GRN	green	amber_af	3	5.190	0.9387	0.9346	0.8835	180	191
1GRN	green	amber_af	4	5.258	0.9383	0.9359	0.8914	180	191
1GRN	green	amber_boltz	0	1.425	0.9677	0.9568	0.9058	188	191
1GRN	green	amber_boltz	1	1.352	0.9695	0.9607	0.9188	187	191
1GRN	green	amber_boltz	2	1.342	0.9690	0.9581	0.9031	187	191
1GRN	green	amber_boltz	3	1.198	0.9733	0.9660	0.9162	187	191
1GRN	green	amber_boltz	4	1.411	0.9694	0.9607	0.9058	186	191
1GXD	green	af_relaxed	0	3.531	0.8965	0.6687	0.4928	551	624
1GXD	green	af_relaxed	1	3.505	0.8980	0.6747	0.4992	549	624
1GXD	green	af_relaxed	2	3.748	0.8890	0.6659	0.4948	536	624
1GXD	green	af_relaxed	3	3.894	0.8818	0.6615	0.4908	526	624
1GXD	green	af_relaxed	4	3.924	0.8785	0.6454	0.4716	524	624
1GXD	green	boltz	0	3.690	0.9008	0.7003	0.5168	548	624
1GXD	green	boltz	1	3.877	0.8854	0.6591	0.4760	533	624
1GXD	green	boltz	2	3.455	0.9048	0.6923	0.5076	549	624
1GXD	green	boltz	3	3.851	0.8880	0.6683	0.4892	528	624
1GXD	green	boltz	4	3.424	0.9093	0.7256	0.5413	547	624
1GXD	green	amber_af	0	3.531	0.8965	0.6687	0.4928	551	624
1GXD	green	amber_af	1	3.505	0.8980	0.6755	0.4996	548	624
1GXD	green	amber_af	2	3.747	0.8890	0.6655	0.4940	536	624
1GXD	green	amber_af	3	3.894	0.8818	0.6615	0.4908	526	624
1GXD	green	amber_af	4	3.924	0.8784	0.6462	0.4724	524	624
1GXD	green	amber_boltz	0	3.699	0.9005	0.7015	0.5172	547	624
1GXD	green	amber_boltz	1	3.886	0.8851	0.6579	0.4716	532	624
1GXD	green	amber_boltz	2	3.466	0.9044	0.6911	0.5040	549	624
1GXD	green	amber_boltz	3	3.856	0.8879	0.6679	0.4880	529	624
1GXD	green	amber_boltz	4	3.432	0.9089	0.7260	0.5421	547	624
1H1V	green	af_relaxed	0	0.744	0.9901	0.9830	0.8933	366	368
1H1V	green	af_relaxed	1	0.751	0.9898	0.9810	0.8899	367	368
1H1V	green	af_relaxed	2	0.728	0.9903	0.9823	0.8967	368	368
1H1V	green	af_relaxed	3	0.765	0.9891	0.9735	0.8791	368	368
1H1V	green	af_relaxed	4	0.720	0.9906	0.9830	0.8920	367	368
1H1V	green	af_unrelaxed	0	0.749	0.9900	0.9817	0.8893	366	368
1H1V	green	af_unrelaxed	1	0.756	0.9897	0.9810	0.8838	367	368
1H1V	green	af_unrelaxed	2	0.737	0.9901	0.9837	0.8947	368	368
1H1V	green	af_unrelaxed	3	0.755	0.9895	0.9769	0.8886	368	368
1H1V	green	af_unrelaxed	4	0.718	0.9907	0.9830	0.8920	367	368
1H1V	green	boltz	0	0.746	0.9896	0.9721	0.9001	368	368
1H1V	green	boltz	1	0.683	0.9913	0.9783	0.9239	368	368
1H1V	green	boltz	2	0.910	0.9854	0.9620	0.8757	367	368
1H1V	green	boltz	3	0.842	0.9870	0.9633	0.8573	368	368
1H1V	green	boltz	4	0.884	0.9874	0.9749	0.8940	364	368
1H1V	green	amber_af	0	0.744	0.9901	0.9830	0.8933	366	368
1H1V	green	amber_af	1	0.752	0.9898	0.9810	0.8906	367	368
1H1V	green	amber_af	2	0.729	0.9903	0.9823	0.8974	368	368
1H1V	green	amber_af	3	0.771	0.9889	0.9728	0.8736	368	368
1H1V	green	amber_af	4	0.719	0.9906	0.9830	0.8933	367	368
1H1V	green	amber_boltz	0	0.748	0.9895	0.9708	0.8974	368	368
1H1V	green	amber_boltz	1	0.686	0.9912	0.9789	0.9246	368	368
1H1V	green	amber_boltz	2	0.915	0.9852	0.9613	0.8689	367	368
1H1V	green	amber_boltz	3	0.847	0.9868	0.9633	0.8553	368	368
1H1V	green	amber_boltz	4	0.889	0.9872	0.9762	0.8933	364	368
1H9D	green	af_relaxed	0	0.836	0.9746	0.9814	0.9483	121	121
1H9D	green	af_relaxed	1	0.984	0.9697	0.9731	0.9421	119	121
1H9D	green	af_relaxed	2	0.778	0.9765	0.9752	0.9401	120	121
1H9D	green	af_relaxed	3	0.818	0.9777	0.9855	0.9525	120	121
1H9D	green	af_relaxed	4	1.107	0.9709	0.9793	0.9525	118	121
1H9D	green	af_unrelaxed	0	0.837	0.9748	0.9814	0.9421	121	121
1H9D	green	af_unrelaxed	1	0.981	0.9700	0.9752	0.9442	119	121
1H9D	green	af_unrelaxed	2	0.782	0.9764	0.9773	0.9401	120	121
1H9D	green	af_unrelaxed	3	0.818	0.9778	0.9855	0.9525	120	121
1H9D	green	af_unrelaxed	4	1.109	0.9708	0.9793	0.9504	118	121
1H9D	green	boltz	0	1.216	0.9610	0.9711	0.9194	118	121
1H9D	green	boltz	1	1.298	0.9624	0.9690	0.9194	118	121
1H9D	green	boltz	2	1.259	0.9603	0.9690	0.9215	117	121
1H9D	green	boltz	3	1.876	0.9589	0.9649	0.9194	118	121
1H9D	green	boltz	4	2.107	0.9591	0.9649	0.9256	118	121
1H9D	green	amber_af	0	0.836	0.9746	0.9814	0.9463	121	121
1H9D	green	amber_af	1	0.985	0.9697	0.9731	0.9421	119	121
1H9D	green	amber_af	2	0.779	0.9764	0.9773	0.9421	120	121
1H9D	green	amber_af	3	0.818	0.9777	0.9855	0.9525	120	121
1H9D	green	amber_af	4	1.107	0.9709	0.9793	0.9525	118	121
1H9D	green	amber_boltz	0	1.228	0.9606	0.9711	0.9174	118	121
1H9D	green	amber_boltz	1	1.301	0.9618	0.9690	0.9132	118	121
1H9D	green	amber_boltz	2	1.265	0.9600	0.9690	0.9194	117	121
1H9D	green	amber_boltz	3	1.880	0.9582	0.9628	0.9132	118	121
1H9D	green	amber_boltz	4	2.112	0.9586	0.9649	0.9215	118	121
1HCF	green	af_relaxed	0	3.318	0.8741	0.8636	0.7831	111	121
1HCF	green	af_relaxed	1	2.714	0.8921	0.8802	0.7975	112	121
1HCF	green	af_relaxed	2	3.329	0.8514	0.8471	0.7624	104	121
1HCF	green	af_relaxed	3	3.198	0.8574	0.8492	0.7707	105	121
1HCF	green	af_relaxed	4	3.476	0.8558	0.8450	0.7686	107	121
1HCF	green	af_unrelaxed	0	3.325	0.8734	0.8616	0.7810	111	121
1HCF	green	af_unrelaxed	1	2.728	0.8908	0.8781	0.7975	113	121
1HCF	green	af_unrelaxed	2	3.331	0.8512	0.8471	0.7645	105	121
1HCF	green	af_unrelaxed	3	3.189	0.8575	0.8492	0.7707	107	121
1HCF	green	af_unrelaxed	4	3.486	0.8559	0.8471	0.7727	107	121
1HCF	green	boltz	0	4.312	0.8794	0.8657	0.7769	110	121
1HCF	green	boltz	1	3.630	0.8840	0.8740	0.7996	112	121
1HCF	green	boltz	2	3.621	0.8796	0.8698	0.7934	110	121
1HCF	green	boltz	3	4.178	0.8802	0.8657	0.7934	110	121
1HCF	green	boltz	4	3.895	0.8609	0.8512	0.7459	108	121
1HCF	green	amber_af	0	3.318	0.8741	0.8636	0.7851	111	121
1HCF	green	amber_af	1	2.715	0.8920	0.8822	0.7996	112	121
1HCF	green	amber_af	2	3.328	0.8513	0.8471	0.7624	105	121
1HCF	green	amber_af	3	3.198	0.8574	0.8492	0.7707	105	121
1HCF	green	amber_af	4	3.476	0.8559	0.8450	0.7686	107	121
1HCF	green	amber_boltz	0	4.303	0.8791	0.8698	0.7810	110	121
1HCF	green	amber_boltz	1	3.632	0.8830	0.8719	0.7934	112	121
1HCF	green	amber_boltz	2	3.614	0.8796	0.8698	0.7913	110	121
1HCF	green	amber_boltz	3	4.208	0.8795	0.8657	0.7934	110	121
1HCF	green	amber_boltz	4	3.900	0.8605	0.8492	0.7438	108	121
1HE1	green	af_relaxed	0	0.492	0.9877	0.9944	0.9463	135	135
1HE1	green	af_relaxed	1	0.737	0.9796	0.9852	0.9259	134	135
1HE1	green	af_relaxed	2	0.494	0.9875	0.9944	0.9370	135	135
1HE1	green	af_relaxed	3	0.484	0.9880	0.9944	0.9481	135	135
1HE1	green	af_relaxed	4	0.501	0.9872	0.9944	0.9407	135	135
1HE1	green	af_unrelaxed	0	0.488	0.9879	0.9963	0.9481	135	135
1HE1	green	af_unrelaxed	1	0.725	0.9803	0.9870	0.9352	134	135
1HE1	green	af_unrelaxed	2	0.491	0.9877	0.9944	0.9370	135	135
1HE1	green	af_unrelaxed	3	0.480	0.9882	0.9963	0.9500	135	135
1HE1	green	af_unrelaxed	4	0.497	0.9874	0.9963	0.9407	135	135
1HE1	green	boltz	0	0.771	0.9840	0.9907	0.9556	134	135
1HE1	green	boltz	1	0.793	0.9842	0.9907	0.9444	134	135
1HE1	green	boltz	2	0.392	0.9920	0.9963	0.9685	135	135
1HE1	green	boltz	3	1.224	0.9779	0.9852	0.9537	133	135
1HE1	green	boltz	4	0.769	0.9861	0.9907	0.9574	134	135
1HE1	green	amber_af	0	0.492	0.9877	0.9944	0.9463	135	135
1HE1	green	amber_af	1	0.736	0.9797	0.9852	0.9259	134	135
1HE1	green	amber_af	2	0.494	0.9875	0.9944	0.9370	135	135
1HE1	green	amber_af	3	0.485	0.9880	0.9963	0.9481	135	135
1HE1	green	amber_af	4	0.500	0.9872	0.9944	0.9407	135	135
1HE1	green	amber_boltz	0	0.780	0.9837	0.9907	0.9519	134	135
1HE1	green	amber_boltz	1	0.801	0.9839	0.9907	0.9407	134	135
1HE1	green	amber_boltz	2	0.404	0.9915	0.9963	0.9667	135	135
1HE1	green	amber_boltz	3	1.224	0.9776	0.9870	0.9537	133	135
1HE1	green	amber_boltz	4	0.774	0.9858	0.9907	0.9593	134	135
1HE8	green	af_relaxed	0	15.167	0.8120	0.7750	0.6809	599	749
1HE8	green	af_relaxed	1	14.102	0.8108	0.7603	0.6432	598	749
1HE8	green	af_relaxed	2	15.003	0.8127	0.7794	0.6923	599	749
1HE8	green	af_relaxed	3	14.622	0.8123	0.7740	0.6639	602	749
1HE8	green	af_relaxed	4	13.800	0.8124	0.7694	0.6609	599	749
1HE8	green	af_unrelaxed	0	15.152	0.8123	0.7767	0.6883	599	749
1HE8	green	af_unrelaxed	1	14.086	0.8110	0.7623	0.6515	597	749
1HE8	green	af_unrelaxed	2	14.981	0.8132	0.7804	0.7049	600	749
1HE8	green	af_unrelaxed	3	14.613	0.8125	0.7747	0.6699	602	749
1HE8	green	af_unrelaxed	4	13.790	0.8127	0.7707	0.6659	599	749
1HE8	green	boltz	0	3.189	0.9581	0.8238	0.6355	724	749
1HE8	green	boltz	1	3.305	0.9585	0.8291	0.6435	725	749
1HE8	green	boltz	2	3.274	0.9541	0.8201	0.6322	717	749
1HE8	green	boltz	3	3.665	0.9506	0.8091	0.6255	713	749
1HE8	green	boltz	4	3.636	0.9394	0.7757	0.5831	698	749
1HE8	green	amber_af	0	15.177	0.8117	0.7734	0.6736	599	749
1HE8	green	amber_af	1	14.102	0.8108	0.7610	0.6435	598	749
1HE8	green	amber_af	2	15.005	0.8127	0.7800	0.6926	599	749
1HE8	green	amber_af	3	14.622	0.8123	0.7740	0.6636	602	749
1HE8	green	amber_af	4	13.801	0.8124	0.7694	0.6595	599	749
1HE8	green	amber_boltz	0	3.266	0.9530	0.8128	0.6215	715	749
1HE8	green	amber_boltz	1	3.368	0.9540	0.8221	0.6322	717	749
1HE8	green	amber_boltz	2	3.414	0.9501	0.8101	0.6168	712	749
1HE8	green	amber_boltz	3	3.483	0.9472	0.8021	0.6125	711	749
1HE8	green	amber_boltz	4	3.635	0.9361	0.7667	0.5694	694	749
1HIA	green	af_relaxed	0	0.474	0.9803	0.9875	0.9625	80	80
1HIA	green	af_relaxed	1	0.712	0.9695	0.9844	0.9437	80	80
1HIA	green	af_relaxed	2	0.689	0.9702	0.9812	0.9469	80	80
1HIA	green	af_relaxed	3	0.452	0.9817	0.9938	0.9563	80	80
1HIA	green	af_relaxed	4	0.472	0.9804	0.9906	0.9594	80	80
1HIA	green	af_unrelaxed	0	0.485	0.9796	0.9875	0.9594	80	80
1HIA	green	af_unrelaxed	1	0.721	0.9689	0.9844	0.9437	80	80
1HIA	green	af_unrelaxed	2	0.696	0.9697	0.9812	0.9500	80	80
1HIA	green	af_unrelaxed	3	0.461	0.9810	0.9938	0.9531	80	80
1HIA	green	af_unrelaxed	4	0.482	0.9797	0.9906	0.9531	80	80
1HIA	green	boltz	0	0.491	0.9802	0.9938	0.9563	80	80
1HIA	green	boltz	1	0.517	0.9789	0.9906	0.9594	80	80
1HIA	green	boltz	2	0.392	0.9858	0.9969	0.9719	80	80
1HIA	green	boltz	3	0.439	0.9830	0.9938	0.9656	80	80
1HIA	green	boltz	4	0.553	0.9783	0.9906	0.9656	80	80
1HIA	green	amber_af	0	0.475	0.9803	0.9875	0.9625	80	80
1HIA	green	amber_af	1	0.713	0.9695	0.9844	0.9469	80	80
1HIA	green	amber_af	2	0.688	0.9702	0.9812	0.9469	80	80
1HIA	green	amber_af	3	0.452	0.9817	0.9938	0.9563	80	80
1HIA	green	amber_af	4	0.473	0.9804	0.9906	0.9594	80	80
1HIA	green	amber_boltz	0	0.501	0.9794	0.9938	0.9594	80	80
1HIA	green	amber_boltz	1	0.526	0.9781	0.9906	0.9563	80	80
1HIA	green	amber_boltz	2	0.406	0.9848	0.9969	0.9719	80	80
1HIA	green	amber_boltz	3	0.433	0.9832	0.9938	0.9719	80	80
1HIA	green	amber_boltz	4	0.558	0.9779	0.9875	0.9656	80	80
1I2M	green	af_relaxed	0	2.575	0.8714	0.8485	0.7258	142	165
1I2M	green	af_relaxed	1	2.375	0.8730	0.8348	0.7030	147	165
1I2M	green	af_relaxed	2	2.767	0.8564	0.8167	0.6894	141	165
1I2M	green	af_relaxed	3	2.787	0.8573	0.8212	0.6970	141	165
1I2M	green	af_relaxed	4	2.660	0.8614	0.8197	0.6924	142	165
1I2M	green	af_unrelaxed	0	2.565	0.8718	0.8515	0.7288	142	165
1I2M	green	af_unrelaxed	1	2.380	0.8732	0.8333	0.7000	148	165
1I2M	green	af_unrelaxed	2	2.763	0.8568	0.8212	0.6970	141	165
1I2M	green	af_unrelaxed	3	2.781	0.8578	0.8227	0.7015	141	165
1I2M	green	af_unrelaxed	4	2.655	0.8618	0.8227	0.6970	142	165
1I2M	green	boltz	0	2.616	0.8653	0.8242	0.6970	145	165
1I2M	green	boltz	1	2.651	0.8616	0.8136	0.6818	146	165
1I2M	green	boltz	2	2.649	0.8606	0.8121	0.6742	147	165
1I2M	green	boltz	3	2.601	0.8639	0.8182	0.6833	146	165
1I2M	green	boltz	4	2.603	0.8657	0.8167	0.6879	147	165
1I2M	green	amber_af	0	2.576	0.8714	0.8500	0.7273	142	165
1I2M	green	amber_af	1	2.375	0.8730	0.8303	0.7000	147	165
1I2M	green	amber_af	2	2.768	0.8563	0.8167	0.6894	141	165
1I2M	green	amber_af	3	2.786	0.8574	0.8197	0.6955	141	165
1I2M	green	amber_af	4	2.660	0.8613	0.8197	0.6924	142	165
1I2M	green	amber_boltz	0	2.623	0.8649	0.8212	0.6909	145	165
1I2M	green	amber_boltz	1	2.660	0.8610	0.8106	0.6758	146	165
1I2M	green	amber_boltz	2	2.662	0.8600	0.8106	0.6742	147	165
1I2M	green	amber_boltz	3	2.605	0.8635	0.8167	0.6818	145	165
1I2M	green	amber_boltz	4	2.609	0.8651	0.8167	0.6879	147	165
1I4D	green	af_relaxed	0	1.522	0.9639	0.9508	0.8431	185	188
1I4D	green	af_relaxed	1	1.426	0.9690	0.9654	0.8830	185	188
1I4D	green	af_relaxed	2	1.497	0.9676	0.9668	0.8790	185	188
1I4D	green	af_relaxed	3	1.443	0.9653	0.9601	0.8590	185	188
1I4D	green	af_relaxed	4	1.557	0.9606	0.9441	0.8218	185	188
1I4D	green	af_unrelaxed	0	1.514	0.9644	0.9508	0.8457	185	188
1I4D	green	af_unrelaxed	1	1.423	0.9692	0.9668	0.8883	185	188
1I4D	green	af_unrelaxed	2	1.485	0.9681	0.9641	0.8763	185	188
1I4D	green	af_unrelaxed	3	1.441	0.9655	0.9614	0.8537	185	188
1I4D	green	af_unrelaxed	4	1.546	0.9613	0.9455	0.8285	185	188
1I4D	green	boltz	0	1.556	0.9533	0.9335	0.7699	184	188
1I4D	green	boltz	1	1.906	0.9261	0.8763	0.6995	183	188
1I4D	green	boltz	2	1.581	0.9484	0.9149	0.7566	184	188
1I4D	green	boltz	3	1.651	0.9401	0.8910	0.7168	184	188
1I4D	green	boltz	4	1.762	0.9402	0.9016	0.7380	183	188
1I4D	green	amber_af	0	1.520	0.9640	0.9521	0.8457	185	188
1I4D	green	amber_af	1	1.426	0.9690	0.9654	0.8843	185	188
1I4D	green	amber_af	2	1.498	0.9675	0.9668	0.8763	185	188
1I4D	green	amber_af	3	1.444	0.9652	0.9601	0.8551	185	188
1I4D	green	amber_af	4	1.555	0.9607	0.9428	0.8205	185	188
1I4D	green	amber_boltz	0	1.565	0.9526	0.9282	0.7660	184	188
1I4D	green	amber_boltz	1	1.920	0.9249	0.8737	0.7008	183	188
1I4D	green	amber_boltz	2	1.584	0.9479	0.9136	0.7566	185	188
1I4D	green	amber_boltz	3	1.661	0.9392	0.8896	0.7141	184	188
1I4D	green	amber_boltz	4	1.775	0.9394	0.8963	0.7340	183	188
1IB1	green	af_relaxed	0	1.332	0.9704	0.9615	0.9130	221	227
1IB1	green	af_relaxed	1	1.750	0.9588	0.9427	0.8568	219	227
1IB1	green	af_relaxed	2	1.770	0.9622	0.9559	0.8932	218	227
1IB1	green	af_relaxed	3	1.736	0.9618	0.9504	0.8833	219	227
1IB1	green	af_relaxed	4	1.703	0.9597	0.9427	0.8590	219	227
1IB1	green	af_unrelaxed	0	1.313	0.9710	0.9615	0.9141	221	227
1IB1	green	af_unrelaxed	1	1.732	0.9597	0.9427	0.8601	219	227
1IB1	green	af_unrelaxed	2	1.749	0.9632	0.9593	0.8976	218	227
1IB1	green	af_unrelaxed	3	1.711	0.9631	0.9581	0.8932	219	227
1IB1	green	af_unrelaxed	4	1.658	0.9629	0.9537	0.8767	219	227
1IB1	green	boltz	0	1.665	0.9647	0.9548	0.9031	220	227
1IB1	green	boltz	1	1.708	0.9645	0.9548	0.9185	219	227
1IB1	green	boltz	2	1.719	0.9628	0.9526	0.8822	220	227
1IB1	green	boltz	3	1.662	0.9646	0.9570	0.9097	220	227
1IB1	green	boltz	4	1.674	0.9622	0.9526	0.8700	220	227
1IB1	green	amber_af	0	1.337	0.9703	0.9615	0.9130	221	227
1IB1	green	amber_af	1	1.749	0.9587	0.9427	0.8546	219	227
1IB1	green	amber_af	2	1.769	0.9622	0.9559	0.8932	218	227
1IB1	green	amber_af	3	1.736	0.9618	0.9493	0.8822	219	227
1IB1	green	amber_af	4	1.714	0.9592	0.9427	0.8546	219	227
1IB1	green	amber_boltz	0	1.675	0.9643	0.9548	0.8987	220	227
1IB1	green	amber_boltz	1	1.721	0.9640	0.9548	0.9141	219	227
1IB1	green	amber_boltz	2	1.733	0.9623	0.9526	0.8778	219	227
1IB1	green	amber_boltz	3	1.674	0.9641	0.9559	0.9053	220	227
1IB1	green	amber_boltz	4	1.685	0.9617	0.9515	0.8656	220	227
1IBR	green	af_relaxed	0	0.329	0.9954	1.0000	0.9807	168	168
1IBR	green	af_relaxed	1	0.303	0.9961	0.9985	0.9896	168	168
1IBR	green	af_relaxed	2	0.376	0.9940	0.9985	0.9673	168	168
1IBR	green	af_relaxed	3	0.349	0.9949	1.0000	0.9747	168	168
1IBR	green	af_relaxed	4	0.348	0.9949	1.0000	0.9777	168	168
1IBR	green	af_unrelaxed	0	0.320	0.9957	1.0000	0.9792	168	168
1IBR	green	af_unrelaxed	1	0.289	0.9965	1.0000	0.9926	168	168
1IBR	green	af_unrelaxed	2	0.369	0.9943	0.9985	0.9658	168	168
1IBR	green	af_unrelaxed	3	0.338	0.9952	1.0000	0.9732	168	168
1IBR	green	af_unrelaxed	4	0.339	0.9952	1.0000	0.9777	168	168
1IBR	green	boltz	0	3.170	0.9277	0.9211	0.8720	157	168
1IBR	green	boltz	1	3.144	0.9257	0.9211	0.8676	156	168
1IBR	green	boltz	2	3.153	0.9285	0.9226	0.8705	156	168
1IBR	green	boltz	3	2.991	0.9243	0.9137	0.8571	156	168
1IBR	green	boltz	4	3.406	0.9244	0.9122	0.8616	157	168
1IBR	green	amber_af	0	0.329	0.9954	1.0000	0.9807	168	168
1IBR	green	amber_af	1	0.303	0.9961	0.9985	0.9896	168	168
1IBR	green	amber_af	2	0.377	0.9940	0.9985	0.9673	168	168
1IBR	green	amber_af	3	0.349	0.9949	1.0000	0.9747	168	168
1IBR	green	amber_af	4	0.347	0.9949	1.0000	0.9777	168	168
1IBR	green	amber_boltz	0	3.182	0.9269	0.9196	0.8676	157	168
1IBR	green	amber_boltz	1	3.161	0.9249	0.9196	0.8646	156	168
1IBR	green	amber_boltz	2	3.159	0.9277	0.9196	0.8661	156	168
1IBR	green	amber_boltz	3	3.007	0.9236	0.9152	0.8512	156	168
1IBR	green	amber_boltz	4	3.414	0.9240	0.9137	0.8646	157	168
1IJK	green	af_relaxed	0	0.352	0.9956	0.9987	0.9724	199	199
1IJK	green	af_relaxed	1	0.343	0.9958	0.9987	0.9761	199	199
1IJK	green	af_relaxed	2	0.348	0.9957	0.9987	0.9749	199	199
1IJK	green	af_relaxed	3	0.501	0.9914	0.9899	0.9410	199	199
1IJK	green	af_relaxed	4	0.376	0.9949	1.0000	0.9611	199	199
1IJK	green	af_unrelaxed	0	0.348	0.9957	0.9987	0.9724	199	199
1IJK	green	af_unrelaxed	1	0.340	0.9959	0.9987	0.9799	199	199
1IJK	green	af_unrelaxed	2	0.336	0.9960	1.0000	0.9786	199	199
1IJK	green	af_unrelaxed	3	0.458	0.9926	0.9912	0.9472	199	199
1IJK	green	af_unrelaxed	4	0.366	0.9952	1.0000	0.9673	199	199
1IJK	green	boltz	0	0.513	0.9909	0.9912	0.9384	199	199
1IJK	green	boltz	1	0.580	0.9892	0.9874	0.9372	199	199
1IJK	green	boltz	2	0.484	0.9918	0.9925	0.9422	199	199
1IJK	green	boltz	3	0.532	0.9904	0.9912	0.9322	199	199
1IJK	green	boltz	4	0.486	0.9917	0.9925	0.9347	199	199
1IJK	green	amber_af	0	0.363	0.9953	0.9987	0.9711	199	199
1IJK	green	amber_af	1	0.342	0.9958	0.9987	0.9761	199	199
1IJK	green	amber_af	2	0.347	0.9957	0.9987	0.9774	199	199
1IJK	green	amber_af	3	0.503	0.9914	0.9899	0.9410	199	199
1IJK	green	amber_af	4	0.376	0.9949	1.0000	0.9611	199	199
1IJK	green	amber_boltz	0	0.523	0.9906	0.9899	0.9372	199	199
1IJK	green	amber_boltz	1	0.595	0.9887	0.9862	0.9347	199	199
1IJK	green	amber_boltz	2	0.497	0.9914	0.9912	0.9347	199	199
1IJK	green	amber_boltz	3	0.539	0.9902	0.9912	0.9246	199	199
1IJK	green	amber_boltz	4	0.502	0.9912	0.9925	0.9284	199	199
1IRA	green	af_relaxed	0	0.866	0.9799	0.9828	0.9155	144	145
1IRA	green	af_relaxed	1	0.662	0.9838	0.9845	0.9224	144	145
1IRA	green	af_relaxed	2	0.653	0.9820	0.9828	0.9121	145	145
1IRA	green	af_relaxed	3	0.743	0.9800	0.9810	0.9138	144	145
1IRA	green	af_relaxed	4	0.646	0.9826	0.9862	0.9138	145	145
1IRA	green	af_unrelaxed	0	0.876	0.9797	0.9793	0.9086	144	145
1IRA	green	af_unrelaxed	1	0.658	0.9837	0.9845	0.9207	144	145
1IRA	green	af_unrelaxed	2	0.651	0.9821	0.9810	0.9069	145	145
1IRA	green	af_unrelaxed	3	0.742	0.9799	0.9793	0.9034	144	145
1IRA	green	af_unrelaxed	4	0.651	0.9828	0.9862	0.9086	145	145
1IRA	green	boltz	0	0.707	0.9832	0.9828	0.9224	144	145
1IRA	green	boltz	1	0.593	0.9845	0.9828	0.9293	145	145
1IRA	green	boltz	2	0.692	0.9837	0.9862	0.9190	144	145
1IRA	green	boltz	3	0.699	0.9831	0.9828	0.9207	144	145
1IRA	green	boltz	4	0.673	0.9828	0.9879	0.9138	144	145
1IRA	green	amber_af	0	0.865	0.9799	0.9828	0.9155	144	145
1IRA	green	amber_af	1	0.662	0.9838	0.9845	0.9224	144	145
1IRA	green	amber_af	2	0.652	0.9820	0.9810	0.9086	145	145
1IRA	green	amber_af	3	0.746	0.9799	0.9810	0.9103	144	145
1IRA	green	amber_af	4	0.646	0.9826	0.9845	0.9121	145	145
1IRA	green	amber_boltz	0	0.714	0.9829	0.9810	0.9241	144	145
1IRA	green	amber_boltz	1	0.602	0.9843	0.9828	0.9345	145	145
1IRA	green	amber_boltz	2	0.698	0.9836	0.9879	0.9241	144	145
1IRA	green	amber_boltz	3	0.705	0.9830	0.9845	0.9259	144	145
1IRA	green	amber_boltz	4	0.681	0.9827	0.9862	0.9190	144	145
1J2J	green	af_relaxed	0	0.374	0.9941	0.9970	0.9652	165	165
1J2J	green	af_relaxed	1	0.440	0.9918	0.9955	0.9545	165	165
1J2J	green	af_relaxed	2	0.406	0.9930	0.9970	0.9545	165	165
1J2J	green	af_relaxed	3	0.389	0.9936	0.9970	0.9667	165	165
1J2J	green	af_relaxed	4	0.388	0.9936	0.9985	0.9621	165	165
1J2J	green	af_unrelaxed	0	0.376	0.9940	0.9970	0.9667	165	165
1J2J	green	af_unrelaxed	1	0.441	0.9918	0.9955	0.9561	165	165
1J2J	green	af_unrelaxed	2	0.410	0.9929	0.9970	0.9545	165	165
1J2J	green	af_unrelaxed	3	0.391	0.9935	0.9970	0.9652	165	165
1J2J	green	af_unrelaxed	4	0.388	0.9936	0.9970	0.9636	165	165
1J2J	green	boltz	0	1.925	0.9514	0.9470	0.8833	158	165
1J2J	green	boltz	1	0.578	0.9864	0.9788	0.9258	165	165
1J2J	green	boltz	2	0.655	0.9833	0.9727	0.9197	165	165
1J2J	green	boltz	3	0.629	0.9843	0.9758	0.9167	165	165
1J2J	green	boltz	4	2.562	0.9450	0.9364	0.8727	157	165
1J2J	green	amber_af	0	0.374	0.9941	0.9970	0.9652	165	165
1J2J	green	amber_af	1	0.441	0.9918	0.9955	0.9530	165	165
1J2J	green	amber_af	2	0.407	0.9930	0.9970	0.9545	165	165
1J2J	green	amber_af	3	0.389	0.9936	0.9970	0.9667	165	165
1J2J	green	amber_af	4	0.389	0.9936	0.9985	0.9621	165	165
1J2J	green	amber_boltz	0	1.930	0.9511	0.9455	0.8788	158	165
1J2J	green	amber_boltz	1	0.568	0.9868	0.9803	0.9242	165	165
1J2J	green	amber_boltz	2	0.652	0.9834	0.9727	0.9182	165	165
1J2J	green	amber_boltz	3	0.627	0.9844	0.9742	0.9136	165	165
1J2J	green	amber_boltz	4	2.562	0.9448	0.9379	0.8697	157	165
1JIW	green	af_relaxed	0	0.657	0.9742	0.9760	0.9135	104	104
1JIW	green	af_relaxed	1	0.575	0.9793	0.9832	0.9375	104	104
1JIW	green	af_relaxed	2	0.601	0.9782	0.9832	0.9423	104	104
1JIW	green	af_relaxed	3	0.618	0.9776	0.9832	0.9471	104	104
1JIW	green	af_relaxed	4	0.592	0.9786	0.9808	0.9399	104	104
1JIW	green	af_unrelaxed	0	0.650	0.9746	0.9784	0.9135	104	104
1JIW	green	af_unrelaxed	1	0.570	0.9796	0.9880	0.9399	104	104
1JIW	green	af_unrelaxed	2	0.592	0.9789	0.9832	0.9351	104	104
1JIW	green	af_unrelaxed	3	0.602	0.9786	0.9832	0.9471	104	104
1JIW	green	af_unrelaxed	4	0.579	0.9794	0.9832	0.9399	104	104
1JIW	green	boltz	0	0.953	0.9607	0.9712	0.8894	103	104
1JIW	green	boltz	1	0.979	0.9611	0.9736	0.8942	103	104
1JIW	green	boltz	2	0.970	0.9617	0.9736	0.8966	103	104
1JIW	green	boltz	3	0.956	0.9616	0.9712	0.8894	103	104
1JIW	green	boltz	4	0.999	0.9588	0.9688	0.8966	103	104
1JIW	green	amber_af	0	0.658	0.9740	0.9784	0.9135	104	104
1JIW	green	amber_af	1	0.575	0.9793	0.9832	0.9375	104	104
1JIW	green	amber_af	2	0.606	0.9780	0.9832	0.9399	104	104
1JIW	green	amber_af	3	0.618	0.9776	0.9832	0.9471	104	104
1JIW	green	amber_af	4	0.591	0.9786	0.9808	0.9399	104	104
1JIW	green	amber_boltz	0	0.963	0.9596	0.9688	0.8870	103	104
1JIW	green	amber_boltz	1	0.992	0.9600	0.9712	0.8870	103	104
1JIW	green	amber_boltz	2	0.982	0.9604	0.9688	0.8894	103	104
1JIW	green	amber_boltz	3	0.967	0.9605	0.9663	0.8822	103	104
1JIW	green	amber_boltz	4	1.008	0.9580	0.9639	0.8894	103	104
1JK9	green	af_relaxed	0	0.534	0.9879	0.9901	0.9457	152	152
1JK9	green	af_relaxed	1	0.671	0.9828	0.9836	0.9408	152	152
1JK9	green	af_relaxed	2	0.604	0.9853	0.9852	0.9424	152	152
1JK9	green	af_relaxed	3	0.734	0.9801	0.9803	0.9326	152	152
1JK9	green	af_relaxed	4	0.662	0.9833	0.9836	0.9408	152	152
1JK9	green	af_unrelaxed	0	0.521	0.9883	0.9918	0.9507	152	152
1JK9	green	af_unrelaxed	1	0.678	0.9825	0.9836	0.9408	152	152
1JK9	green	af_unrelaxed	2	0.603	0.9852	0.9868	0.9457	152	152
1JK9	green	af_unrelaxed	3	0.734	0.9800	0.9803	0.9342	152	152
1JK9	green	af_unrelaxed	4	0.669	0.9829	0.9836	0.9424	152	152
1JK9	green	boltz	0	0.530	0.9895	0.9951	0.9572	152	152
1JK9	green	boltz	1	0.549	0.9886	0.9918	0.9490	152	152
1JK9	green	boltz	2	0.519	0.9899	0.9934	0.9589	152	152
1JK9	green	boltz	3	0.554	0.9882	0.9885	0.9424	152	152
1JK9	green	boltz	4	0.610	0.9860	0.9885	0.9408	152	152
1JK9	green	amber_af	0	0.532	0.9879	0.9901	0.9457	152	152
1JK9	green	amber_af	1	0.670	0.9828	0.9836	0.9408	152	152
1JK9	green	amber_af	2	0.604	0.9853	0.9852	0.9424	152	152
1JK9	green	amber_af	3	0.734	0.9800	0.9803	0.9326	152	152
1JK9	green	amber_af	4	0.661	0.9833	0.9836	0.9424	152	152
1JK9	green	amber_boltz	0	0.518	0.9899	0.9934	0.9589	152	152
1JK9	green	amber_boltz	1	0.544	0.9887	0.9918	0.9474	152	152
1JK9	green	amber_boltz	2	0.513	0.9900	0.9934	0.9572	152	152
1JK9	green	amber_boltz	3	0.549	0.9882	0.9885	0.9441	152	152
1JK9	green	amber_boltz	4	0.604	0.9862	0.9885	0.9441	152	152
1JMO	green	af_relaxed	0	10.348	0.8970	0.8617	0.7591	371	414
1JMO	green	af_relaxed	1	9.413	0.8969	0.8611	0.7591	371	414
1JMO	green	af_relaxed	2	8.621	0.8984	0.8653	0.7663	371	414
1JMO	green	af_relaxed	3	11.806	0.8964	0.8617	0.7609	371	414
1JMO	green	af_relaxed	4	12.379	0.8934	0.8557	0.7518	370	414
1JMO	green	af_unrelaxed	0	10.345	0.8972	0.8629	0.7639	371	414
1JMO	green	af_unrelaxed	1	9.414	0.8971	0.8635	0.7615	371	414
1JMO	green	af_unrelaxed	2	8.617	0.8985	0.8653	0.7687	371	414
1JMO	green	af_unrelaxed	3	11.809	0.8967	0.8629	0.7627	371	414
1JMO	green	af_unrelaxed	4	12.381	0.8938	0.8569	0.7548	370	414
1JMO	green	boltz	0	5.158	0.9365	0.8853	0.7585	390	414
1JMO	green	boltz	1	5.059	0.9381	0.8901	0.7615	391	414
1JMO	green	boltz	2	4.998	0.9383	0.8889	0.7524	392	414
1JMO	green	boltz	3	5.110	0.9277	0.8726	0.7355	381	414
1JMO	green	boltz	4	5.150	0.9314	0.8768	0.7379	385	414
1JMO	green	amber_af	0	10.347	0.8971	0.8617	0.7591	371	414
1JMO	green	amber_af	1	9.413	0.8969	0.8611	0.7585	371	414
1JMO	green	amber_af	2	8.624	0.8980	0.8635	0.7627	371	414
1JMO	green	amber_af	3	11.805	0.8964	0.8611	0.7603	371	414
1JMO	green	amber_af	4	12.379	0.8935	0.8557	0.7524	370	414
1JMO	green	amber_boltz	0	5.162	0.9361	0.8835	0.7548	390	414
1JMO	green	amber_boltz	1	5.074	0.9379	0.8871	0.7494	392	414
1JMO	green	amber_boltz	2	5.003	0.9379	0.8883	0.7464	392	414
1JMO	green	amber_boltz	3	5.123	0.9273	0.8714	0.7295	379	414
1JMO	green	amber_boltz	4	5.151	0.9312	0.8756	0.7343	384	414
1JPS	green	af_relaxed	0	1.035	0.9666	0.9085	0.7582	213	213
1JPS	green	af_relaxed	1	1.345	0.9446	0.8697	0.7218	213	213
1JPS	green	af_relaxed	2	1.509	0.9316	0.8486	0.6948	213	213
1JPS	green	af_relaxed	3	1.372	0.9424	0.8674	0.7160	213	213
1JPS	green	af_relaxed	4	1.418	0.9393	0.8638	0.7124	213	213
1JPS	green	af_unrelaxed	0	1.036	0.9665	0.9085	0.7582	213	213
1JPS	green	af_unrelaxed	1	1.348	0.9443	0.8732	0.7254	213	213
1JPS	green	af_unrelaxed	2	1.513	0.9312	0.8486	0.6937	213	213
1JPS	green	af_unrelaxed	3	1.391	0.9410	0.8662	0.7136	213	213
1JPS	green	af_unrelaxed	4	1.428	0.9384	0.8627	0.7113	213	213
1JPS	green	boltz	0	0.994	0.9683	0.9120	0.7641	213	213
1JPS	green	boltz	1	1.035	0.9657	0.9014	0.7535	213	213
1JPS	green	boltz	2	1.478	0.9334	0.8509	0.7042	213	213
1JPS	green	boltz	3	1.087	0.9623	0.9049	0.7570	213	213
1JPS	green	boltz	4	0.897	0.9740	0.9343	0.7876	213	213
1JPS	green	amber_af	0	1.035	0.9666	0.9085	0.7582	213	213
1JPS	green	amber_af	1	1.343	0.9447	0.8697	0.7218	213	213
1JPS	green	amber_af	2	1.510	0.9316	0.8486	0.6948	213	213
1JPS	green	amber_af	3	1.373	0.9423	0.8674	0.7160	213	213
1JPS	green	amber_af	4	1.417	0.9393	0.8650	0.7124	213	213
1JPS	green	amber_boltz	0	0.998	0.9681	0.9096	0.7617	213	213
1JPS	green	amber_boltz	1	1.037	0.9656	0.9014	0.7547	213	213
1JPS	green	amber_boltz	2	1.478	0.9335	0.8498	0.7019	213	213
1JPS	green	amber_boltz	3	1.092	0.9620	0.9014	0.7523	213	213
1JPS	green	amber_boltz	4	0.899	0.9739	0.9354	0.7887	213	213
1JTD	green	af_relaxed	0	0.356	0.9965	1.0000	0.9704	262	262
1JTD	green	af_relaxed	1	0.417	0.9952	0.9981	0.9571	262	262
1JTD	green	af_relaxed	2	0.522	0.9929	0.9914	0.9408	262	262
1JTD	green	af_relaxed	3	0.577	0.9913	0.9885	0.9132	262	262
1JTD	green	af_relaxed	4	0.513	0.9930	0.9933	0.9370	262	262
1JTD	green	af_unrelaxed	0	0.356	0.9965	1.0000	0.9752	262	262
1JTD	green	af_unrelaxed	1	0.338	0.9968	1.0000	0.9809	262	262
1JTD	green	af_unrelaxed	2	0.459	0.9945	0.9962	0.9580	262	262
1JTD	green	af_unrelaxed	3	0.524	0.9928	0.9952	0.9323	262	262
1JTD	green	af_unrelaxed	4	0.465	0.9943	0.9962	0.9523	262	262
1JTD	green	boltz	0	0.294	0.9976	1.0000	0.9847	262	262
1JTD	green	boltz	1	0.320	0.9971	1.0000	0.9771	262	262
1JTD	green	boltz	2	0.278	0.9979	1.0000	0.9885	262	262
1JTD	green	boltz	3	0.316	0.9972	0.9990	0.9819	262	262
1JTD	green	boltz	4	0.352	0.9966	1.0000	0.9695	262	262
1JTD	green	amber_af	0	0.356	0.9965	1.0000	0.9714	262	262
1JTD	green	amber_af	1	0.418	0.9952	0.9981	0.9580	262	262
1JTD	green	amber_af	2	0.560	0.9918	0.9885	0.9246	262	262
1JTD	green	amber_af	3	0.587	0.9909	0.9885	0.9113	262	262
1JTD	green	amber_af	4	0.488	0.9937	0.9952	0.9437	262	262
1JTD	green	amber_boltz	0	0.307	0.9974	1.0000	0.9809	262	262
1JTD	green	amber_boltz	1	0.329	0.9970	1.0000	0.9781	262	262
1JTD	green	amber_boltz	2	0.286	0.9977	1.0000	0.9895	262	262
1JTD	green	amber_boltz	3	0.322	0.9971	1.0000	0.9819	262	262
1JTD	green	amber_boltz	4	0.360	0.9964	1.0000	0.9704	262	262
1JTG	green	af_relaxed	0	0.472	0.9941	0.9952	0.9542	262	262
1JTG	green	af_relaxed	1	0.501	0.9934	0.9914	0.9456	262	262
1JTG	green	af_relaxed	2	0.505	0.9934	0.9924	0.9466	262	262
1JTG	green	af_relaxed	3	0.554	0.9927	0.9933	0.9532	262	262
1JTG	green	af_relaxed	4	0.574	0.9925	0.9924	0.9523	261	262
1JTG	green	af_unrelaxed	0	0.465	0.9943	0.9952	0.9571	262	262
1JTG	green	af_unrelaxed	1	0.497	0.9936	0.9924	0.9466	262	262
1JTG	green	af_unrelaxed	2	0.500	0.9935	0.9933	0.9447	262	262
1JTG	green	af_unrelaxed	3	0.544	0.9929	0.9924	0.9542	262	262
1JTG	green	af_unrelaxed	4	0.563	0.9928	0.9933	0.9542	261	262
1JTG	green	boltz	0	0.468	0.9948	0.9943	0.9723	262	262
1JTG	green	boltz	1	0.620	0.9929	0.9943	0.9752	260	262
1JTG	green	boltz	2	0.517	0.9939	0.9924	0.9656	262	262
1JTG	green	boltz	3	0.589	0.9930	0.9943	0.9695	261	262
1JTG	green	boltz	4	0.569	0.9934	0.9933	0.9704	261	262
1JTG	green	amber_af	0	0.472	0.9941	0.9952	0.9542	262	262
1JTG	green	amber_af	1	0.501	0.9934	0.9914	0.9456	262	262
1JTG	green	amber_af	2	0.504	0.9934	0.9924	0.9456	262	262
1JTG	green	amber_af	3	0.555	0.9927	0.9933	0.9532	262	262
1JTG	green	amber_af	4	0.574	0.9925	0.9924	0.9523	261	262
1JTG	green	amber_boltz	0	0.478	0.9946	0.9933	0.9723	262	262
1JTG	green	amber_boltz	1	0.628	0.9927	0.9943	0.9752	260	262
1JTG	green	amber_boltz	2	0.525	0.9936	0.9914	0.9637	262	262
1JTG	green	amber_boltz	3	0.599	0.9928	0.9943	0.9656	260	262
1JTG	green	amber_boltz	4	0.581	0.9931	0.9933	0.9704	261	262
1JWH	green	af_relaxed	0	0.741	0.9885	0.9716	0.8672	335	335
1JWH	green	af_relaxed	1	0.763	0.9878	0.9701	0.8664	335	335
1JWH	green	af_relaxed	2	0.774	0.9874	0.9672	0.8634	335	335
1JWH	green	af_relaxed	3	0.795	0.9868	0.9642	0.8582	335	335
1JWH	green	af_relaxed	4	0.718	0.9891	0.9739	0.8701	335	335
1JWH	green	af_unrelaxed	0	0.735	0.9886	0.9694	0.8672	335	335
1JWH	green	af_unrelaxed	1	0.759	0.9879	0.9694	0.8649	335	335
1JWH	green	af_unrelaxed	2	0.768	0.9876	0.9672	0.8642	335	335
1JWH	green	af_unrelaxed	3	0.789	0.9870	0.9634	0.8604	335	335
1JWH	green	af_unrelaxed	4	0.714	0.9892	0.9731	0.8731	335	335
1JWH	green	boltz	0	0.918	0.9825	0.9448	0.8269	335	335
1JWH	green	boltz	1	0.909	0.9833	0.9537	0.8433	335	335
1JWH	green	boltz	2	0.958	0.9814	0.9448	0.8269	335	335
1JWH	green	boltz	3	0.869	0.9847	0.9582	0.8463	335	335
1JWH	green	boltz	4	0.900	0.9834	0.9522	0.8351	335	335
1JWH	green	amber_af	0	0.741	0.9885	0.9716	0.8672	335	335
1JWH	green	amber_af	1	0.762	0.9878	0.9701	0.8657	335	335
1JWH	green	amber_af	2	0.774	0.9874	0.9672	0.8627	335	335
1JWH	green	amber_af	3	0.795	0.9868	0.9642	0.8582	335	335
1JWH	green	amber_af	4	0.718	0.9891	0.9746	0.8716	335	335
1JWH	green	amber_boltz	0	0.917	0.9826	0.9440	0.8261	335	335
1JWH	green	amber_boltz	1	0.910	0.9833	0.9545	0.8403	335	335
1JWH	green	amber_boltz	2	0.959	0.9814	0.9455	0.8291	335	335
1JWH	green	amber_boltz	3	0.870	0.9846	0.9597	0.8478	335	335
1JWH	green	amber_boltz	4	0.900	0.9835	0.9522	0.8366	335	335
1JZD	green	af_relaxed	0	1.069	0.9702	0.9372	0.8139	218	219
1JZD	green	af_relaxed	1	1.046	0.9728	0.9486	0.8345	218	219
1JZD	green	af_relaxed	2	0.997	0.9727	0.9429	0.8196	218	219
1JZD	green	af_relaxed	3	1.057	0.9719	0.9418	0.8265	218	219
1JZD	green	af_relaxed	4	1.033	0.9720	0.9429	0.8276	218	219
1JZD	green	af_unrelaxed	0	1.044	0.9708	0.9418	0.8242	218	219
1JZD	green	af_unrelaxed	1	1.021	0.9734	0.9509	0.8413	218	219
1JZD	green	af_unrelaxed	2	0.973	0.9735	0.9452	0.8288	218	219
1JZD	green	af_unrelaxed	3	1.029	0.9726	0.9486	0.8356	218	219
1JZD	green	af_unrelaxed	4	1.016	0.9726	0.9475	0.8356	218	219
1JZD	green	boltz	0	1.340	0.9593	0.9167	0.7934	217	219
1JZD	green	boltz	1	1.294	0.9637	0.9247	0.8105	216	219
1JZD	green	boltz	2	1.504	0.9488	0.8961	0.7763	217	219
1JZD	green	boltz	3	1.454	0.9536	0.9087	0.7808	217	219
1JZD	green	boltz	4	1.345	0.9623	0.9269	0.8025	216	219
1JZD	green	amber_af	0	1.069	0.9702	0.9372	0.8151	218	219
1JZD	green	amber_af	1	1.045	0.9729	0.9475	0.8333	218	219
1JZD	green	amber_af	2	0.997	0.9728	0.9429	0.8208	218	219
1JZD	green	amber_af	3	1.057	0.9719	0.9429	0.8276	218	219
1JZD	green	amber_af	4	1.033	0.9720	0.9418	0.8265	218	219
1JZD	green	amber_boltz	0	1.354	0.9588	0.9144	0.7922	217	219
1JZD	green	amber_boltz	1	1.307	0.9633	0.9224	0.8037	216	219
1JZD	green	amber_boltz	2	1.515	0.9483	0.8938	0.7740	217	219
1JZD	green	amber_boltz	3	1.462	0.9531	0.9075	0.7785	217	219
1JZD	green	amber_boltz	4	1.353	0.9618	0.9235	0.7957	216	219
1K5D	green	af_relaxed	0	0.928	0.9755	0.9551	0.8726	205	206
1K5D	green	af_relaxed	1	0.966	0.9737	0.9587	0.8750	205	206
1K5D	green	af_relaxed	2	1.077	0.9683	0.9466	0.8629	205	206
1K5D	green	af_relaxed	3	3.679	0.9044	0.8689	0.7524	188	206
1K5D	green	af_relaxed	4	15.036	0.7517	0.7294	0.6396	153	206
1K5D	green	boltz	0	1.212	0.9608	0.9272	0.8143	205	206
1K5D	green	boltz	1	1.190	0.9615	0.9260	0.8155	205	206
1K5D	green	boltz	2	1.181	0.9635	0.9369	0.8240	205	206
1K5D	green	boltz	3	1.417	0.9485	0.9114	0.7913	204	206
1K5D	green	boltz	4	1.549	0.9455	0.9053	0.7876	200	206
1K5D	green	amber_af	0	0.927	0.9755	0.9551	0.8726	205	206
1K5D	green	amber_af	1	0.966	0.9737	0.9575	0.8726	205	206
1K5D	green	amber_af	2	1.076	0.9683	0.9490	0.8653	205	206
1K5D	green	amber_af	3	3.679	0.9044	0.8677	0.7512	188	206
1K5D	green	amber_af	4	15.036	0.7516	0.7294	0.6408	153	206
1K5D	green	amber_boltz	0	1.213	0.9605	0.9235	0.8119	205	206
1K5D	green	amber_boltz	1	1.187	0.9617	0.9272	0.8204	205	206
1K5D	green	amber_boltz	2	1.193	0.9632	0.9357	0.8228	205	206
1K5D	green	amber_boltz	3	1.424	0.9481	0.9090	0.7876	204	206
1K5D	green	amber_boltz	4	1.544	0.9456	0.9029	0.7876	200	206
1K74	green	af_relaxed	0	2.431	0.9428	0.9300	0.8707	218	232
1K74	green	af_relaxed	1	2.291	0.9457	0.9321	0.8761	220	232
1K74	green	af_relaxed	2	4.029	0.8969	0.8728	0.8222	205	232
1K74	green	af_relaxed	3	4.350	0.8859	0.8599	0.8028	202	232
1K74	green	af_relaxed	4	4.558	0.8831	0.8599	0.8082	203	232
1K74	green	af_unrelaxed	0	2.434	0.9429	0.9300	0.8750	218	232
1K74	green	af_unrelaxed	1	2.291	0.9458	0.9321	0.8804	220	232
1K74	green	af_unrelaxed	2	4.016	0.8971	0.8739	0.8233	206	232
1K74	green	af_unrelaxed	3	4.342	0.8859	0.8599	0.8028	202	232
1K74	green	af_unrelaxed	4	4.558	0.8834	0.8599	0.8114	203	232
1K74	green	boltz	0	4.720	0.8768	0.8448	0.7769	201	232
1K74	green	boltz	1	4.787	0.8744	0.8470	0.7823	200	232
1K74	green	boltz	2	5.266	0.8663	0.8405	0.7931	195	232
1K74	green	boltz	3	4.835	0.8722	0.8448	0.7931	200	232
1K74	green	boltz	4	5.028	0.8609	0.8330	0.7705	195	232
1K74	green	amber_af	0	2.431	0.9428	0.9300	0.8696	218	232
1K74	green	amber_af	1	2.290	0.9457	0.9310	0.8750	220	232
1K74	green	amber_af	2	4.029	0.8969	0.8739	0.8222	205	232
1K74	green	amber_af	3	4.349	0.8859	0.8599	0.8028	202	232
1K74	green	amber_af	4	4.558	0.8831	0.8599	0.8082	203	232
1K74	green	amber_boltz	0	4.726	0.8763	0.8438	0.7759	201	232
1K74	green	amber_boltz	1	4.794	0.8741	0.8491	0.7823	200	232
1K74	green	amber_boltz	2	5.276	0.8658	0.8384	0.7866	195	232
1K74	green	amber_boltz	3	4.841	0.8718	0.8448	0.7834	200	232
1K74	green	amber_boltz	4	5.032	0.8603	0.8319	0.7640	195	232
1KAC	green	af_relaxed	0	0.244	0.9977	1.0000	0.9919	185	185
1KAC	green	af_relaxed	1	0.260	0.9974	1.0000	0.9892	185	185
1KAC	green	af_relaxed	2	0.275	0.9971	0.9986	0.9905	185	185
1KAC	green	af_relaxed	3	0.452	0.9926	0.9878	0.9608	185	185
1KAC	green	af_relaxed	4	0.278	0.9970	1.0000	0.9878	185	185
1KAC	green	af_unrelaxed	0	0.230	0.9980	1.0000	0.9919	185	185
1KAC	green	af_unrelaxed	1	0.242	0.9978	1.0000	0.9919	185	185
1KAC	green	af_unrelaxed	2	0.264	0.9974	0.9986	0.9905	185	185
1KAC	green	af_unrelaxed	3	0.237	0.9978	1.0000	0.9919	185	185
1KAC	green	af_unrelaxed	4	0.265	0.9973	1.0000	0.9905	185	185
1KAC	green	boltz	0	1.137	0.9685	0.9581	0.8595	183	185
1KAC	green	boltz	1	1.069	0.9713	0.9622	0.8730	184	185
1KAC	green	boltz	2	1.034	0.9725	0.9649	0.8770	184	185
1KAC	green	boltz	3	1.131	0.9695	0.9608	0.8757	182	185
1KAC	green	boltz	4	1.118	0.9682	0.9595	0.8473	184	185
1KAC	green	amber_af	0	0.245	0.9977	1.0000	0.9919	185	185
1KAC	green	amber_af	1	0.260	0.9974	1.0000	0.9892	185	185
1KAC	green	amber_af	2	0.276	0.9971	0.9986	0.9905	185	185
1KAC	green	amber_af	3	0.451	0.9927	0.9878	0.9608	185	185
1KAC	green	amber_af	4	0.281	0.9970	0.9986	0.9865	185	185
1KAC	green	amber_boltz	0	1.144	0.9680	0.9581	0.8595	184	185
1KAC	green	amber_boltz	1	1.073	0.9711	0.9622	0.8703	184	185
1KAC	green	amber_boltz	2	1.020	0.9728	0.9635	0.8716	184	185
1KAC	green	amber_boltz	3	1.139	0.9690	0.9635	0.8797	182	185
1KAC	green	amber_boltz	4	1.118	0.9681	0.9581	0.8500	184	185
1KKL	green	af_relaxed	0	1.807	0.9528	0.9401	0.8698	164	167
1KKL	green	af_relaxed	1	1.802	0.9576	0.9431	0.8698	164	167
1KKL	green	af_relaxed	2	1.797	0.9569	0.9446	0.8743	164	167
1KKL	green	af_relaxed	3	1.824	0.9546	0.9371	0.8608	164	167
1KKL	green	af_relaxed	4	2.034	0.9330	0.9102	0.7964	164	167
1KKL	green	af_unrelaxed	0	1.806	0.9530	0.9386	0.8698	164	167
1KKL	green	af_unrelaxed	1	1.806	0.9578	0.9446	0.8713	164	167
1KKL	green	af_unrelaxed	2	1.806	0.9569	0.9446	0.8728	164	167
1KKL	green	af_unrelaxed	3	1.829	0.9548	0.9371	0.8638	164	167
1KKL	green	af_unrelaxed	4	2.070	0.9288	0.8982	0.7829	164	167
1KKL	green	boltz	0	20.223	0.6240	0.6183	0.5868	104	167
1KKL	green	boltz	1	20.534	0.6238	0.6168	0.5793	102	167
1KKL	green	boltz	2	20.310	0.6265	0.6257	0.5853	104	167
1KKL	green	boltz	3	20.447	0.6255	0.6213	0.5808	103	167
1KKL	green	boltz	4	20.401	0.6259	0.6257	0.5838	104	167
1KKL	green	amber_af	0	1.806	0.9528	0.9401	0.8698	164	167
1KKL	green	amber_af	1	1.802	0.9577	0.9431	0.8698	164	167
1KKL	green	amber_af	2	1.798	0.9568	0.9446	0.8728	164	167
1KKL	green	amber_af	3	1.825	0.9547	0.9371	0.8593	164	167
1KKL	green	amber_af	4	2.034	0.9329	0.9102	0.7964	164	167
1KKL	green	amber_boltz	0	20.242	0.6239	0.6198	0.5868	104	167
1KKL	green	amber_boltz	1	20.550	0.6242	0.6198	0.5808	102	167
1KKL	green	amber_boltz	2	20.321	0.6263	0.6228	0.5808	104	167
1KKL	green	amber_boltz	3	20.459	0.6254	0.6228	0.5763	104	167
1KKL	green	amber_boltz	4	20.406	0.6257	0.6243	0.5793	104	167
1KLU	green	af_relaxed	0	0.474	0.9924	0.9972	0.9581	179	179
1KLU	green	af_relaxed	1	0.466	0.9925	0.9972	0.9581	179	179
1KLU	green	af_relaxed	2	0.626	0.9865	0.9846	0.9316	179	179
1KLU	green	af_relaxed	3	0.533	0.9902	0.9888	0.9413	179	179
1KLU	green	af_relaxed	4	0.643	0.9852	0.9804	0.9148	179	179
1KLU	green	af_unrelaxed	0	0.471	0.9925	0.9972	0.9581	179	179
1KLU	green	af_unrelaxed	1	0.464	0.9926	0.9972	0.9581	179	179
1KLU	green	af_unrelaxed	2	0.496	0.9917	0.9944	0.9539	179	179
1KLU	green	af_unrelaxed	3	0.505	0.9913	0.9944	0.9525	179	179
1KLU	green	af_unrelaxed	4	0.529	0.9902	0.9916	0.9413	179	179
1KLU	green	boltz	0	0.391	0.9942	0.9972	0.9693	179	179
1KLU	green	boltz	1	0.461	0.9926	0.9972	0.9595	179	179
1KLU	green	boltz	2	0.415	0.9937	0.9972	0.9693	179	179
1KLU	green	boltz	3	0.504	0.9918	0.9958	0.9637	179	179
1KLU	green	boltz	4	0.474	0.9921	0.9972	0.9595	179	179
1KLU	green	amber_af	0	0.474	0.9923	0.9972	0.9609	179	179
1KLU	green	amber_af	1	0.466	0.9925	0.9972	0.9581	179	179
1KLU	green	amber_af	2	0.723	0.9833	0.9777	0.9232	179	179
1KLU	green	amber_af	3	0.533	0.9902	0.9888	0.9427	179	179
1KLU	green	amber_af	4	0.646	0.9851	0.9804	0.9148	179	179
1KLU	green	amber_boltz	0	0.402	0.9939	0.9972	0.9651	179	179
1KLU	green	amber_boltz	1	0.469	0.9923	0.9972	0.9595	179	179
1KLU	green	amber_boltz	2	0.426	0.9934	0.9972	0.9679	179	179
1KLU	green	amber_boltz	3	0.510	0.9916	0.9958	0.9581	179	179
1KLU	green	amber_boltz	4	0.485	0.9917	0.9972	0.9511	179	179
1KTZ	green	af_relaxed	0	1.571	0.9275	0.9482	0.8476	78	82
1KTZ	green	af_relaxed	1	2.580	0.8922	0.9207	0.8476	75	82
1KTZ	green	af_relaxed	2	1.744	0.9246	0.9482	0.8567	79	82
1KTZ	green	af_relaxed	3	2.721	0.8901	0.9146	0.8323	75	82
1KTZ	green	af_relaxed	4	2.687	0.8879	0.9207	0.8232	75	82
1KTZ	green	af_unrelaxed	0	1.577	0.9274	0.9482	0.8567	78	82
1KTZ	green	af_unrelaxed	1	2.570	0.8923	0.9177	0.8445	75	82
1KTZ	green	af_unrelaxed	2	1.757	0.9246	0.9451	0.8567	79	82
1KTZ	green	af_unrelaxed	3	2.710	0.8892	0.9146	0.8293	75	82
1KTZ	green	af_unrelaxed	4	2.673	0.8868	0.9207	0.8232	75	82
1KTZ	green	boltz	0	1.348	0.9239	0.9451	0.8476	80	82
1KTZ	green	boltz	1	1.626	0.9216	0.9421	0.8293	79	82
1KTZ	green	boltz	2	1.798	0.9175	0.9390	0.8750	77	82
1KTZ	green	boltz	3	1.525	0.9153	0.9482	0.8476	79	82
1KTZ	green	boltz	4	1.576	0.9121	0.9329	0.8110	78	82
1KTZ	green	amber_af	0	1.571	0.9274	0.9482	0.8537	78	82
1KTZ	green	amber_af	1	2.579	0.8923	0.9207	0.8445	75	82
1KTZ	green	amber_af	2	1.744	0.9247	0.9482	0.8537	79	82
1KTZ	green	amber_af	3	2.721	0.8901	0.9146	0.8323	75	82
1KTZ	green	amber_af	4	2.686	0.8879	0.9207	0.8232	75	82
1KTZ	green	amber_boltz	0	1.356	0.9237	0.9482	0.8415	80	82
1KTZ	green	amber_boltz	1	1.630	0.9209	0.9390	0.8262	79	82
1KTZ	green	amber_boltz	2	1.805	0.9173	0.9390	0.8750	77	82
1KTZ	green	amber_boltz	3	1.535	0.9147	0.9451	0.8476	79	82
1KTZ	green	amber_boltz	4	1.585	0.9112	0.9299	0.8079	78	82
1KXP	green	af_relaxed	0	0.718	0.9908	0.9792	0.9140	348	349
1KXP	green	af_relaxed	1	0.814	0.9890	0.9749	0.8983	347	349
1KXP	green	af_relaxed	2	0.745	0.9899	0.9764	0.9026	348	349
1KXP	green	af_relaxed	3	0.790	0.9895	0.9778	0.9083	347	349
1KXP	green	af_relaxed	4	0.813	0.9888	0.9749	0.8961	347	349
1KXP	green	af_unrelaxed	0	0.673	0.9919	0.9828	0.9191	348	349
1KXP	green	af_unrelaxed	1	0.817	0.9890	0.9742	0.8997	347	349
1KXP	green	af_unrelaxed	2	0.707	0.9909	0.9778	0.9083	348	349
1KXP	green	af_unrelaxed	3	0.792	0.9895	0.9792	0.9112	347	349
1KXP	green	af_unrelaxed	4	0.815	0.9887	0.9742	0.8976	347	349
1KXP	green	boltz	0	0.817	0.9885	0.9721	0.8911	347	349
1KXP	green	boltz	1	0.890	0.9857	0.9628	0.8560	347	349
1KXP	green	boltz	2	0.849	0.9874	0.9692	0.8854	347	349
1KXP	green	boltz	3	0.970	0.9838	0.9577	0.8539	347	349
1KXP	green	boltz	4	1.009	0.9822	0.9456	0.8331	347	349
1KXP	green	amber_af	0	0.719	0.9908	0.9799	0.9140	348	349
1KXP	green	amber_af	1	0.815	0.9890	0.9749	0.8990	347	349
1KXP	green	amber_af	2	0.750	0.9898	0.9749	0.9004	348	349
1KXP	green	amber_af	3	0.791	0.9895	0.9778	0.9083	347	349
1KXP	green	amber_af	4	0.813	0.9888	0.9749	0.8961	347	349
1KXP	green	amber_boltz	0	0.824	0.9884	0.9706	0.8883	347	349
1KXP	green	amber_boltz	1	0.892	0.9857	0.9628	0.8539	347	349
1KXP	green	amber_boltz	2	0.852	0.9873	0.9692	0.8868	347	349
1KXP	green	amber_boltz	3	0.967	0.9838	0.9577	0.8560	347	349
1KXP	green	amber_boltz	4	1.009	0.9822	0.9448	0.8338	347	349
1LFD	green	af_relaxed	0	0.469	0.9813	0.9942	0.9419	86	86
1LFD	green	af_relaxed	1	0.464	0.9817	0.9913	0.9419	86	86
1LFD	green	af_relaxed	2	0.455	0.9823	0.9942	0.9419	86	86
1LFD	green	af_relaxed	3	0.509	0.9784	0.9913	0.9302	86	86
1LFD	green	af_relaxed	4	1.315	0.9368	0.9593	0.8808	83	86
1LFD	green	af_unrelaxed	0	0.466	0.9816	0.9942	0.9419	86	86
1LFD	green	af_unrelaxed	1	0.456	0.9823	0.9942	0.9448	86	86
1LFD	green	af_unrelaxed	2	0.451	0.9827	0.9942	0.9360	86	86
1LFD	green	af_unrelaxed	3	0.497	0.9794	0.9942	0.9390	86	86
1LFD	green	af_unrelaxed	4	1.285	0.9383	0.9593	0.8779	83	86
1LFD	green	boltz	0	0.619	0.9685	0.9767	0.8983	86	86
1LFD	green	boltz	1	0.620	0.9686	0.9826	0.8983	86	86
1LFD	green	boltz	2	0.671	0.9640	0.9767	0.8895	86	86
1LFD	green	boltz	3	0.703	0.9611	0.9738	0.8866	86	86
1LFD	green	boltz	4	0.645	0.9668	0.9767	0.8953	86	86
1LFD	green	amber_af	0	0.469	0.9814	0.9942	0.9419	86	86
1LFD	green	amber_af	1	0.464	0.9817	0.9913	0.9419	86	86
1LFD	green	amber_af	2	0.457	0.9822	0.9971	0.9419	86	86
1LFD	green	amber_af	3	0.500	0.9791	0.9913	0.9302	86	86
1LFD	green	amber_af	4	1.314	0.9369	0.9593	0.8808	83	86
1LFD	green	amber_boltz	0	0.622	0.9681	0.9767	0.8924	86	86
1LFD	green	amber_boltz	1	0.624	0.9682	0.9826	0.8953	86	86
1LFD	green	amber_boltz	2	0.678	0.9633	0.9738	0.8866	86	86
1LFD	green	amber_boltz	3	0.706	0.9608	0.9709	0.8837	86	86
1LFD	green	amber_boltz	4	0.636	0.9675	0.9767	0.9041	86	86
1M10	green	af_relaxed	0	1.081	0.9777	0.9724	0.9196	196	199
1M10	green	af_relaxed	1	1.070	0.9776	0.9724	0.9209	197	199
1M10	green	af_relaxed	2	1.092	0.9777	0.9724	0.9158	197	199
1M10	green	af_relaxed	3	1.110	0.9771	0.9724	0.9183	197	199
1M10	green	af_relaxed	4	1.089	0.9772	0.9724	0.9171	197	199
1M10	green	af_unrelaxed	0	1.080	0.9776	0.9736	0.9234	197	199
1M10	green	af_unrelaxed	1	1.069	0.9776	0.9736	0.9221	197	199
1M10	green	af_unrelaxed	2	1.093	0.9777	0.9736	0.9196	197	199
1M10	green	af_unrelaxed	3	1.112	0.9771	0.9736	0.9221	197	199
1M10	green	af_unrelaxed	4	1.091	0.9771	0.9711	0.9196	197	199
1M10	green	boltz	0	1.044	0.9764	0.9724	0.8920	197	199
1M10	green	boltz	1	1.082	0.9763	0.9736	0.8995	197	199
1M10	green	boltz	2	1.104	0.9757	0.9724	0.8995	197	199
1M10	green	boltz	3	1.007	0.9782	0.9761	0.8957	197	199
1M10	green	boltz	4	1.054	0.9784	0.9736	0.9095	197	199
1M10	green	amber_af	0	1.080	0.9777	0.9724	0.9221	196	199
1M10	green	amber_af	1	1.075	0.9775	0.9724	0.9221	197	199
1M10	green	amber_af	2	1.091	0.9777	0.9724	0.9158	197	199
1M10	green	amber_af	3	1.110	0.9771	0.9724	0.9209	197	199
1M10	green	amber_af	4	1.091	0.9773	0.9711	0.9158	197	199
1M10	green	amber_boltz	0	1.043	0.9765	0.9736	0.8894	197	199
1M10	green	amber_boltz	1	1.081	0.9762	0.9736	0.8982	197	199
1M10	green	amber_boltz	2	1.105	0.9755	0.9724	0.8945	197	199
1M10	green	amber_boltz	3	1.013	0.9781	0.9786	0.8970	197	199
1M10	green	amber_boltz	4	1.063	0.9782	0.9736	0.9058	197	199
1M27	green	af_relaxed	0	1.328	0.9219	0.9159	0.8101	104	104
1M27	green	af_relaxed	1	0.945	0.9619	0.9688	0.8966	103	104
1M27	green	af_relaxed	2	1.327	0.9290	0.9279	0.8293	103	104
1M27	green	af_relaxed	3	1.186	0.9391	0.9375	0.8606	104	104
1M27	green	af_relaxed	4	1.479	0.9277	0.9327	0.8462	101	104
1M27	green	af_unrelaxed	0	1.332	0.9201	0.9159	0.8053	104	104
1M27	green	af_unrelaxed	1	0.944	0.9610	0.9712	0.8942	104	104
1M27	green	af_unrelaxed	2	1.347	0.9261	0.9231	0.8149	103	104
1M27	green	af_unrelaxed	3	1.163	0.9404	0.9351	0.8534	104	104
1M27	green	af_unrelaxed	4	1.273	0.9335	0.9303	0.8413	104	104
1M27	green	boltz	0	0.724	0.9743	0.9784	0.9351	104	104
1M27	green	boltz	1	0.682	0.9766	0.9832	0.9399	104	104
1M27	green	boltz	2	0.670	0.9770	0.9832	0.9399	104	104
1M27	green	boltz	3	0.746	0.9731	0.9784	0.9279	104	104
1M27	green	boltz	4	0.720	0.9740	0.9808	0.9447	104	104
1M27	green	amber_af	0	1.326	0.9220	0.9159	0.8101	104	104
1M27	green	amber_af	1	0.945	0.9618	0.9688	0.8966	103	104
1M27	green	amber_af	2	1.326	0.9291	0.9279	0.8293	103	104
1M27	green	amber_af	3	1.187	0.9388	0.9375	0.8582	104	104
1M27	green	amber_af	4	1.454	0.9278	0.9351	0.8462	101	104
1M27	green	amber_boltz	0	0.709	0.9747	0.9808	0.9399	104	104
1M27	green	amber_boltz	1	0.668	0.9771	0.9832	0.9423	104	104
1M27	green	amber_boltz	2	0.665	0.9773	0.9832	0.9423	104	104
1M27	green	amber_boltz	3	0.744	0.9731	0.9784	0.9327	104	104
1M27	green	amber_boltz	4	0.710	0.9745	0.9808	0.9447	104	104
1MAH	green	af_relaxed	0	0.883	0.9907	0.9784	0.8799	529	533
1MAH	green	af_relaxed	1	0.747	0.9924	0.9803	0.8799	533	533
1MAH	green	af_relaxed	2	0.904	0.9904	0.9789	0.8766	530	533
1MAH	green	af_relaxed	3	0.785	0.9916	0.9737	0.8621	533	533
1MAH	green	af_relaxed	4	0.755	0.9922	0.9794	0.8785	533	533
1MAH	green	af_unrelaxed	0	0.882	0.9908	0.9794	0.8813	529	533
1MAH	green	af_unrelaxed	1	0.697	0.9933	0.9841	0.8902	533	533
1MAH	green	af_unrelaxed	2	0.900	0.9905	0.9794	0.8809	530	533
1MAH	green	af_unrelaxed	3	0.715	0.9930	0.9822	0.8832	532	533
1MAH	green	af_unrelaxed	4	0.699	0.9933	0.9836	0.8879	532	533
1MAH	green	boltz	0	0.885	0.9906	0.9775	0.8799	529	533
1MAH	green	boltz	1	0.910	0.9901	0.9761	0.8701	529	533
1MAH	green	boltz	2	0.925	0.9899	0.9756	0.8818	530	533
1MAH	green	boltz	3	0.897	0.9905	0.9765	0.8837	530	533
1MAH	green	boltz	4	0.956	0.9889	0.9644	0.8471	529	533
1MAH	green	amber_af	0	0.883	0.9907	0.9784	0.8804	529	533
1MAH	green	amber_af	1	0.747	0.9924	0.9798	0.8790	533	533
1MAH	green	amber_af	2	0.903	0.9904	0.9798	0.8776	530	533
1MAH	green	amber_af	3	0.790	0.9914	0.9733	0.8616	533	533
1MAH	green	amber_af	4	0.756	0.9922	0.9789	0.8771	533	533
1MAH	green	amber_boltz	0	0.887	0.9905	0.9765	0.8748	530	533
1MAH	green	amber_boltz	1	0.913	0.9900	0.9747	0.8598	529	533
1MAH	green	amber_boltz	2	0.928	0.9898	0.9733	0.8715	530	533
1MAH	green	amber_boltz	3	0.901	0.9903	0.9756	0.8809	530	533
1MAH	green	amber_boltz	4	0.963	0.9887	0.9611	0.8396	529	533
1ML0	green	af_relaxed	0	12.593	0.6052	0.3747	0.2163	185	371
1ML0	green	af_relaxed	1	20.048	0.3655	0.2224	0.1415	88	371
1ML0	green	af_relaxed	2	21.794	0.3704	0.2183	0.1375	97	371
1ML0	green	af_relaxed	3	21.779	0.3614	0.2096	0.1321	98	371
1ML0	green	af_relaxed	4	16.504	0.3881	0.2156	0.1267	96	371
1ML0	green	af_unrelaxed	0	12.581	0.6062	0.3753	0.2136	187	371
1ML0	green	af_unrelaxed	1	20.009	0.3646	0.2224	0.1449	88	371
1ML0	green	af_unrelaxed	2	21.754	0.3709	0.2190	0.1361	97	371
1ML0	green	af_unrelaxed	3	21.729	0.3615	0.2096	0.1314	95	371
1ML0	green	af_unrelaxed	4	16.472	0.3891	0.2177	0.1321	95	371
1ML0	green	boltz	0	21.277	0.3991	0.2561	0.1698	116	371
1ML0	green	boltz	1	18.755	0.4031	0.2466	0.1543	111	371
1ML0	green	boltz	2	15.872	0.4312	0.2756	0.1725	117	371
1ML0	green	boltz	3	18.095	0.4535	0.2911	0.1833	129	371
1ML0	green	boltz	4	18.344	0.3928	0.2487	0.1691	107	371
1ML0	green	amber_af	0	12.594	0.6050	0.3740	0.2150	186	371
1ML0	green	amber_af	1	20.051	0.3655	0.2224	0.1408	87	371
1ML0	green	amber_af	2	21.835	0.3702	0.2197	0.1375	97	371
1ML0	green	amber_af	3	21.779	0.3615	0.2089	0.1327	96	371
1ML0	green	amber_af	4	16.499	0.3891	0.2163	0.1260	96	371
1ML0	green	amber_boltz	0	21.308	0.3979	0.2561	0.1698	114	371
1ML0	green	amber_boltz	1	18.794	0.4022	0.2466	0.1523	110	371
1ML0	green	amber_boltz	2	15.894	0.4308	0.2756	0.1712	114	371
1ML0	green	amber_boltz	3	18.135	0.4508	0.2904	0.1826	130	371
1ML0	green	amber_boltz	4	18.384	0.3927	0.2500	0.1685	107	371
1MLC	green	af_relaxed	0	1.159	0.9603	0.8972	0.7617	213	214
1MLC	green	af_relaxed	1	1.145	0.9601	0.8972	0.7640	213	214
1MLC	green	af_relaxed	2	1.115	0.9629	0.9030	0.7722	213	214
1MLC	green	af_relaxed	3	1.003	0.9696	0.9229	0.7932	213	214
1MLC	green	af_relaxed	4	1.245	0.9544	0.8879	0.7500	213	214
1MLC	green	af_unrelaxed	0	1.148	0.9609	0.9019	0.7664	213	214
1MLC	green	af_unrelaxed	1	1.133	0.9607	0.8995	0.7687	213	214
1MLC	green	af_unrelaxed	2	1.094	0.9638	0.9077	0.7757	213	214
1MLC	green	af_unrelaxed	3	0.988	0.9702	0.9241	0.7944	213	214
1MLC	green	af_unrelaxed	4	1.236	0.9548	0.8914	0.7570	213	214
1MLC	green	boltz	0	0.946	0.9723	0.9311	0.8014	214	214
1MLC	green	boltz	1	0.678	0.9877	0.9895	0.9065	213	214
1MLC	green	boltz	2	0.995	0.9687	0.9124	0.7839	214	214
1MLC	green	boltz	3	1.009	0.9675	0.9042	0.7710	214	214
1MLC	green	boltz	4	1.018	0.9683	0.9159	0.7780	213	214
1MLC	green	amber_af	0	1.159	0.9603	0.8972	0.7617	213	214
1MLC	green	amber_af	1	1.146	0.9601	0.8972	0.7640	213	214
1MLC	green	amber_af	2	1.115	0.9628	0.9042	0.7722	213	214
1MLC	green	amber_af	3	1.004	0.9696	0.9229	0.7932	213	214
1MLC	green	amber_af	4	1.245	0.9544	0.8879	0.7500	213	214
1MLC	green	amber_boltz	0	0.959	0.9717	0.9287	0.7979	214	214
1MLC	green	amber_boltz	1	0.687	0.9875	0.9883	0.9054	213	214
1MLC	green	amber_boltz	2	1.015	0.9674	0.9089	0.7769	214	214
1MLC	green	amber_boltz	3	1.014	0.9672	0.9054	0.7710	214	214
1MLC	green	amber_boltz	4	1.029	0.9679	0.9147	0.7757	213	214
1MQ8	green	af_relaxed	0	0.938	0.9710	0.9633	0.8139	184	184
1MQ8	green	af_relaxed	1	0.910	0.9723	0.9592	0.8084	184	184
1MQ8	green	af_relaxed	2	0.905	0.9727	0.9647	0.8166	184	184
1MQ8	green	af_relaxed	3	0.972	0.9689	0.9511	0.7908	184	184
1MQ8	green	af_relaxed	4	0.917	0.9723	0.9592	0.8125	184	184
1MQ8	green	af_unrelaxed	0	0.937	0.9710	0.9633	0.8193	184	184
1MQ8	green	af_unrelaxed	1	0.910	0.9724	0.9606	0.8084	184	184
1MQ8	green	af_unrelaxed	2	0.902	0.9729	0.9647	0.8193	184	184
1MQ8	green	af_unrelaxed	3	0.972	0.9689	0.9524	0.7921	184	184
1MQ8	green	af_unrelaxed	4	0.913	0.9725	0.9565	0.8084	184	184
1MQ8	green	boltz	0	1.092	0.9600	0.9171	0.7500	184	184
1MQ8	green	boltz	1	1.235	0.9492	0.9035	0.7242	184	184
1MQ8	green	boltz	2	1.313	0.9427	0.8804	0.6957	184	184
1MQ8	green	boltz	3	1.074	0.9612	0.9266	0.7745	184	184
1MQ8	green	boltz	4	1.080	0.9615	0.9307	0.7812	184	184
1MQ8	green	amber_af	0	0.938	0.9710	0.9620	0.8125	184	184
1MQ8	green	amber_af	1	0.911	0.9723	0.9592	0.8084	184	184
1MQ8	green	amber_af	2	0.905	0.9727	0.9660	0.8179	184	184
1MQ8	green	amber_af	3	0.972	0.9688	0.9511	0.7921	184	184
1MQ8	green	amber_af	4	0.917	0.9722	0.9579	0.8111	184	184
1MQ8	green	amber_boltz	0	1.092	0.9599	0.9185	0.7541	184	184
1MQ8	green	amber_boltz	1	1.241	0.9487	0.9035	0.7269	184	184
1MQ8	green	amber_boltz	2	1.320	0.9419	0.8845	0.6970	184	184
1MQ8	green	amber_boltz	3	1.079	0.9608	0.9280	0.7812	184	184
1MQ8	green	amber_boltz	4	1.078	0.9613	0.9293	0.7799	184	184
1N2C	green	af_relaxed	0	0.571	0.9953	0.9895	0.9676	478	478
1N2C	green	af_relaxed	1	0.585	0.9950	0.9895	0.9623	478	478
1N2C	green	af_relaxed	2	0.568	0.9953	0.9906	0.9671	478	478
1N2C	green	af_relaxed	3	0.558	0.9955	0.9901	0.9686	478	478
1N2C	green	af_relaxed	4	0.550	0.9956	0.9906	0.9712	478	478
1N2C	green	boltz	0	0.588	0.9948	0.9874	0.9493	478	478
1N2C	green	boltz	1	0.592	0.9948	0.9890	0.9482	478	478
1N2C	green	boltz	2	0.605	0.9946	0.9885	0.9383	478	478
1N2C	green	boltz	3	0.591	0.9948	0.9874	0.9487	478	478
1N2C	green	boltz	4	0.625	0.9943	0.9901	0.9315	477	478
1N2C	green	amber_af	0	0.571	0.9953	0.9895	0.9671	478	478
1N2C	green	amber_af	1	0.585	0.9950	0.9895	0.9623	478	478
1N2C	green	amber_af	2	0.568	0.9953	0.9906	0.9676	478	478
1N2C	green	amber_af	3	0.559	0.9954	0.9901	0.9681	478	478
1N2C	green	amber_af	4	0.552	0.9956	0.9901	0.9707	478	478
1N2C	green	amber_boltz	0	0.586	0.9949	0.9874	0.9487	478	478
1N2C	green	amber_boltz	1	0.592	0.9948	0.9890	0.9482	478	478
1N2C	green	amber_boltz	2	0.602	0.9946	0.9885	0.9383	478	478
1N2C	green	amber_boltz	3	0.589	0.9949	0.9885	0.9498	478	478
1N2C	green	amber_boltz	4	0.619	0.9944	0.9895	0.9372	478	478
1NW9	green	af_relaxed	0	0.669	0.9749	0.9863	0.9286	91	91
1NW9	green	af_relaxed	1	0.444	0.9842	0.9945	0.9478	91	91
1NW9	green	af_relaxed	2	0.759	0.9615	0.9670	0.8736	91	91
1NW9	green	af_relaxed	3	0.483	0.9815	0.9918	0.9368	91	91
1NW9	green	af_relaxed	4	0.462	0.9830	0.9918	0.9423	91	91
1NW9	green	af_unrelaxed	0	0.618	0.9798	0.9918	0.9396	91	91
1NW9	green	af_unrelaxed	1	0.456	0.9834	0.9945	0.9396	91	91
1NW9	green	af_unrelaxed	2	0.581	0.9734	0.9863	0.8956	91	91
1NW9	green	af_unrelaxed	3	0.450	0.9839	0.9973	0.9396	91	91
1NW9	green	af_unrelaxed	4	0.465	0.9828	0.9945	0.9341	91	91
1NW9	green	boltz	0	0.274	0.9939	1.0000	0.9890	91	91
1NW9	green	boltz	1	0.308	0.9922	1.0000	0.9753	91	91
1NW9	green	boltz	2	0.343	0.9906	0.9973	0.9698	91	91
1NW9	green	boltz	3	0.296	0.9928	1.0000	0.9835	91	91
1NW9	green	boltz	4	0.361	0.9896	0.9973	0.9725	91	91
1NW9	green	amber_af	0	0.647	0.9768	0.9863	0.9286	91	91
1NW9	green	amber_af	1	0.445	0.9842	0.9945	0.9478	91	91
1NW9	green	amber_af	2	0.805	0.9593	0.9643	0.8736	91	91
1NW9	green	amber_af	3	0.484	0.9814	0.9918	0.9396	91	91
1NW9	green	amber_af	4	0.463	0.9829	0.9918	0.9423	91	91
1NW9	green	amber_boltz	0	0.288	0.9932	1.0000	0.9808	91	91
1NW9	green	amber_boltz	1	0.338	0.9907	1.0000	0.9725	91	91
1NW9	green	amber_boltz	2	0.367	0.9893	0.9973	0.9670	91	91
1NW9	green	amber_boltz	3	0.318	0.9918	1.0000	0.9808	91	91
1NW9	green	amber_boltz	4	0.369	0.9891	0.9973	0.9698	91	91
1OC0	green	af_relaxed	0	2.393	0.9625	0.9141	0.7734	353	364
1OC0	green	af_relaxed	1	2.385	0.9614	0.9073	0.7569	353	364
1OC0	green	af_relaxed	2	2.412	0.9611	0.9045	0.7548	353	364
1OC0	green	af_relaxed	3	2.421	0.9631	0.9128	0.7713	353	364
1OC0	green	af_relaxed	4	2.334	0.9625	0.9114	0.7637	353	364
1OC0	green	af_unrelaxed	0	2.384	0.9627	0.9162	0.7775	353	364
1OC0	green	af_unrelaxed	1	2.384	0.9617	0.9100	0.7617	353	364
1OC0	green	af_unrelaxed	2	2.397	0.9613	0.9066	0.7589	353	364
1OC0	green	af_unrelaxed	3	2.413	0.9632	0.9169	0.7761	353	364
1OC0	green	af_unrelaxed	4	2.305	0.9627	0.9128	0.7658	353	364
1OC0	green	boltz	0	2.590	0.9627	0.9190	0.7775	353	364
1OC0	green	boltz	1	2.536	0.9644	0.9245	0.7967	353	364
1OC0	green	boltz	2	2.533	0.9663	0.9327	0.8159	353	364
1OC0	green	boltz	3	2.525	0.9625	0.9162	0.7685	353	364
1OC0	green	boltz	4	2.552	0.9645	0.9251	0.7898	353	364
1OC0	green	amber_af	0	2.394	0.9625	0.9148	0.7747	353	364
1OC0	green	amber_af	1	2.369	0.9614	0.9066	0.7527	353	364
1OC0	green	amber_af	2	2.413	0.9611	0.9052	0.7555	353	364
1OC0	green	amber_af	3	2.421	0.9631	0.9135	0.7720	353	364
1OC0	green	amber_af	4	2.334	0.9625	0.9093	0.7610	353	364
1OC0	green	amber_boltz	0	2.597	0.9624	0.9183	0.7775	353	364
1OC0	green	amber_boltz	1	2.537	0.9641	0.9231	0.7919	353	364
1OC0	green	amber_boltz	2	2.539	0.9661	0.9313	0.8084	353	364
1OC0	green	amber_boltz	3	2.539	0.9619	0.9107	0.7589	353	364
1OC0	green	amber_boltz	4	2.546	0.9641	0.9224	0.7850	353	364
1OFU	green	af_relaxed	0	0.748	0.9887	0.9812	0.8979	305	306
1OFU	green	af_relaxed	1	0.713	0.9896	0.9812	0.9142	305	306
1OFU	green	af_relaxed	2	0.825	0.9861	0.9722	0.8758	305	306
1OFU	green	af_relaxed	3	0.848	0.9856	0.9714	0.8725	305	306
1OFU	green	af_relaxed	4	0.804	0.9872	0.9763	0.8922	305	306
1OFU	green	af_unrelaxed	0	0.741	0.9889	0.9812	0.9003	305	306
1OFU	green	af_unrelaxed	1	0.710	0.9897	0.9820	0.9142	305	306
1OFU	green	af_unrelaxed	2	0.824	0.9861	0.9690	0.8709	305	306
1OFU	green	af_unrelaxed	3	0.847	0.9855	0.9698	0.8709	305	306
1OFU	green	af_unrelaxed	4	0.801	0.9872	0.9755	0.8881	305	306
1OFU	green	boltz	0	1.026	0.9788	0.9477	0.8203	304	306
1OFU	green	boltz	1	0.882	0.9840	0.9632	0.8342	305	306
1OFU	green	boltz	2	1.060	0.9771	0.9395	0.8088	304	306
1OFU	green	boltz	3	0.903	0.9834	0.9624	0.8587	304	306
1OFU	green	boltz	4	1.109	0.9753	0.9338	0.8088	304	306
1OFU	green	amber_af	0	0.748	0.9887	0.9812	0.8987	305	306
1OFU	green	amber_af	1	0.713	0.9896	0.9812	0.9134	305	306
1OFU	green	amber_af	2	0.826	0.9861	0.9714	0.8742	305	306
1OFU	green	amber_af	3	0.848	0.9856	0.9714	0.8734	305	306
1OFU	green	amber_af	4	0.804	0.9871	0.9763	0.8913	305	306
1OFU	green	amber_boltz	0	1.035	0.9785	0.9477	0.8170	304	306
1OFU	green	amber_boltz	1	0.888	0.9838	0.9632	0.8366	305	306
1OFU	green	amber_boltz	2	1.065	0.9770	0.9412	0.8096	304	306
1OFU	green	amber_boltz	3	0.909	0.9832	0.9624	0.8627	304	306
1OFU	green	amber_boltz	4	1.112	0.9752	0.9346	0.8121	304	306
1OPH	green	af_relaxed	0	1.458	0.9736	0.9393	0.7927	367	375
1OPH	green	af_relaxed	1	1.089	0.9805	0.9460	0.8087	372	375
1OPH	green	af_relaxed	2	1.597	0.9718	0.9393	0.8020	367	375
1OPH	green	af_relaxed	3	1.274	0.9751	0.9327	0.7793	370	375
1OPH	green	af_relaxed	4	1.513	0.9731	0.9420	0.8033	367	375
1OPH	green	af_unrelaxed	0	1.457	0.9738	0.9407	0.7933	368	375
1OPH	green	af_unrelaxed	1	1.088	0.9805	0.9440	0.8073	372	375
1OPH	green	af_unrelaxed	2	1.599	0.9720	0.9407	0.8033	368	375
1OPH	green	af_unrelaxed	3	1.270	0.9752	0.9353	0.7840	370	375
1OPH	green	af_unrelaxed	4	1.512	0.9734	0.9407	0.8040	368	375
1OPH	green	boltz	0	1.923	0.9671	0.9253	0.7827	367	375
1OPH	green	boltz	1	2.059	0.9653	0.9273	0.7867	365	375
1OPH	green	boltz	2	1.269	0.9750	0.9367	0.8020	371	375
1OPH	green	boltz	3	1.802	0.9680	0.9340	0.8173	367	375
1OPH	green	boltz	4	2.021	0.9662	0.9333	0.7920	366	375
1OPH	green	amber_af	0	1.458	0.9736	0.9393	0.7920	367	375
1OPH	green	amber_af	1	1.089	0.9804	0.9460	0.8087	372	375
1OPH	green	amber_af	2	1.597	0.9719	0.9387	0.8027	367	375
1OPH	green	amber_af	3	1.276	0.9750	0.9327	0.7793	370	375
1OPH	green	amber_af	4	1.513	0.9731	0.9420	0.8033	367	375
1OPH	green	amber_boltz	0	1.933	0.9669	0.9233	0.7827	367	375
1OPH	green	amber_boltz	1	2.064	0.9650	0.9240	0.7820	365	375
1OPH	green	amber_boltz	2	1.271	0.9748	0.9347	0.7993	371	375
1OPH	green	amber_boltz	3	1.804	0.9678	0.9327	0.8147	367	375
1OPH	green	amber_boltz	4	2.018	0.9661	0.9307	0.7893	366	375
1OYV	green	af_relaxed	0	0.289	0.9978	1.0000	0.9827	274	274
1OYV	green	af_relaxed	1	0.292	0.9977	1.0000	0.9854	274	274
1OYV	green	af_relaxed	2	0.287	0.9978	1.0000	0.9845	274	274
1OYV	green	af_relaxed	3	0.282	0.9979	1.0000	0.9854	274	274
1OYV	green	af_relaxed	4	0.287	0.9978	1.0000	0.9845	274	274
1OYV	green	af_unrelaxed	0	0.273	0.9980	1.0000	0.9891	274	274
1OYV	green	af_unrelaxed	1	0.277	0.9980	1.0000	0.9891	274	274
1OYV	green	af_unrelaxed	2	0.274	0.9980	1.0000	0.9881	274	274
1OYV	green	af_unrelaxed	3	0.267	0.9981	1.0000	0.9909	274	274
1OYV	green	af_unrelaxed	4	0.272	0.9980	1.0000	0.9900	274	274
1OYV	green	boltz	0	0.276	0.9980	1.0000	0.9891	274	274
1OYV	green	boltz	1	0.253	0.9983	1.0000	0.9927	274	274
1OYV	green	boltz	2	0.272	0.9980	1.0000	0.9891	274	274
1OYV	green	boltz	3	0.272	0.9980	1.0000	0.9891	274	274
1OYV	green	boltz	4	0.264	0.9981	1.0000	0.9909	274	274
1OYV	green	amber_af	0	0.288	0.9978	1.0000	0.9827	274	274
1OYV	green	amber_af	1	0.291	0.9977	1.0000	0.9854	274	274
1OYV	green	amber_af	2	0.287	0.9978	1.0000	0.9845	274	274
1OYV	green	amber_af	3	0.283	0.9979	1.0000	0.9854	274	274
1OYV	green	amber_af	4	0.288	0.9978	1.0000	0.9836	274	274
1OYV	green	amber_boltz	0	0.289	0.9978	1.0000	0.9881	274	274
1OYV	green	amber_boltz	1	0.269	0.9981	1.0000	0.9927	274	274
1OYV	green	amber_boltz	2	0.289	0.9978	1.0000	0.9872	274	274
1OYV	green	amber_boltz	3	0.287	0.9978	1.0000	0.9881	274	274
1OYV	green	amber_boltz	4	0.280	0.9979	1.0000	0.9881	274	274
1PPE	green	af_relaxed	0	0.464	0.9939	0.9932	0.9662	222	222
1PPE	green	af_relaxed	1	0.459	0.9940	0.9921	0.9662	222	222
1PPE	green	af_relaxed	2	0.437	0.9944	0.9932	0.9662	222	222
1PPE	green	af_relaxed	3	0.456	0.9941	0.9932	0.9662	222	222
1PPE	green	af_relaxed	4	0.470	0.9938	0.9944	0.9662	222	222
1PPE	green	af_unrelaxed	0	0.458	0.9941	0.9932	0.9662	222	222
1PPE	green	af_unrelaxed	1	0.451	0.9942	0.9921	0.9685	222	222
1PPE	green	af_unrelaxed	2	0.431	0.9946	0.9932	0.9673	222	222
1PPE	green	af_unrelaxed	3	0.451	0.9943	0.9932	0.9673	222	222
1PPE	green	af_unrelaxed	4	0.466	0.9939	0.9932	0.9651	222	222
1PPE	green	boltz	0	0.448	0.9948	0.9955	0.9809	222	222
1PPE	green	boltz	1	0.451	0.9947	0.9955	0.9786	222	222
1PPE	green	boltz	2	0.452	0.9947	0.9955	0.9809	222	222
1PPE	green	boltz	3	0.454	0.9946	0.9944	0.9764	222	222
1PPE	green	boltz	4	0.429	0.9951	0.9955	0.9797	222	222
1PPE	green	amber_af	0	0.464	0.9939	0.9921	0.9651	222	222
1PPE	green	amber_af	1	0.458	0.9941	0.9921	0.9662	222	222
1PPE	green	amber_af	2	0.437	0.9944	0.9932	0.9662	222	222
1PPE	green	amber_af	3	0.456	0.9941	0.9932	0.9662	222	222
1PPE	green	amber_af	4	0.470	0.9938	0.9944	0.9662	222	222
1PPE	green	amber_boltz	0	0.453	0.9946	0.9955	0.9786	222	222
1PPE	green	amber_boltz	1	0.457	0.9946	0.9955	0.9797	222	222
1PPE	green	amber_boltz	2	0.460	0.9945	0.9955	0.9797	222	222
1PPE	green	amber_boltz	3	0.462	0.9944	0.9944	0.9775	222	222
1PPE	green	amber_boltz	4	0.438	0.9949	0.9955	0.9797	222	222
1PVH	green	af_relaxed	0	0.778	0.9830	0.9776	0.8856	200	201
1PVH	green	af_relaxed	1	0.783	0.9827	0.9751	0.8781	200	201
1PVH	green	af_relaxed	2	0.813	0.9809	0.9677	0.8607	200	201
1PVH	green	af_relaxed	3	0.739	0.9848	0.9838	0.8993	200	201
1PVH	green	af_relaxed	4	0.758	0.9839	0.9813	0.8968	200	201
1PVH	green	af_unrelaxed	0	0.770	0.9833	0.9801	0.8856	200	201
1PVH	green	af_unrelaxed	1	0.778	0.9828	0.9764	0.8769	200	201
1PVH	green	af_unrelaxed	2	0.808	0.9811	0.9701	0.8582	200	201
1PVH	green	af_unrelaxed	3	0.730	0.9851	0.9851	0.9017	200	201
1PVH	green	af_unrelaxed	4	0.750	0.9842	0.9838	0.8955	200	201
1PVH	green	boltz	0	0.873	0.9771	0.9627	0.8346	200	201
1PVH	green	boltz	1	0.834	0.9794	0.9614	0.8532	200	201
1PVH	green	boltz	2	0.806	0.9810	0.9714	0.8557	200	201
1PVH	green	boltz	3	0.908	0.9769	0.9590	0.8383	200	201
1PVH	green	boltz	4	0.788	0.9817	0.9751	0.8607	200	201
1PVH	green	amber_af	0	0.778	0.9831	0.9764	0.8843	200	201
1PVH	green	amber_af	1	0.783	0.9827	0.9751	0.8769	200	201
1PVH	green	amber_af	2	0.813	0.9809	0.9677	0.8619	200	201
1PVH	green	amber_af	3	0.739	0.9848	0.9838	0.8993	200	201
1PVH	green	amber_af	4	0.758	0.9839	0.9813	0.8968	200	201
1PVH	green	amber_boltz	0	0.878	0.9768	0.9614	0.8358	200	201
1PVH	green	amber_boltz	1	0.835	0.9794	0.9602	0.8532	200	201
1PVH	green	amber_boltz	2	0.807	0.9810	0.9714	0.8557	200	201
1PVH	green	amber_boltz	3	0.906	0.9769	0.9565	0.8383	200	201
1PVH	green	amber_boltz	4	0.790	0.9816	0.9764	0.8582	200	201
1PXV	green	af_relaxed	0	4.145	0.9523	0.9495	0.9262	175	183
1PXV	green	af_relaxed	1	1.476	0.9665	0.9604	0.9317	177	183
1PXV	green	af_relaxed	2	4.309	0.9510	0.9495	0.9235	175	183
1PXV	green	af_relaxed	3	1.641	0.9652	0.9604	0.9249	177	183
1PXV	green	af_relaxed	4	4.240	0.9511	0.9495	0.9235	175	183
1PXV	green	af_unrelaxed	0	4.146	0.9523	0.9481	0.9249	175	183
1PXV	green	af_unrelaxed	1	1.470	0.9665	0.9590	0.9290	177	183
1PXV	green	af_unrelaxed	2	4.310	0.9510	0.9467	0.9221	175	183
1PXV	green	af_unrelaxed	3	1.637	0.9654	0.9563	0.9235	177	183
1PXV	green	af_unrelaxed	4	4.243	0.9510	0.9495	0.9235	175	183
1PXV	green	boltz	0	4.028	0.9546	0.9563	0.9153	177	183
1PXV	green	boltz	1	4.858	0.9418	0.9385	0.8975	174	183
1PXV	green	boltz	2	5.383	0.9444	0.9426	0.8962	175	183
1PXV	green	boltz	3	3.904	0.9546	0.9495	0.9139	177	183
1PXV	green	boltz	4	3.955	0.9468	0.9440	0.9030	176	183
1PXV	green	amber_af	0	4.145	0.9523	0.9495	0.9262	175	183
1PXV	green	amber_af	1	1.474	0.9666	0.9604	0.9317	177	183
1PXV	green	amber_af	2	4.309	0.9510	0.9495	0.9235	175	183
1PXV	green	amber_af	3	1.642	0.9652	0.9590	0.9249	177	183
1PXV	green	amber_af	4	4.241	0.9511	0.9495	0.9235	175	183
1PXV	green	amber_boltz	0	4.019	0.9545	0.9549	0.9126	177	183
1PXV	green	amber_boltz	1	4.856	0.9415	0.9385	0.8934	174	183
1PXV	green	amber_boltz	2	5.382	0.9444	0.9413	0.8962	175	183
1PXV	green	amber_boltz	3	3.891	0.9546	0.9495	0.9098	177	183
1PXV	green	amber_boltz	4	3.955	0.9469	0.9440	0.9030	176	183
1QA9	green	af_relaxed	0	0.604	0.9757	0.9877	0.9044	102	102
1QA9	green	af_relaxed	1	0.700	0.9734	0.9877	0.9044	102	102
1QA9	green	af_relaxed	2	0.791	0.9684	0.9853	0.8725	101	102
1QA9	green	af_relaxed	3	0.668	0.9709	0.9828	0.8725	102	102
1QA9	green	af_relaxed	4	0.759	0.9714	0.9853	0.8897	101	102
1QA9	green	af_unrelaxed	0	0.596	0.9762	0.9902	0.9069	102	102
1QA9	green	af_unrelaxed	1	0.699	0.9735	0.9877	0.8946	102	102
1QA9	green	af_unrelaxed	2	0.788	0.9685	0.9853	0.8775	101	102
1QA9	green	af_unrelaxed	3	0.668	0.9710	0.9828	0.8750	102	102
1QA9	green	af_unrelaxed	4	0.754	0.9716	0.9902	0.8946	101	102
1QA9	green	boltz	0	0.630	0.9741	0.9853	0.8971	102	102
1QA9	green	boltz	1	0.783	0.9670	0.9779	0.8824	102	102
1QA9	green	boltz	2	0.747	0.9678	0.9804	0.8775	102	102
1QA9	green	boltz	3	0.747	0.9664	0.9730	0.8725	102	102
1QA9	green	boltz	4	0.744	0.9703	0.9779	0.8897	102	102
1QA9	green	amber_af	0	0.605	0.9756	0.9853	0.8995	102	102
1QA9	green	amber_af	1	0.701	0.9732	0.9877	0.9020	102	102
1QA9	green	amber_af	2	0.791	0.9684	0.9853	0.8725	101	102
1QA9	green	amber_af	3	0.668	0.9709	0.9828	0.8725	102	102
1QA9	green	amber_af	4	0.759	0.9714	0.9853	0.8897	101	102
1QA9	green	amber_boltz	0	0.630	0.9741	0.9828	0.8946	102	102
1QA9	green	amber_boltz	1	0.787	0.9668	0.9779	0.8799	102	102
1QA9	green	amber_boltz	2	0.751	0.9675	0.9804	0.8775	102	102
1QA9	green	amber_boltz	3	0.747	0.9664	0.9730	0.8725	102	102
1QA9	green	amber_boltz	4	0.746	0.9699	0.9755	0.8873	102	102
1R0R	green	af_relaxed	0	0.258	0.9982	0.9991	0.9909	274	274
1R0R	green	af_relaxed	1	0.259	0.9982	0.9991	0.9918	274	274
1R0R	green	af_relaxed	2	0.258	0.9982	0.9991	0.9900	274	274
1R0R	green	af_relaxed	3	0.260	0.9982	0.9991	0.9918	274	274
1R0R	green	af_relaxed	4	0.259	0.9982	0.9991	0.9909	274	274
1R0R	green	af_unrelaxed	0	0.249	0.9984	0.9991	0.9927	274	274
1R0R	green	af_unrelaxed	1	0.249	0.9983	0.9991	0.9927	274	274
1R0R	green	af_unrelaxed	2	0.252	0.9983	1.0000	0.9918	274	274
1R0R	green	af_unrelaxed	3	0.251	0.9983	0.9991	0.9927	274	274
1R0R	green	af_unrelaxed	4	0.253	0.9983	1.0000	0.9918	274	274
1R0R	green	boltz	0	0.270	0.9981	0.9991	0.9891	274	274
1R0R	green	boltz	1	0.250	0.9984	0.9991	0.9918	274	274
1R0R	green	boltz	2	0.268	0.9981	0.9991	0.9918	274	274
1R0R	green	boltz	3	0.271	0.9981	0.9982	0.9900	274	274
1R0R	green	boltz	4	0.273	0.9980	0.9982	0.9909	274	274
1R0R	green	amber_af	0	0.258	0.9982	0.9991	0.9909	274	274
1R0R	green	amber_af	1	0.257	0.9982	0.9991	0.9918	274	274
1R0R	green	amber_af	2	0.257	0.9982	1.0000	0.9909	274	274
1R0R	green	amber_af	3	0.258	0.9982	0.9991	0.9918	274	274
1R0R	green	amber_af	4	0.260	0.9982	0.9991	0.9909	274	274
1R0R	green	amber_boltz	0	0.279	0.9980	0.9991	0.9900	274	274
1R0R	green	amber_boltz	1	0.261	0.9982	0.9991	0.9918	274	274
1R0R	green	amber_boltz	2	0.278	0.9980	0.9991	0.9918	274	274
1R0R	green	amber_boltz	3	0.283	0.9979	0.9991	0.9909	274	274
1R0R	green	amber_boltz	4	0.281	0.9979	0.9991	0.9909	274	274
1R6Q	green	af_relaxed	0	0.532	0.9868	0.9912	0.9454	142	142
1R6Q	green	af_relaxed	1	0.549	0.9862	0.9912	0.9454	142	142
1R6Q	green	af_relaxed	2	0.564	0.9853	0.9894	0.9437	142	142
1R6Q	green	af_relaxed	3	0.566	0.9856	0.9912	0.9454	142	142
1R6Q	green	af_relaxed	4	0.608	0.9836	0.9877	0.9331	142	142
1R6Q	green	af_unrelaxed	0	0.526	0.9871	0.9912	0.9507	142	142
1R6Q	green	af_unrelaxed	1	0.539	0.9867	0.9912	0.9525	142	142
1R6Q	green	af_unrelaxed	2	0.562	0.9854	0.9894	0.9419	142	142
1R6Q	green	af_unrelaxed	3	0.557	0.9860	0.9912	0.9507	142	142
1R6Q	green	af_unrelaxed	4	0.605	0.9838	0.9894	0.9401	142	142
1R6Q	green	boltz	0	0.498	0.9883	0.9912	0.9454	142	142
1R6Q	green	boltz	1	0.574	0.9851	0.9894	0.9313	142	142
1R6Q	green	boltz	2	0.567	0.9852	0.9894	0.9243	142	142
1R6Q	green	boltz	3	0.860	0.9834	0.9859	0.9384	141	142
1R6Q	green	boltz	4	0.529	0.9871	0.9894	0.9366	142	142
1R6Q	green	amber_af	0	0.540	0.9865	0.9894	0.9419	142	142
1R6Q	green	amber_af	1	0.549	0.9862	0.9912	0.9454	142	142
1R6Q	green	amber_af	2	0.564	0.9853	0.9894	0.9437	142	142
1R6Q	green	amber_af	3	0.566	0.9856	0.9912	0.9454	142	142
1R6Q	green	amber_af	4	0.608	0.9836	0.9894	0.9366	142	142
1R6Q	green	amber_boltz	0	0.502	0.9881	0.9930	0.9472	142	142
1R6Q	green	amber_boltz	1	0.572	0.9852	0.9877	0.9331	142	142
1R6Q	green	amber_boltz	2	0.569	0.9851	0.9877	0.9208	142	142
1R6Q	green	amber_boltz	3	0.868	0.9832	0.9859	0.9401	141	142
1R6Q	green	amber_boltz	4	0.532	0.9869	0.9894	0.9331	142	142
1R8S	green	af_relaxed	0	1.574	0.9121	0.8875	0.7750	160	160
1R8S	green	af_relaxed	1	1.277	0.9402	0.9078	0.7953	160	160
1R8S	green	af_relaxed	2	2.174	0.8567	0.8547	0.7406	151	160
1R8S	green	af_relaxed	3	1.584	0.9117	0.8844	0.7656	159	160
1R8S	green	af_relaxed	4	3.054	0.8262	0.8359	0.7203	131	160
1R8S	green	af_unrelaxed	0	1.576	0.9121	0.8875	0.7766	160	160
1R8S	green	af_unrelaxed	1	1.276	0.9404	0.9062	0.7937	160	160
1R8S	green	af_unrelaxed	2	2.160	0.8579	0.8547	0.7406	151	160
1R8S	green	af_unrelaxed	3	1.576	0.9126	0.8875	0.7672	159	160
1R8S	green	af_unrelaxed	4	3.044	0.8266	0.8406	0.7266	131	160
1R8S	green	boltz	0	1.675	0.9290	0.8953	0.7922	154	160
1R8S	green	boltz	1	1.051	0.9586	0.9281	0.8297	160	160
1R8S	green	boltz	2	1.119	0.9541	0.9266	0.8281	160	160
1R8S	green	boltz	3	1.020	0.9604	0.9313	0.8328	160	160
1R8S	green	boltz	4	1.049	0.9584	0.9375	0.8406	160	160
1R8S	green	amber_af	0	1.575	0.9120	0.8875	0.7766	160	160
1R8S	green	amber_af	1	1.275	0.9403	0.9078	0.7953	160	160
1R8S	green	amber_af	2	2.179	0.8565	0.8547	0.7406	151	160
1R8S	green	amber_af	3	1.583	0.9117	0.8828	0.7641	159	160
1R8S	green	amber_af	4	3.055	0.8262	0.8375	0.7219	131	160
1R8S	green	amber_boltz	0	1.684	0.9281	0.8984	0.7953	154	160
1R8S	green	amber_boltz	1	1.064	0.9575	0.9281	0.8297	160	160
1R8S	green	amber_boltz	2	1.132	0.9529	0.9266	0.8281	160	160
1R8S	green	amber_boltz	3	1.026	0.9600	0.9375	0.8406	160	160
1R8S	green	amber_boltz	4	1.062	0.9572	0.9344	0.8359	160	160
1RKE	green	af_relaxed	0	4.359	0.8394	0.7395	0.5983	249	262
1RKE	green	af_relaxed	1	4.257	0.8573	0.7424	0.6031	250	262
1RKE	green	af_relaxed	2	4.198	0.8616	0.7452	0.6040	249	262
1RKE	green	af_relaxed	3	4.305	0.8422	0.7385	0.5964	249	262
1RKE	green	af_relaxed	4	4.309	0.8458	0.7395	0.5992	248	262
1RKE	green	af_unrelaxed	0	4.356	0.8398	0.7414	0.6002	248	262
1RKE	green	af_unrelaxed	1	4.254	0.8578	0.7424	0.6031	249	262
1RKE	green	af_unrelaxed	2	4.193	0.8618	0.7462	0.6059	249	262
1RKE	green	af_unrelaxed	3	4.303	0.8425	0.7395	0.5992	249	262
1RKE	green	af_unrelaxed	4	4.306	0.8460	0.7395	0.6011	249	262
1RKE	green	boltz	0	3.950	0.8871	0.7691	0.6135	252	262
1RKE	green	boltz	1	4.118	0.8985	0.8034	0.6546	252	262
1RKE	green	boltz	2	4.246	0.8506	0.7452	0.5954	250	262
1RKE	green	boltz	3	4.109	0.8955	0.7777	0.6279	251	262
1RKE	green	boltz	4	4.107	0.9118	0.8187	0.6698	252	262
1RKE	green	amber_af	0	4.360	0.8394	0.7385	0.5973	249	262
1RKE	green	amber_af	1	4.257	0.8572	0.7424	0.6031	249	262
1RKE	green	amber_af	2	4.197	0.8616	0.7452	0.6031	249	262
1RKE	green	amber_af	3	4.305	0.8422	0.7376	0.5954	249	262
1RKE	green	amber_af	4	4.309	0.8458	0.7395	0.6002	248	262
1RKE	green	amber_boltz	0	3.953	0.8868	0.7700	0.6097	252	262
1RKE	green	amber_boltz	1	4.120	0.8982	0.8006	0.6517	252	262
1RKE	green	amber_boltz	2	4.249	0.8505	0.7452	0.5954	249	262
1RKE	green	amber_boltz	3	4.113	0.8950	0.7777	0.6288	251	262
1RKE	green	amber_boltz	4	4.113	0.9117	0.8187	0.6708	252	262
1RLB	green	af_relaxed	0	1.038	0.9636	0.9690	0.8616	120	121
1RLB	green	af_relaxed	1	1.102	0.9618	0.9628	0.8595	120	121
1RLB	green	af_relaxed	2	1.367	0.9553	0.9545	0.8450	119	121
1RLB	green	af_relaxed	3	1.100	0.9610	0.9607	0.8430	119	121
1RLB	green	af_relaxed	4	1.452	0.9509	0.9525	0.8347	118	121
1RLB	green	af_unrelaxed	0	1.021	0.9639	0.9649	0.8554	120	121
1RLB	green	af_unrelaxed	1	1.085	0.9623	0.9649	0.8574	120	121
1RLB	green	af_unrelaxed	2	1.352	0.9560	0.9587	0.8492	119	121
1RLB	green	af_unrelaxed	3	1.087	0.9611	0.9607	0.8430	119	121
1RLB	green	af_unrelaxed	4	1.439	0.9512	0.9525	0.8347	118	121
1RLB	green	boltz	0	1.138	0.9624	0.9669	0.8719	119	121
1RLB	green	boltz	1	1.398	0.9598	0.9669	0.8781	118	121
1RLB	green	boltz	2	1.146	0.9612	0.9669	0.8698	118	121
1RLB	green	boltz	3	1.466	0.9599	0.9628	0.8802	118	121
1RLB	green	boltz	4	1.283	0.9607	0.9669	0.8760	118	121
1RLB	green	amber_af	0	1.038	0.9637	0.9690	0.8616	120	121
1RLB	green	amber_af	1	1.102	0.9618	0.9628	0.8595	120	121
1RLB	green	amber_af	2	1.366	0.9554	0.9566	0.8450	119	121
1RLB	green	amber_af	3	1.100	0.9609	0.9607	0.8409	119	121
1RLB	green	amber_af	4	1.452	0.9510	0.9525	0.8368	118	121
1RLB	green	amber_boltz	0	1.162	0.9618	0.9690	0.8822	118	121
1RLB	green	amber_boltz	1	1.406	0.9594	0.9690	0.8843	118	121
1RLB	green	amber_boltz	2	1.160	0.9605	0.9669	0.8740	118	121
1RLB	green	amber_boltz	3	1.477	0.9596	0.9628	0.8864	118	121
1RLB	green	amber_boltz	4	1.307	0.9596	0.9669	0.8740	118	121
1RV6	green	af_relaxed	0	0.962	0.9359	0.9415	0.8165	94	94
1RV6	green	af_relaxed	1	1.002	0.9314	0.9441	0.8191	94	94
1RV6	green	af_relaxed	2	1.129	0.9141	0.9255	0.7926	94	94
1RV6	green	af_relaxed	3	0.930	0.9382	0.9441	0.8271	94	94
1RV6	green	af_relaxed	4	0.960	0.9360	0.9388	0.8191	94	94
1RV6	green	af_unrelaxed	0	0.964	0.9355	0.9388	0.8112	94	94
1RV6	green	af_unrelaxed	1	1.005	0.9311	0.9441	0.8138	94	94
1RV6	green	af_unrelaxed	2	1.125	0.9148	0.9255	0.7926	94	94
1RV6	green	af_unrelaxed	3	0.930	0.9383	0.9415	0.8218	94	94
1RV6	green	af_unrelaxed	4	0.961	0.9358	0.9441	0.8271	94	94
1RV6	green	boltz	0	1.017	0.9303	0.9335	0.7926	94	94
1RV6	green	boltz	1	0.990	0.9347	0.9282	0.8059	94	94
1RV6	green	boltz	2	0.956	0.9374	0.9468	0.8191	94	94
1RV6	green	boltz	3	1.042	0.9273	0.9255	0.7952	94	94
1RV6	green	boltz	4	0.912	0.9424	0.9415	0.8218	94	94
1RV6	green	amber_af	0	0.964	0.9357	0.9388	0.8059	94	94
1RV6	green	amber_af	1	1.004	0.9312	0.9441	0.8218	94	94
1RV6	green	amber_af	2	1.128	0.9142	0.9255	0.7926	94	94
1RV6	green	amber_af	3	0.929	0.9384	0.9441	0.8271	94	94
1RV6	green	amber_af	4	0.958	0.9361	0.9388	0.8191	94	94
1RV6	green	amber_boltz	0	1.019	0.9302	0.9309	0.7872	94	94
1RV6	green	amber_boltz	1	0.990	0.9347	0.9309	0.8085	94	94
1RV6	green	amber_boltz	2	0.963	0.9367	0.9415	0.7979	94	94
1RV6	green	amber_boltz	3	1.042	0.9274	0.9229	0.7952	94	94
1RV6	green	amber_boltz	4	0.912	0.9423	0.9415	0.8191	94	94
1S1Q	green	af_relaxed	0	1.606	0.9131	0.8869	0.7372	136	137
1S1Q	green	af_relaxed	1	1.632	0.9143	0.8905	0.7482	135	137
1S1Q	green	af_relaxed	2	1.565	0.9143	0.8905	0.7372	137	137
1S1Q	green	af_relaxed	3	1.548	0.9154	0.8869	0.7354	137	137
1S1Q	green	af_relaxed	4	1.714	0.9048	0.8759	0.7208	134	137
1S1Q	green	af_unrelaxed	0	1.607	0.9126	0.8869	0.7354	137	137
1S1Q	green	af_unrelaxed	1	1.633	0.9139	0.8923	0.7464	135	137
1S1Q	green	af_unrelaxed	2	1.566	0.9141	0.8869	0.7354	137	137
1S1Q	green	af_unrelaxed	3	1.545	0.9153	0.8850	0.7336	137	137
1S1Q	green	af_unrelaxed	4	1.714	0.9045	0.8723	0.7135	134	137
1S1Q	green	boltz	0	1.582	0.9133	0.8814	0.7500	135	137
1S1Q	green	boltz	1	1.483	0.9236	0.8905	0.7865	136	137
1S1Q	green	boltz	2	1.402	0.9287	0.8960	0.7774	137	137
1S1Q	green	boltz	3	1.455	0.9247	0.8942	0.7719	137	137
1S1Q	green	boltz	4	1.575	0.9159	0.8850	0.7737	135	137
1S1Q	green	amber_af	0	1.607	0.9130	0.8850	0.7354	136	137
1S1Q	green	amber_af	1	1.631	0.9143	0.8905	0.7482	135	137
1S1Q	green	amber_af	2	1.565	0.9143	0.8887	0.7336	137	137
1S1Q	green	amber_af	3	1.548	0.9154	0.8850	0.7354	137	137
1S1Q	green	amber_af	4	1.712	0.9049	0.8741	0.7190	134	137
1S1Q	green	amber_boltz	0	1.577	0.9142	0.8796	0.7482	135	137
1S1Q	green	amber_boltz	1	1.494	0.9231	0.8905	0.7847	136	137
1S1Q	green	amber_boltz	2	1.388	0.9300	0.9015	0.7810	137	137
1S1Q	green	amber_boltz	3	1.442	0.9258	0.8960	0.7719	137	137
1S1Q	green	amber_boltz	4	1.568	0.9165	0.8850	0.7755	135	137
1S78	green	af_relaxed	0	1.696	0.9672	0.8770	0.7009	545	555
1S78	green	af_relaxed	1	1.183	0.9835	0.9383	0.8140	550	555
1S78	green	af_relaxed	2	1.753	0.9644	0.8734	0.7027	540	555
1S78	green	af_relaxed	3	1.509	0.9741	0.9036	0.7495	546	555
1S78	green	af_relaxed	4	1.467	0.9740	0.9009	0.7608	546	555
1S78	green	af_unrelaxed	0	1.671	0.9678	0.8824	0.7095	545	555
1S78	green	af_unrelaxed	1	1.182	0.9835	0.9387	0.8167	550	555
1S78	green	af_unrelaxed	2	1.753	0.9644	0.8757	0.7050	541	555
1S78	green	af_unrelaxed	3	1.492	0.9746	0.9054	0.7559	545	555
1S78	green	af_unrelaxed	4	1.412	0.9762	0.9149	0.7779	548	555
1S78	green	boltz	0	1.292	0.9806	0.9153	0.7550	549	555
1S78	green	boltz	1	1.200	0.9834	0.9329	0.7680	549	555
1S78	green	boltz	2	1.420	0.9781	0.9068	0.7365	547	555
1S78	green	boltz	3	1.314	0.9814	0.9302	0.7874	547	555
1S78	green	boltz	4	1.166	0.9831	0.9261	0.7536	549	555
1S78	green	amber_af	0	1.688	0.9674	0.8806	0.7086	545	555
1S78	green	amber_af	1	1.183	0.9835	0.9392	0.8140	550	555
1S78	green	amber_af	2	1.753	0.9644	0.8730	0.7023	540	555
1S78	green	amber_af	3	1.536	0.9734	0.9032	0.7419	545	555
1S78	green	amber_af	4	1.457	0.9742	0.8986	0.7581	547	555
1S78	green	amber_boltz	0	1.300	0.9804	0.9153	0.7550	549	555
1S78	green	amber_boltz	1	1.210	0.9832	0.9306	0.7649	549	555
1S78	green	amber_boltz	2	1.429	0.9778	0.9068	0.7342	547	555
1S78	green	amber_boltz	3	1.320	0.9813	0.9306	0.7887	547	555
1S78	green	amber_boltz	4	1.175	0.9829	0.9239	0.7527	549	555
1SBB	green	af_relaxed	0	5.941	0.6444	0.6187	0.4482	124	217
1SBB	green	af_relaxed	1	2.763	0.8674	0.7730	0.6210	204	217
1SBB	green	af_relaxed	2	2.119	0.9030	0.8180	0.6555	208	217
1SBB	green	af_relaxed	3	3.862	0.7638	0.6959	0.5265	168	217
1SBB	green	af_relaxed	4	18.799	0.5454	0.4896	0.4021	120	217
1SBB	green	af_unrelaxed	0	6.041	0.6478	0.6406	0.5069	124	217
1SBB	green	af_unrelaxed	1	2.769	0.8648	0.7765	0.6290	204	217
1SBB	green	af_unrelaxed	2	2.072	0.9049	0.8272	0.6774	208	217
1SBB	green	af_unrelaxed	3	3.951	0.7589	0.7062	0.5541	163	217
1SBB	green	af_unrelaxed	4	18.687	0.5604	0.5415	0.4988	119	217
1SBB	green	boltz	0	1.763	0.9428	0.8998	0.7638	207	217
1SBB	green	boltz	1	1.726	0.9437	0.9044	0.7765	208	217
1SBB	green	boltz	2	1.694	0.9423	0.8986	0.7903	213	217
1SBB	green	boltz	3	1.603	0.9497	0.9124	0.7915	211	217
1SBB	green	boltz	4	1.789	0.9433	0.9067	0.7800	207	217
1SBB	green	amber_af	0	5.921	0.6458	0.6210	0.4470	125	217
1SBB	green	amber_af	1	2.768	0.8673	0.7742	0.6221	204	217
1SBB	green	amber_af	2	2.103	0.9034	0.8191	0.6567	208	217
1SBB	green	amber_af	3	3.860	0.7638	0.6959	0.5276	169	217
1SBB	green	amber_af	4	18.821	0.5445	0.4862	0.3986	120	217
1SBB	green	amber_boltz	0	1.771	0.9425	0.9032	0.7696	206	217
1SBB	green	amber_boltz	1	1.735	0.9432	0.9032	0.7765	207	217
1SBB	green	amber_boltz	2	1.699	0.9420	0.8963	0.7869	213	217
1SBB	green	amber_boltz	3	1.619	0.9489	0.9124	0.7892	211	217
1SBB	green	amber_boltz	4	1.798	0.9428	0.9090	0.7811	206	217
1SYX	green	af_relaxed	0	0.299	0.9953	1.0000	0.9796	135	135
1SYX	green	af_relaxed	1	0.283	0.9958	1.0000	0.9852	135	135
1SYX	green	af_relaxed	2	0.301	0.9952	1.0000	0.9833	135	135
1SYX	green	af_relaxed	3	0.297	0.9953	1.0000	0.9852	135	135
1SYX	green	af_relaxed	4	0.298	0.9953	1.0000	0.9833	135	135
1SYX	green	af_unrelaxed	0	0.301	0.9952	1.0000	0.9796	135	135
1SYX	green	af_unrelaxed	1	0.284	0.9957	1.0000	0.9889	135	135
1SYX	green	af_unrelaxed	2	0.299	0.9953	1.0000	0.9833	135	135
1SYX	green	af_unrelaxed	3	0.296	0.9954	1.0000	0.9833	135	135
1SYX	green	af_unrelaxed	4	0.295	0.9954	1.0000	0.9833	135	135
1SYX	green	boltz	0	0.425	0.9909	0.9963	0.9685	135	135
1SYX	green	boltz	1	0.459	0.9894	0.9963	0.9519	135	135
1SYX	green	boltz	2	0.666	0.9869	0.9907	0.9556	134	135
1SYX	green	boltz	3	0.442	0.9901	0.9981	0.9630	135	135
1SYX	green	boltz	4	0.594	0.9863	0.9944	0.9500	135	135
1SYX	green	amber_af	0	0.299	0.9953	1.0000	0.9815	135	135
1SYX	green	amber_af	1	0.283	0.9957	1.0000	0.9852	135	135
1SYX	green	amber_af	2	0.301	0.9952	1.0000	0.9833	135	135
1SYX	green	amber_af	3	0.298	0.9953	1.0000	0.9852	135	135
1SYX	green	amber_af	4	0.296	0.9954	1.0000	0.9833	135	135
1SYX	green	amber_boltz	0	0.407	0.9914	0.9963	0.9667	135	135
1SYX	green	amber_boltz	1	0.458	0.9894	0.9963	0.9500	135	135
1SYX	green	amber_boltz	2	0.679	0.9867	0.9907	0.9574	134	135
1SYX	green	amber_boltz	3	0.444	0.9900	0.9981	0.9593	135	135
1SYX	green	amber_boltz	4	0.611	0.9860	0.9944	0.9463	134	135
1T6B	green	af_relaxed	0	1.307	0.9814	0.8994	0.7592	673	676
1T6B	green	af_relaxed	1	1.310	0.9823	0.9038	0.7637	673	676
1T6B	green	af_relaxed	2	1.339	0.9804	0.8961	0.7530	673	676
1T6B	green	af_relaxed	3	1.313	0.9818	0.9024	0.7589	673	676
1T6B	green	af_relaxed	4	1.349	0.9812	0.8994	0.7570	673	676
1T6B	green	af_unrelaxed	0	1.258	0.9825	0.9038	0.7681	674	676
1T6B	green	af_unrelaxed	1	1.253	0.9836	0.9098	0.7785	674	676
1T6B	green	af_unrelaxed	2	1.298	0.9814	0.9005	0.7652	674	676
1T6B	green	af_unrelaxed	3	1.261	0.9829	0.9057	0.7714	674	676
1T6B	green	af_unrelaxed	4	1.271	0.9832	0.9094	0.7744	674	676
1T6B	green	boltz	0	14.178	0.7312	0.5285	0.3735	474	676
1T6B	green	boltz	1	14.073	0.7416	0.5366	0.3842	493	676
1T6B	green	boltz	2	14.044	0.7158	0.5052	0.3550	453	676
1T6B	green	boltz	3	14.125	0.7242	0.5248	0.3776	472	676
1T6B	green	boltz	4	14.607	0.7316	0.5337	0.3835	488	676
1T6B	green	amber_af	0	1.307	0.9814	0.8994	0.7592	673	676
1T6B	green	amber_af	1	1.295	0.9827	0.9053	0.7685	673	676
1T6B	green	amber_af	2	1.340	0.9804	0.8976	0.7548	673	676
1T6B	green	amber_af	3	1.304	0.9820	0.9024	0.7607	673	676
1T6B	green	amber_af	4	1.350	0.9812	0.9001	0.7574	673	676
1T6B	green	amber_boltz	0	14.202	0.7312	0.5303	0.3757	475	676
1T6B	green	amber_boltz	1	14.091	0.7413	0.5337	0.3813	491	676
1T6B	green	amber_boltz	2	14.071	0.7159	0.5063	0.3561	449	676
1T6B	green	amber_boltz	3	14.148	0.7242	0.5244	0.3720	473	676
1T6B	green	amber_boltz	4	14.638	0.7315	0.5333	0.3824	489	676
1TMQ	green	af_relaxed	0	0.621	0.9942	0.9878	0.9021	469	470
1TMQ	green	af_relaxed	1	0.502	0.9958	0.9952	0.9207	470	470
1TMQ	green	af_relaxed	2	0.523	0.9955	0.9915	0.9112	470	470
1TMQ	green	af_relaxed	3	0.520	0.9955	0.9936	0.9128	470	470
1TMQ	green	af_relaxed	4	0.544	0.9951	0.9894	0.9027	470	470
1TMQ	green	af_unrelaxed	0	0.620	0.9942	0.9894	0.9027	469	470
1TMQ	green	af_unrelaxed	1	0.507	0.9958	0.9952	0.9160	470	470
1TMQ	green	af_unrelaxed	2	0.528	0.9954	0.9926	0.9128	470	470
1TMQ	green	af_unrelaxed	3	0.525	0.9954	0.9931	0.9106	470	470
1TMQ	green	af_unrelaxed	4	0.541	0.9952	0.9915	0.9048	470	470
1TMQ	green	boltz	0	0.503	0.9959	0.9915	0.9293	470	470
1TMQ	green	boltz	1	0.534	0.9953	0.9904	0.9149	470	470
1TMQ	green	boltz	2	0.525	0.9955	0.9888	0.9154	470	470
1TMQ	green	boltz	3	0.509	0.9957	0.9926	0.9213	470	470
1TMQ	green	boltz	4	0.540	0.9952	0.9904	0.9074	470	470
1TMQ	green	amber_af	0	0.621	0.9942	0.9883	0.9032	469	470
1TMQ	green	amber_af	1	0.502	0.9958	0.9952	0.9202	470	470
1TMQ	green	amber_af	2	0.523	0.9955	0.9920	0.9106	470	470
1TMQ	green	amber_af	3	0.522	0.9955	0.9931	0.9144	470	470
1TMQ	green	amber_af	4	0.538	0.9952	0.9894	0.9032	470	470
1TMQ	green	amber_boltz	0	0.502	0.9959	0.9910	0.9314	470	470
1TMQ	green	amber_boltz	1	0.533	0.9953	0.9904	0.9122	470	470
1TMQ	green	amber_boltz	2	0.524	0.9955	0.9894	0.9149	470	470
1TMQ	green	amber_boltz	3	0.508	0.9957	0.9931	0.9223	470	470
1TMQ	green	amber_boltz	4	0.539	0.9952	0.9904	0.9059	470	470
1UDI	green	af_relaxed	0	0.404	0.9949	0.9967	0.9615	227	227
1UDI	green	af_relaxed	1	0.418	0.9945	0.9967	0.9570	227	227
1UDI	green	af_relaxed	2	0.407	0.9948	0.9978	0.9581	227	227
1UDI	green	af_relaxed	3	0.442	0.9939	0.9967	0.9482	227	227
1UDI	green	af_relaxed	4	0.470	0.9931	0.9945	0.9350	227	227
1UDI	green	boltz	0	0.411	0.9947	0.9956	0.9548	227	227
1UDI	green	boltz	1	0.464	0.9933	0.9934	0.9361	227	227
1UDI	green	boltz	2	0.400	0.9950	0.9967	0.9604	227	227
1UDI	green	boltz	3	0.388	0.9953	0.9967	0.9692	227	227
1UDI	green	boltz	4	0.410	0.9947	0.9956	0.9615	227	227
1UDI	green	amber_af	0	0.404	0.9949	0.9967	0.9615	227	227
1UDI	green	amber_af	1	0.418	0.9945	0.9978	0.9581	227	227
1UDI	green	amber_af	2	0.407	0.9948	0.9978	0.9581	227	227
1UDI	green	amber_af	3	0.442	0.9939	0.9967	0.9482	227	227
1UDI	green	amber_af	4	0.470	0.9931	0.9945	0.9339	227	227
1UDI	green	amber_boltz	0	0.417	0.9946	0.9967	0.9515	227	227
1UDI	green	amber_boltz	1	0.468	0.9932	0.9934	0.9361	227	227
1UDI	green	amber_boltz	2	0.409	0.9948	0.9967	0.9581	227	227
1UDI	green	amber_boltz	3	0.394	0.9952	0.9967	0.9670	227	227
1UDI	green	amber_boltz	4	0.416	0.9946	0.9956	0.9604	227	227
1US7	green	af_relaxed	0	0.605	0.9876	0.9854	0.8762	206	206
1US7	green	af_relaxed	1	0.624	0.9869	0.9830	0.8762	206	206
1US7	green	af_relaxed	2	0.624	0.9868	0.9818	0.8701	206	206
1US7	green	af_relaxed	3	0.653	0.9856	0.9818	0.8617	206	206
1US7	green	af_relaxed	4	0.644	0.9859	0.9806	0.8617	206	206
1US7	green	boltz	0	0.620	0.9897	0.9879	0.9527	205	206
1US7	green	boltz	1	0.629	0.9889	0.9867	0.9466	206	206
1US7	green	boltz	2	0.667	0.9875	0.9830	0.9369	206	206
1US7	green	boltz	3	0.676	0.9870	0.9806	0.9357	206	206
1US7	green	boltz	4	0.719	0.9852	0.9745	0.9223	205	206
1US7	green	amber_af	0	0.605	0.9876	0.9854	0.8774	206	206
1US7	green	amber_af	1	0.622	0.9869	0.9830	0.8762	206	206
1US7	green	amber_af	2	0.624	0.9868	0.9818	0.8689	206	206
1US7	green	amber_af	3	0.654	0.9855	0.9806	0.8604	206	206
1US7	green	amber_af	4	0.643	0.9860	0.9818	0.8617	206	206
1US7	green	amber_boltz	0	0.632	0.9893	0.9867	0.9490	205	206
1US7	green	amber_boltz	1	0.640	0.9886	0.9842	0.9405	206	206
1US7	green	amber_boltz	2	0.678	0.9872	0.9842	0.9308	205	206
1US7	green	amber_boltz	3	0.688	0.9865	0.9794	0.9308	206	206
1US7	green	amber_boltz	4	0.726	0.9850	0.9769	0.9223	205	206
1VFB	green	af_relaxed	0	0.457	0.9864	0.9953	0.9603	107	107
1VFB	green	af_relaxed	1	0.387	0.9902	0.9977	0.9766	107	107
1VFB	green	af_relaxed	2	0.454	0.9869	0.9930	0.9579	107	107
1VFB	green	af_relaxed	3	0.406	0.9890	0.9977	0.9650	107	107
1VFB	green	af_relaxed	4	0.421	0.9886	0.9953	0.9696	107	107
1VFB	green	boltz	0	0.361	0.9914	0.9977	0.9720	107	107
1VFB	green	boltz	1	0.394	0.9898	0.9953	0.9650	107	107
1VFB	green	boltz	2	0.417	0.9887	0.9930	0.9603	107	107
1VFB	green	boltz	3	0.359	0.9914	0.9977	0.9720	107	107
1VFB	green	boltz	4	0.404	0.9895	0.9930	0.9673	107	107
1VFB	green	amber_af	0	0.457	0.9864	0.9953	0.9626	107	107
1VFB	green	amber_af	1	0.387	0.9902	0.9977	0.9766	107	107
1VFB	green	amber_af	2	0.454	0.9869	0.9930	0.9579	107	107
1VFB	green	amber_af	3	0.406	0.9890	0.9977	0.9650	107	107
1VFB	green	amber_af	4	0.421	0.9886	0.9953	0.9720	107	107
1VFB	green	amber_boltz	0	0.374	0.9909	0.9977	0.9720	107	107
1VFB	green	amber_boltz	1	0.393	0.9898	0.9953	0.9650	107	107
1VFB	green	amber_boltz	2	0.418	0.9886	0.9930	0.9626	107	107
1VFB	green	amber_boltz	3	0.363	0.9912	0.9977	0.9743	107	107
1VFB	green	amber_boltz	4	0.408	0.9893	0.9930	0.9696	107	107
1WDW	green	af_relaxed	0	0.674	0.9895	0.9885	0.9427	239	240
1WDW	green	af_relaxed	1	0.673	0.9894	0.9885	0.9406	239	240
1WDW	green	af_relaxed	2	0.691	0.9891	0.9885	0.9417	239	240
1WDW	green	af_relaxed	3	0.669	0.9896	0.9885	0.9417	239	240
1WDW	green	af_relaxed	4	0.669	0.9896	0.9875	0.9427	239	240
1WDW	green	boltz	0	0.930	0.9813	0.9740	0.8719	238	240
1WDW	green	boltz	1	0.920	0.9812	0.9719	0.8719	238	240
1WDW	green	boltz	2	0.937	0.9811	0.9719	0.8771	238	240
1WDW	green	boltz	3	0.916	0.9815	0.9729	0.8802	238	240
1WDW	green	boltz	4	0.911	0.9818	0.9750	0.8771	238	240
1WDW	green	amber_af	0	0.673	0.9895	0.9885	0.9427	239	240
1WDW	green	amber_af	1	0.673	0.9894	0.9875	0.9396	239	240
1WDW	green	amber_af	2	0.690	0.9891	0.9875	0.9406	239	240
1WDW	green	amber_af	3	0.670	0.9896	0.9885	0.9437	239	240
1WDW	green	amber_af	4	0.668	0.9897	0.9865	0.9417	239	240
1WDW	green	amber_boltz	0	0.940	0.9808	0.9719	0.8656	238	240
1WDW	green	amber_boltz	1	0.929	0.9808	0.9719	0.8656	238	240
1WDW	green	amber_boltz	2	0.943	0.9808	0.9719	0.8729	238	240
1WDW	green	amber_boltz	3	0.925	0.9811	0.9708	0.8719	238	240
1WDW	green	amber_boltz	4	0.921	0.9813	0.9740	0.8708	238	240
1WEJ	green	af_relaxed	0	13.638	0.1655	0.1442	0.0817	15	104
1WEJ	green	af_relaxed	1	13.619	0.1666	0.1466	0.0841	14	104
1WEJ	green	af_relaxed	2	13.619	0.1662	0.1514	0.0841	15	104
1WEJ	green	af_relaxed	3	13.605	0.1669	0.1442	0.0817	17	104
1WEJ	green	af_relaxed	4	13.626	0.1657	0.1490	0.0841	15	104
1WEJ	green	boltz	0	13.628	0.1667	0.1490	0.0841	18	104
1WEJ	green	boltz	1	13.638	0.1661	0.1466	0.0817	18	104
1WEJ	green	boltz	2	13.609	0.1667	0.1442	0.0817	18	104
1WEJ	green	boltz	3	13.630	0.1666	0.1466	0.0817	18	104
1WEJ	green	boltz	4	13.632	0.1658	0.1442	0.0817	13	104
1WEJ	green	amber_af	0	13.637	0.1654	0.1442	0.0817	15	104
1WEJ	green	amber_af	1	13.619	0.1665	0.1442	0.0841	14	104
1WEJ	green	amber_af	2	13.620	0.1661	0.1490	0.0817	15	104
1WEJ	green	amber_af	3	13.605	0.1669	0.1490	0.0817	17	104
1WEJ	green	amber_af	4	13.626	0.1660	0.1442	0.0841	15	104
1WEJ	green	amber_boltz	0	13.636	0.1664	0.1466	0.0841	18	104
1WEJ	green	amber_boltz	1	13.648	0.1659	0.1442	0.0793	18	104
1WEJ	green	amber_boltz	2	13.627	0.1654	0.1418	0.0817	13	104
1WEJ	green	amber_boltz	3	13.642	0.1652	0.1466	0.0817	13	104
1WEJ	green	amber_boltz	4	13.640	0.1656	0.1466	0.0817	13	104
1WQ1	green	af_relaxed	0	1.163	0.9751	0.9273	0.7805	317	320
1WQ1	green	af_relaxed	1	1.166	0.9760	0.9305	0.7797	317	320
1WQ1	green	af_relaxed	2	1.162	0.9749	0.9273	0.7852	317	320
1WQ1	green	af_relaxed	3	1.233	0.9732	0.9219	0.7766	316	320
1WQ1	green	af_relaxed	4	1.265	0.9719	0.9180	0.7664	316	320
1WQ1	green	boltz	0	1.685	0.9532	0.8820	0.7367	315	320
1WQ1	green	boltz	1	1.636	0.9534	0.8883	0.7562	316	320
1WQ1	green	boltz	2	1.803	0.9446	0.8641	0.7219	315	320
1WQ1	green	boltz	3	1.736	0.9509	0.8789	0.7422	314	320
1WQ1	green	boltz	4	1.801	0.9447	0.8750	0.7398	314	320
1WQ1	green	amber_af	0	1.163	0.9751	0.9266	0.7797	317	320
1WQ1	green	amber_af	1	1.165	0.9760	0.9305	0.7797	317	320
1WQ1	green	amber_af	2	1.162	0.9749	0.9281	0.7875	317	320
1WQ1	green	amber_af	3	1.234	0.9732	0.9219	0.7766	317	320
1WQ1	green	amber_af	4	1.265	0.9719	0.9180	0.7664	316	320
1WQ1	green	amber_boltz	0	1.692	0.9529	0.8812	0.7367	315	320
1WQ1	green	amber_boltz	1	1.642	0.9532	0.8875	0.7516	316	320
1WQ1	green	amber_boltz	2	1.804	0.9446	0.8633	0.7188	315	320
1WQ1	green	amber_boltz	3	1.739	0.9508	0.8773	0.7383	315	320
1WQ1	green	amber_boltz	4	1.802	0.9447	0.8750	0.7383	314	320
1XD3	green	af_relaxed	0	0.662	0.9904	0.9924	0.9269	228	229
1XD3	green	af_relaxed	1	0.653	0.9904	0.9934	0.9258	228	229
1XD3	green	af_relaxed	2	0.650	0.9906	0.9934	0.9323	228	229
1XD3	green	af_relaxed	3	0.686	0.9897	0.9913	0.9181	228	229
1XD3	green	af_relaxed	4	0.645	0.9906	0.9945	0.9301	228	229
1XD3	green	boltz	0	0.678	0.9918	0.9956	0.9465	228	229
1XD3	green	boltz	1	0.740	0.9911	0.9956	0.9465	228	229
1XD3	green	boltz	2	0.669	0.9915	0.9945	0.9400	228	229
1XD3	green	boltz	3	0.750	0.9910	0.9956	0.9378	228	229
1XD3	green	boltz	4	0.617	0.9927	0.9967	0.9563	228	229
1XD3	green	amber_af	0	0.662	0.9904	0.9924	0.9258	228	229
1XD3	green	amber_af	1	0.653	0.9905	0.9934	0.9258	228	229
1XD3	green	amber_af	2	0.651	0.9905	0.9934	0.9301	228	229
1XD3	green	amber_af	3	0.687	0.9897	0.9913	0.9181	228	229
1XD3	green	amber_af	4	0.645	0.9906	0.9945	0.9290	228	229
1XD3	green	amber_boltz	0	0.683	0.9916	0.9956	0.9421	228	229
1XD3	green	amber_boltz	1	0.744	0.9909	0.9945	0.9443	228	229
1XD3	green	amber_boltz	2	0.675	0.9913	0.9945	0.9400	228	229
1XD3	green	amber_boltz	3	0.762	0.9908	0.9956	0.9367	228	229
1XD3	green	amber_boltz	4	0.624	0.9925	0.9956	0.9541	228	229
1XQS	green	af_relaxed	0	0.581	0.9910	0.9905	0.9044	264	264
1XQS	green	af_relaxed	1	0.585	0.9910	0.9886	0.9072	264	264
1XQS	green	af_relaxed	2	0.719	0.9891	0.9877	0.9025	263	264
1XQS	green	af_relaxed	3	0.623	0.9897	0.9858	0.8873	264	264
1XQS	green	af_relaxed	4	0.590	0.9908	0.9867	0.8977	264	264
1XQS	green	boltz	0	0.638	0.9890	0.9801	0.8769	264	264
1XQS	green	boltz	1	0.623	0.9897	0.9848	0.8759	264	264
1XQS	green	boltz	2	0.606	0.9905	0.9905	0.9072	264	264
1XQS	green	boltz	3	0.719	0.9863	0.9706	0.8456	264	264
1XQS	green	boltz	4	0.856	0.9847	0.9735	0.8570	263	264
1XQS	green	amber_af	0	0.581	0.9910	0.9896	0.9034	264	264
1XQS	green	amber_af	1	0.585	0.9910	0.9886	0.9072	264	264
1XQS	green	amber_af	2	0.719	0.9891	0.9877	0.9025	263	264
1XQS	green	amber_af	3	0.623	0.9897	0.9848	0.8873	264	264
1XQS	green	amber_af	4	0.590	0.9908	0.9867	0.8977	264	264
1XQS	green	amber_boltz	0	0.640	0.9890	0.9792	0.8750	264	264
1XQS	green	amber_boltz	1	0.622	0.9897	0.9858	0.8835	264	264
1XQS	green	amber_boltz	2	0.610	0.9904	0.9886	0.9025	264	264
1XQS	green	amber_boltz	3	0.722	0.9862	0.9688	0.8400	264	264
1XQS	green	amber_boltz	4	0.857	0.9846	0.9744	0.8561	263	264
1XU1	green	af_relaxed	0	0.659	0.9846	0.9909	0.9398	136	137
1XU1	green	af_relaxed	1	0.783	0.9783	0.9818	0.9106	136	137
1XU1	green	af_relaxed	2	0.786	0.9785	0.9836	0.9179	136	137
1XU1	green	af_relaxed	3	0.797	0.9790	0.9854	0.9234	136	137
1XU1	green	af_relaxed	4	0.758	0.9797	0.9818	0.9215	136	137
1XU1	green	boltz	0	0.646	0.9814	0.9872	0.9161	137	137
1XU1	green	boltz	1	0.610	0.9833	0.9891	0.9197	137	137
1XU1	green	boltz	2	0.635	0.9831	0.9909	0.9325	137	137
1XU1	green	boltz	3	0.634	0.9822	0.9891	0.9197	137	137
1XU1	green	boltz	4	0.649	0.9810	0.9891	0.9088	137	137
1XU1	green	amber_af	0	0.659	0.9846	0.9909	0.9380	136	137
1XU1	green	amber_af	1	0.784	0.9783	0.9818	0.9142	136	137
1XU1	green	amber_af	2	0.785	0.9785	0.9836	0.9197	136	137
1XU1	green	amber_af	3	0.797	0.9790	0.9854	0.9234	136	137
1XU1	green	amber_af	4	0.759	0.9796	0.9818	0.9215	136	137
1XU1	green	amber_boltz	0	0.647	0.9813	0.9872	0.9179	137	137
1XU1	green	amber_boltz	1	0.605	0.9835	0.9909	0.9197	137	137
1XU1	green	amber_boltz	2	0.636	0.9829	0.9909	0.9270	137	137
1XU1	green	amber_boltz	3	0.634	0.9822	0.9891	0.9197	137	137
1XU1	green	amber_boltz	4	0.646	0.9812	0.9891	0.9124	137	137
1Y64	green	af_relaxed	0	1.175	0.9740	0.9087	0.7331	355	356
1Y64	green	af_relaxed	1	1.259	0.9728	0.9066	0.7240	353	356
1Y64	green	af_relaxed	2	1.204	0.9745	0.9136	0.7367	354	356
1Y64	green	af_relaxed	3	1.213	0.9721	0.8989	0.7170	354	356
1Y64	green	af_relaxed	4	1.247	0.9729	0.9066	0.7247	354	356
1Y64	green	boltz	0	1.319	0.9708	0.9024	0.7212	353	356
1Y64	green	boltz	1	1.317	0.9703	0.8954	0.7072	353	356
1Y64	green	boltz	2	1.249	0.9734	0.9073	0.7268	353	356
1Y64	green	boltz	3	1.250	0.9730	0.9129	0.7275	353	356
1Y64	green	boltz	4	1.386	0.9668	0.8757	0.6805	353	356
1Y64	green	amber_af	0	1.175	0.9740	0.9094	0.7324	355	356
1Y64	green	amber_af	1	1.259	0.9727	0.9059	0.7240	353	356
1Y64	green	amber_af	2	1.201	0.9746	0.9143	0.7360	354	356
1Y64	green	amber_af	3	1.218	0.9719	0.8982	0.7184	355	356
1Y64	green	amber_af	4	1.247	0.9729	0.9066	0.7268	354	356
1Y64	green	amber_boltz	0	1.340	0.9698	0.8982	0.7142	353	356
1Y64	green	amber_boltz	1	1.338	0.9692	0.8862	0.6966	353	356
1Y64	green	amber_boltz	2	1.273	0.9723	0.9031	0.7205	353	356
1Y64	green	amber_boltz	3	1.357	0.9689	0.8961	0.7037	351	356
1Y64	green	amber_boltz	4	1.510	0.9617	0.8581	0.6573	351	356
1YVB	green	af_relaxed	0	0.485	0.9931	0.9938	0.9419	241	241
1YVB	green	af_relaxed	1	0.566	0.9908	0.9855	0.9191	241	241
1YVB	green	af_relaxed	2	0.543	0.9914	0.9876	0.9212	241	241
1YVB	green	af_relaxed	3	0.689	0.9882	0.9824	0.9180	240	241
1YVB	green	af_relaxed	4	0.678	0.9885	0.9834	0.9191	240	241
1YVB	green	boltz	0	0.596	0.9898	0.9803	0.9170	241	241
1YVB	green	boltz	1	0.516	0.9922	0.9876	0.9295	241	241
1YVB	green	boltz	2	0.545	0.9917	0.9865	0.9378	241	241
1YVB	green	boltz	3	0.583	0.9907	0.9834	0.9315	241	241
1YVB	green	boltz	4	0.527	0.9921	0.9886	0.9346	241	241
1YVB	green	amber_af	0	0.485	0.9931	0.9938	0.9409	241	241
1YVB	green	amber_af	1	0.566	0.9908	0.9865	0.9201	241	241
1YVB	green	amber_af	2	0.543	0.9914	0.9876	0.9201	241	241
1YVB	green	amber_af	3	0.689	0.9881	0.9824	0.9160	240	241
1YVB	green	amber_af	4	0.678	0.9885	0.9834	0.9191	240	241
1YVB	green	amber_boltz	0	0.599	0.9896	0.9803	0.9180	241	241
1YVB	green	amber_boltz	1	0.517	0.9922	0.9876	0.9305	241	241
1YVB	green	amber_boltz	2	0.548	0.9916	0.9865	0.9315	241	241
1YVB	green	amber_boltz	3	0.583	0.9907	0.9834	0.9336	241	241
1YVB	green	amber_boltz	4	0.530	0.9920	0.9896	0.9357	241	241
1Z0K	green	af_relaxed	0	0.524	0.9903	0.9926	0.9601	169	169
1Z0K	green	af_relaxed	1	0.529	0.9901	0.9926	0.9586	169	169
1Z0K	green	af_relaxed	2	0.557	0.9891	0.9882	0.9527	169	169
1Z0K	green	af_relaxed	3	0.550	0.9892	0.9896	0.9601	169	169
1Z0K	green	af_relaxed	4	0.680	0.9836	0.9822	0.9334	169	169
1Z0K	green	boltz	0	1.390	0.9491	0.9349	0.8624	166	169
1Z0K	green	boltz	1	1.432	0.9466	0.9320	0.8565	165	169
1Z0K	green	boltz	2	1.487	0.9444	0.9364	0.8743	163	169
1Z0K	green	boltz	3	1.417	0.9467	0.9334	0.8580	166	169
1Z0K	green	boltz	4	1.315	0.9520	0.9334	0.8624	167	169
1Z0K	green	amber_af	0	0.524	0.9903	0.9926	0.9601	169	169
1Z0K	green	amber_af	1	0.528	0.9901	0.9926	0.9586	169	169
1Z0K	green	amber_af	2	0.557	0.9891	0.9882	0.9527	169	169
1Z0K	green	amber_af	3	0.550	0.9892	0.9896	0.9586	169	169
1Z0K	green	amber_af	4	0.677	0.9838	0.9822	0.9349	169	169
1Z0K	green	amber_boltz	0	1.400	0.9486	0.9349	0.8624	166	169
1Z0K	green	amber_boltz	1	1.446	0.9460	0.9334	0.8580	165	169
1Z0K	green	amber_boltz	2	1.501	0.9436	0.9349	0.8743	162	169
1Z0K	green	amber_boltz	3	1.422	0.9465	0.9334	0.8595	166	169
1Z0K	green	amber_boltz	4	1.324	0.9516	0.9334	0.8654	167	169
1Z5Y	green	af_relaxed	0	0.369	0.9921	0.9958	0.9746	118	118
1Z5Y	green	af_relaxed	1	0.336	0.9934	0.9958	0.9809	118	118
1Z5Y	green	af_relaxed	2	0.315	0.9942	0.9979	0.9809	118	118
1Z5Y	green	af_relaxed	3	0.752	0.9838	0.9873	0.9725	116	118
1Z5Y	green	af_relaxed	4	0.769	0.9809	0.9873	0.9640	116	118
1Z5Y	green	boltz	0	0.774	0.9746	0.9725	0.9301	118	118
1Z5Y	green	boltz	1	0.877	0.9695	0.9682	0.9237	118	118
1Z5Y	green	boltz	2	0.935	0.9669	0.9682	0.9216	117	118
1Z5Y	green	boltz	3	1.248	0.9621	0.9640	0.9216	116	118
1Z5Y	green	boltz	4	1.013	0.9641	0.9619	0.9153	116	118
1Z5Y	green	amber_af	0	0.369	0.9921	0.9958	0.9746	118	118
1Z5Y	green	amber_af	1	0.336	0.9934	0.9958	0.9809	118	118
1Z5Y	green	amber_af	2	0.314	0.9942	0.9979	0.9831	118	118
1Z5Y	green	amber_af	3	0.753	0.9837	0.9873	0.9725	116	118
1Z5Y	green	amber_af	4	0.767	0.9810	0.9873	0.9640	116	118
1Z5Y	green	amber_boltz	0	0.787	0.9740	0.9725	0.9343	118	118
1Z5Y	green	amber_boltz	1	0.882	0.9691	0.9682	0.9280	118	118
1Z5Y	green	amber_boltz	2	0.946	0.9663	0.9640	0.9195	117	118
1Z5Y	green	amber_boltz	3	1.246	0.9620	0.9640	0.9195	116	118
1Z5Y	green	amber_boltz	4	1.011	0.9639	0.9640	0.9153	116	118
1ZHH	green	af_relaxed	0	3.485	0.8208	0.6933	0.5422	297	344
1ZHH	green	af_relaxed	1	3.420	0.8247	0.6948	0.5429	308	344
1ZHH	green	af_relaxed	2	3.504	0.8191	0.6919	0.5400	295	344
1ZHH	green	af_relaxed	3	3.434	0.8247	0.6911	0.5385	301	344
1ZHH	green	af_relaxed	4	3.271	0.8382	0.6969	0.5443	316	344
1ZHH	green	boltz	0	3.665	0.8094	0.6773	0.5174	306	344
1ZHH	green	boltz	1	3.673	0.8091	0.6766	0.5145	303	344
1ZHH	green	boltz	2	3.632	0.8127	0.6773	0.5131	309	344
1ZHH	green	boltz	3	3.650	0.8137	0.6788	0.5196	306	344
1ZHH	green	boltz	4	3.683	0.8106	0.6788	0.5196	303	344
1ZHH	green	amber_af	0	3.485	0.8208	0.6940	0.5429	297	344
1ZHH	green	amber_af	1	3.420	0.8247	0.6948	0.5429	308	344
1ZHH	green	amber_af	2	3.503	0.8191	0.6919	0.5400	295	344
1ZHH	green	amber_af	3	3.434	0.8247	0.6919	0.5400	301	344
1ZHH	green	amber_af	4	3.271	0.8382	0.6969	0.5443	317	344
1ZHH	green	amber_boltz	0	3.663	0.8097	0.6773	0.5174	306	344
1ZHH	green	amber_boltz	1	3.673	0.8092	0.6781	0.5153	304	344
1ZHH	green	amber_boltz	2	3.633	0.8128	0.6773	0.5131	309	344
1ZHH	green	amber_boltz	3	3.654	0.8136	0.6788	0.5196	305	344
1ZHH	green	amber_boltz	4	3.686	0.8106	0.6781	0.5196	302	344
1ZHI	green	af_relaxed	0	1.815	0.9437	0.9205	0.8179	189	195
1ZHI	green	af_relaxed	1	1.852	0.9418	0.9231	0.8269	188	195
1ZHI	green	af_relaxed	2	1.785	0.9425	0.9179	0.8167	187	195
1ZHI	green	af_relaxed	3	1.627	0.9493	0.9295	0.8333	191	195
1ZHI	green	af_relaxed	4	1.806	0.9435	0.9231	0.8308	188	195
1ZHI	green	boltz	0	1.681	0.9471	0.9282	0.8333	187	195
1ZHI	green	boltz	1	1.666	0.9441	0.9269	0.8449	188	195
1ZHI	green	boltz	2	1.712	0.9464	0.9244	0.8397	185	195
1ZHI	green	boltz	3	1.853	0.9421	0.9256	0.8487	185	195
1ZHI	green	boltz	4	1.764	0.9434	0.9205	0.8346	187	195
1ZHI	green	amber_af	0	1.814	0.9437	0.9205	0.8192	189	195
1ZHI	green	amber_af	1	1.851	0.9418	0.9231	0.8269	188	195
1ZHI	green	amber_af	2	1.784	0.9425	0.9179	0.8167	187	195
1ZHI	green	amber_af	3	1.628	0.9493	0.9295	0.8333	191	195
1ZHI	green	amber_af	4	1.807	0.9434	0.9218	0.8269	188	195
1ZHI	green	amber_boltz	0	1.685	0.9470	0.9295	0.8372	187	195
1ZHI	green	amber_boltz	1	1.671	0.9437	0.9269	0.8397	189	195
1ZHI	green	amber_boltz	2	1.713	0.9460	0.9282	0.8385	185	195
1ZHI	green	amber_boltz	3	1.859	0.9418	0.9244	0.8462	185	195
1ZHI	green	amber_boltz	4	1.767	0.9431	0.9192	0.8333	187	195
1ZLI	green	af_relaxed	0	0.426	0.9958	0.9951	0.9641	306	306
1ZLI	green	af_relaxed	1	0.426	0.9958	0.9951	0.9632	306	306
1ZLI	green	af_relaxed	2	0.429	0.9957	0.9951	0.9641	306	306
1ZLI	green	af_relaxed	3	0.423	0.9959	0.9951	0.9657	306	306
1ZLI	green	af_relaxed	4	0.427	0.9958	0.9951	0.9632	306	306
1ZLI	green	boltz	0	0.514	0.9948	0.9926	0.9690	305	306
1ZLI	green	boltz	1	0.535	0.9945	0.9935	0.9681	305	306
1ZLI	green	boltz	2	0.535	0.9944	0.9926	0.9681	305	306
1ZLI	green	boltz	3	0.434	0.9957	0.9951	0.9681	306	306
1ZLI	green	boltz	4	0.535	0.9944	0.9918	0.9673	305	306
1ZLI	green	amber_af	0	0.426	0.9958	0.9951	0.9632	306	306
1ZLI	green	amber_af	1	0.426	0.9958	0.9951	0.9632	306	306
1ZLI	green	amber_af	2	0.429	0.9958	0.9951	0.9641	306	306
1ZLI	green	amber_af	3	0.423	0.9959	0.9951	0.9649	306	306
1ZLI	green	amber_af	4	0.427	0.9958	0.9951	0.9624	306	306
1ZLI	green	amber_boltz	0	0.516	0.9948	0.9935	0.9698	305	306
1ZLI	green	amber_boltz	1	0.536	0.9945	0.9935	0.9665	305	306
1ZLI	green	amber_boltz	2	0.539	0.9943	0.9926	0.9698	305	306
1ZLI	green	amber_boltz	3	0.434	0.9956	0.9951	0.9706	306	306
1ZLI	green	amber_boltz	4	0.537	0.9944	0.9918	0.9681	305	306
1ZM4	green	af_relaxed	0	11.725	0.6561	0.5407	0.4338	470	823
1ZM4	green	af_relaxed	1	11.215	0.6657	0.5492	0.4377	472	823
1ZM4	green	af_relaxed	2	11.955	0.6550	0.5355	0.4280	469	823
1ZM4	green	af_relaxed	3	11.700	0.6568	0.5431	0.4338	469	823
1ZM4	green	af_relaxed	4	11.852	0.6549	0.5358	0.4259	469	823
1ZM4	green	boltz	0	11.735	0.6591	0.5219	0.4128	467	823
1ZM4	green	boltz	1	11.660	0.6565	0.5182	0.4083	470	823
1ZM4	green	boltz	2	11.794	0.6586	0.5109	0.4077	469	823
1ZM4	green	boltz	3	11.550	0.6606	0.5155	0.4131	467	823
1ZM4	green	boltz	4	11.465	0.6608	0.5255	0.4146	470	823
1ZM4	green	amber_af	0	11.725	0.6561	0.5413	0.4344	470	823
1ZM4	green	amber_af	1	11.215	0.6657	0.5489	0.4374	472	823
1ZM4	green	amber_af	2	11.954	0.6550	0.5355	0.4277	469	823
1ZM4	green	amber_af	3	11.700	0.6568	0.5434	0.4341	469	823
1ZM4	green	amber_af	4	11.851	0.6549	0.5355	0.4256	468	823
1ZM4	green	amber_boltz	0	11.740	0.6590	0.5204	0.4116	467	823
1ZM4	green	amber_boltz	1	11.664	0.6566	0.5182	0.4077	468	823
1ZM4	green	amber_boltz	2	11.799	0.6585	0.5118	0.4074	468	823
1ZM4	green	amber_boltz	3	11.555	0.6607	0.5158	0.4122	466	823
1ZM4	green	amber_boltz	4	11.470	0.6608	0.5231	0.4134	470	823
2A1A	green	af_relaxed	0	1.110	0.9677	0.9658	0.8354	159	161
2A1A	green	af_relaxed	1	1.089	0.9691	0.9658	0.8447	159	161
2A1A	green	af_relaxed	2	1.108	0.9675	0.9658	0.8323	159	161
2A1A	green	af_relaxed	3	1.081	0.9699	0.9689	0.8463	159	161
2A1A	green	af_relaxed	4	1.076	0.9705	0.9689	0.8587	159	161
2A1A	green	boltz	0	1.088	0.9679	0.9643	0.8463	159	161
2A1A	green	boltz	1	0.990	0.9731	0.9720	0.8758	159	161
2A1A	green	boltz	2	1.179	0.9676	0.9689	0.8478	159	161
2A1A	green	boltz	3	1.113	0.9720	0.9720	0.8835	159	161
2A1A	green	boltz	4	1.091	0.9692	0.9705	0.8509	159	161
2A1A	green	amber_af	0	1.109	0.9677	0.9658	0.8354	159	161
2A1A	green	amber_af	1	1.090	0.9691	0.9658	0.8463	159	161
2A1A	green	amber_af	2	1.108	0.9675	0.9643	0.8307	159	161
2A1A	green	amber_af	3	1.081	0.9699	0.9689	0.8494	159	161
2A1A	green	amber_af	4	1.076	0.9705	0.9689	0.8587	159	161
2A1A	green	amber_boltz	0	1.086	0.9681	0.9643	0.8416	159	161
2A1A	green	amber_boltz	1	0.991	0.9731	0.9705	0.8742	159	161
2A1A	green	amber_boltz	2	1.190	0.9674	0.9689	0.8416	159	161
2A1A	green	amber_boltz	3	1.116	0.9720	0.9720	0.8820	159	161
2A1A	green	amber_boltz	4	1.087	0.9694	0.9705	0.8509	159	161
2A5T	green	af_relaxed	0	0.645	0.9907	0.9843	0.9456	271	271
2A5T	green	af_relaxed	1	0.688	0.9898	0.9797	0.9483	270	271
2A5T	green	af_relaxed	2	0.657	0.9906	0.9834	0.9511	270	271
2A5T	green	af_relaxed	3	0.674	0.9897	0.9797	0.9437	271	271
2A5T	green	af_relaxed	4	0.681	0.9895	0.9797	0.9410	271	271
2A5T	green	boltz	0	0.817	0.9847	0.9714	0.8718	270	271
2A5T	green	boltz	1	0.987	0.9782	0.9594	0.8496	269	271
2A5T	green	boltz	2	0.844	0.9843	0.9742	0.8773	270	271
2A5T	green	boltz	3	0.903	0.9814	0.9649	0.8506	269	271
2A5T	green	boltz	4	0.892	0.9829	0.9742	0.8736	270	271
2A5T	green	amber_af	0	0.645	0.9907	0.9843	0.9456	271	271
2A5T	green	amber_af	1	0.688	0.9898	0.9797	0.9483	270	271
2A5T	green	amber_af	2	0.657	0.9906	0.9834	0.9511	270	271
2A5T	green	amber_af	3	0.674	0.9897	0.9797	0.9437	271	271
2A5T	green	amber_af	4	0.681	0.9895	0.9797	0.9410	271	271
2A5T	green	amber_boltz	0	0.819	0.9846	0.9742	0.8736	270	271
2A5T	green	amber_boltz	1	0.988	0.9781	0.9566	0.8450	269	271
2A5T	green	amber_boltz	2	0.846	0.9842	0.9751	0.8764	270	271
2A5T	green	amber_boltz	3	0.907	0.9812	0.9640	0.8459	269	271
2A5T	green	amber_boltz	4	0.894	0.9828	0.9732	0.8718	270	271
2A9K	green	af_relaxed	0	0.958	0.9721	0.9632	0.9000	170	170
2A9K	green	af_relaxed	1	1.030	0.9665	0.9500	0.8676	170	170
2A9K	green	af_relaxed	2	1.044	0.9664	0.9559	0.8809	169	170
2A9K	green	af_relaxed	3	0.990	0.9738	0.9662	0.9132	168	170
2A9K	green	af_relaxed	4	0.969	0.9710	0.9603	0.8912	170	170
2A9K	green	boltz	0	1.081	0.9679	0.9559	0.9015	168	170
2A9K	green	boltz	1	1.116	0.9659	0.9515	0.8941	168	170
2A9K	green	boltz	2	1.161	0.9640	0.9500	0.8926	168	170
2A9K	green	boltz	3	1.249	0.9593	0.9500	0.8882	167	170
2A9K	green	boltz	4	1.146	0.9668	0.9559	0.8971	168	170
2A9K	green	amber_af	0	0.957	0.9721	0.9632	0.9015	170	170
2A9K	green	amber_af	1	1.026	0.9668	0.9515	0.8691	170	170
2A9K	green	amber_af	2	1.069	0.9649	0.9544	0.8735	169	170
2A9K	green	amber_af	3	0.990	0.9738	0.9662	0.9132	168	170
2A9K	green	amber_af	4	0.966	0.9710	0.9603	0.8882	170	170
2A9K	green	amber_boltz	0	1.085	0.9677	0.9529	0.8971	168	170
2A9K	green	amber_boltz	1	1.125	0.9654	0.9500	0.8868	168	170
2A9K	green	amber_boltz	2	1.173	0.9634	0.9485	0.8912	168	170
2A9K	green	amber_boltz	3	1.261	0.9586	0.9471	0.8853	167	170
2A9K	green	amber_boltz	4	1.140	0.9668	0.9559	0.8926	168	170
2ABZ	green	af_relaxed	0	0.441	0.9957	0.9942	0.9726	301	301
2ABZ	green	af_relaxed	1	0.449	0.9955	0.9934	0.9718	301	301
2ABZ	green	af_relaxed	2	0.447	0.9956	0.9934	0.9718	301	301
2ABZ	green	af_relaxed	3	0.438	0.9958	0.9934	0.9726	301	301
2ABZ	green	af_relaxed	4	0.441	0.9957	0.9942	0.9743	301	301
2ABZ	green	boltz	0	0.484	0.9951	0.9934	0.9759	301	301
2ABZ	green	boltz	1	0.470	0.9955	0.9934	0.9784	301	301
2ABZ	green	boltz	2	0.448	0.9957	0.9925	0.9751	301	301
2ABZ	green	boltz	3	0.453	0.9956	0.9934	0.9776	301	301
2ABZ	green	boltz	4	0.471	0.9954	0.9925	0.9776	301	301
2ABZ	green	amber_af	0	0.442	0.9957	0.9942	0.9726	301	301
2ABZ	green	amber_af	1	0.449	0.9955	0.9934	0.9718	301	301
2ABZ	green	amber_af	2	0.447	0.9956	0.9934	0.9709	301	301
2ABZ	green	amber_af	3	0.438	0.9958	0.9934	0.9726	301	301
2ABZ	green	amber_af	4	0.440	0.9958	0.9942	0.9726	301	301
2ABZ	green	amber_boltz	0	0.482	0.9951	0.9934	0.9759	301	301
2ABZ	green	amber_boltz	1	0.470	0.9954	0.9925	0.9759	301	301
2ABZ	green	amber_boltz	2	0.448	0.9956	0.9925	0.9767	301	301
2ABZ	green	amber_boltz	3	0.452	0.9956	0.9934	0.9776	301	301
2ABZ	green	amber_boltz	4	0.476	0.9953	0.9934	0.9776	301	301
2AJF	green	af_relaxed	0	2.099	0.9477	0.8208	0.6717	588	597
2AJF	green	af_relaxed	1	2.148	0.9457	0.8183	0.6600	588	597
2AJF	green	af_relaxed	2	2.023	0.9512	0.8241	0.6612	591	597
2AJF	green	af_relaxed	3	1.768	0.9618	0.8421	0.6935	593	597
2AJF	green	af_relaxed	4	1.561	0.9690	0.8597	0.7023	597	597
2AJF	green	boltz	0	1.774	0.9647	0.8597	0.6796	579	597
2AJF	green	boltz	1	1.825	0.9624	0.8417	0.6558	580	597
2AJF	green	boltz	2	1.958	0.9590	0.8409	0.6675	577	597
2AJF	green	boltz	3	1.798	0.9639	0.8513	0.6784	580	597
2AJF	green	boltz	4	2.064	0.9538	0.8111	0.6219	571	597
2AJF	green	amber_af	0	2.098	0.9477	0.8224	0.6729	588	597
2AJF	green	amber_af	1	2.148	0.9457	0.8187	0.6604	588	597
2AJF	green	amber_af	2	2.021	0.9513	0.8237	0.6595	591	597
2AJF	green	amber_af	3	1.763	0.9619	0.8425	0.6939	593	597
2AJF	green	amber_af	4	1.561	0.9690	0.8593	0.7018	597	597
2AJF	green	amber_boltz	0	1.787	0.9643	0.8597	0.6813	579	597
2AJF	green	amber_boltz	1	1.837	0.9621	0.8392	0.6503	580	597
2AJF	green	amber_boltz	2	1.967	0.9588	0.8417	0.6654	577	597
2AJF	green	amber_boltz	3	1.819	0.9634	0.8530	0.6801	578	597
2AJF	green	amber_boltz	4	2.071	0.9536	0.8137	0.6235	571	597
2AYO	green	af_relaxed	0	2.109	0.9476	0.8718	0.7282	341	355
2AYO	green	af_relaxed	1	2.139	0.9473	0.8739	0.7317	341	355
2AYO	green	af_relaxed	2	2.127	0.9464	0.8725	0.7303	340	355
2AYO	green	af_relaxed	3	2.188	0.9486	0.8768	0.7338	344	355
2AYO	green	af_relaxed	4	2.207	0.9465	0.8704	0.7232	341	355
2AYO	green	boltz	0	2.260	0.9378	0.8556	0.6993	339	355
2AYO	green	boltz	1	2.188	0.9374	0.8542	0.6944	340	355
2AYO	green	boltz	2	2.237	0.9394	0.8599	0.7035	340	355
2AYO	green	boltz	3	2.101	0.9420	0.8585	0.6972	342	355
2AYO	green	boltz	4	2.183	0.9375	0.8535	0.6880	339	355
2AYO	green	amber_af	0	2.109	0.9476	0.8718	0.7289	341	355
2AYO	green	amber_af	1	2.140	0.9473	0.8739	0.7317	341	355
2AYO	green	amber_af	2	2.127	0.9464	0.8725	0.7303	340	355
2AYO	green	amber_af	3	2.188	0.9486	0.8782	0.7366	344	355
2AYO	green	amber_af	4	2.207	0.9465	0.8711	0.7246	341	355
2AYO	green	amber_boltz	0	2.265	0.9374	0.8535	0.6972	339	355
2AYO	green	amber_boltz	1	2.191	0.9371	0.8549	0.6923	340	355
2AYO	green	amber_boltz	2	2.240	0.9390	0.8606	0.7035	340	355
2AYO	green	amber_boltz	3	2.105	0.9416	0.8563	0.6915	341	355
2AYO	green	amber_boltz	4	2.189	0.9370	0.8521	0.6873	339	355
2B42	green	af_relaxed	0	1.029	0.9873	0.9773	0.9505	359	364
2B42	green	af_relaxed	1	1.087	0.9860	0.9766	0.9533	357	364
2B42	green	af_relaxed	2	1.098	0.9856	0.9753	0.9519	356	364
2B42	green	af_relaxed	3	1.078	0.9863	0.9766	0.9533	357	364
2B42	green	af_relaxed	4	1.059	0.9863	0.9760	0.9505	357	364
2B42	green	boltz	0	1.681	0.9612	0.8942	0.7479	356	364
2B42	green	boltz	1	1.564	0.9656	0.9004	0.7610	357	364
2B42	green	boltz	2	1.649	0.9618	0.8942	0.7486	357	364
2B42	green	boltz	3	1.559	0.9665	0.9066	0.7617	357	364
2B42	green	boltz	4	1.613	0.9639	0.8990	0.7507	357	364
2B42	green	amber_af	0	1.031	0.9872	0.9760	0.9485	359	364
2B42	green	amber_af	1	1.088	0.9860	0.9766	0.9533	357	364
2B42	green	amber_af	2	1.093	0.9858	0.9766	0.9540	357	364
2B42	green	amber_af	3	1.078	0.9863	0.9766	0.9533	357	364
2B42	green	amber_af	4	1.056	0.9864	0.9760	0.9492	358	364
2B42	green	amber_boltz	0	1.687	0.9611	0.8929	0.7473	356	364
2B42	green	amber_boltz	1	1.570	0.9654	0.9018	0.7637	357	364
2B42	green	amber_boltz	2	1.655	0.9616	0.8942	0.7493	357	364
2B42	green	amber_boltz	3	1.566	0.9663	0.9073	0.7610	357	364
2B42	green	amber_boltz	4	1.619	0.9637	0.8990	0.7548	357	364
2B4J	green	af_relaxed	0	1.438	0.9667	0.9741	0.9296	131	135
2B4J	green	af_relaxed	1	1.575	0.9468	0.9426	0.8685	131	135
2B4J	green	af_relaxed	2	1.559	0.9481	0.9407	0.8704	131	135
2B4J	green	af_relaxed	3	1.552	0.9482	0.9426	0.8722	131	135
2B4J	green	af_relaxed	4	1.550	0.9431	0.9389	0.8148	132	135
2B4J	green	boltz	0	1.297	0.9735	0.9778	0.9537	132	135
2B4J	green	boltz	1	1.326	0.9725	0.9778	0.9481	131	135
2B4J	green	boltz	2	1.280	0.9724	0.9741	0.9444	133	135
2B4J	green	boltz	3	1.305	0.9730	0.9778	0.9481	132	135
2B4J	green	boltz	4	1.243	0.9739	0.9759	0.9481	133	135
2B4J	green	amber_af	0	1.440	0.9666	0.9741	0.9296	131	135
2B4J	green	amber_af	1	1.581	0.9456	0.9407	0.8611	131	135
2B4J	green	amber_af	2	1.560	0.9480	0.9426	0.8722	131	135
2B4J	green	amber_af	3	1.552	0.9482	0.9426	0.8722	131	135
2B4J	green	amber_af	4	1.550	0.9431	0.9389	0.8130	132	135
2B4J	green	amber_boltz	0	1.302	0.9732	0.9778	0.9481	132	135
2B4J	green	amber_boltz	1	1.330	0.9723	0.9778	0.9444	131	135
2B4J	green	amber_boltz	2	1.286	0.9722	0.9741	0.9426	133	135
2B4J	green	amber_boltz	3	1.312	0.9726	0.9778	0.9500	133	135
2B4J	green	amber_boltz	4	1.250	0.9735	0.9759	0.9426	133	135
2BTF	green	af_relaxed	0	1.377	0.9768	0.9499	0.8717	366	374
2BTF	green	af_relaxed	1	1.484	0.9749	0.9472	0.8670	365	374
2BTF	green	af_relaxed	2	1.415	0.9762	0.9512	0.8683	365	374
2BTF	green	af_relaxed	3	1.490	0.9745	0.9485	0.8610	365	374
2BTF	green	af_relaxed	4	1.387	0.9764	0.9499	0.8630	366	374
2BTF	green	boltz	0	1.674	0.9714	0.9412	0.8636	365	374
2BTF	green	boltz	1	1.462	0.9736	0.9452	0.8389	365	374
2BTF	green	boltz	2	1.319	0.9757	0.9418	0.8463	368	374
2BTF	green	boltz	3	1.421	0.9759	0.9452	0.8590	366	374
2BTF	green	boltz	4	1.499	0.9724	0.9398	0.8322	363	374
2BTF	green	amber_af	0	1.378	0.9767	0.9499	0.8717	366	374
2BTF	green	amber_af	1	1.484	0.9748	0.9465	0.8676	365	374
2BTF	green	amber_af	2	1.415	0.9762	0.9505	0.8676	365	374
2BTF	green	amber_af	3	1.490	0.9745	0.9485	0.8603	365	374
2BTF	green	amber_af	4	1.387	0.9764	0.9499	0.8636	366	374
2BTF	green	amber_boltz	0	1.681	0.9712	0.9412	0.8603	365	374
2BTF	green	amber_boltz	1	1.465	0.9734	0.9439	0.8362	365	374
2BTF	green	amber_boltz	2	1.324	0.9754	0.9412	0.8422	368	374
2BTF	green	amber_boltz	3	1.422	0.9758	0.9465	0.8583	366	374
2BTF	green	amber_boltz	4	1.501	0.9723	0.9385	0.8269	364	374
2C0L	green	af_relaxed	0	1.130	0.9845	0.9812	0.9272	289	292
2C0L	green	af_relaxed	1	1.127	0.9848	0.9820	0.9358	289	292
2C0L	green	af_relaxed	2	1.137	0.9841	0.9803	0.9281	289	292
2C0L	green	af_relaxed	3	1.161	0.9838	0.9820	0.9247	289	292
2C0L	green	af_relaxed	4	1.149	0.9843	0.9812	0.9366	289	292
2C0L	green	boltz	0	1.213	0.9799	0.9649	0.8699	289	292
2C0L	green	boltz	1	1.229	0.9792	0.9640	0.8587	289	292
2C0L	green	boltz	2	1.247	0.9786	0.9598	0.8596	289	292
2C0L	green	boltz	3	1.256	0.9781	0.9615	0.8467	289	292
2C0L	green	boltz	4	1.240	0.9797	0.9615	0.8844	289	292
2C0L	green	amber_af	0	1.130	0.9845	0.9812	0.9272	289	292
2C0L	green	amber_af	1	1.126	0.9848	0.9820	0.9349	289	292
2C0L	green	amber_af	2	1.137	0.9842	0.9803	0.9281	289	292
2C0L	green	amber_af	3	1.161	0.9838	0.9820	0.9247	289	292
2C0L	green	amber_af	4	1.150	0.9843	0.9812	0.9366	289	292
2C0L	green	amber_boltz	0	1.214	0.9801	0.9666	0.8716	289	292
2C0L	green	amber_boltz	1	1.230	0.9793	0.9640	0.8639	289	292
2C0L	green	amber_boltz	2	1.247	0.9788	0.9580	0.8587	289	292
2C0L	green	amber_boltz	3	1.254	0.9784	0.9623	0.8493	289	292
2C0L	green	amber_boltz	4	1.240	0.9799	0.9623	0.8853	289	292
2CFH	green	af_relaxed	0	2.189	0.9619	0.9534	0.9130	157	161
2CFH	green	af_relaxed	1	2.224	0.9583	0.9472	0.8944	158	161
2CFH	green	af_relaxed	2	2.241	0.9578	0.9472	0.9006	158	161
2CFH	green	af_relaxed	3	2.211	0.9578	0.9488	0.9006	157	161
2CFH	green	af_relaxed	4	2.266	0.9556	0.9425	0.8882	157	161
2CFH	green	boltz	0	2.423	0.9527	0.9379	0.8509	159	161
2CFH	green	boltz	1	2.371	0.9508	0.9348	0.8525	158	161
2CFH	green	boltz	2	2.373	0.9513	0.9332	0.8509	158	161
2CFH	green	boltz	3	2.319	0.9486	0.9317	0.8525	158	161
2CFH	green	boltz	4	1.943	0.9493	0.9348	0.8478	158	161
2CFH	green	amber_af	0	2.190	0.9618	0.9534	0.9130	157	161
2CFH	green	amber_af	1	2.224	0.9584	0.9457	0.8929	158	161
2CFH	green	amber_af	2	2.240	0.9579	0.9472	0.8991	158	161
2CFH	green	amber_af	3	2.211	0.9579	0.9472	0.8975	157	161
2CFH	green	amber_af	4	2.266	0.9556	0.9425	0.8866	157	161
2CFH	green	amber_boltz	0	2.430	0.9525	0.9394	0.8494	159	161
2CFH	green	amber_boltz	1	2.379	0.9506	0.9363	0.8494	158	161
2CFH	green	amber_boltz	2	2.382	0.9511	0.9363	0.8509	158	161
2CFH	green	amber_boltz	3	2.328	0.9482	0.9301	0.8463	158	161
2CFH	green	amber_boltz	4	1.952	0.9490	0.9363	0.8494	158	161
2DD8	green	af_relaxed	0	5.254	0.6396	0.6250	0.4864	136	220
2DD8	green	af_relaxed	1	5.230	0.6420	0.6295	0.4943	136	220
2DD8	green	af_relaxed	2	5.477	0.6300	0.6023	0.4682	135	220
2DD8	green	af_relaxed	3	5.806	0.6187	0.6102	0.4886	127	220
2DD8	green	af_relaxed	4	5.785	0.6175	0.6000	0.4739	130	220
2DD8	green	boltz	0	9.882	0.5553	0.5273	0.4693	117	220
2DD8	green	boltz	1	9.977	0.5501	0.5205	0.4659	115	220
2DD8	green	boltz	2	9.444	0.5558	0.5273	0.4682	116	220
2DD8	green	boltz	3	9.720	0.5542	0.5250	0.4659	116	220
2DD8	green	boltz	4	9.955	0.5500	0.5205	0.4636	116	220
2DD8	green	amber_af	0	5.258	0.6395	0.6250	0.4886	135	220
2DD8	green	amber_af	1	5.229	0.6420	0.6307	0.4943	136	220
2DD8	green	amber_af	2	5.509	0.6271	0.6000	0.4693	135	220
2DD8	green	amber_af	3	5.809	0.6185	0.6091	0.4875	127	220
2DD8	green	amber_af	4	5.774	0.6184	0.6011	0.4727	130	220
2DD8	green	amber_boltz	0	9.885	0.5551	0.5284	0.4705	116	220
2DD8	green	amber_boltz	1	9.981	0.5500	0.5205	0.4648	115	220
2DD8	green	amber_boltz	2	9.451	0.5557	0.5261	0.4659	116	220
2DD8	green	amber_boltz	3	9.723	0.5542	0.5250	0.4648	115	220
2DD8	green	amber_boltz	4	9.956	0.5501	0.5216	0.4659	116	220
2FD6	green	af_relaxed	0	1.805	0.9255	0.8538	0.7264	208	212
2FD6	green	af_relaxed	1	1.468	0.9596	0.9269	0.8007	207	212
2FD6	green	af_relaxed	2	1.398	0.9651	0.9458	0.8172	207	212
2FD6	green	af_relaxed	3	1.327	0.9703	0.9599	0.8455	208	212
2FD6	green	af_relaxed	4	1.581	0.9462	0.8821	0.7500	208	212
2FD6	green	boltz	0	1.264	0.9714	0.9458	0.8302	209	212
2FD6	green	boltz	1	1.249	0.9753	0.9646	0.8550	209	212
2FD6	green	boltz	2	1.331	0.9649	0.9304	0.8172	209	212
2FD6	green	boltz	3	1.336	0.9659	0.9316	0.7995	209	212
2FD6	green	boltz	4	1.311	0.9650	0.9316	0.8125	209	212
2FD6	green	amber_af	0	1.806	0.9255	0.8538	0.7264	208	212
2FD6	green	amber_af	1	1.468	0.9595	0.9269	0.8007	207	212
2FD6	green	amber_af	2	1.398	0.9651	0.9458	0.8172	207	212
2FD6	green	amber_af	3	1.326	0.9703	0.9599	0.8467	208	212
2FD6	green	amber_af	4	1.578	0.9465	0.8856	0.7547	208	212
2FD6	green	amber_boltz	0	1.267	0.9712	0.9493	0.8314	209	212
2FD6	green	amber_boltz	1	1.252	0.9751	0.9623	0.8491	209	212
2FD6	green	amber_boltz	2	1.335	0.9647	0.9304	0.8137	209	212
2FD6	green	amber_boltz	3	1.336	0.9657	0.9328	0.7995	209	212
2FD6	green	amber_boltz	4	1.305	0.9650	0.9292	0.8078	209	212
2FJG	green	af_relaxed	0	2.358	0.9240	0.8589	0.7076	212	218
2FJG	green	af_relaxed	1	2.019	0.9571	0.9461	0.8280	212	218
2FJG	green	af_relaxed	2	2.151	0.9494	0.9266	0.7775	211	218
2FJG	green	af_relaxed	3	2.078	0.9601	0.9472	0.8463	212	218
2FJG	green	af_relaxed	4	2.099	0.9534	0.9415	0.8005	211	218
2FJG	green	boltz	0	2.420	0.9177	0.8429	0.6950	211	218
2FJG	green	boltz	1	2.234	0.9305	0.8589	0.7122	211	218
2FJG	green	boltz	2	2.055	0.9482	0.9232	0.7752	212	218
2FJG	green	boltz	3	2.049	0.9495	0.9278	0.7810	212	218
2FJG	green	boltz	4	2.882	0.8660	0.7706	0.6227	208	218
2FJG	green	amber_af	0	2.359	0.9240	0.8589	0.7076	212	218
2FJG	green	amber_af	1	2.022	0.9567	0.9461	0.8280	212	218
2FJG	green	amber_af	2	2.152	0.9494	0.9266	0.7775	211	218
2FJG	green	amber_af	3	2.078	0.9602	0.9472	0.8475	212	218
2FJG	green	amber_af	4	2.102	0.9534	0.9415	0.8005	211	218
2FJG	green	amber_boltz	0	2.426	0.9172	0.8406	0.6915	211	218
2FJG	green	amber_boltz	1	2.248	0.9297	0.8589	0.7110	211	218
2FJG	green	amber_boltz	2	2.061	0.9479	0.9209	0.7718	212	218
2FJG	green	amber_boltz	3	2.057	0.9493	0.9232	0.7752	212	218
2FJG	green	amber_boltz	4	2.888	0.8656	0.7718	0.6239	208	218
2FJU	green	af_relaxed	0	0.674	0.9828	0.9787	0.9048	176	176
2FJU	green	af_relaxed	1	0.603	0.9862	0.9858	0.9233	176	176
2FJU	green	af_relaxed	2	0.669	0.9832	0.9773	0.9048	176	176
2FJU	green	af_relaxed	3	0.707	0.9827	0.9830	0.9176	176	176
2FJU	green	af_relaxed	4	0.791	0.9763	0.9631	0.8395	176	176
2FJU	green	boltz	0	1.260	0.9624	0.9503	0.8736	170	176
2FJU	green	boltz	1	1.053	0.9711	0.9645	0.8991	174	176
2FJU	green	boltz	2	0.980	0.9738	0.9659	0.9062	175	176
2FJU	green	boltz	3	1.009	0.9728	0.9673	0.9091	174	176
2FJU	green	boltz	4	1.047	0.9709	0.9645	0.9062	174	176
2FJU	green	amber_af	0	0.678	0.9826	0.9787	0.9020	176	176
2FJU	green	amber_af	1	0.607	0.9861	0.9858	0.9247	176	176
2FJU	green	amber_af	2	0.667	0.9834	0.9801	0.9091	176	176
2FJU	green	amber_af	3	0.785	0.9813	0.9830	0.9176	175	176
2FJU	green	amber_af	4	0.793	0.9762	0.9631	0.8395	176	176
2FJU	green	amber_boltz	0	1.272	0.9619	0.9503	0.8722	171	176
2FJU	green	amber_boltz	1	1.076	0.9703	0.9631	0.8949	174	176
2FJU	green	amber_boltz	2	1.001	0.9730	0.9645	0.9048	175	176
2FJU	green	amber_boltz	3	1.042	0.9714	0.9631	0.9006	174	176
2FJU	green	amber_boltz	4	1.072	0.9698	0.9588	0.8977	174	176
2G77	green	af_relaxed	0	0.933	0.9909	0.9879	0.9675	328	331
2G77	green	af_relaxed	1	0.948	0.9904	0.9879	0.9547	328	331
2G77	green	af_relaxed	2	0.971	0.9900	0.9856	0.9660	328	331
2G77	green	af_relaxed	3	0.923	0.9910	0.9887	0.9660	328	331
2G77	green	af_relaxed	4	0.949	0.9906	0.9887	0.9690	328	331
2G77	green	boltz	0	1.240	0.9784	0.9607	0.8316	326	331
2G77	green	boltz	1	1.204	0.9813	0.9675	0.8346	327	331
2G77	green	boltz	2	1.225	0.9801	0.9675	0.8361	328	331
2G77	green	boltz	3	1.200	0.9807	0.9653	0.8406	327	331
2G77	green	boltz	4	1.342	0.9757	0.9464	0.8187	325	331
2G77	green	amber_af	0	0.933	0.9909	0.9879	0.9675	328	331
2G77	green	amber_af	1	0.948	0.9904	0.9879	0.9547	328	331
2G77	green	amber_af	2	0.972	0.9900	0.9856	0.9653	328	331
2G77	green	amber_af	3	0.923	0.9910	0.9887	0.9653	328	331
2G77	green	amber_af	4	0.949	0.9906	0.9887	0.9683	328	331
2G77	green	amber_boltz	0	1.241	0.9785	0.9600	0.8285	326	331
2G77	green	amber_boltz	1	1.210	0.9812	0.9653	0.8353	327	331
2G77	green	amber_boltz	2	1.228	0.9801	0.9653	0.8361	328	331
2G77	green	amber_boltz	3	1.203	0.9806	0.9653	0.8414	327	331
2G77	green	amber_boltz	4	1.342	0.9758	0.9471	0.8202	325	331
2GAF	green	af_relaxed	0	0.744	0.9887	0.9808	0.9441	286	286
2GAF	green	af_relaxed	1	0.865	0.9862	0.9738	0.9379	284	286
2GAF	green	af_relaxed	2	0.749	0.9886	0.9790	0.9467	285	286
2GAF	green	af_relaxed	3	0.734	0.9893	0.9808	0.9484	285	286
2GAF	green	af_relaxed	4	0.742	0.9884	0.9773	0.9423	286	286
2GAF	green	boltz	0	1.186	0.9791	0.9677	0.8986	280	286
2GAF	green	boltz	1	1.183	0.9787	0.9668	0.8925	280	286
2GAF	green	boltz	2	1.224	0.9776	0.9659	0.8899	280	286
2GAF	green	boltz	3	1.163	0.9789	0.9659	0.8995	280	286
2GAF	green	boltz	4	1.038	0.9806	0.9677	0.8864	284	286
2GAF	green	amber_af	0	0.725	0.9892	0.9825	0.9467	286	286
2GAF	green	amber_af	1	0.865	0.9862	0.9738	0.9388	284	286
2GAF	green	amber_af	2	0.750	0.9886	0.9790	0.9458	285	286
2GAF	green	amber_af	3	0.733	0.9893	0.9808	0.9476	285	286
2GAF	green	amber_af	4	0.742	0.9884	0.9773	0.9432	286	286
2GAF	green	amber_boltz	0	1.189	0.9789	0.9685	0.8942	280	286
2GAF	green	amber_boltz	1	1.187	0.9785	0.9677	0.8925	280	286
2GAF	green	amber_boltz	2	1.230	0.9773	0.9659	0.8881	280	286
2GAF	green	amber_boltz	3	1.165	0.9787	0.9659	0.8995	280	286
2GAF	green	amber_boltz	4	1.040	0.9806	0.9677	0.8864	284	286
2GTP	green	af_relaxed	0	0.539	0.9934	0.9944	0.9250	310	310
2GTP	green	af_relaxed	1	0.574	0.9928	0.9927	0.9194	310	310
2GTP	green	af_relaxed	2	0.515	0.9940	0.9944	0.9427	310	310
2GTP	green	af_relaxed	3	0.549	0.9931	0.9927	0.9177	310	310
2GTP	green	af_relaxed	4	0.528	0.9936	0.9944	0.9274	310	310
2GTP	green	boltz	0	0.721	0.9888	0.9806	0.8847	309	310
2GTP	green	boltz	1	0.729	0.9886	0.9798	0.8766	309	310
2GTP	green	boltz	2	0.683	0.9899	0.9847	0.9008	309	310
2GTP	green	boltz	3	0.742	0.9880	0.9758	0.8734	309	310
2GTP	green	boltz	4	0.887	0.9825	0.9476	0.8347	310	310
2GTP	green	amber_af	0	0.540	0.9934	0.9935	0.9234	310	310
2GTP	green	amber_af	1	0.573	0.9928	0.9927	0.9194	310	310
2GTP	green	amber_af	2	0.513	0.9941	0.9944	0.9419	310	310
2GTP	green	amber_af	3	0.551	0.9931	0.9927	0.9177	310	310
2GTP	green	amber_af	4	0.537	0.9935	0.9935	0.9266	310	310
2GTP	green	amber_boltz	0	0.729	0.9886	0.9774	0.8782	309	310
2GTP	green	amber_boltz	1	0.733	0.9885	0.9823	0.8774	309	310
2GTP	green	amber_boltz	2	0.688	0.9897	0.9839	0.8976	309	310
2GTP	green	amber_boltz	3	0.747	0.9879	0.9758	0.8702	309	310
2GTP	green	amber_boltz	4	0.887	0.9825	0.9460	0.8347	310	310
2H7V	green	af_relaxed	0	1.270	0.9629	0.9437	0.8777	180	182
2H7V	green	af_relaxed	1	1.068	0.9702	0.9533	0.8901	181	182
2H7V	green	af_relaxed	2	1.144	0.9740	0.9670	0.9135	180	182
2H7V	green	af_relaxed	3	1.273	0.9626	0.9423	0.8764	180	182
2H7V	green	af_relaxed	4	1.344	0.9602	0.9396	0.8736	180	182
2H7V	green	boltz	0	1.187	0.9695	0.9533	0.8819	179	182
2H7V	green	boltz	1	1.204	0.9697	0.9560	0.8819	179	182
2H7V	green	boltz	2	0.827	0.9779	0.9643	0.8956	182	182
2H7V	green	boltz	3	1.110	0.9739	0.9643	0.9011	180	182
2H7V	green	boltz	4	1.149	0.9706	0.9547	0.8819	180	182
2H7V	green	amber_af	0	1.269	0.9629	0.9437	0.8777	180	182
2H7V	green	amber_af	1	1.068	0.9703	0.9533	0.8901	181	182
2H7V	green	amber_af	2	1.144	0.9741	0.9657	0.9121	180	182
2H7V	green	amber_af	3	1.273	0.9626	0.9423	0.8777	180	182
2H7V	green	amber_af	4	1.344	0.9602	0.9396	0.8736	180	182
2H7V	green	amber_boltz	0	1.194	0.9691	0.9533	0.8777	179	182
2H7V	green	amber_boltz	1	1.205	0.9695	0.9574	0.8819	179	182
2H7V	green	amber_boltz	2	0.831	0.9776	0.9615	0.8956	182	182
2H7V	green	amber_boltz	3	1.112	0.9735	0.9643	0.9011	180	182
2H7V	green	amber_boltz	4	1.163	0.9701	0.9519	0.8777	180	182
2HLE	green	af_relaxed	0	1.508	0.9558	0.9468	0.8497	182	188
2HLE	green	af_relaxed	1	1.487	0.9539	0.9402	0.8378	182	188
2HLE	green	af_relaxed	2	1.531	0.9551	0.9428	0.8457	182	188
2HLE	green	af_relaxed	3	1.461	0.9561	0.9441	0.8471	182	188
2HLE	green	af_relaxed	4	1.471	0.9556	0.9455	0.8431	182	188
2HLE	green	boltz	0	3.122	0.9284	0.9016	0.8045	180	188
2HLE	green	boltz	1	3.151	0.9347	0.9109	0.8045	180	188
2HLE	green	boltz	2	3.720	0.9304	0.9069	0.8032	181	188
2HLE	green	boltz	3	3.586	0.9324	0.9069	0.8005	182	188
2HLE	green	boltz	4	2.404	0.9355	0.9122	0.8032	181	188
2HLE	green	amber_af	0	1.508	0.9558	0.9468	0.8511	182	188
2HLE	green	amber_af	1	1.487	0.9538	0.9402	0.8364	182	188
2HLE	green	amber_af	2	1.531	0.9551	0.9428	0.8471	182	188
2HLE	green	amber_af	3	1.460	0.9561	0.9441	0.8457	182	188
2HLE	green	amber_af	4	1.471	0.9556	0.9455	0.8431	182	188
2HLE	green	amber_boltz	0	3.139	0.9280	0.8989	0.7979	180	188
2HLE	green	amber_boltz	1	3.147	0.9345	0.9096	0.7992	180	188
2HLE	green	amber_boltz	2	3.722	0.9303	0.9056	0.8005	181	188
2HLE	green	amber_boltz	3	3.591	0.9324	0.9082	0.8005	182	188
2HLE	green	amber_boltz	4	2.403	0.9354	0.9122	0.8032	181	188
2HQS	green	af_relaxed	0	1.516	0.9866	0.9751	0.8792	409	412
2HQS	green	af_relaxed	1	1.536	0.9860	0.9715	0.8732	409	412
2HQS	green	af_relaxed	2	1.527	0.9875	0.9775	0.8902	409	412
2HQS	green	af_relaxed	3	1.509	0.9866	0.9745	0.8756	409	412
2HQS	green	af_relaxed	4	1.495	0.9867	0.9721	0.8762	409	412
2HQS	green	boltz	0	1.470	0.9856	0.9654	0.8574	409	412
2HQS	green	boltz	1	1.403	0.9858	0.9684	0.8659	409	412
2HQS	green	boltz	2	1.310	0.9863	0.9733	0.8647	409	412
2HQS	green	boltz	3	1.618	0.9864	0.9684	0.8768	409	412
2HQS	green	boltz	4	1.372	0.9855	0.9691	0.8617	409	412
2HQS	green	amber_af	0	1.517	0.9866	0.9745	0.8786	409	412
2HQS	green	amber_af	1	1.537	0.9860	0.9709	0.8726	409	412
2HQS	green	amber_af	2	1.527	0.9875	0.9775	0.8890	409	412
2HQS	green	amber_af	3	1.510	0.9866	0.9745	0.8756	409	412
2HQS	green	amber_af	4	1.495	0.9867	0.9721	0.8762	409	412
2HQS	green	amber_boltz	0	1.474	0.9854	0.9660	0.8568	409	412
2HQS	green	amber_boltz	1	1.406	0.9857	0.9666	0.8635	409	412
2HQS	green	amber_boltz	2	1.311	0.9862	0.9721	0.8623	409	412
2HQS	green	amber_boltz	3	1.619	0.9863	0.9666	0.8738	409	412
2HQS	green	amber_boltz	4	1.377	0.9854	0.9691	0.8610	409	412
2HRK	green	af_relaxed	0	0.447	0.9921	0.9958	0.9477	177	177
2HRK	green	af_relaxed	1	0.470	0.9912	0.9929	0.9322	177	177
2HRK	green	af_relaxed	2	0.571	0.9895	0.9929	0.9449	177	177
2HRK	green	af_relaxed	3	0.497	0.9902	0.9915	0.9294	177	177
2HRK	green	af_relaxed	4	0.457	0.9917	0.9958	0.9379	177	177
2HRK	green	boltz	0	0.520	0.9894	0.9915	0.9209	177	177
2HRK	green	boltz	1	0.530	0.9891	0.9859	0.9209	177	177
2HRK	green	boltz	2	0.485	0.9908	0.9887	0.9308	177	177
2HRK	green	boltz	3	0.561	0.9880	0.9873	0.9195	177	177
2HRK	green	boltz	4	0.551	0.9884	0.9859	0.9266	177	177
2HRK	green	amber_af	0	0.447	0.9921	0.9958	0.9492	177	177
2HRK	green	amber_af	1	0.470	0.9913	0.9929	0.9322	177	177
2HRK	green	amber_af	2	0.571	0.9895	0.9929	0.9449	177	177
2HRK	green	amber_af	3	0.497	0.9903	0.9915	0.9308	177	177
2HRK	green	amber_af	4	0.458	0.9917	0.9958	0.9379	177	177
2HRK	green	amber_boltz	0	0.529	0.9891	0.9929	0.9223	177	177
2HRK	green	amber_boltz	1	0.538	0.9888	0.9859	0.9209	177	177
2HRK	green	amber_boltz	2	0.495	0.9904	0.9873	0.9322	177	177
2HRK	green	amber_boltz	3	0.571	0.9877	0.9845	0.9167	177	177
2HRK	green	amber_boltz	4	0.562	0.9879	0.9859	0.9280	177	177
2I25	green	af_relaxed	0	0.420	0.9907	0.9942	0.9709	129	129
2I25	green	af_relaxed	1	0.429	0.9903	0.9942	0.9671	129	129
2I25	green	af_relaxed	2	0.405	0.9913	0.9961	0.9748	129	129
2I25	green	af_relaxed	3	0.412	0.9910	0.9961	0.9709	129	129
2I25	green	af_relaxed	4	0.406	0.9912	0.9961	0.9748	129	129
2I25	green	boltz	0	0.341	0.9937	0.9981	0.9884	129	129
2I25	green	boltz	1	0.344	0.9936	0.9961	0.9806	129	129
2I25	green	boltz	2	0.319	0.9944	0.9981	0.9864	129	129
2I25	green	boltz	3	0.344	0.9935	0.9981	0.9806	129	129
2I25	green	boltz	4	0.324	0.9942	0.9981	0.9845	129	129
2I25	green	amber_af	0	0.419	0.9907	0.9942	0.9709	129	129
2I25	green	amber_af	1	0.431	0.9902	0.9942	0.9671	129	129
2I25	green	amber_af	2	0.407	0.9912	0.9961	0.9748	129	129
2I25	green	amber_af	3	0.412	0.9910	0.9961	0.9729	129	129
2I25	green	amber_af	4	0.405	0.9912	0.9961	0.9748	129	129
2I25	green	amber_boltz	0	0.346	0.9935	0.9961	0.9826	129	129
2I25	green	amber_boltz	1	0.361	0.9930	0.9961	0.9787	129	129
2I25	green	amber_boltz	2	0.319	0.9944	0.9981	0.9845	129	129
2I25	green	amber_boltz	3	0.357	0.9931	0.9961	0.9767	129	129
2I25	green	amber_boltz	4	0.337	0.9938	0.9981	0.9826	129	129
2I9B	green	af_relaxed	0	0.752	0.9702	0.9669	0.8843	121	121
2I9B	green	af_relaxed	1	0.721	0.9721	0.9669	0.8822	121	121
2I9B	green	af_relaxed	2	0.681	0.9748	0.9731	0.8864	121	121
2I9B	green	af_relaxed	3	0.698	0.9736	0.9752	0.8884	121	121
2I9B	green	af_relaxed	4	0.749	0.9699	0.9690	0.8802	121	121
2I9B	green	boltz	0	0.791	0.9655	0.9628	0.8492	121	121
2I9B	green	boltz	1	0.660	0.9762	0.9793	0.8843	121	121
2I9B	green	boltz	2	0.752	0.9692	0.9731	0.8678	121	121
2I9B	green	boltz	3	0.852	0.9619	0.9545	0.8574	121	121
2I9B	green	boltz	4	0.682	0.9743	0.9773	0.8884	121	121
2I9B	green	amber_af	0	0.752	0.9703	0.9690	0.8864	121	121
2I9B	green	amber_af	1	0.722	0.9721	0.9690	0.8843	121	121
2I9B	green	amber_af	2	0.682	0.9747	0.9731	0.8864	121	121
2I9B	green	amber_af	3	0.698	0.9736	0.9752	0.8884	121	121
2I9B	green	amber_af	4	0.749	0.9699	0.9690	0.8802	121	121
2I9B	green	amber_boltz	0	0.795	0.9651	0.9607	0.8492	121	121
2I9B	green	amber_boltz	1	0.663	0.9759	0.9773	0.8781	121	121
2I9B	green	amber_boltz	2	0.759	0.9687	0.9690	0.8636	121	121
2I9B	green	amber_boltz	3	0.855	0.9615	0.9525	0.8492	121	121
2I9B	green	amber_boltz	4	0.691	0.9737	0.9731	0.8802	121	121
2IDO	green	af_relaxed	0	0.678	0.9845	0.9811	0.9288	172	172
2IDO	green	af_relaxed	1	0.668	0.9844	0.9811	0.9288	172	172
2IDO	green	af_relaxed	2	0.775	0.9801	0.9767	0.9157	172	172
2IDO	green	af_relaxed	3	0.765	0.9800	0.9767	0.9128	172	172
2IDO	green	af_relaxed	4	0.635	0.9856	0.9811	0.9317	172	172
2IDO	green	boltz	0	0.747	0.9823	0.9797	0.9288	171	172
2IDO	green	boltz	1	0.755	0.9828	0.9797	0.9215	171	172
2IDO	green	boltz	2	0.780	0.9809	0.9753	0.9055	171	172
2IDO	green	boltz	3	0.771	0.9817	0.9782	0.9186	171	172
2IDO	green	boltz	4	0.906	0.9771	0.9709	0.9055	170	172
2IDO	green	amber_af	0	0.679	0.9844	0.9811	0.9259	172	172
2IDO	green	amber_af	1	0.669	0.9843	0.9811	0.9273	172	172
2IDO	green	amber_af	2	0.777	0.9800	0.9767	0.9128	172	172
2IDO	green	amber_af	3	0.765	0.9800	0.9767	0.9128	172	172
2IDO	green	amber_af	4	0.634	0.9856	0.9826	0.9331	172	172
2IDO	green	amber_boltz	0	0.745	0.9822	0.9782	0.9331	171	172
2IDO	green	amber_boltz	1	0.756	0.9826	0.9797	0.9215	171	172
2IDO	green	amber_boltz	2	0.784	0.9805	0.9753	0.9055	171	172
2IDO	green	amber_boltz	3	0.774	0.9814	0.9767	0.9172	171	172
2IDO	green	amber_boltz	4	0.900	0.9769	0.9709	0.9041	170	172
2J0T	green	af_relaxed	0	0.526	0.9908	0.9938	0.9705	161	161
2J0T	green	af_relaxed	1	0.501	0.9913	0.9922	0.9705	161	161
2J0T	green	af_relaxed	2	0.424	0.9925	0.9938	0.9689	161	161
2J0T	green	af_relaxed	3	0.541	0.9905	0.9938	0.9720	161	161
2J0T	green	af_relaxed	4	0.507	0.9909	0.9922	0.9689	161	161
2J0T	green	boltz	0	0.692	0.9855	0.9845	0.9379	160	161
2J0T	green	boltz	1	0.517	0.9892	0.9891	0.9410	161	161
2J0T	green	boltz	2	0.546	0.9886	0.9891	0.9503	161	161
2J0T	green	boltz	3	0.456	0.9911	0.9938	0.9457	161	161
2J0T	green	boltz	4	0.626	0.9875	0.9891	0.9488	160	161
2J0T	green	amber_af	0	0.524	0.9909	0.9938	0.9705	161	161
2J0T	green	amber_af	1	0.501	0.9913	0.9922	0.9689	161	161
2J0T	green	amber_af	2	0.423	0.9925	0.9938	0.9689	161	161
2J0T	green	amber_af	3	0.541	0.9905	0.9938	0.9720	161	161
2J0T	green	amber_af	4	0.507	0.9909	0.9922	0.9689	161	161
2J0T	green	amber_boltz	0	0.700	0.9854	0.9860	0.9394	160	161
2J0T	green	amber_boltz	1	0.509	0.9895	0.9938	0.9457	161	161
2J0T	green	amber_boltz	2	0.543	0.9887	0.9907	0.9519	161	161
2J0T	green	amber_boltz	3	0.451	0.9912	0.9938	0.9503	161	161
2J0T	green	amber_boltz	4	0.626	0.9875	0.9907	0.9519	160	161
2J7P	green	af_relaxed	0	1.438	0.9733	0.9281	0.8116	289	292
2J7P	green	af_relaxed	1	1.534	0.9665	0.9075	0.7842	288	292
2J7P	green	af_relaxed	2	1.581	0.9635	0.9050	0.7628	288	292
2J7P	green	af_relaxed	3	1.617	0.9627	0.8990	0.7568	288	292
2J7P	green	af_relaxed	4	1.532	0.9669	0.9110	0.7688	289	292
2J7P	green	boltz	0	2.458	0.9336	0.8990	0.7783	270	292
2J7P	green	boltz	1	2.257	0.9406	0.9118	0.7928	276	292
2J7P	green	boltz	2	2.365	0.9341	0.8955	0.7757	270	292
2J7P	green	boltz	3	2.438	0.9357	0.9075	0.7962	270	292
2J7P	green	boltz	4	2.341	0.9350	0.9050	0.7979	268	292
2J7P	green	amber_af	0	1.437	0.9734	0.9298	0.8159	289	292
2J7P	green	amber_af	1	1.533	0.9665	0.9075	0.7834	288	292
2J7P	green	amber_af	2	1.583	0.9635	0.9050	0.7637	288	292
2J7P	green	amber_af	3	1.617	0.9628	0.8990	0.7568	288	292
2J7P	green	amber_af	4	1.532	0.9669	0.9110	0.7688	289	292
2J7P	green	amber_boltz	0	2.465	0.9333	0.8990	0.7808	269	292
2J7P	green	amber_boltz	1	2.263	0.9404	0.9101	0.7937	276	292
2J7P	green	amber_boltz	2	2.371	0.9340	0.8930	0.7774	269	292
2J7P	green	amber_boltz	3	2.441	0.9357	0.9058	0.7979	270	292
2J7P	green	amber_boltz	4	2.342	0.9349	0.9033	0.7997	269	292
2MTA	green	af_relaxed	0	14.256	0.1813	0.1524	0.0833	19	105
2MTA	green	af_relaxed	1	14.246	0.1816	0.1524	0.0833	19	105
2MTA	green	af_relaxed	2	14.243	0.1814	0.1524	0.0833	18	105
2MTA	green	af_relaxed	3	14.245	0.1818	0.1548	0.0857	19	105
2MTA	green	af_relaxed	4	14.243	0.1816	0.1524	0.0833	19	105
2MTA	green	boltz	0	14.227	0.1835	0.1571	0.0881	18	105
2MTA	green	boltz	1	14.238	0.1829	0.1548	0.0857	18	105
2MTA	green	boltz	2	14.225	0.1831	0.1571	0.0881	18	105
2MTA	green	boltz	3	14.216	0.1832	0.1571	0.0881	18	105
2MTA	green	boltz	4	14.209	0.1833	0.1571	0.0881	18	105
2MTA	green	amber_af	0	14.256	0.1813	0.1524	0.0833	19	105
2MTA	green	amber_af	1	14.246	0.1816	0.1524	0.0833	19	105
2MTA	green	amber_af	2	14.243	0.1814	0.1524	0.0833	18	105
2MTA	green	amber_af	3	14.246	0.1817	0.1548	0.0857	19	105
2MTA	green	amber_af	4	14.243	0.1815	0.1524	0.0833	19	105
2MTA	green	amber_boltz	0	14.232	0.1826	0.1571	0.0881	18	105
2MTA	green	amber_boltz	1	14.246	0.1822	0.1571	0.0881	18	105
2MTA	green	amber_boltz	2	14.233	0.1824	0.1571	0.0881	18	105
2MTA	green	amber_boltz	3	14.223	0.1826	0.1571	0.0881	18	105
2MTA	green	amber_boltz	4	14.215	0.1827	0.1571	0.0881	18	105
2NZ8	green	af_relaxed	0	0.580	0.9886	0.9873	0.9520	177	177
2NZ8	green	af_relaxed	1	0.572	0.9890	0.9873	0.9576	177	177
2NZ8	green	af_relaxed	2	0.568	0.9891	0.9873	0.9619	177	177
2NZ8	green	af_relaxed	3	0.572	0.9890	0.9859	0.9548	177	177
2NZ8	green	af_relaxed	4	0.561	0.9893	0.9873	0.9590	177	177
2NZ8	green	boltz	0	0.583	0.9887	0.9887	0.9576	177	177
2NZ8	green	boltz	1	0.578	0.9891	0.9887	0.9647	177	177
2NZ8	green	boltz	2	0.593	0.9883	0.9873	0.9534	177	177
2NZ8	green	boltz	3	0.586	0.9885	0.9887	0.9520	177	177
2NZ8	green	boltz	4	0.612	0.9875	0.9845	0.9520	177	177
2NZ8	green	amber_af	0	0.580	0.9886	0.9873	0.9520	177	177
2NZ8	green	amber_af	1	0.572	0.9890	0.9873	0.9590	177	177
2NZ8	green	amber_af	2	0.568	0.9891	0.9873	0.9619	177	177
2NZ8	green	amber_af	3	0.571	0.9890	0.9859	0.9548	177	177
2NZ8	green	amber_af	4	0.561	0.9893	0.9873	0.9590	177	177
2NZ8	green	amber_boltz	0	0.579	0.9888	0.9887	0.9590	177	177
2NZ8	green	amber_boltz	1	0.578	0.9890	0.9887	0.9633	177	177
2NZ8	green	amber_boltz	2	0.592	0.9883	0.9873	0.9548	177	177
2NZ8	green	amber_boltz	3	0.585	0.9884	0.9873	0.9506	177	177
2NZ8	green	amber_boltz	4	0.610	0.9875	0.9845	0.9520	177	177
2O3B	green	af_relaxed	0	0.905	0.9910	0.9917	0.9710	239	241
2O3B	green	af_relaxed	1	0.916	0.9911	0.9938	0.9710	239	241
2O3B	green	af_relaxed	2	0.639	0.9921	0.9938	0.9678	240	241
2O3B	green	af_relaxed	3	0.902	0.9909	0.9927	0.9710	239	241
2O3B	green	af_relaxed	4	0.889	0.9913	0.9927	0.9761	239	241
2O3B	green	boltz	0	0.882	0.9906	0.9917	0.9668	239	241
2O3B	green	boltz	1	0.970	0.9908	0.9917	0.9730	239	241
2O3B	green	boltz	2	0.901	0.9908	0.9907	0.9699	239	241
2O3B	green	boltz	3	0.930	0.9903	0.9907	0.9689	239	241
2O3B	green	boltz	4	0.876	0.9908	0.9917	0.9668	239	241
2O3B	green	amber_af	0	0.904	0.9910	0.9927	0.9720	239	241
2O3B	green	amber_af	1	0.917	0.9911	0.9938	0.9699	239	241
2O3B	green	amber_af	2	0.640	0.9921	0.9938	0.9678	240	241
2O3B	green	amber_af	3	0.902	0.9909	0.9938	0.9720	239	241
2O3B	green	amber_af	4	0.890	0.9913	0.9927	0.9761	239	241
2O3B	green	amber_boltz	0	0.897	0.9902	0.9917	0.9647	239	241
2O3B	green	amber_boltz	1	0.985	0.9905	0.9917	0.9710	239	241
2O3B	green	amber_boltz	2	0.914	0.9905	0.9917	0.9689	239	241
2O3B	green	amber_boltz	3	0.946	0.9899	0.9907	0.9678	239	241
2O3B	green	amber_boltz	4	0.892	0.9905	0.9917	0.9637	239	241
2O8V	green	af_relaxed	0	1.558	0.9530	0.9225	0.8166	224	229
2O8V	green	af_relaxed	1	1.576	0.9544	0.9247	0.8199	223	229
2O8V	green	af_relaxed	2	1.533	0.9547	0.9225	0.8111	224	229
2O8V	green	af_relaxed	3	1.517	0.9564	0.9279	0.8297	224	229
2O8V	green	af_relaxed	4	1.490	0.9560	0.9236	0.8253	225	229
2O8V	green	boltz	0	1.644	0.9455	0.9007	0.7795	223	229
2O8V	green	boltz	1	3.214	0.9314	0.8952	0.7697	216	229
2O8V	green	boltz	2	3.184	0.9334	0.8865	0.7609	219	229
2O8V	green	boltz	3	3.555	0.9275	0.8897	0.7784	217	229
2O8V	green	boltz	4	3.086	0.9311	0.8854	0.7609	216	229
2O8V	green	amber_af	0	1.559	0.9530	0.9236	0.8177	224	229
2O8V	green	amber_af	1	1.576	0.9544	0.9247	0.8199	223	229
2O8V	green	amber_af	2	1.534	0.9547	0.9225	0.8111	224	229
2O8V	green	amber_af	3	1.515	0.9564	0.9279	0.8297	224	229
2O8V	green	amber_af	4	1.490	0.9560	0.9236	0.8253	225	229
2O8V	green	amber_boltz	0	1.642	0.9455	0.8985	0.7729	223	229
2O8V	green	amber_boltz	1	3.218	0.9312	0.8952	0.7686	216	229
2O8V	green	amber_boltz	2	3.197	0.9329	0.8854	0.7533	219	229
2O8V	green	amber_boltz	3	3.574	0.9273	0.8886	0.7762	217	229
2O8V	green	amber_boltz	4	3.104	0.9304	0.8843	0.7587	215	229
2OOB	green	af_relaxed	0	1.301	0.9205	0.9659	0.9261	42	44
2OOB	green	af_relaxed	1	0.943	0.9201	0.9659	0.9318	44	44
2OOB	green	af_relaxed	2	1.218	0.9165	0.9602	0.9148	43	44
2OOB	green	af_relaxed	3	1.319	0.9062	0.9602	0.9091	42	44
2OOB	green	af_relaxed	4	1.072	0.8942	0.9659	0.8750	44	44
2OOB	green	boltz	0	1.668	0.8970	0.9545	0.9034	41	44
2OOB	green	boltz	1	1.787	0.8992	0.9432	0.9034	41	44
2OOB	green	boltz	2	1.830	0.8937	0.9432	0.8920	41	44
2OOB	green	boltz	3	1.866	0.8855	0.9375	0.8864	41	44
2OOB	green	boltz	4	1.734	0.8925	0.9375	0.8920	41	44
2OOB	green	amber_af	0	1.300	0.9206	0.9659	0.9261	42	44
2OOB	green	amber_af	1	0.942	0.9202	0.9659	0.9318	44	44
2OOB	green	amber_af	2	1.218	0.9164	0.9602	0.9148	43	44
2OOB	green	amber_af	3	1.319	0.9062	0.9602	0.9091	42	44
2OOB	green	amber_af	4	1.070	0.8949	0.9659	0.8750	44	44
2OOB	green	amber_boltz	0	1.675	0.8968	0.9545	0.9034	41	44
2OOB	green	amber_boltz	1	1.799	0.8995	0.9432	0.9034	41	44
2OOB	green	amber_boltz	2	1.837	0.8940	0.9432	0.8977	41	44
2OOB	green	amber_boltz	3	1.864	0.8858	0.9375	0.8750	41	44
2OOB	green	amber_boltz	4	1.752	0.8928	0.9375	0.8920	41	44
2OOR	green	af_relaxed	0	0.424	0.9965	0.9987	0.9550	378	378
2OOR	green	af_relaxed	1	0.427	0.9964	0.9993	0.9563	378	378
2OOR	green	af_relaxed	2	0.436	0.9963	0.9980	0.9517	378	378
2OOR	green	af_relaxed	3	0.425	0.9964	0.9987	0.9544	378	378
2OOR	green	af_relaxed	4	0.452	0.9960	0.9987	0.9471	378	378
2OOR	green	boltz	0	1.565	0.9644	0.9226	0.7778	370	378
2OOR	green	boltz	1	1.654	0.9601	0.8889	0.7328	368	378
2OOR	green	boltz	2	1.279	0.9725	0.9206	0.7665	376	378
2OOR	green	boltz	3	1.576	0.9624	0.8968	0.7427	367	378
2OOR	green	boltz	4	1.443	0.9668	0.9094	0.7599	373	378
2OOR	green	amber_af	0	0.424	0.9965	0.9993	0.9563	378	378
2OOR	green	amber_af	1	0.427	0.9964	0.9993	0.9557	378	378
2OOR	green	amber_af	2	0.436	0.9963	0.9980	0.9517	378	378
2OOR	green	amber_af	3	0.425	0.9964	0.9987	0.9570	378	378
2OOR	green	amber_af	4	0.452	0.9960	0.9987	0.9458	378	378
2OOR	green	amber_boltz	0	1.567	0.9644	0.9226	0.7804	370	378
2OOR	green	amber_boltz	1	1.654	0.9602	0.8909	0.7335	368	378
2OOR	green	amber_boltz	2	1.277	0.9727	0.9206	0.7679	375	378
2OOR	green	amber_boltz	3	1.572	0.9626	0.8955	0.7388	367	378
2OOR	green	amber_boltz	4	1.442	0.9670	0.9094	0.7599	373	378
2OT3	green	af_relaxed	0	0.770	0.9838	0.9575	0.8696	253	253
2OT3	green	af_relaxed	1	0.834	0.9814	0.9545	0.8587	253	253
2OT3	green	af_relaxed	2	0.713	0.9860	0.9634	0.8864	253	253
2OT3	green	af_relaxed	3	0.841	0.9827	0.9585	0.8725	252	253
2OT3	green	af_relaxed	4	0.734	0.9852	0.9615	0.8765	253	253
2OT3	green	boltz	0	0.898	0.9782	0.9407	0.8340	253	253
2OT3	green	boltz	1	0.923	0.9773	0.9397	0.8281	253	253
2OT3	green	boltz	2	0.916	0.9776	0.9466	0.8528	253	253
2OT3	green	boltz	3	0.976	0.9746	0.9348	0.8251	253	253
2OT3	green	boltz	4	0.976	0.9746	0.9338	0.8300	253	253
2OT3	green	amber_af	0	0.770	0.9838	0.9575	0.8696	253	253
2OT3	green	amber_af	1	0.834	0.9814	0.9555	0.8587	253	253
2OT3	green	amber_af	2	0.713	0.9860	0.9625	0.8854	253	253
2OT3	green	amber_af	3	0.842	0.9827	0.9585	0.8715	252	253
2OT3	green	amber_af	4	0.734	0.9852	0.9615	0.8765	253	253
2OT3	green	amber_boltz	0	0.900	0.9782	0.9417	0.8379	253	253
2OT3	green	amber_boltz	1	0.926	0.9771	0.9407	0.8281	253	253
2OT3	green	amber_boltz	2	0.918	0.9775	0.9457	0.8508	253	253
2OT3	green	amber_boltz	3	0.981	0.9744	0.9377	0.8310	253	253
2OT3	green	amber_boltz	4	0.978	0.9745	0.9348	0.8300	253	253
2OUL	green	af_relaxed	0	0.582	0.9908	0.9844	0.9367	241	241
2OUL	green	af_relaxed	1	0.730	0.9876	0.9803	0.9201	239	241
2OUL	green	af_relaxed	2	0.593	0.9903	0.9803	0.9232	241	241
2OUL	green	af_relaxed	3	0.578	0.9911	0.9865	0.9388	241	241
2OUL	green	af_relaxed	4	0.710	0.9873	0.9751	0.9149	241	241
2OUL	green	boltz	0	0.622	0.9898	0.9813	0.9326	241	241
2OUL	green	boltz	1	0.581	0.9906	0.9844	0.9409	241	241
2OUL	green	boltz	2	0.525	0.9921	0.9834	0.9429	241	241
2OUL	green	boltz	3	0.652	0.9886	0.9803	0.9346	241	241
2OUL	green	boltz	4	0.567	0.9913	0.9855	0.9450	241	241
2OUL	green	amber_af	0	0.582	0.9907	0.9844	0.9357	241	241
2OUL	green	amber_af	1	0.731	0.9876	0.9793	0.9201	239	241
2OUL	green	amber_af	2	0.593	0.9903	0.9813	0.9243	241	241
2OUL	green	amber_af	3	0.577	0.9911	0.9865	0.9388	241	241
2OUL	green	amber_af	4	0.710	0.9873	0.9751	0.9160	241	241
2OUL	green	amber_boltz	0	0.627	0.9897	0.9813	0.9336	241	241
2OUL	green	amber_boltz	1	0.586	0.9904	0.9844	0.9367	241	241
2OUL	green	amber_boltz	2	0.528	0.9920	0.9844	0.9461	241	241
2OUL	green	amber_boltz	3	0.652	0.9886	0.9813	0.9378	241	241
2OUL	green	amber_boltz	4	0.570	0.9913	0.9855	0.9440	241	241
2OZA	green	af_relaxed	0	2.338	0.9440	0.8731	0.7530	319	331
2OZA	green	af_relaxed	1	2.370	0.9431	0.8784	0.7621	315	331
2OZA	green	af_relaxed	2	2.265	0.9530	0.8882	0.7651	320	331
2OZA	green	af_relaxed	3	2.573	0.9281	0.8527	0.7175	312	331
2OZA	green	af_relaxed	4	2.346	0.9456	0.8807	0.7591	317	331
2OZA	green	boltz	0	8.442	0.7990	0.7311	0.6254	262	331
2OZA	green	boltz	1	8.244	0.8065	0.7508	0.6511	261	331
2OZA	green	boltz	2	8.315	0.8073	0.7621	0.6579	262	331
2OZA	green	boltz	3	8.833	0.7982	0.7477	0.6435	259	331
2OZA	green	boltz	4	10.137	0.8001	0.7470	0.6541	261	331
2OZA	green	amber_af	0	2.337	0.9440	0.8731	0.7523	319	331
2OZA	green	amber_af	1	2.369	0.9431	0.8784	0.7621	315	331
2OZA	green	amber_af	2	2.271	0.9530	0.8875	0.7644	320	331
2OZA	green	amber_af	3	2.589	0.9278	0.8527	0.7145	312	331
2OZA	green	amber_af	4	2.347	0.9455	0.8807	0.7583	317	331
2OZA	green	amber_boltz	0	8.457	0.7985	0.7296	0.6216	262	331
2OZA	green	amber_boltz	1	8.258	0.8060	0.7523	0.6526	261	331
2OZA	green	amber_boltz	2	8.321	0.8070	0.7613	0.6548	261	331
2OZA	green	amber_boltz	3	8.853	0.7974	0.7477	0.6420	259	331
2OZA	green	amber_boltz	4	10.155	0.7997	0.7455	0.6526	260	331
2PCC	green	af_relaxed	0	0.548	0.9934	0.9923	0.9524	294	294
2PCC	green	af_relaxed	1	0.545	0.9934	0.9923	0.9498	294	294
2PCC	green	af_relaxed	2	0.566	0.9930	0.9923	0.9515	294	294
2PCC	green	af_relaxed	3	0.553	0.9933	0.9932	0.9498	294	294
2PCC	green	af_relaxed	4	0.530	0.9936	0.9923	0.9524	294	294
2PCC	green	boltz	0	0.577	0.9931	0.9923	0.9617	293	294
2PCC	green	boltz	1	0.586	0.9932	0.9898	0.9592	293	294
2PCC	green	boltz	2	0.548	0.9936	0.9923	0.9626	294	294
2PCC	green	boltz	3	0.578	0.9929	0.9906	0.9558	293	294
2PCC	green	boltz	4	0.555	0.9935	0.9923	0.9668	294	294
2PCC	green	amber_af	0	0.548	0.9934	0.9923	0.9515	294	294
2PCC	green	amber_af	1	0.545	0.9934	0.9923	0.9490	294	294
2PCC	green	amber_af	2	0.566	0.9930	0.9923	0.9515	294	294
2PCC	green	amber_af	3	0.549	0.9934	0.9923	0.9524	294	294
2PCC	green	amber_af	4	0.530	0.9936	0.9923	0.9515	294	294
2PCC	green	amber_boltz	0	0.587	0.9930	0.9915	0.9600	293	294
2PCC	green	amber_boltz	1	0.596	0.9930	0.9898	0.9575	293	294
2PCC	green	amber_boltz	2	0.559	0.9933	0.9915	0.9583	294	294
2PCC	green	amber_boltz	3	0.589	0.9927	0.9906	0.9490	293	294
2PCC	green	amber_boltz	4	0.560	0.9934	0.9923	0.9626	294	294
2SIC	green	af_relaxed	0	0.224	0.9987	1.0000	0.9955	275	275
2SIC	green	af_relaxed	1	0.223	0.9987	1.0000	0.9945	275	275
2SIC	green	af_relaxed	2	0.221	0.9987	1.0000	0.9973	275	275
2SIC	green	af_relaxed	3	0.222	0.9987	1.0000	0.9964	275	275
2SIC	green	af_relaxed	4	0.224	0.9987	1.0000	0.9945	275	275
2SIC	green	boltz	0	0.278	0.9979	1.0000	0.9882	275	275
2SIC	green	boltz	1	0.271	0.9981	1.0000	0.9891	275	275
2SIC	green	boltz	2	0.253	0.9983	1.0000	0.9927	275	275
2SIC	green	boltz	3	0.265	0.9981	1.0000	0.9882	275	275
2SIC	green	boltz	4	0.261	0.9982	1.0000	0.9909	275	275
2SIC	green	amber_af	0	0.225	0.9986	1.0000	0.9955	275	275
2SIC	green	amber_af	1	0.223	0.9987	1.0000	0.9945	275	275
2SIC	green	amber_af	2	0.222	0.9987	1.0000	0.9973	275	275
2SIC	green	amber_af	3	0.222	0.9987	1.0000	0.9955	275	275
2SIC	green	amber_af	4	0.224	0.9987	1.0000	0.9945	275	275
2SIC	green	amber_boltz	0	0.280	0.9979	1.0000	0.9873	275	275
2SIC	green	amber_boltz	1	0.270	0.9981	1.0000	0.9891	275	275
2SIC	green	amber_boltz	2	0.254	0.9983	1.0000	0.9909	275	275
2SIC	green	amber_boltz	3	0.267	0.9981	1.0000	0.9900	275	275
2SIC	green	amber_boltz	4	0.264	0.9982	1.0000	0.9909	275	275
2SNI	green	af_relaxed	0	0.262	0.9982	1.0000	0.9936	275	275
2SNI	green	af_relaxed	1	0.253	0.9983	1.0000	0.9945	275	275
2SNI	green	af_relaxed	2	0.264	0.9981	1.0000	0.9909	275	275
2SNI	green	af_relaxed	3	0.268	0.9981	1.0000	0.9918	275	275
2SNI	green	af_relaxed	4	0.285	0.9978	1.0000	0.9882	275	275
2SNI	green	boltz	0	0.290	0.9978	1.0000	0.9882	275	275
2SNI	green	boltz	1	0.292	0.9977	1.0000	0.9873	275	275
2SNI	green	boltz	2	0.292	0.9977	1.0000	0.9836	275	275
2SNI	green	boltz	3	0.283	0.9979	1.0000	0.9873	275	275
2SNI	green	boltz	4	0.271	0.9981	1.0000	0.9918	275	275
2SNI	green	amber_af	0	0.263	0.9982	1.0000	0.9936	275	275
2SNI	green	amber_af	1	0.252	0.9983	1.0000	0.9945	275	275
2SNI	green	amber_af	2	0.264	0.9982	1.0000	0.9909	275	275
2SNI	green	amber_af	3	0.268	0.9981	1.0000	0.9918	275	275
2SNI	green	amber_af	4	0.289	0.9978	1.0000	0.9891	275	275
2SNI	green	amber_boltz	0	0.297	0.9977	1.0000	0.9855	275	275
2SNI	green	amber_boltz	1	0.296	0.9977	1.0000	0.9864	275	275
2SNI	green	amber_boltz	2	0.299	0.9976	1.0000	0.9836	275	275
2SNI	green	amber_boltz	3	0.290	0.9978	1.0000	0.9882	275	275
2SNI	green	amber_boltz	4	0.278	0.9979	1.0000	0.9900	275	275
2UUY	green	af_relaxed	0	0.308	0.9970	0.9989	0.9821	223	223
2UUY	green	af_relaxed	1	0.316	0.9968	0.9989	0.9787	223	223
2UUY	green	af_relaxed	2	0.303	0.9970	0.9978	0.9798	223	223
2UUY	green	af_relaxed	3	0.310	0.9969	0.9989	0.9798	223	223
2UUY	green	af_relaxed	4	0.315	0.9968	0.9989	0.9787	223	223
2UUY	green	boltz	0	0.309	0.9969	1.0000	0.9798	223	223
2UUY	green	boltz	1	0.317	0.9968	1.0000	0.9787	223	223
2UUY	green	boltz	2	0.313	0.9968	1.0000	0.9809	223	223
2UUY	green	boltz	3	0.283	0.9974	1.0000	0.9877	223	223
2UUY	green	boltz	4	0.306	0.9970	1.0000	0.9809	223	223
2UUY	green	amber_af	0	0.308	0.9970	0.9989	0.9809	223	223
2UUY	green	amber_af	1	0.316	0.9968	0.9989	0.9787	223	223
2UUY	green	amber_af	2	0.302	0.9971	0.9989	0.9809	223	223
2UUY	green	amber_af	3	0.311	0.9969	0.9989	0.9798	223	223
2UUY	green	amber_af	4	0.315	0.9968	0.9989	0.9776	223	223
2UUY	green	amber_boltz	0	0.314	0.9968	1.0000	0.9776	223	223
2UUY	green	amber_boltz	1	0.321	0.9967	0.9989	0.9787	223	223
2UUY	green	amber_boltz	2	0.317	0.9968	1.0000	0.9753	223	223
2UUY	green	amber_boltz	3	0.286	0.9974	1.0000	0.9877	223	223
2UUY	green	amber_boltz	4	0.310	0.9969	1.0000	0.9809	223	223
2VDB	green	af_relaxed	0	3.833	0.8670	0.7073	0.5235	457	574
2VDB	green	af_relaxed	1	4.011	0.8590	0.6990	0.5166	451	574
2VDB	green	af_relaxed	2	3.837	0.8675	0.7152	0.5331	456	574
2VDB	green	af_relaxed	3	3.564	0.8794	0.7435	0.5618	466	574
2VDB	green	af_relaxed	4	3.834	0.8666	0.7147	0.5305	456	574
2VDB	green	boltz	0	4.256	0.8441	0.6551	0.4717	447	574
2VDB	green	boltz	1	4.503	0.8312	0.6254	0.4464	443	574
2VDB	green	boltz	2	4.426	0.8355	0.6259	0.4451	447	574
2VDB	green	boltz	3	4.454	0.8317	0.6250	0.4456	447	574
2VDB	green	boltz	4	4.350	0.8377	0.6337	0.4538	451	574
2VDB	green	amber_af	0	3.832	0.8670	0.7073	0.5235	457	574
2VDB	green	amber_af	1	4.011	0.8590	0.6995	0.5166	452	574
2VDB	green	amber_af	2	3.837	0.8675	0.7156	0.5331	456	574
2VDB	green	amber_af	3	3.564	0.8794	0.7430	0.5614	466	574
2VDB	green	amber_af	4	3.834	0.8665	0.7147	0.5305	456	574
2VDB	green	amber_boltz	0	4.257	0.8440	0.6546	0.4713	449	574
2VDB	green	amber_boltz	1	4.506	0.8311	0.6272	0.4460	443	574
2VDB	green	amber_boltz	2	4.426	0.8356	0.6246	0.4429	448	574
2VDB	green	amber_boltz	3	4.454	0.8318	0.6250	0.4447	445	574
2VDB	green	amber_boltz	4	4.351	0.8376	0.6341	0.4525	454	574
2VIS	green	af_relaxed	0	1.178	0.9563	0.8714	0.7167	210	210
2VIS	green	af_relaxed	1	1.021	0.9666	0.9071	0.7548	210	210
2VIS	green	af_relaxed	2	1.456	0.9354	0.8524	0.7000	210	210
2VIS	green	af_relaxed	3	1.385	0.9409	0.8631	0.7095	210	210
2VIS	green	af_relaxed	4	1.103	0.9613	0.8881	0.7345	210	210
2VIS	green	boltz	0	1.552	0.9273	0.8500	0.7048	210	210
2VIS	green	boltz	1	2.173	0.8729	0.7810	0.6393	209	210
2VIS	green	boltz	2	2.227	0.8667	0.7810	0.6345	209	210
2VIS	green	boltz	3	1.779	0.9074	0.8179	0.6738	209	210
2VIS	green	boltz	4	1.167	0.9566	0.8750	0.7286	210	210
2VIS	green	amber_af	0	1.173	0.9566	0.8750	0.7226	210	210
2VIS	green	amber_af	1	1.021	0.9666	0.9060	0.7512	210	210
2VIS	green	amber_af	2	1.455	0.9354	0.8524	0.6988	210	210
2VIS	green	amber_af	3	1.385	0.9409	0.8619	0.7083	210	210
2VIS	green	amber_af	4	1.103	0.9613	0.8881	0.7333	210	210
2VIS	green	amber_boltz	0	1.561	0.9266	0.8452	0.6952	210	210
2VIS	green	amber_boltz	1	2.179	0.8723	0.7786	0.6333	209	210
2VIS	green	amber_boltz	2	2.232	0.8662	0.7810	0.6333	209	210
2VIS	green	amber_boltz	3	1.782	0.9070	0.8190	0.6690	210	210
2VIS	green	amber_boltz	4	1.174	0.9562	0.8738	0.7274	210	210
2VXT	green	af_relaxed	0	1.674	0.9263	0.8575	0.7403	204	207
2VXT	green	af_relaxed	1	1.634	0.9279	0.8659	0.7488	204	207
2VXT	green	af_relaxed	2	1.835	0.9082	0.8382	0.7198	205	207
2VXT	green	af_relaxed	3	2.879	0.8036	0.7609	0.6437	190	207
2VXT	green	af_relaxed	4	4.297	0.6818	0.6932	0.5725	141	207
2VXT	green	boltz	0	1.673	0.9245	0.8611	0.7476	205	207
2VXT	green	boltz	1	1.635	0.9278	0.8635	0.7488	205	207
2VXT	green	boltz	2	1.614	0.9300	0.8744	0.7621	205	207
2VXT	green	boltz	3	1.895	0.9044	0.8394	0.7246	204	207
2VXT	green	boltz	4	1.325	0.9595	0.9203	0.8092	204	207
2VXT	green	amber_af	0	1.674	0.9262	0.8575	0.7403	204	207
2VXT	green	amber_af	1	1.633	0.9280	0.8659	0.7488	204	207
2VXT	green	amber_af	2	1.835	0.9082	0.8382	0.7210	205	207
2VXT	green	amber_af	3	2.879	0.8036	0.7609	0.6437	190	207
2VXT	green	amber_af	4	4.296	0.6819	0.6932	0.5725	141	207
2VXT	green	amber_boltz	0	1.673	0.9243	0.8599	0.7464	205	207
2VXT	green	amber_boltz	1	1.637	0.9274	0.8599	0.7440	205	207
2VXT	green	amber_boltz	2	1.614	0.9298	0.8744	0.7597	205	207
2VXT	green	amber_boltz	3	1.891	0.9043	0.8394	0.7246	205	207
2VXT	green	amber_boltz	4	1.322	0.9593	0.9203	0.8080	204	207
2W9E	green	af_relaxed	0	0.665	0.9694	0.9747	0.8813	99	99
2W9E	green	af_relaxed	1	0.663	0.9695	0.9747	0.8813	99	99
2W9E	green	af_relaxed	2	0.642	0.9720	0.9798	0.8939	99	99
2W9E	green	af_relaxed	3	0.806	0.9546	0.9520	0.7904	99	99
2W9E	green	af_relaxed	4	0.910	0.9448	0.9394	0.7828	99	99
2W9E	green	boltz	0	0.687	0.9676	0.9848	0.8687	99	99
2W9E	green	boltz	1	0.830	0.9539	0.9545	0.8106	99	99
2W9E	green	boltz	2	0.689	0.9680	0.9773	0.8662	99	99
2W9E	green	boltz	3	1.186	0.9383	0.9419	0.8106	98	99
2W9E	green	boltz	4	0.737	0.9627	0.9672	0.8460	99	99
2W9E	green	amber_af	0	0.666	0.9694	0.9747	0.8813	99	99
2W9E	green	amber_af	1	0.665	0.9693	0.9747	0.8813	99	99
2W9E	green	amber_af	2	0.642	0.9720	0.9798	0.8939	99	99
2W9E	green	amber_af	3	0.807	0.9545	0.9495	0.7854	99	99
2W9E	green	amber_af	4	0.909	0.9450	0.9394	0.7828	99	99
2W9E	green	amber_boltz	0	0.686	0.9678	0.9798	0.8636	99	99
2W9E	green	amber_boltz	1	0.846	0.9525	0.9571	0.8081	99	99
2W9E	green	amber_boltz	2	0.696	0.9674	0.9722	0.8611	99	99
2W9E	green	amber_boltz	3	1.194	0.9373	0.9394	0.8056	98	99
2W9E	green	amber_boltz	4	0.746	0.9620	0.9646	0.8384	99	99
2X9A	green	af_relaxed	0	0.463	0.9780	0.9918	0.9713	61	61
2X9A	green	af_relaxed	1	0.458	0.9764	0.9959	0.9713	61	61
2X9A	green	af_relaxed	2	0.453	0.9785	0.9959	0.9754	61	61
2X9A	green	af_relaxed	3	0.472	0.9770	0.9918	0.9672	61	61
2X9A	green	af_relaxed	4	0.472	0.9764	0.9959	0.9713	61	61
2X9A	green	boltz	0	0.419	0.9792	0.9959	0.9713	61	61
2X9A	green	boltz	1	0.512	0.9742	0.9918	0.9672	61	61
2X9A	green	boltz	2	0.455	0.9775	0.9959	0.9713	61	61
2X9A	green	boltz	3	0.658	0.9684	0.9918	0.9590	61	61
2X9A	green	boltz	4	0.633	0.9726	0.9918	0.9631	61	61
2X9A	green	amber_af	0	0.463	0.9781	0.9918	0.9713	61	61
2X9A	green	amber_af	1	0.458	0.9764	0.9959	0.9713	61	61
2X9A	green	amber_af	2	0.454	0.9784	0.9959	0.9754	61	61
2X9A	green	amber_af	3	0.471	0.9771	0.9918	0.9672	61	61
2X9A	green	amber_af	4	0.473	0.9763	0.9959	0.9713	61	61
2X9A	green	amber_boltz	0	0.433	0.9782	0.9959	0.9754	61	61
2X9A	green	amber_boltz	1	0.536	0.9729	0.9918	0.9672	61	61
2X9A	green	amber_boltz	2	0.466	0.9765	0.9959	0.9795	61	61
2X9A	green	amber_boltz	3	0.677	0.9671	0.9877	0.9549	61	61
2X9A	green	amber_boltz	4	0.647	0.9720	0.9918	0.9713	61	61
2YVJ	green	af_relaxed	0	0.751	0.9896	0.9664	0.8420	402	402
2YVJ	green	af_relaxed	1	0.748	0.9897	0.9670	0.8458	402	402
2YVJ	green	af_relaxed	2	0.739	0.9900	0.9677	0.8489	402	402
2YVJ	green	af_relaxed	3	0.733	0.9901	0.9689	0.8514	402	402
2YVJ	green	af_relaxed	4	0.739	0.9899	0.9689	0.8514	402	402
2YVJ	green	boltz	0	0.754	0.9895	0.9633	0.8340	402	402
2YVJ	green	boltz	1	0.731	0.9902	0.9670	0.8383	402	402
2YVJ	green	boltz	2	0.802	0.9882	0.9596	0.8016	402	402
2YVJ	green	boltz	3	0.676	0.9916	0.9745	0.8731	402	402
2YVJ	green	boltz	4	0.682	0.9914	0.9733	0.8650	402	402
2YVJ	green	amber_af	0	0.750	0.9896	0.9664	0.8414	402	402
2YVJ	green	amber_af	1	0.747	0.9897	0.9677	0.8451	402	402
2YVJ	green	amber_af	2	0.739	0.9899	0.9677	0.8483	402	402
2YVJ	green	amber_af	3	0.733	0.9901	0.9689	0.8532	402	402
2YVJ	green	amber_af	4	0.739	0.9899	0.9689	0.8507	402	402
2YVJ	green	amber_boltz	0	0.759	0.9894	0.9633	0.8321	402	402
2YVJ	green	amber_boltz	1	0.733	0.9901	0.9677	0.8371	402	402
2YVJ	green	amber_boltz	2	0.805	0.9881	0.9583	0.7991	402	402
2YVJ	green	amber_boltz	3	0.681	0.9914	0.9733	0.8663	402	402
2YVJ	green	amber_boltz	4	0.688	0.9913	0.9739	0.8632	402	402
2Z0E	green	af_relaxed	0	6.185	0.9524	0.9429	0.9119	301	315
2Z0E	green	af_relaxed	1	6.213	0.9485	0.9349	0.8968	300	315
2Z0E	green	af_relaxed	2	6.684	0.9503	0.9397	0.9103	300	315
2Z0E	green	af_relaxed	3	6.199	0.9508	0.9365	0.8976	301	315
2Z0E	green	af_relaxed	4	6.197	0.9517	0.9405	0.9063	301	315
2Z0E	green	boltz	0	4.650	0.9505	0.9357	0.8810	300	315
2Z0E	green	boltz	1	4.325	0.9481	0.9333	0.8817	299	315
2Z0E	green	boltz	2	4.417	0.9481	0.9325	0.8802	299	315
2Z0E	green	boltz	3	3.871	0.9495	0.9325	0.8746	299	315
2Z0E	green	boltz	4	4.031	0.9506	0.9365	0.8849	299	315
2Z0E	green	amber_af	0	6.186	0.9524	0.9429	0.9119	301	315
2Z0E	green	amber_af	1	6.213	0.9485	0.9349	0.8968	300	315
2Z0E	green	amber_af	2	6.681	0.9503	0.9397	0.9103	300	315
2Z0E	green	amber_af	3	6.198	0.9508	0.9381	0.8992	301	315
2Z0E	green	amber_af	4	6.197	0.9517	0.9405	0.9063	301	315
2Z0E	green	amber_boltz	0	4.651	0.9504	0.9365	0.8778	300	315
2Z0E	green	amber_boltz	1	4.326	0.9480	0.9341	0.8817	299	315
2Z0E	green	amber_boltz	2	4.414	0.9481	0.9317	0.8849	299	315
2Z0E	green	amber_boltz	3	3.870	0.9495	0.9341	0.8738	299	315
2Z0E	green	amber_boltz	4	4.028	0.9505	0.9365	0.8810	299	315
3A4S	green	af_relaxed	0	0.747	0.9833	0.9839	0.9290	154	155
3A4S	green	af_relaxed	1	0.737	0.9837	0.9839	0.9274	154	155
3A4S	green	af_relaxed	2	0.735	0.9836	0.9839	0.9242	154	155
3A4S	green	af_relaxed	3	0.733	0.9842	0.9855	0.9306	154	155
3A4S	green	af_relaxed	4	0.726	0.9845	0.9871	0.9371	154	155
3A4S	green	boltz	0	0.676	0.9863	0.9855	0.9452	154	155
3A4S	green	boltz	1	0.733	0.9841	0.9887	0.9306	154	155
3A4S	green	boltz	2	0.759	0.9835	0.9839	0.9371	154	155
3A4S	green	boltz	3	0.694	0.9863	0.9871	0.9484	154	155
3A4S	green	boltz	4	0.689	0.9864	0.9887	0.9452	154	155
3A4S	green	amber_af	0	0.747	0.9833	0.9839	0.9290	154	155
3A4S	green	amber_af	1	0.737	0.9838	0.9839	0.9274	154	155
3A4S	green	amber_af	2	0.734	0.9836	0.9839	0.9242	154	155
3A4S	green	amber_af	3	0.732	0.9842	0.9855	0.9323	154	155
3A4S	green	amber_af	4	0.726	0.9845	0.9871	0.9371	154	155
3A4S	green	amber_boltz	0	0.680	0.9860	0.9855	0.9403	154	155
3A4S	green	amber_boltz	1	0.735	0.9839	0.9871	0.9306	154	155
3A4S	green	amber_boltz	2	0.762	0.9833	0.9823	0.9290	154	155
3A4S	green	amber_boltz	3	0.700	0.9859	0.9855	0.9419	154	155
3A4S	green	amber_boltz	4	0.694	0.9860	0.9855	0.9403	154	155
3AAA	green	af_relaxed	0	1.011	0.9751	0.9457	0.8549	267	267
3AAA	green	af_relaxed	1	1.122	0.9700	0.9335	0.8399	267	267
3AAA	green	af_relaxed	2	1.111	0.9706	0.9382	0.8474	267	267
3AAA	green	af_relaxed	3	1.173	0.9677	0.9335	0.8436	267	267
3AAA	green	af_relaxed	4	1.014	0.9748	0.9466	0.8586	267	267
3AAA	green	boltz	0	1.088	0.9717	0.9391	0.8399	267	267
3AAA	green	boltz	1	1.114	0.9703	0.9345	0.8333	267	267
3AAA	green	boltz	2	0.970	0.9769	0.9541	0.8633	267	267
3AAA	green	boltz	3	1.020	0.9747	0.9438	0.8446	267	267
3AAA	green	boltz	4	0.998	0.9756	0.9494	0.8493	267	267
3AAA	green	amber_af	0	1.012	0.9751	0.9466	0.8549	267	267
3AAA	green	amber_af	1	1.121	0.9700	0.9335	0.8399	267	267
3AAA	green	amber_af	2	1.110	0.9707	0.9382	0.8474	267	267
3AAA	green	amber_af	3	1.174	0.9677	0.9335	0.8427	267	267
3AAA	green	amber_af	4	1.014	0.9749	0.9466	0.8577	267	267
3AAA	green	amber_boltz	0	1.092	0.9714	0.9373	0.8324	267	267
3AAA	green	amber_boltz	1	1.118	0.9700	0.9335	0.8277	267	267
3AAA	green	amber_boltz	2	0.981	0.9764	0.9541	0.8577	267	267
3AAA	green	amber_boltz	3	1.025	0.9744	0.9429	0.8390	267	267
3AAA	green	amber_boltz	4	1.004	0.9753	0.9466	0.8427	267	267
3AAD	green	af_relaxed	0	10.903	0.7210	0.6534	0.4991	196	264
3AAD	green	af_relaxed	1	17.624	0.4936	0.4782	0.4271	127	264
3AAD	green	af_relaxed	2	10.102	0.7639	0.6761	0.5104	227	264
3AAD	green	af_relaxed	3	8.186	0.5790	0.5360	0.4299	135	264
3AAD	green	af_relaxed	4	16.057	0.4901	0.4792	0.4261	121	264
3AAD	green	boltz	0	15.967	0.4897	0.4754	0.4186	127	264
3AAD	green	boltz	1	14.837	0.4916	0.4716	0.4110	124	264
3AAD	green	boltz	2	18.633	0.4852	0.4716	0.4129	127	264
3AAD	green	boltz	3	18.724	0.4853	0.4688	0.4119	127	264
3AAD	green	boltz	4	18.022	0.4868	0.4716	0.4119	127	264
3AAD	green	amber_af	0	10.903	0.7210	0.6534	0.4991	196	264
3AAD	green	amber_af	1	17.624	0.4936	0.4782	0.4271	127	264
3AAD	green	amber_af	2	10.102	0.7639	0.6761	0.5104	227	264
3AAD	green	amber_af	3	8.183	0.5790	0.5350	0.4299	137	264
3AAD	green	amber_af	4	16.052	0.4902	0.4792	0.4242	121	264
3AAD	green	amber_boltz	0	15.987	0.4895	0.4744	0.4157	127	264
3AAD	green	amber_boltz	1	14.845	0.4914	0.4716	0.4100	124	264
3AAD	green	amber_boltz	2	18.636	0.4850	0.4725	0.4100	127	264
3AAD	green	amber_boltz	3	18.747	0.4852	0.4706	0.4081	127	264
3AAD	green	amber_boltz	4	18.044	0.4866	0.4735	0.4100	127	264
3BIW	green	af_relaxed	0	0.728	0.9934	0.9826	0.9479	531	533
3BIW	green	af_relaxed	1	0.660	0.9945	0.9864	0.9522	531	533
3BIW	green	af_relaxed	2	0.672	0.9942	0.9859	0.9531	532	533
3BIW	green	af_relaxed	3	0.687	0.9940	0.9845	0.9526	532	533
3BIW	green	af_relaxed	4	0.698	0.9938	0.9831	0.9479	532	533
3BIW	green	boltz	0	0.952	0.9880	0.9592	0.8358	530	533
3BIW	green	boltz	1	1.044	0.9865	0.9498	0.8269	529	533
3BIW	green	boltz	2	1.019	0.9864	0.9461	0.8152	530	533
3BIW	green	boltz	3	0.948	0.9885	0.9573	0.8462	529	533
3BIW	green	boltz	4	0.963	0.9879	0.9559	0.8358	530	533
3BIW	green	amber_af	0	0.728	0.9934	0.9826	0.9479	531	533
3BIW	green	amber_af	1	0.660	0.9945	0.9864	0.9522	531	533
3BIW	green	amber_af	2	0.673	0.9942	0.9855	0.9526	532	533
3BIW	green	amber_af	3	0.687	0.9940	0.9845	0.9531	532	533
3BIW	green	amber_af	4	0.697	0.9938	0.9831	0.9465	532	533
3BIW	green	amber_boltz	0	0.957	0.9878	0.9578	0.8335	530	533
3BIW	green	amber_boltz	1	1.044	0.9865	0.9512	0.8250	529	533
3BIW	green	amber_boltz	2	1.025	0.9862	0.9451	0.8133	529	533
3BIW	green	amber_boltz	3	0.951	0.9884	0.9554	0.8433	529	533
3BIW	green	amber_boltz	4	0.969	0.9878	0.9559	0.8349	530	533
3BP8	green	af_relaxed	0	1.749	0.9515	0.8425	0.6982	377	381
3BP8	green	af_relaxed	1	1.772	0.9502	0.8340	0.6798	377	381
3BP8	green	af_relaxed	2	1.685	0.9560	0.8478	0.6942	377	381
3BP8	green	af_relaxed	3	1.733	0.9532	0.8425	0.6896	377	381
3BP8	green	af_relaxed	4	1.823	0.9481	0.8274	0.6719	377	381
3BP8	green	boltz	0	1.495	0.9691	0.8845	0.6962	378	381
3BP8	green	boltz	1	1.809	0.9520	0.8314	0.6404	376	381
3BP8	green	boltz	2	1.736	0.9558	0.8360	0.6404	378	381
3BP8	green	boltz	3	1.553	0.9661	0.8734	0.6837	376	381
3BP8	green	boltz	4	1.789	0.9542	0.8406	0.6529	374	381
3BP8	green	amber_af	0	1.749	0.9515	0.8425	0.6988	377	381
3BP8	green	amber_af	1	1.772	0.9503	0.8340	0.6798	377	381
3BP8	green	amber_af	2	1.686	0.9560	0.8471	0.6929	377	381
3BP8	green	amber_af	3	1.733	0.9532	0.8419	0.6903	377	381
3BP8	green	amber_af	4	1.823	0.9481	0.8268	0.6713	377	381
3BP8	green	amber_boltz	0	1.505	0.9687	0.8839	0.6949	378	381
3BP8	green	amber_boltz	1	1.823	0.9514	0.8274	0.6332	376	381
3BP8	green	amber_boltz	2	1.739	0.9556	0.8360	0.6398	378	381
3BP8	green	amber_boltz	3	1.587	0.9651	0.8714	0.6798	375	381
3BP8	green	amber_boltz	4	1.796	0.9539	0.8406	0.6509	374	381
3BX7	green	af_relaxed	0	0.738	0.9805	0.9668	0.9104	173	173
3BX7	green	af_relaxed	1	0.714	0.9816	0.9711	0.9191	173	173
3BX7	green	af_relaxed	2	0.897	0.9737	0.9610	0.9046	173	173
3BX7	green	af_relaxed	3	0.813	0.9780	0.9682	0.9191	173	173
3BX7	green	af_relaxed	4	1.186	0.9707	0.9668	0.9075	170	173
3BX7	green	boltz	0	1.605	0.9563	0.9523	0.8873	167	173
3BX7	green	boltz	1	1.587	0.9591	0.9566	0.8873	167	173
3BX7	green	boltz	2	1.605	0.9584	0.9566	0.8887	166	173
3BX7	green	boltz	3	1.537	0.9614	0.9624	0.8988	167	173
3BX7	green	boltz	4	1.543	0.9606	0.9566	0.9003	167	173
3BX7	green	amber_af	0	0.738	0.9805	0.9668	0.9104	173	173
3BX7	green	amber_af	1	0.714	0.9816	0.9725	0.9205	173	173
3BX7	green	amber_af	2	0.897	0.9736	0.9610	0.9046	173	173
3BX7	green	amber_af	3	0.814	0.9779	0.9682	0.9191	173	173
3BX7	green	amber_af	4	1.186	0.9707	0.9668	0.9075	170	173
3BX7	green	amber_boltz	0	1.611	0.9556	0.9538	0.8887	167	173
3BX7	green	amber_boltz	1	1.592	0.9588	0.9566	0.8844	167	173
3BX7	green	amber_boltz	2	1.611	0.9578	0.9566	0.8858	166	173
3BX7	green	amber_boltz	3	1.538	0.9611	0.9639	0.8988	167	173
3BX7	green	amber_boltz	4	1.547	0.9603	0.9552	0.8945	167	173
3CPH	green	af_relaxed	0	2.385	0.9129	0.8908	0.7917	164	174
3CPH	green	af_relaxed	1	2.445	0.9086	0.8764	0.7802	163	174
3CPH	green	af_relaxed	2	2.515	0.9062	0.8736	0.7457	165	174
3CPH	green	af_relaxed	3	2.599	0.9009	0.8664	0.7486	163	174
3CPH	green	af_relaxed	4	2.457	0.9040	0.8693	0.7672	163	174
3CPH	green	boltz	0	4.073	0.9159	0.8994	0.7989	162	174
3CPH	green	boltz	1	4.147	0.9149	0.8922	0.7960	162	174
3CPH	green	boltz	2	4.452	0.9020	0.8851	0.8017	159	174
3CPH	green	boltz	3	4.362	0.9174	0.8994	0.8089	163	174
3CPH	green	boltz	4	4.393	0.9189	0.9052	0.8075	162	174
3CPH	green	amber_af	0	2.385	0.9129	0.8908	0.7931	164	174
3CPH	green	amber_af	1	2.446	0.9086	0.8764	0.7802	163	174
3CPH	green	amber_af	2	2.515	0.9063	0.8721	0.7428	165	174
3CPH	green	amber_af	3	2.599	0.9010	0.8649	0.7428	163	174
3CPH	green	amber_af	4	2.458	0.9040	0.8693	0.7672	163	174
3CPH	green	amber_boltz	0	4.088	0.9154	0.8966	0.7974	162	174
3CPH	green	amber_boltz	1	4.154	0.9145	0.8966	0.7989	162	174
3CPH	green	amber_boltz	2	4.449	0.9014	0.8836	0.7974	159	174
3CPH	green	amber_boltz	3	4.380	0.9170	0.8994	0.8132	163	174
3CPH	green	amber_boltz	4	4.391	0.9186	0.9037	0.8075	162	174
3D5S	green	af_relaxed	0	0.584	0.9932	0.9891	0.9680	296	297
3D5S	green	af_relaxed	1	0.582	0.9932	0.9882	0.9672	296	297
3D5S	green	af_relaxed	2	0.584	0.9933	0.9891	0.9680	296	297
3D5S	green	af_relaxed	3	0.491	0.9947	0.9907	0.9705	297	297
3D5S	green	af_relaxed	4	0.572	0.9935	0.9899	0.9705	296	297
3D5S	green	boltz	0	0.722	0.9923	0.9899	0.9529	296	297
3D5S	green	boltz	1	0.600	0.9920	0.9891	0.9335	297	297
3D5S	green	boltz	2	0.787	0.9901	0.9840	0.9217	296	297
3D5S	green	boltz	3	0.742	0.9915	0.9882	0.9352	296	297
3D5S	green	boltz	4	0.733	0.9907	0.9865	0.9234	296	297
3D5S	green	amber_af	0	0.585	0.9932	0.9891	0.9680	296	297
3D5S	green	amber_af	1	0.583	0.9932	0.9882	0.9672	296	297
3D5S	green	amber_af	2	0.584	0.9933	0.9891	0.9680	296	297
3D5S	green	amber_af	3	0.493	0.9947	0.9907	0.9705	297	297
3D5S	green	amber_af	4	0.572	0.9935	0.9899	0.9697	296	297
3D5S	green	amber_boltz	0	0.719	0.9923	0.9916	0.9537	296	297
3D5S	green	amber_boltz	1	0.596	0.9920	0.9874	0.9310	297	297
3D5S	green	amber_boltz	2	0.783	0.9902	0.9832	0.9200	296	297
3D5S	green	amber_boltz	3	0.737	0.9914	0.9882	0.9352	296	297
3D5S	green	amber_boltz	4	0.736	0.9907	0.9865	0.9200	296	297
3DAW	green	af_relaxed	0	0.992	0.9827	0.9483	0.8394	371	372
3DAW	green	af_relaxed	1	0.930	0.9844	0.9543	0.8562	371	372
3DAW	green	af_relaxed	2	1.022	0.9820	0.9489	0.8387	370	372
3DAW	green	af_relaxed	3	0.971	0.9839	0.9590	0.8616	370	372
3DAW	green	af_relaxed	4	0.940	0.9848	0.9610	0.8730	371	372
3DAW	green	boltz	0	1.091	0.9823	0.9610	0.8582	366	372
3DAW	green	boltz	1	1.063	0.9815	0.9503	0.8320	368	372
3DAW	green	boltz	2	1.463	0.9680	0.9046	0.7628	364	372
3DAW	green	boltz	3	1.619	0.9622	0.8851	0.7352	364	372
3DAW	green	boltz	4	1.433	0.9674	0.8965	0.7466	367	372
3DAW	green	amber_af	0	0.992	0.9827	0.9483	0.8414	371	372
3DAW	green	amber_af	1	0.930	0.9844	0.9543	0.8569	371	372
3DAW	green	amber_af	2	1.022	0.9820	0.9489	0.8401	370	372
3DAW	green	amber_af	3	0.972	0.9839	0.9590	0.8616	370	372
3DAW	green	amber_af	4	0.939	0.9848	0.9603	0.8716	371	372
3DAW	green	amber_boltz	0	1.096	0.9822	0.9617	0.8589	366	372
3DAW	green	amber_boltz	1	1.064	0.9815	0.9509	0.8374	368	372
3DAW	green	amber_boltz	2	1.463	0.9680	0.9046	0.7681	364	372
3DAW	green	amber_boltz	3	1.620	0.9622	0.8837	0.7345	364	372
3DAW	green	amber_boltz	4	1.431	0.9674	0.8965	0.7453	367	372
3EO1	green	af_relaxed	0	1.000	0.9753	0.9593	0.8512	212	215
3EO1	green	af_relaxed	1	1.074	0.9716	0.9558	0.8314	212	215
3EO1	green	af_relaxed	2	1.059	0.9721	0.9547	0.8349	212	215
3EO1	green	af_relaxed	3	1.024	0.9736	0.9570	0.8372	212	215
3EO1	green	af_relaxed	4	1.098	0.9713	0.9570	0.8302	212	215
3EO1	green	boltz	0	1.088	0.9689	0.9419	0.8163	212	215
3EO1	green	boltz	1	1.068	0.9713	0.9453	0.8302	212	215
3EO1	green	boltz	2	1.027	0.9729	0.9488	0.8326	212	215
3EO1	green	boltz	3	1.197	0.9634	0.9221	0.7837	212	215
3EO1	green	boltz	4	1.082	0.9706	0.9512	0.8140	212	215
3EO1	green	amber_af	0	0.999	0.9753	0.9593	0.8523	212	215
3EO1	green	amber_af	1	1.067	0.9719	0.9581	0.8360	212	215
3EO1	green	amber_af	2	1.058	0.9721	0.9547	0.8337	212	215
3EO1	green	amber_af	3	1.023	0.9736	0.9558	0.8360	212	215
3EO1	green	amber_af	4	1.099	0.9712	0.9558	0.8291	212	215
3EO1	green	amber_boltz	0	1.099	0.9684	0.9384	0.8093	212	215
3EO1	green	amber_boltz	1	1.081	0.9708	0.9477	0.8302	212	215
3EO1	green	amber_boltz	2	1.035	0.9726	0.9488	0.8302	212	215
3EO1	green	amber_boltz	3	1.207	0.9629	0.9233	0.7826	212	215
3EO1	green	amber_boltz	4	1.096	0.9701	0.9488	0.8081	212	215
3EOA	green	af_relaxed	0	1.425	0.9422	0.8674	0.7279	214	215
3EOA	green	af_relaxed	1	1.464	0.9447	0.8802	0.7419	213	215
3EOA	green	af_relaxed	2	0.928	0.9773	0.9651	0.8314	214	215
3EOA	green	af_relaxed	3	1.737	0.9177	0.8442	0.7035	213	215
3EOA	green	af_relaxed	4	1.333	0.9506	0.8837	0.7395	213	215
3EOA	green	boltz	0	1.235	0.9615	0.9163	0.7767	212	215
3EOA	green	boltz	1	1.036	0.9799	0.9791	0.9140	211	215
3EOA	green	boltz	2	1.886	0.9066	0.8256	0.6849	212	215
3EOA	green	boltz	3	1.250	0.9633	0.9256	0.7884	211	215
3EOA	green	boltz	4	3.227	0.7764	0.7453	0.6035	192	215
3EOA	green	amber_af	0	1.425	0.9422	0.8686	0.7291	214	215
3EOA	green	amber_af	1	1.463	0.9447	0.8802	0.7419	213	215
3EOA	green	amber_af	2	0.924	0.9774	0.9663	0.8360	214	215
3EOA	green	amber_af	3	1.737	0.9177	0.8453	0.7047	213	215
3EOA	green	amber_af	4	1.334	0.9505	0.8837	0.7407	213	215
3EOA	green	amber_boltz	0	1.250	0.9609	0.9140	0.7721	212	215
3EOA	green	amber_boltz	1	1.055	0.9792	0.9802	0.9070	211	215
3EOA	green	amber_boltz	2	1.893	0.9062	0.8233	0.6791	212	215
3EOA	green	amber_boltz	3	1.260	0.9629	0.9244	0.7791	211	215
3EOA	green	amber_boltz	4	3.225	0.7766	0.7453	0.6023	193	215
3F1P	green	af_relaxed	0	1.260	0.9594	0.9715	0.9035	112	114
3F1P	green	af_relaxed	1	1.512	0.9553	0.9671	0.9013	111	114
3F1P	green	af_relaxed	2	1.588	0.9529	0.9671	0.8991	111	114
3F1P	green	af_relaxed	3	1.278	0.9590	0.9715	0.9079	112	114
3F1P	green	af_relaxed	4	1.442	0.9551	0.9671	0.8991	111	114
3F1P	green	boltz	0	2.978	0.9431	0.9539	0.9101	110	114
3F1P	green	boltz	1	2.400	0.9507	0.9649	0.9254	111	114
3F1P	green	boltz	2	1.972	0.9522	0.9583	0.9145	111	114
3F1P	green	boltz	3	2.853	0.9485	0.9561	0.9123	110	114
3F1P	green	boltz	4	2.237	0.9529	0.9627	0.9232	110	114
3F1P	green	amber_af	0	1.261	0.9593	0.9715	0.9035	112	114
3F1P	green	amber_af	1	1.512	0.9554	0.9671	0.9013	111	114
3F1P	green	amber_af	2	1.588	0.9530	0.9671	0.9013	111	114
3F1P	green	amber_af	3	1.279	0.9589	0.9715	0.9079	112	114
3F1P	green	amber_af	4	1.442	0.9551	0.9671	0.9013	111	114
3F1P	green	amber_boltz	0	2.982	0.9427	0.9539	0.9101	110	114
3F1P	green	amber_boltz	1	2.393	0.9509	0.9649	0.9232	111	114
3F1P	green	amber_boltz	2	1.975	0.9522	0.9605	0.9189	111	114
3F1P	green	amber_boltz	3	2.849	0.9482	0.9561	0.9079	110	114
3F1P	green	amber_boltz	4	2.238	0.9526	0.9605	0.9167	110	114
3FN1	green	af_relaxed	0	0.615	0.9709	0.9864	0.8832	92	92
3FN1	green	af_relaxed	1	0.576	0.9740	0.9918	0.8995	92	92
3FN1	green	af_relaxed	2	0.581	0.9735	0.9918	0.8967	92	92
3FN1	green	af_relaxed	3	0.560	0.9753	0.9918	0.8913	92	92
3FN1	green	af_relaxed	4	0.543	0.9767	0.9918	0.8995	92	92
3FN1	green	boltz	0	0.555	0.9759	0.9864	0.8940	92	92
3FN1	green	boltz	1	0.563	0.9751	0.9891	0.8886	92	92
3FN1	green	boltz	2	0.558	0.9756	0.9864	0.8913	92	92
3FN1	green	boltz	3	0.596	0.9725	0.9837	0.8832	92	92
3FN1	green	boltz	4	0.576	0.9742	0.9891	0.8967	92	92
3FN1	green	amber_af	0	0.616	0.9708	0.9864	0.8832	92	92
3FN1	green	amber_af	1	0.576	0.9740	0.9918	0.8995	92	92
3FN1	green	amber_af	2	0.581	0.9736	0.9918	0.8940	92	92
3FN1	green	amber_af	3	0.561	0.9752	0.9918	0.8913	92	92
3FN1	green	amber_af	4	0.543	0.9767	0.9918	0.8995	92	92
3FN1	green	amber_boltz	0	0.554	0.9759	0.9864	0.8940	92	92
3FN1	green	amber_boltz	1	0.562	0.9752	0.9891	0.8859	92	92
3FN1	green	amber_boltz	2	0.558	0.9756	0.9891	0.8940	92	92
3FN1	green	amber_boltz	3	0.591	0.9729	0.9837	0.8832	92	92
3FN1	green	amber_boltz	4	0.575	0.9743	0.9864	0.8886	92	92
3G6D	green	af_relaxed	0	2.278	0.8929	0.8939	0.7854	102	106
3G6D	green	af_relaxed	1	2.551	0.8829	0.8797	0.7736	97	106
3G6D	green	af_relaxed	2	2.294	0.8876	0.8892	0.7783	100	106
3G6D	green	af_relaxed	3	2.533	0.8776	0.8703	0.7547	99	106
3G6D	green	af_relaxed	4	2.695	0.8691	0.8656	0.6934	97	106
3G6D	green	boltz	0	2.880	0.8453	0.8302	0.6910	95	106
3G6D	green	boltz	1	2.876	0.8488	0.8420	0.7099	95	106
3G6D	green	boltz	2	2.931	0.8427	0.8325	0.7028	94	106
3G6D	green	boltz	3	2.846	0.8470	0.8396	0.7075	96	106
3G6D	green	boltz	4	2.991	0.8360	0.8255	0.6910	95	106
3G6D	green	amber_af	0	2.278	0.8931	0.8939	0.7877	102	106
3G6D	green	amber_af	1	2.552	0.8827	0.8797	0.7759	97	106
3G6D	green	amber_af	2	2.295	0.8878	0.8868	0.7783	100	106
3G6D	green	amber_af	3	2.533	0.8775	0.8703	0.7547	99	106
3G6D	green	amber_af	4	2.691	0.8689	0.8656	0.6934	97	106
3G6D	green	amber_boltz	0	2.882	0.8456	0.8325	0.6934	95	106
3G6D	green	amber_boltz	1	2.876	0.8490	0.8443	0.7123	95	106
3G6D	green	amber_boltz	2	2.938	0.8423	0.8302	0.7028	93	106
3G6D	green	amber_boltz	3	2.853	0.8466	0.8325	0.7005	96	106
3G6D	green	amber_boltz	4	2.990	0.8366	0.8255	0.6958	94	106
3H11	green	af_relaxed	0	2.726	0.9577	0.9481	0.8856	205	212
3H11	green	af_relaxed	1	2.684	0.9617	0.9528	0.9021	205	212
3H11	green	af_relaxed	2	3.136	0.9560	0.9481	0.8939	202	212
3H11	green	af_relaxed	3	2.695	0.9564	0.9446	0.8785	203	212
3H11	green	af_relaxed	4	2.669	0.9544	0.9446	0.8833	202	212
3H11	green	boltz	0	2.710	0.9315	0.8962	0.7653	201	212
3H11	green	boltz	1	16.826	0.5897	0.5566	0.5047	121	212
3H11	green	boltz	2	17.005	0.5891	0.5531	0.5000	121	212
3H11	green	boltz	3	16.663	0.5918	0.5566	0.4976	123	212
3H11	green	boltz	4	2.626	0.9344	0.8998	0.7689	202	212
3H11	green	amber_af	0	2.728	0.9574	0.9469	0.8892	205	212
3H11	green	amber_af	1	2.683	0.9613	0.9517	0.9009	205	212
3H11	green	amber_af	2	3.144	0.9562	0.9505	0.8950	202	212
3H11	green	amber_af	3	2.696	0.9562	0.9422	0.8762	203	212
3H11	green	amber_af	4	2.679	0.9531	0.9422	0.8762	202	212
3H11	green	amber_boltz	0	2.713	0.9309	0.8903	0.7606	201	212
3H11	green	amber_boltz	1	16.839	0.5896	0.5542	0.4988	121	212
3H11	green	amber_boltz	2	17.044	0.5888	0.5542	0.4953	121	212
3H11	green	amber_boltz	3	16.689	0.5913	0.5566	0.4953	122	212
3H11	green	amber_boltz	4	2.626	0.9339	0.8986	0.7724	201	212
3H2V	green	af_relaxed	0	1.793	0.9405	0.9224	0.8305	166	174
3H2V	green	af_relaxed	1	2.024	0.9367	0.9253	0.8376	164	174
3H2V	green	af_relaxed	2	1.720	0.9424	0.9224	0.8376	167	174
3H2V	green	af_relaxed	3	2.225	0.9237	0.8994	0.8089	163	174
3H2V	green	af_relaxed	4	1.806	0.9416	0.9224	0.8333	166	174
3H2V	green	boltz	0	1.229	0.9625	0.9526	0.8865	172	174
3H2V	green	boltz	1	1.233	0.9590	0.9454	0.8506	171	174
3H2V	green	boltz	2	1.553	0.9581	0.9483	0.8721	171	174
3H2V	green	boltz	3	1.305	0.9578	0.9468	0.8664	171	174
3H2V	green	boltz	4	1.278	0.9569	0.9353	0.8506	170	174
3H2V	green	amber_af	0	1.795	0.9405	0.9224	0.8290	166	174
3H2V	green	amber_af	1	2.021	0.9369	0.9253	0.8362	164	174
3H2V	green	amber_af	2	1.725	0.9423	0.9210	0.8362	167	174
3H2V	green	amber_af	3	2.231	0.9235	0.8994	0.8089	163	174
3H2V	green	amber_af	4	1.806	0.9416	0.9224	0.8333	166	174
3H2V	green	amber_boltz	0	1.243	0.9620	0.9511	0.8822	172	174
3H2V	green	amber_boltz	1	1.231	0.9587	0.9440	0.8477	171	174
3H2V	green	amber_boltz	2	1.557	0.9578	0.9483	0.8736	171	174
3H2V	green	amber_boltz	3	1.305	0.9577	0.9468	0.8649	171	174
3H2V	green	amber_boltz	4	1.279	0.9568	0.9382	0.8520	169	174
3HI6	green	af_relaxed	0	2.052	0.9154	0.8819	0.7583	169	180
3HI6	green	af_relaxed	1	1.992	0.9167	0.8847	0.7375	173	180
3HI6	green	af_relaxed	2	2.012	0.9196	0.8917	0.7806	172	180
3HI6	green	af_relaxed	3	2.140	0.9146	0.8889	0.7792	168	180
3HI6	green	af_relaxed	4	2.148	0.9157	0.8889	0.7653	168	180
3HI6	green	boltz	0	2.736	0.8909	0.8708	0.7722	161	180
3HI6	green	boltz	1	2.847	0.8894	0.8667	0.7694	161	180
3HI6	green	boltz	2	2.843	0.8898	0.8708	0.7722	161	180
3HI6	green	boltz	3	2.847	0.8907	0.8681	0.7722	161	180
3HI6	green	boltz	4	2.677	0.8945	0.8708	0.7778	162	180
3HI6	green	amber_af	0	2.053	0.9152	0.8847	0.7597	169	180
3HI6	green	amber_af	1	1.995	0.9164	0.8861	0.7403	173	180
3HI6	green	amber_af	2	2.013	0.9196	0.8931	0.7792	172	180
3HI6	green	amber_af	3	2.139	0.9146	0.8889	0.7792	168	180
3HI6	green	amber_af	4	2.145	0.9159	0.8889	0.7667	168	180
3HI6	green	amber_boltz	0	2.737	0.8910	0.8681	0.7694	161	180
3HI6	green	amber_boltz	1	2.843	0.8895	0.8667	0.7708	161	180
3HI6	green	amber_boltz	2	2.840	0.8895	0.8667	0.7639	161	180
3HI6	green	amber_boltz	3	2.857	0.8901	0.8667	0.7694	161	180
3HI6	green	amber_boltz	4	2.681	0.8944	0.8681	0.7736	162	180
3HMX	green	af_relaxed	0	1.552	0.9542	0.8788	0.7102	289	295
3HMX	green	af_relaxed	1	1.566	0.9526	0.8720	0.6839	291	295
3HMX	green	af_relaxed	2	1.605	0.9525	0.8847	0.7407	288	295
3HMX	green	af_relaxed	3	1.527	0.9554	0.8814	0.7093	291	295
3HMX	green	af_relaxed	4	1.556	0.9545	0.8822	0.6983	287	295
3HMX	green	boltz	0	2.283	0.9036	0.7678	0.5695	285	295
3HMX	green	boltz	1	2.602	0.8786	0.7373	0.5322	284	295
3HMX	green	boltz	2	2.383	0.8975	0.7517	0.5483	285	295
3HMX	green	boltz	3	2.482	0.8860	0.7517	0.5559	285	295
3HMX	green	boltz	4	2.487	0.8890	0.7449	0.5432	283	295
3HMX	green	amber_af	0	1.552	0.9542	0.8797	0.7093	289	295
3HMX	green	amber_af	1	1.565	0.9527	0.8712	0.6847	291	295
3HMX	green	amber_af	2	1.605	0.9525	0.8856	0.7390	288	295
3HMX	green	amber_af	3	1.522	0.9557	0.8822	0.7102	291	295
3HMX	green	amber_af	4	1.552	0.9548	0.8797	0.6949	287	295
3HMX	green	amber_boltz	0	2.286	0.9037	0.7678	0.5686	285	295
3HMX	green	amber_boltz	1	2.605	0.8784	0.7356	0.5288	284	295
3HMX	green	amber_boltz	2	2.394	0.8973	0.7492	0.5466	284	295
3HMX	green	amber_boltz	3	2.483	0.8864	0.7517	0.5508	285	295
3HMX	green	amber_boltz	4	2.491	0.8890	0.7441	0.5415	283	295
3K75	green	af_relaxed	0	0.771	0.9792	0.9785	0.9139	150	151
3K75	green	af_relaxed	1	0.772	0.9790	0.9785	0.9156	150	151
3K75	green	af_relaxed	2	0.645	0.9824	0.9801	0.9172	151	151
3K75	green	af_relaxed	3	0.771	0.9792	0.9785	0.9156	150	151
3K75	green	af_relaxed	4	0.649	0.9823	0.9785	0.9139	151	151
3K75	green	boltz	0	0.599	0.9839	0.9801	0.9106	151	151
3K75	green	boltz	1	0.643	0.9822	0.9752	0.9056	151	151
3K75	green	boltz	2	0.639	0.9823	0.9801	0.9123	151	151
3K75	green	boltz	3	0.778	0.9764	0.9702	0.9007	151	151
3K75	green	boltz	4	0.612	0.9836	0.9801	0.9172	151	151
3K75	green	amber_af	0	0.771	0.9792	0.9785	0.9123	150	151
3K75	green	amber_af	1	0.771	0.9790	0.9785	0.9156	150	151
3K75	green	amber_af	2	0.645	0.9825	0.9801	0.9156	151	151
3K75	green	amber_af	3	0.770	0.9792	0.9785	0.9172	150	151
3K75	green	amber_af	4	0.649	0.9823	0.9785	0.9172	151	151
3K75	green	amber_boltz	0	0.612	0.9833	0.9801	0.9123	151	151
3K75	green	amber_boltz	1	0.655	0.9815	0.9735	0.9023	151	151
3K75	green	amber_boltz	2	0.643	0.9820	0.9801	0.9106	151	151
3K75	green	amber_boltz	3	0.792	0.9759	0.9702	0.9023	151	151
3K75	green	amber_boltz	4	0.618	0.9833	0.9785	0.9123	151	151
3L5W	green	af_relaxed	0	4.105	0.6906	0.6917	0.5572	157	223
3L5W	green	af_relaxed	1	3.574	0.7370	0.7085	0.5807	194	223
3L5W	green	af_relaxed	2	4.198	0.6814	0.6783	0.5314	156	223
3L5W	green	af_relaxed	3	4.145	0.6837	0.6670	0.5213	171	223
3L5W	green	af_relaxed	4	3.711	0.7240	0.6906	0.5426	187	223
3L5W	green	boltz	0	3.151	0.7790	0.7298	0.5975	212	223
3L5W	green	boltz	1	2.946	0.8004	0.7365	0.5998	217	223
3L5W	green	boltz	2	3.106	0.7840	0.7343	0.5964	210	223
3L5W	green	boltz	3	2.195	0.8755	0.7870	0.6491	222	223
3L5W	green	boltz	4	3.106	0.7856	0.7287	0.5863	209	223
3L5W	green	amber_af	0	4.105	0.6906	0.6917	0.5572	157	223
3L5W	green	amber_af	1	3.573	0.7370	0.7085	0.5796	195	223
3L5W	green	amber_af	2	4.198	0.6814	0.6783	0.5314	156	223
3L5W	green	amber_af	3	4.147	0.6835	0.6670	0.5213	171	223
3L5W	green	amber_af	4	3.711	0.7240	0.6928	0.5448	186	223
3L5W	green	amber_boltz	0	3.154	0.7786	0.7298	0.5964	211	223
3L5W	green	amber_boltz	1	2.949	0.8002	0.7377	0.6009	216	223
3L5W	green	amber_boltz	2	3.109	0.7839	0.7309	0.5930	209	223
3L5W	green	amber_boltz	3	2.198	0.8755	0.7859	0.6480	222	223
3L5W	green	amber_boltz	4	3.109	0.7852	0.7253	0.5818	209	223
3L89	green	af_relaxed	0	1.275	0.9722	0.9672	0.9303	179	183
3L89	green	af_relaxed	1	1.158	0.9736	0.9658	0.9276	180	183
3L89	green	af_relaxed	2	1.137	0.9741	0.9658	0.9317	180	183
3L89	green	af_relaxed	3	1.246	0.9706	0.9631	0.9167	178	183
3L89	green	af_relaxed	4	1.176	0.9731	0.9672	0.9290	180	183
3L89	green	boltz	0	1.369	0.9631	0.9563	0.8880	178	183
3L89	green	boltz	1	1.503	0.9627	0.9577	0.8975	177	183
3L89	green	boltz	2	1.509	0.9629	0.9563	0.9016	178	183
3L89	green	boltz	3	1.518	0.9610	0.9536	0.8907	177	183
3L89	green	boltz	4	1.511	0.9600	0.9536	0.8934	177	183
3L89	green	amber_af	0	1.275	0.9722	0.9672	0.9290	179	183
3L89	green	amber_af	1	1.157	0.9736	0.9658	0.9290	180	183
3L89	green	amber_af	2	1.137	0.9741	0.9645	0.9317	180	183
3L89	green	amber_af	3	1.245	0.9706	0.9631	0.9153	178	183
3L89	green	amber_af	4	1.170	0.9735	0.9658	0.9290	180	183
3L89	green	amber_boltz	0	1.375	0.9631	0.9563	0.8880	178	183
3L89	green	amber_boltz	1	1.504	0.9629	0.9577	0.8907	177	183
3L89	green	amber_boltz	2	1.513	0.9633	0.9590	0.9044	178	183
3L89	green	amber_boltz	3	1.519	0.9613	0.9549	0.8921	177	183
3L89	green	amber_boltz	4	1.520	0.9601	0.9522	0.8880	177	183
3LVK	green	af_relaxed	0	0.340	0.9978	0.9968	0.9774	388	388
3LVK	green	af_relaxed	1	0.350	0.9976	0.9974	0.9768	388	388
3LVK	green	af_relaxed	2	0.366	0.9974	0.9955	0.9723	388	388
3LVK	green	af_relaxed	3	0.373	0.9973	0.9968	0.9723	388	388
3LVK	green	af_relaxed	4	0.349	0.9976	0.9981	0.9774	388	388
3LVK	green	boltz	0	0.604	0.9932	0.9807	0.9124	388	388
3LVK	green	boltz	1	0.635	0.9925	0.9800	0.9098	388	388
3LVK	green	boltz	2	0.613	0.9930	0.9800	0.9137	388	388
3LVK	green	boltz	3	0.630	0.9926	0.9787	0.9143	388	388
3LVK	green	boltz	4	0.618	0.9928	0.9781	0.9117	388	388
3LVK	green	amber_af	0	0.340	0.9978	0.9968	0.9774	388	388
3LVK	green	amber_af	1	0.351	0.9976	0.9974	0.9762	388	388
3LVK	green	amber_af	2	0.366	0.9974	0.9955	0.9716	388	388
3LVK	green	amber_af	3	0.372	0.9973	0.9968	0.9729	388	388
3LVK	green	amber_af	4	0.350	0.9976	0.9981	0.9774	388	388
3LVK	green	amber_boltz	0	0.612	0.9930	0.9800	0.9091	388	388
3LVK	green	amber_boltz	1	0.635	0.9925	0.9794	0.9091	388	388
3LVK	green	amber_boltz	2	0.622	0.9928	0.9800	0.9124	388	388
3LVK	green	amber_boltz	3	0.639	0.9924	0.9781	0.9111	388	388
3LVK	green	amber_boltz	4	0.622	0.9928	0.9774	0.9098	388	388
3MJ9	green	af_relaxed	0	1.534	0.9511	0.9116	0.7566	224	229
3MJ9	green	af_relaxed	1	1.592	0.9457	0.8919	0.7183	224	229
3MJ9	green	af_relaxed	2	1.624	0.9451	0.8952	0.7216	223	229
3MJ9	green	af_relaxed	3	1.567	0.9486	0.9072	0.7456	225	229
3MJ9	green	af_relaxed	4	1.531	0.9452	0.8810	0.7020	225	229
3MJ9	green	boltz	0	1.548	0.9510	0.9061	0.7598	226	229
3MJ9	green	boltz	1	1.508	0.9539	0.9214	0.7937	222	229
3MJ9	green	boltz	2	1.506	0.9553	0.9258	0.8221	222	229
3MJ9	green	boltz	3	1.516	0.9533	0.9159	0.8046	223	229
3MJ9	green	boltz	4	1.530	0.9517	0.9159	0.7806	222	229
3MJ9	green	amber_af	0	1.536	0.9511	0.9116	0.7566	224	229
3MJ9	green	amber_af	1	1.597	0.9456	0.8963	0.7194	224	229
3MJ9	green	amber_af	2	1.618	0.9455	0.8963	0.7238	223	229
3MJ9	green	amber_af	3	1.563	0.9488	0.9083	0.7467	225	229
3MJ9	green	amber_af	4	1.531	0.9452	0.8810	0.7020	225	229
3MJ9	green	amber_boltz	0	1.564	0.9504	0.9083	0.7555	226	229
3MJ9	green	amber_boltz	1	1.519	0.9535	0.9214	0.7959	222	229
3MJ9	green	amber_boltz	2	1.518	0.9547	0.9247	0.8177	222	229
3MJ9	green	amber_boltz	3	1.534	0.9524	0.9138	0.7991	223	229
3MJ9	green	amber_boltz	4	1.541	0.9511	0.9159	0.7795	222	229
3MXW	green	af_relaxed	0	0.573	0.9872	0.9918	0.9444	153	153
3MXW	green	af_relaxed	1	0.615	0.9849	0.9886	0.9297	153	153
3MXW	green	af_relaxed	2	0.552	0.9862	0.9886	0.9232	153	153
3MXW	green	af_relaxed	3	0.593	0.9856	0.9902	0.9281	153	153
3MXW	green	af_relaxed	4	0.533	0.9873	0.9902	0.9297	153	153
3MXW	green	boltz	0	0.612	0.9835	0.9820	0.9232	153	153
3MXW	green	boltz	1	0.543	0.9869	0.9918	0.9428	153	153
3MXW	green	boltz	2	0.611	0.9836	0.9804	0.9199	153	153
3MXW	green	boltz	3	0.595	0.9845	0.9820	0.9216	153	153
3MXW	green	boltz	4	0.586	0.9848	0.9853	0.9232	153	153
3MXW	green	amber_af	0	0.574	0.9872	0.9918	0.9444	153	153
3MXW	green	amber_af	1	0.615	0.9849	0.9886	0.9297	153	153
3MXW	green	amber_af	2	0.549	0.9863	0.9886	0.9248	153	153
3MXW	green	amber_af	3	0.593	0.9857	0.9902	0.9281	153	153
3MXW	green	amber_af	4	0.535	0.9873	0.9902	0.9297	153	153
3MXW	green	amber_boltz	0	0.628	0.9827	0.9788	0.9167	153	153
3MXW	green	amber_boltz	1	0.559	0.9861	0.9869	0.9330	153	153
3MXW	green	amber_boltz	2	0.632	0.9826	0.9804	0.9183	153	153
3MXW	green	amber_boltz	3	0.615	0.9835	0.9804	0.9199	153	153
3MXW	green	amber_boltz	4	0.609	0.9837	0.9788	0.9134	153	153
3P57	green	af_relaxed	0	0.626	0.9689	0.9861	0.9000	90	90
3P57	green	af_relaxed	1	0.839	0.9589	0.9722	0.8806	90	90
3P57	green	af_relaxed	2	0.791	0.9586	0.9750	0.8778	90	90
3P57	green	af_relaxed	3	0.723	0.9598	0.9778	0.8694	90	90
3P57	green	af_relaxed	4	0.701	0.9622	0.9694	0.8750	90	90
3P57	green	boltz	0	1.316	0.9130	0.9278	0.8167	89	90
3P57	green	boltz	1	1.305	0.9147	0.9278	0.8167	89	90
3P57	green	boltz	2	1.351	0.9040	0.9139	0.7889	89	90
3P57	green	boltz	3	1.269	0.9128	0.9139	0.7944	89	90
3P57	green	boltz	4	1.253	0.9279	0.9389	0.8250	89	90
3P57	green	amber_af	0	0.626	0.9689	0.9861	0.9000	90	90
3P57	green	amber_af	1	0.850	0.9579	0.9722	0.8806	90	90
3P57	green	amber_af	2	0.784	0.9596	0.9694	0.8833	90	90
3P57	green	amber_af	3	0.721	0.9601	0.9778	0.8722	90	90
3P57	green	amber_af	4	0.700	0.9623	0.9694	0.8750	90	90
3P57	green	amber_boltz	0	1.326	0.9116	0.9222	0.8083	89	90
3P57	green	amber_boltz	1	1.305	0.9148	0.9167	0.8028	89	90
3P57	green	amber_boltz	2	1.379	0.9015	0.9056	0.7778	89	90
3P57	green	amber_boltz	3	1.287	0.9105	0.9111	0.7889	89	90
3P57	green	amber_boltz	4	1.272	0.9263	0.9389	0.8222	89	90
3PC8	green	af_relaxed	0	0.545	0.9804	0.9923	0.9510	97	97
3PC8	green	af_relaxed	1	0.529	0.9814	0.9923	0.9536	97	97
3PC8	green	af_relaxed	2	0.511	0.9828	0.9923	0.9639	97	97
3PC8	green	af_relaxed	3	0.499	0.9827	0.9948	0.9510	97	97
3PC8	green	af_relaxed	4	0.545	0.9802	0.9923	0.9433	97	97
3PC8	green	boltz	0	0.660	0.9766	0.9897	0.9510	97	97
3PC8	green	boltz	1	0.587	0.9778	0.9897	0.9459	97	97
3PC8	green	boltz	2	0.595	0.9798	0.9923	0.9562	97	97
3PC8	green	boltz	3	0.537	0.9817	0.9948	0.9639	97	97
3PC8	green	boltz	4	0.600	0.9788	0.9871	0.9485	97	97
3PC8	green	amber_af	0	0.550	0.9802	0.9923	0.9510	97	97
3PC8	green	amber_af	1	0.529	0.9814	0.9923	0.9536	97	97
3PC8	green	amber_af	2	0.511	0.9828	0.9923	0.9639	97	97
3PC8	green	amber_af	3	0.499	0.9827	0.9948	0.9510	97	97
3PC8	green	amber_af	4	0.545	0.9801	0.9948	0.9459	97	97
3PC8	green	amber_boltz	0	0.665	0.9761	0.9871	0.9485	97	97
3PC8	green	amber_boltz	1	0.597	0.9769	0.9897	0.9407	97	97
3PC8	green	amber_boltz	2	0.602	0.9793	0.9948	0.9562	97	97
3PC8	green	amber_boltz	3	0.553	0.9806	0.9923	0.9588	97	97
3PC8	green	amber_boltz	4	0.609	0.9782	0.9897	0.9536	97	97
3R9A	green	af_relaxed	0	0.326	0.9979	0.9981	0.9864	387	387
3R9A	green	af_relaxed	1	0.645	0.9949	0.9929	0.9755	386	387
3R9A	green	af_relaxed	2	0.532	0.9956	0.9929	0.9761	386	387
3R9A	green	af_relaxed	3	0.405	0.9970	0.9942	0.9800	387	387
3R9A	green	af_relaxed	4	0.682	0.9946	0.9922	0.9742	386	387
3R9A	green	boltz	0	1.130	0.9831	0.9729	0.8870	380	387
3R9A	green	boltz	1	0.895	0.9883	0.9787	0.9044	386	387
3R9A	green	boltz	2	1.078	0.9829	0.9703	0.8915	384	387
3R9A	green	boltz	3	1.110	0.9823	0.9658	0.8559	383	387
3R9A	green	boltz	4	0.889	0.9886	0.9787	0.9018	385	387
3R9A	green	amber_af	0	0.326	0.9979	0.9981	0.9864	387	387
3R9A	green	amber_af	1	0.645	0.9949	0.9929	0.9761	386	387
3R9A	green	amber_af	2	0.532	0.9956	0.9929	0.9761	386	387
3R9A	green	amber_af	3	0.406	0.9970	0.9942	0.9800	387	387
3R9A	green	amber_af	4	0.682	0.9946	0.9922	0.9742	386	387
3R9A	green	amber_boltz	0	1.132	0.9830	0.9716	0.8857	380	387
3R9A	green	amber_boltz	1	0.896	0.9883	0.9787	0.9044	386	387
3R9A	green	amber_boltz	2	1.079	0.9829	0.9690	0.8902	384	387
3R9A	green	amber_boltz	3	1.111	0.9823	0.9651	0.8566	383	387
3R9A	green	amber_boltz	4	0.888	0.9886	0.9793	0.8986	385	387
3RJQ	green	af_relaxed	0	2.328	0.9312	0.8801	0.7063	273	292
3RJQ	green	af_relaxed	1	2.466	0.9269	0.8656	0.6926	271	292
3RJQ	green	af_relaxed	2	2.374	0.9336	0.8827	0.7235	272	292
3RJQ	green	af_relaxed	3	2.361	0.9356	0.8878	0.7252	273	292
3RJQ	green	af_relaxed	4	2.342	0.9339	0.8801	0.7243	273	292
3RJQ	green	boltz	0	1.567	0.9630	0.9178	0.7808	288	292
3RJQ	green	boltz	1	1.568	0.9619	0.9170	0.7748	288	292
3RJQ	green	boltz	2	1.594	0.9609	0.9144	0.7834	288	292
3RJQ	green	boltz	3	1.521	0.9641	0.9178	0.7885	288	292
3RJQ	green	boltz	4	1.633	0.9576	0.9058	0.7620	287	292
3RJQ	green	amber_af	0	2.329	0.9311	0.8801	0.7089	273	292
3RJQ	green	amber_af	1	2.468	0.9268	0.8639	0.6961	271	292
3RJQ	green	amber_af	2	2.374	0.9336	0.8836	0.7243	272	292
3RJQ	green	amber_af	3	2.362	0.9356	0.8896	0.7277	273	292
3RJQ	green	amber_af	4	2.341	0.9340	0.8793	0.7235	273	292
3RJQ	green	amber_boltz	0	1.567	0.9629	0.9178	0.7740	288	292
3RJQ	green	amber_boltz	1	1.571	0.9615	0.9152	0.7680	288	292
3RJQ	green	amber_boltz	2	1.596	0.9607	0.9161	0.7791	288	292
3RJQ	green	amber_boltz	3	1.526	0.9637	0.9170	0.7774	288	292
3RJQ	green	amber_boltz	4	1.636	0.9572	0.9041	0.7551	287	292
3RVW	green	af_relaxed	0	0.526	0.9913	0.9876	0.9245	222	222
3RVW	green	af_relaxed	1	0.506	0.9919	0.9899	0.9313	222	222
3RVW	green	af_relaxed	2	0.597	0.9889	0.9809	0.9189	222	222
3RVW	green	af_relaxed	3	0.587	0.9893	0.9820	0.9133	222	222
3RVW	green	af_relaxed	4	0.505	0.9919	0.9921	0.9358	222	222
3RVW	green	boltz	0	0.494	0.9923	0.9932	0.9324	222	222
3RVW	green	boltz	1	0.462	0.9933	0.9932	0.9493	222	222
3RVW	green	boltz	2	0.472	0.9930	0.9932	0.9505	222	222
3RVW	green	boltz	3	0.453	0.9935	0.9944	0.9516	222	222
3RVW	green	boltz	4	0.452	0.9936	0.9921	0.9561	222	222
3RVW	green	amber_af	0	0.526	0.9913	0.9876	0.9234	222	222
3RVW	green	amber_af	1	0.514	0.9916	0.9899	0.9291	222	222
3RVW	green	amber_af	2	0.584	0.9893	0.9820	0.9212	222	222
3RVW	green	amber_af	3	0.590	0.9892	0.9831	0.9099	222	222
3RVW	green	amber_af	4	0.502	0.9920	0.9921	0.9336	222	222
3RVW	green	amber_boltz	0	0.498	0.9921	0.9932	0.9324	222	222
3RVW	green	amber_boltz	1	0.470	0.9931	0.9932	0.9448	222	222
3RVW	green	amber_boltz	2	0.484	0.9927	0.9921	0.9493	222	222
3RVW	green	amber_boltz	3	0.463	0.9932	0.9921	0.9505	222	222
3RVW	green	amber_boltz	4	0.465	0.9932	0.9921	0.9516	222	222
3S9D	green	af_relaxed	0	2.155	0.9187	0.9206	0.8353	120	126
3S9D	green	af_relaxed	1	2.137	0.9231	0.9206	0.8294	119	126
3S9D	green	af_relaxed	2	2.027	0.9292	0.9286	0.8591	121	126
3S9D	green	af_relaxed	3	1.990	0.9313	0.9286	0.8651	121	126
3S9D	green	af_relaxed	4	2.292	0.9065	0.9107	0.7718	119	126
3S9D	green	boltz	0	2.501	0.8958	0.8929	0.7619	116	126
3S9D	green	boltz	1	2.498	0.8963	0.8909	0.7599	116	126
3S9D	green	boltz	2	2.515	0.8951	0.8869	0.7560	116	126
3S9D	green	boltz	3	2.514	0.8965	0.8909	0.7579	116	126
3S9D	green	boltz	4	2.658	0.8949	0.8889	0.7659	116	126
3S9D	green	amber_af	0	2.155	0.9187	0.9206	0.8353	120	126
3S9D	green	amber_af	1	2.136	0.9232	0.9206	0.8294	119	126
3S9D	green	amber_af	2	2.027	0.9292	0.9266	0.8571	121	126
3S9D	green	amber_af	3	1.990	0.9313	0.9266	0.8651	121	126
3S9D	green	amber_af	4	2.292	0.9066	0.9127	0.7738	119	126
3S9D	green	amber_boltz	0	2.505	0.8955	0.8889	0.7560	116	126
3S9D	green	amber_boltz	1	2.503	0.8965	0.8909	0.7619	116	126
3S9D	green	amber_boltz	2	2.517	0.8951	0.8909	0.7520	116	126
3S9D	green	amber_boltz	3	2.516	0.8966	0.8889	0.7480	116	126
3S9D	green	amber_boltz	4	2.654	0.8952	0.8889	0.7659	116	126
3SE8	green	af_relaxed	0	0.622	0.9929	0.9869	0.9506	343	344
3SE8	green	af_relaxed	1	0.632	0.9928	0.9855	0.9484	343	344
3SE8	green	af_relaxed	2	0.642	0.9926	0.9840	0.9469	343	344
3SE8	green	af_relaxed	3	0.653	0.9923	0.9833	0.9433	343	344
3SE8	green	af_relaxed	4	0.656	0.9922	0.9840	0.9440	343	344
3SE8	green	boltz	0	0.716	0.9898	0.9746	0.8968	344	344
3SE8	green	boltz	1	0.748	0.9891	0.9717	0.9026	344	344
3SE8	green	boltz	2	0.782	0.9880	0.9673	0.8815	343	344
3SE8	green	boltz	3	0.737	0.9893	0.9709	0.8953	343	344
3SE8	green	boltz	4	0.740	0.9893	0.9724	0.8990	343	344
3SE8	green	amber_af	0	0.621	0.9929	0.9869	0.9506	343	344
3SE8	green	amber_af	1	0.639	0.9927	0.9855	0.9506	343	344
3SE8	green	amber_af	2	0.642	0.9926	0.9847	0.9462	343	344
3SE8	green	amber_af	3	0.654	0.9923	0.9833	0.9440	343	344
3SE8	green	amber_af	4	0.657	0.9922	0.9840	0.9440	343	344
3SE8	green	amber_boltz	0	0.721	0.9897	0.9738	0.8953	344	344
3SE8	green	amber_boltz	1	0.755	0.9888	0.9688	0.8975	343	344
3SE8	green	amber_boltz	2	0.787	0.9879	0.9673	0.8823	343	344
3SE8	green	amber_boltz	3	0.743	0.9892	0.9717	0.8975	343	344
3SE8	green	amber_boltz	4	0.742	0.9892	0.9717	0.8968	343	344
3SGQ	green	af_relaxed	0	0.202	0.9984	1.0000	0.9986	185	185
3SGQ	green	af_relaxed	1	0.221	0.9981	1.0000	0.9959	185	185
3SGQ	green	af_relaxed	2	0.207	0.9983	1.0000	0.9986	185	185
3SGQ	green	af_relaxed	3	0.211	0.9983	1.0000	0.9986	185	185
3SGQ	green	af_relaxed	4	0.205	0.9984	1.0000	0.9986	185	185
3SGQ	green	boltz	0	0.265	0.9973	1.0000	0.9919	185	185
3SGQ	green	boltz	1	0.250	0.9976	1.0000	0.9905	185	185
3SGQ	green	boltz	2	0.254	0.9975	1.0000	0.9919	185	185
3SGQ	green	boltz	3	0.263	0.9973	1.0000	0.9905	185	185
3SGQ	green	boltz	4	0.267	0.9973	1.0000	0.9932	185	185
3SGQ	green	amber_af	0	0.200	0.9984	1.0000	1.0000	185	185
3SGQ	green	amber_af	1	0.221	0.9981	1.0000	0.9959	185	185
3SGQ	green	amber_af	2	0.207	0.9983	1.0000	0.9986	185	185
3SGQ	green	amber_af	3	0.210	0.9983	1.0000	0.9986	185	185
3SGQ	green	amber_af	4	0.204	0.9984	1.0000	0.9986	185	185
3SGQ	green	amber_boltz	0	0.272	0.9972	1.0000	0.9905	185	185
3SGQ	green	amber_boltz	1	0.260	0.9974	1.0000	0.9919	185	185
3SGQ	green	amber_boltz	2	0.260	0.9974	1.0000	0.9919	185	185
3SGQ	green	amber_boltz	3	0.274	0.9971	1.0000	0.9892	185	185
3SGQ	green	amber_boltz	4	0.277	0.9970	1.0000	0.9919	185	185
3SZK	green	af_relaxed	0	0.864	0.9774	0.9821	0.9089	139	140
3SZK	green	af_relaxed	1	0.870	0.9769	0.9786	0.9071	139	140
3SZK	green	af_relaxed	2	0.874	0.9764	0.9804	0.8982	139	140
3SZK	green	af_relaxed	3	0.872	0.9767	0.9786	0.9018	139	140
3SZK	green	af_relaxed	4	0.908	0.9726	0.9714	0.8750	139	140
3SZK	green	boltz	0	0.979	0.9704	0.9732	0.8821	139	140
3SZK	green	boltz	1	0.880	0.9775	0.9821	0.9054	139	140
3SZK	green	boltz	2	0.919	0.9734	0.9732	0.8875	139	140
3SZK	green	boltz	3	0.837	0.9782	0.9821	0.9018	139	140
3SZK	green	boltz	4	0.995	0.9678	0.9625	0.8804	139	140
3SZK	green	amber_af	0	0.864	0.9774	0.9821	0.9089	139	140
3SZK	green	amber_af	1	0.868	0.9771	0.9804	0.9071	139	140
3SZK	green	amber_af	2	0.873	0.9764	0.9786	0.8964	139	140
3SZK	green	amber_af	3	0.872	0.9767	0.9786	0.9018	139	140
3SZK	green	amber_af	4	0.909	0.9725	0.9696	0.8732	139	140
3SZK	green	amber_boltz	0	0.987	0.9699	0.9732	0.8750	139	140
3SZK	green	amber_boltz	1	0.887	0.9771	0.9821	0.9018	139	140
3SZK	green	amber_boltz	2	0.931	0.9729	0.9732	0.8857	139	140
3SZK	green	amber_boltz	3	0.840	0.9778	0.9804	0.8982	139	140
3SZK	green	amber_boltz	4	1.013	0.9667	0.9607	0.8750	139	140
3U7Y	green	af_relaxed	0	0.904	0.9853	0.9610	0.8684	338	340
3U7Y	green	af_relaxed	1	0.907	0.9852	0.9618	0.8699	338	340
3U7Y	green	af_relaxed	2	0.909	0.9849	0.9603	0.8625	338	340
3U7Y	green	af_relaxed	3	0.899	0.9854	0.9618	0.8706	338	340
3U7Y	green	af_relaxed	4	0.909	0.9852	0.9603	0.8684	338	340
3U7Y	green	boltz	0	1.034	0.9819	0.9551	0.8324	338	340
3U7Y	green	boltz	1	0.990	0.9842	0.9632	0.8699	338	340
3U7Y	green	boltz	2	1.034	0.9831	0.9618	0.8596	339	340
3U7Y	green	boltz	3	1.065	0.9820	0.9618	0.8478	338	340
3U7Y	green	boltz	4	1.024	0.9834	0.9610	0.8493	337	340
3U7Y	green	amber_af	0	0.906	0.9852	0.9610	0.8684	338	340
3U7Y	green	amber_af	1	0.908	0.9852	0.9618	0.8691	338	340
3U7Y	green	amber_af	2	0.909	0.9849	0.9603	0.8632	338	340
3U7Y	green	amber_af	3	0.899	0.9854	0.9618	0.8713	338	340
3U7Y	green	amber_af	4	0.909	0.9852	0.9603	0.8676	338	340
3U7Y	green	amber_boltz	0	1.041	0.9817	0.9551	0.8331	338	340
3U7Y	green	amber_boltz	1	0.999	0.9839	0.9625	0.8684	338	340
3U7Y	green	amber_boltz	2	1.045	0.9827	0.9618	0.8559	338	340
3U7Y	green	amber_boltz	3	1.074	0.9817	0.9588	0.8412	337	340
3U7Y	green	amber_boltz	4	1.036	0.9830	0.9603	0.8471	337	340
3V6Z	green	af_relaxed	0	1.086	0.9751	0.9672	0.8925	218	221
3V6Z	green	af_relaxed	1	1.023	0.9736	0.9615	0.8348	220	221
3V6Z	green	af_relaxed	2	1.088	0.9745	0.9649	0.8812	216	221
3V6Z	green	af_relaxed	3	1.027	0.9740	0.9638	0.8507	220	221
3V6Z	green	af_relaxed	4	1.089	0.9709	0.9548	0.8314	220	221
3V6Z	green	boltz	0	1.716	0.9418	0.8756	0.7511	213	221
3V6Z	green	boltz	1	1.790	0.9317	0.8575	0.7330	214	221
3V6Z	green	boltz	2	2.140	0.8996	0.8156	0.6923	214	221
3V6Z	green	boltz	3	1.738	0.9344	0.8575	0.7330	216	221
3V6Z	green	boltz	4	1.431	0.9613	0.9423	0.8190	215	221
3V6Z	green	amber_af	0	1.088	0.9750	0.9661	0.8880	218	221
3V6Z	green	amber_af	1	1.024	0.9736	0.9615	0.8348	220	221
3V6Z	green	amber_af	2	1.088	0.9745	0.9638	0.8812	216	221
3V6Z	green	amber_af	3	1.028	0.9739	0.9627	0.8495	220	221
3V6Z	green	amber_af	4	1.087	0.9710	0.9536	0.8281	220	221
3V6Z	green	amber_boltz	0	1.726	0.9414	0.8733	0.7489	213	221
3V6Z	green	amber_boltz	1	1.801	0.9310	0.8563	0.7308	214	221
3V6Z	green	amber_boltz	2	2.155	0.8989	0.8122	0.6878	214	221
3V6Z	green	amber_boltz	3	1.743	0.9339	0.8575	0.7330	216	221
3V6Z	green	amber_boltz	4	1.432	0.9612	0.9412	0.8179	216	221
3VLB	green	af_relaxed	0	1.522	0.9820	0.9672	0.9010	397	404
3VLB	green	af_relaxed	1	1.446	0.9831	0.9691	0.9053	398	404
3VLB	green	af_relaxed	2	1.493	0.9825	0.9684	0.9016	397	404
3VLB	green	af_relaxed	3	1.444	0.9824	0.9678	0.9016	398	404
3VLB	green	af_relaxed	4	1.469	0.9826	0.9703	0.9078	398	404
3VLB	green	boltz	0	1.477	0.9801	0.9653	0.8843	397	404
3VLB	green	boltz	1	1.543	0.9802	0.9678	0.8936	397	404
3VLB	green	boltz	2	1.470	0.9803	0.9647	0.8837	396	404
3VLB	green	boltz	3	1.766	0.9766	0.9567	0.8670	394	404
3VLB	green	boltz	4	1.489	0.9809	0.9678	0.8762	398	404
3VLB	green	amber_af	0	1.522	0.9820	0.9672	0.9010	397	404
3VLB	green	amber_af	1	1.446	0.9831	0.9697	0.9053	398	404
3VLB	green	amber_af	2	1.494	0.9825	0.9684	0.9010	397	404
3VLB	green	amber_af	3	1.453	0.9822	0.9684	0.9004	397	404
3VLB	green	amber_af	4	1.469	0.9826	0.9703	0.9078	398	404
3VLB	green	amber_boltz	0	1.493	0.9800	0.9660	0.8843	397	404
3VLB	green	amber_boltz	1	1.544	0.9802	0.9678	0.8929	397	404
3VLB	green	amber_boltz	2	1.486	0.9801	0.9641	0.8800	396	404
3VLB	green	amber_boltz	3	1.762	0.9766	0.9585	0.8676	395	404
3VLB	green	amber_boltz	4	1.510	0.9808	0.9666	0.8775	398	404
3WD5	green	af_relaxed	0	0.938	0.9669	0.9572	0.8750	152	152
3WD5	green	af_relaxed	1	0.985	0.9649	0.9539	0.8684	152	152
3WD5	green	af_relaxed	2	0.946	0.9656	0.9523	0.8651	152	152
3WD5	green	af_relaxed	3	0.995	0.9620	0.9441	0.8372	152	152
3WD5	green	af_relaxed	4	1.053	0.9587	0.9391	0.8520	152	152
3WD5	green	boltz	0	1.448	0.9581	0.9507	0.8618	150	152
3WD5	green	boltz	1	1.784	0.9392	0.9293	0.8405	145	152
3WD5	green	boltz	2	1.720	0.9405	0.9391	0.8322	146	152
3WD5	green	boltz	3	1.797	0.9431	0.9408	0.8586	145	152
3WD5	green	boltz	4	1.817	0.9441	0.9408	0.8520	145	152
3WD5	green	amber_af	0	0.937	0.9669	0.9572	0.8734	152	152
3WD5	green	amber_af	1	0.988	0.9647	0.9539	0.8684	152	152
3WD5	green	amber_af	2	0.947	0.9655	0.9523	0.8635	152	152
3WD5	green	amber_af	3	0.994	0.9621	0.9441	0.8388	152	152
3WD5	green	amber_af	4	1.056	0.9601	0.9375	0.8520	151	152
3WD5	green	amber_boltz	0	1.461	0.9573	0.9507	0.8602	150	152
3WD5	green	amber_boltz	1	1.818	0.9380	0.9276	0.8421	145	152
3WD5	green	amber_boltz	2	1.728	0.9398	0.9391	0.8322	146	152
3WD5	green	amber_boltz	3	1.813	0.9428	0.9391	0.8569	146	152
3WD5	green	amber_boltz	4	1.822	0.9435	0.9408	0.8487	145	152
4CPA	green	af_relaxed	0	0.424	0.9960	0.9967	0.9691	307	307
4CPA	green	af_relaxed	1	0.429	0.9959	0.9967	0.9699	307	307
4CPA	green	af_relaxed	2	0.435	0.9957	0.9959	0.9650	307	307
4CPA	green	af_relaxed	3	0.425	0.9958	0.9967	0.9691	307	307
4CPA	green	af_relaxed	4	0.434	0.9958	0.9959	0.9699	307	307
4CPA	green	boltz	0	0.447	0.9954	0.9959	0.9625	307	307
4CPA	green	boltz	1	0.441	0.9956	0.9959	0.9691	307	307
4CPA	green	boltz	2	0.442	0.9956	0.9959	0.9674	307	307
4CPA	green	boltz	3	0.449	0.9955	0.9951	0.9650	307	307
4CPA	green	boltz	4	0.452	0.9953	0.9951	0.9609	307	307
4CPA	green	amber_af	0	0.424	0.9960	0.9967	0.9691	307	307
4CPA	green	amber_af	1	0.429	0.9959	0.9967	0.9699	307	307
4CPA	green	amber_af	2	0.436	0.9957	0.9959	0.9658	307	307
4CPA	green	amber_af	3	0.423	0.9959	0.9967	0.9682	307	307
4CPA	green	amber_af	4	0.435	0.9958	0.9959	0.9682	307	307
4CPA	green	amber_boltz	0	0.450	0.9954	0.9959	0.9625	307	307
4CPA	green	amber_boltz	1	0.446	0.9955	0.9959	0.9658	307	307
4CPA	green	amber_boltz	2	0.445	0.9955	0.9959	0.9650	307	307
4CPA	green	amber_boltz	3	0.453	0.9954	0.9959	0.9625	307	307
4CPA	green	amber_boltz	4	0.456	0.9952	0.9959	0.9593	307	307
4DN4	green	af_relaxed	0	1.104	0.9668	0.9334	0.7979	212	214
4DN4	green	af_relaxed	1	1.261	0.9551	0.8843	0.7395	212	214
4DN4	green	af_relaxed	2	1.199	0.9597	0.8960	0.7535	212	214
4DN4	green	af_relaxed	3	1.034	0.9717	0.9463	0.8131	212	214
4DN4	green	af_relaxed	4	1.314	0.9556	0.8925	0.7500	211	214
4DN4	green	boltz	0	1.179	0.9662	0.9334	0.7944	211	214
4DN4	green	boltz	1	1.037	0.9712	0.9404	0.8084	213	214
4DN4	green	boltz	2	1.262	0.9541	0.8914	0.7523	213	214
4DN4	green	boltz	3	1.402	0.9446	0.8727	0.7313	213	214
4DN4	green	boltz	4	1.177	0.9614	0.9007	0.7640	213	214
4DN4	green	amber_af	0	1.104	0.9668	0.9334	0.7967	212	214
4DN4	green	amber_af	1	1.263	0.9550	0.8855	0.7395	212	214
4DN4	green	amber_af	2	1.199	0.9597	0.8972	0.7547	212	214
4DN4	green	amber_af	3	1.033	0.9717	0.9451	0.8107	212	214
4DN4	green	amber_af	4	1.314	0.9556	0.8914	0.7500	211	214
4DN4	green	amber_boltz	0	1.184	0.9660	0.9334	0.7921	211	214
4DN4	green	amber_boltz	1	1.043	0.9710	0.9428	0.8131	213	214
4DN4	green	amber_boltz	2	1.263	0.9540	0.8914	0.7547	213	214
4DN4	green	amber_boltz	3	1.405	0.9444	0.8727	0.7325	213	214
4DN4	green	amber_boltz	4	1.183	0.9611	0.9042	0.7687	213	214
4DW2	green	af_relaxed	0	1.868	0.9220	0.8440	0.6560	206	210
4DW2	green	af_relaxed	1	1.731	0.9373	0.8595	0.6631	206	210
4DW2	green	af_relaxed	2	1.778	0.9289	0.8560	0.6702	206	210
4DW2	green	af_relaxed	3	1.731	0.9375	0.8583	0.6643	206	210
4DW2	green	af_relaxed	4	1.814	0.9273	0.8500	0.6595	206	210
4DW2	green	boltz	0	1.668	0.9433	0.8690	0.6833	206	210
4DW2	green	boltz	1	1.782	0.9287	0.8464	0.6512	206	210
4DW2	green	boltz	2	1.609	0.9490	0.8821	0.7000	206	210
4DW2	green	boltz	3	1.598	0.9499	0.8821	0.6869	206	210
4DW2	green	boltz	4	1.605	0.9481	0.8833	0.7012	206	210
4DW2	green	amber_af	0	1.870	0.9218	0.8440	0.6548	206	210
4DW2	green	amber_af	1	1.735	0.9373	0.8583	0.6631	206	210
4DW2	green	amber_af	2	1.722	0.9289	0.8524	0.6583	206	210
4DW2	green	amber_af	3	1.745	0.9376	0.8619	0.6690	206	210
4DW2	green	amber_af	4	1.815	0.9271	0.8488	0.6571	206	210
4DW2	green	amber_boltz	0	1.677	0.9429	0.8667	0.6810	206	210
4DW2	green	amber_boltz	1	1.789	0.9283	0.8440	0.6488	206	210
4DW2	green	amber_boltz	2	1.621	0.9485	0.8786	0.7000	206	210
4DW2	green	amber_boltz	3	1.608	0.9492	0.8821	0.6857	206	210
4DW2	green	amber_boltz	4	1.611	0.9476	0.8821	0.6964	206	210
4ETQ	green	af_relaxed	0	1.009	0.9786	0.9744	0.8700	224	225
4ETQ	green	af_relaxed	1	0.788	0.9829	0.9756	0.8711	225	225
4ETQ	green	af_relaxed	2	0.793	0.9829	0.9767	0.8833	225	225
4ETQ	green	af_relaxed	3	1.038	0.9772	0.9644	0.8544	224	225
4ETQ	green	af_relaxed	4	0.821	0.9828	0.9778	0.8789	224	225
4ETQ	green	boltz	0	0.945	0.9806	0.9733	0.9000	223	225
4ETQ	green	boltz	1	0.956	0.9809	0.9711	0.8878	223	225
4ETQ	green	boltz	2	0.945	0.9807	0.9700	0.8789	223	225
4ETQ	green	boltz	3	0.913	0.9814	0.9744	0.8856	223	225
4ETQ	green	boltz	4	0.907	0.9816	0.9722	0.8789	223	225
4ETQ	green	amber_af	0	1.009	0.9786	0.9733	0.8667	224	225
4ETQ	green	amber_af	1	0.788	0.9829	0.9756	0.8700	225	225
4ETQ	green	amber_af	2	0.792	0.9830	0.9767	0.8833	225	225
4ETQ	green	amber_af	3	1.041	0.9771	0.9633	0.8544	224	225
4ETQ	green	amber_af	4	0.822	0.9828	0.9767	0.8767	224	225
4ETQ	green	amber_boltz	0	0.951	0.9804	0.9722	0.8956	223	225
4ETQ	green	amber_boltz	1	0.952	0.9810	0.9722	0.8900	223	225
4ETQ	green	amber_boltz	2	0.945	0.9807	0.9700	0.8800	223	225
4ETQ	green	amber_boltz	3	0.914	0.9814	0.9756	0.8867	223	225
4ETQ	green	amber_boltz	4	0.909	0.9815	0.9700	0.8822	223	225
4FP8	green	af_relaxed	0	0.529	0.9925	0.9897	0.9120	267	267
4FP8	green	af_relaxed	1	0.511	0.9930	0.9888	0.9223	267	267
4FP8	green	af_relaxed	2	0.589	0.9908	0.9831	0.9036	267	267
4FP8	green	af_relaxed	3	0.521	0.9927	0.9878	0.9148	267	267
4FP8	green	af_relaxed	4	0.558	0.9916	0.9850	0.9007	267	267
4FP8	green	boltz	0	0.839	0.9835	0.9738	0.8811	267	267
4FP8	green	boltz	1	0.843	0.9833	0.9728	0.8755	267	267
4FP8	green	boltz	2	0.871	0.9825	0.9691	0.8755	267	267
4FP8	green	boltz	3	0.780	0.9859	0.9775	0.8970	267	267
4FP8	green	boltz	4	0.876	0.9819	0.9691	0.8699	267	267
4FP8	green	amber_af	0	0.529	0.9925	0.9897	0.9129	267	267
4FP8	green	amber_af	1	0.511	0.9930	0.9888	0.9223	267	267
4FP8	green	amber_af	2	0.539	0.9922	0.9888	0.9157	267	267
4FP8	green	amber_af	3	0.508	0.9931	0.9888	0.9232	267	267
4FP8	green	amber_af	4	0.547	0.9920	0.9860	0.9045	267	267
4FP8	green	amber_boltz	0	0.842	0.9834	0.9728	0.8811	267	267
4FP8	green	amber_boltz	1	0.846	0.9833	0.9747	0.8783	267	267
4FP8	green	amber_boltz	2	0.879	0.9822	0.9672	0.8699	267	267
4FP8	green	amber_boltz	3	0.791	0.9854	0.9757	0.8886	267	267
4FP8	green	amber_boltz	4	0.876	0.9818	0.9700	0.8680	267	267
4FQI	green	af_relaxed	0	1.081	0.9786	0.9522	0.8480	321	324
4FQI	green	af_relaxed	1	1.005	0.9805	0.9576	0.8488	322	324
4FQI	green	af_relaxed	2	1.140	0.9747	0.9390	0.8202	321	324
4FQI	green	af_relaxed	3	1.122	0.9746	0.9390	0.8233	322	324
4FQI	green	af_relaxed	4	1.267	0.9702	0.9336	0.8164	320	324
4FQI	green	boltz	0	1.157	0.9726	0.9298	0.8210	323	324
4FQI	green	boltz	1	1.739	0.9494	0.8997	0.7963	311	324
4FQI	green	boltz	2	1.443	0.9614	0.9159	0.8133	319	324
4FQI	green	boltz	3	1.585	0.9598	0.9228	0.8187	314	324
4FQI	green	boltz	4	1.687	0.9549	0.9043	0.7932	314	324
4FQI	green	amber_af	0	1.081	0.9786	0.9522	0.8480	321	324
4FQI	green	amber_af	1	1.013	0.9802	0.9576	0.8457	322	324
4FQI	green	amber_af	2	1.139	0.9747	0.9390	0.8187	321	324
4FQI	green	amber_af	3	1.120	0.9747	0.9398	0.8233	322	324
4FQI	green	amber_af	4	1.267	0.9702	0.9329	0.8164	320	324
4FQI	green	amber_boltz	0	1.162	0.9724	0.9290	0.8210	323	324
4FQI	green	amber_boltz	1	1.738	0.9494	0.9005	0.7971	311	324
4FQI	green	amber_boltz	2	1.447	0.9612	0.9167	0.8102	319	324
4FQI	green	amber_boltz	3	1.581	0.9597	0.9244	0.8210	314	324
4FQI	green	amber_boltz	4	1.691	0.9547	0.9028	0.7901	314	324
4FZA	green	af_relaxed	0	1.133	0.9739	0.9167	0.7847	323	324
4FZA	green	af_relaxed	1	1.124	0.9744	0.9167	0.7886	323	324
4FZA	green	af_relaxed	2	1.110	0.9750	0.9213	0.7886	323	324
4FZA	green	af_relaxed	3	1.096	0.9756	0.9198	0.7886	323	324
4FZA	green	af_relaxed	4	1.123	0.9744	0.9190	0.7878	323	324
4FZA	green	boltz	0	1.202	0.9706	0.8989	0.7546	323	324
4FZA	green	boltz	1	1.187	0.9711	0.9035	0.7546	324	324
4FZA	green	boltz	2	1.190	0.9715	0.9097	0.7670	324	324
4FZA	green	boltz	3	1.072	0.9770	0.9298	0.8102	323	324
4FZA	green	boltz	4	1.219	0.9700	0.8997	0.7500	323	324
4FZA	green	amber_af	0	1.133	0.9739	0.9151	0.7840	323	324
4FZA	green	amber_af	1	1.124	0.9744	0.9174	0.7901	323	324
4FZA	green	amber_af	2	1.109	0.9750	0.9213	0.7894	323	324
4FZA	green	amber_af	3	1.095	0.9756	0.9198	0.7886	323	324
4FZA	green	amber_af	4	1.124	0.9744	0.9190	0.7878	323	324
4FZA	green	amber_boltz	0	1.206	0.9704	0.9005	0.7554	323	324
4FZA	green	amber_boltz	1	1.193	0.9708	0.9020	0.7508	324	324
4FZA	green	amber_boltz	2	1.198	0.9711	0.9074	0.7616	323	324
4FZA	green	amber_boltz	3	1.081	0.9767	0.9267	0.8056	323	324
4FZA	green	amber_boltz	4	1.225	0.9697	0.8958	0.7485	323	324
4G6J	green	af_relaxed	0	0.682	0.9790	0.9764	0.8784	148	148
4G6J	green	af_relaxed	1	0.758	0.9743	0.9662	0.8497	148	148
4G6J	green	af_relaxed	2	0.668	0.9800	0.9764	0.8885	148	148
4G6J	green	af_relaxed	3	0.752	0.9753	0.9696	0.8649	148	148
4G6J	green	af_relaxed	4	0.676	0.9792	0.9797	0.8716	148	148
4G6J	green	boltz	0	0.564	0.9855	0.9899	0.9223	148	148
4G6J	green	boltz	1	0.648	0.9812	0.9814	0.9037	148	148
4G6J	green	boltz	2	0.651	0.9808	0.9764	0.8902	148	148
4G6J	green	boltz	3	0.620	0.9827	0.9831	0.9088	148	148
4G6J	green	boltz	4	0.631	0.9821	0.9797	0.9054	148	148
4G6J	green	amber_af	0	0.671	0.9796	0.9764	0.8767	148	148
4G6J	green	amber_af	1	0.759	0.9743	0.9662	0.8480	148	148
4G6J	green	amber_af	2	0.674	0.9796	0.9764	0.8885	148	148
4G6J	green	amber_af	3	0.750	0.9754	0.9696	0.8682	148	148
4G6J	green	amber_af	4	0.678	0.9792	0.9797	0.8716	148	148
4G6J	green	amber_boltz	0	0.579	0.9847	0.9865	0.9139	148	148
4G6J	green	amber_boltz	1	0.662	0.9803	0.9797	0.8936	148	148
4G6J	green	amber_boltz	2	0.666	0.9799	0.9730	0.8851	148	148
4G6J	green	amber_boltz	3	0.636	0.9819	0.9797	0.9037	148	148
4G6J	green	amber_boltz	4	0.643	0.9814	0.9764	0.8986	148	148
4G6M	green	af_relaxed	0	1.148	0.9567	0.9500	0.8304	138	140
4G6M	green	af_relaxed	1	1.113	0.9593	0.9518	0.8464	139	140
4G6M	green	af_relaxed	2	1.085	0.9572	0.9429	0.8143	139	140
4G6M	green	af_relaxed	3	1.167	0.9626	0.9607	0.8679	139	140
4G6M	green	af_relaxed	4	1.033	0.9657	0.9661	0.8839	139	140
4G6M	green	boltz	0	1.200	0.9638	0.9589	0.8750	139	140
4G6M	green	boltz	1	1.150	0.9641	0.9589	0.8750	139	140
4G6M	green	boltz	2	1.203	0.9614	0.9571	0.8714	139	140
4G6M	green	boltz	3	1.215	0.9636	0.9643	0.8732	139	140
4G6M	green	boltz	4	1.128	0.9652	0.9607	0.8804	139	140
4G6M	green	amber_af	0	1.149	0.9565	0.9500	0.8286	138	140
4G6M	green	amber_af	1	1.106	0.9604	0.9518	0.8482	138	140
4G6M	green	amber_af	2	1.069	0.9579	0.9429	0.8125	140	140
4G6M	green	amber_af	3	1.163	0.9627	0.9607	0.8661	139	140
4G6M	green	amber_af	4	1.041	0.9643	0.9607	0.8768	139	140
4G6M	green	amber_boltz	0	1.204	0.9632	0.9589	0.8750	139	140
4G6M	green	amber_boltz	1	1.148	0.9636	0.9589	0.8732	139	140
4G6M	green	amber_boltz	2	1.209	0.9610	0.9571	0.8714	139	140
4G6M	green	amber_boltz	3	1.218	0.9633	0.9625	0.8714	139	140
4G6M	green	amber_boltz	4	1.135	0.9647	0.9589	0.8821	139	140
4GAM	green	af_relaxed	0	1.078	0.9860	0.9452	0.8596	509	511
4GAM	green	af_relaxed	1	1.076	0.9861	0.9467	0.8601	509	511
4GAM	green	af_relaxed	2	1.123	0.9851	0.9432	0.8567	509	511
4GAM	green	af_relaxed	3	1.122	0.9852	0.9437	0.8557	509	511
4GAM	green	af_relaxed	4	1.074	0.9865	0.9530	0.8743	509	511
4GAM	green	boltz	0	1.112	0.9864	0.9565	0.8518	509	511
4GAM	green	boltz	1	1.055	0.9872	0.9589	0.8659	509	511
4GAM	green	boltz	2	1.003	0.9881	0.9633	0.8723	509	511
4GAM	green	boltz	3	1.046	0.9872	0.9574	0.8650	509	511
4GAM	green	boltz	4	1.036	0.9872	0.9614	0.8625	509	511
4GAM	green	amber_af	0	1.078	0.9860	0.9452	0.8591	509	511
4GAM	green	amber_af	1	1.076	0.9861	0.9467	0.8606	509	511
4GAM	green	amber_af	2	1.124	0.9851	0.9432	0.8562	509	511
4GAM	green	amber_af	3	1.123	0.9852	0.9432	0.8547	509	511
4GAM	green	amber_af	4	1.081	0.9864	0.9535	0.8713	509	511
4GAM	green	amber_boltz	0	1.120	0.9863	0.9550	0.8518	509	511
4GAM	green	amber_boltz	1	1.058	0.9871	0.9594	0.8664	509	511
4GAM	green	amber_boltz	2	1.010	0.9880	0.9618	0.8704	509	511
4GAM	green	amber_boltz	3	1.054	0.9871	0.9574	0.8655	509	511
4GAM	green	amber_boltz	4	1.045	0.9871	0.9594	0.8630	509	511
4GXU	green	af_relaxed	0	0.866	0.9840	0.9508	0.8377	325	325
4GXU	green	af_relaxed	1	0.860	0.9836	0.9485	0.8146	325	325
4GXU	green	af_relaxed	2	0.836	0.9848	0.9515	0.8315	325	325
4GXU	green	af_relaxed	3	0.879	0.9830	0.9408	0.8115	325	325
4GXU	green	af_relaxed	4	1.405	0.9643	0.9177	0.8000	320	325
4GXU	green	boltz	0	2.019	0.9260	0.8800	0.7508	312	325
4GXU	green	boltz	1	2.166	0.9234	0.8915	0.7692	309	325
4GXU	green	boltz	2	2.455	0.9058	0.8592	0.7262	297	325
4GXU	green	boltz	3	2.417	0.9022	0.8531	0.7215	297	325
4GXU	green	boltz	4	2.955	0.8847	0.8569	0.7277	284	325
4GXU	green	amber_af	0	0.866	0.9840	0.9508	0.8369	325	325
4GXU	green	amber_af	1	0.867	0.9834	0.9485	0.8123	325	325
4GXU	green	amber_af	2	0.839	0.9847	0.9500	0.8277	325	325
4GXU	green	amber_af	3	0.871	0.9833	0.9408	0.8131	325	325
4GXU	green	amber_af	4	1.405	0.9643	0.9177	0.8008	320	325
4GXU	green	amber_boltz	0	2.022	0.9260	0.8823	0.7531	313	325
4GXU	green	amber_boltz	1	2.170	0.9234	0.8908	0.7692	309	325
4GXU	green	amber_boltz	2	2.458	0.9058	0.8600	0.7262	297	325
4GXU	green	amber_boltz	3	2.422	0.9022	0.8531	0.7215	297	325
4GXU	green	amber_boltz	4	2.957	0.8847	0.8562	0.7277	284	325
4H03	green	af_relaxed	0	0.385	0.9973	0.9958	0.9644	414	414
4H03	green	af_relaxed	1	0.375	0.9974	0.9964	0.9680	414	414
4H03	green	af_relaxed	2	1.015	0.9912	0.9837	0.9366	411	414
4H03	green	af_relaxed	3	0.475	0.9959	0.9879	0.9408	414	414
4H03	green	af_relaxed	4	0.499	0.9955	0.9885	0.9438	414	414
4H03	green	boltz	0	2.966	0.9465	0.8273	0.6588	404	414
4H03	green	boltz	1	2.714	0.9573	0.8460	0.6757	404	414
4H03	green	boltz	2	3.001	0.9502	0.8364	0.6703	404	414
4H03	green	boltz	3	2.869	0.9534	0.8454	0.6800	404	414
4H03	green	boltz	4	2.956	0.9480	0.8261	0.6546	404	414
4H03	green	amber_af	0	0.386	0.9973	0.9958	0.9650	414	414
4H03	green	amber_af	1	0.374	0.9974	0.9970	0.9686	414	414
4H03	green	amber_af	2	1.014	0.9912	0.9837	0.9372	411	414
4H03	green	amber_af	3	0.480	0.9958	0.9879	0.9396	414	414
4H03	green	amber_af	4	0.513	0.9953	0.9879	0.9420	414	414
4H03	green	amber_boltz	0	2.970	0.9463	0.8261	0.6552	404	414
4H03	green	amber_boltz	1	2.718	0.9572	0.8472	0.6769	404	414
4H03	green	amber_boltz	2	3.003	0.9501	0.8351	0.6685	404	414
4H03	green	amber_boltz	3	2.873	0.9532	0.8436	0.6769	404	414
4H03	green	amber_boltz	4	2.960	0.9478	0.8267	0.6552	404	414
4HX3	green	af_relaxed	0	0.929	0.9808	0.9888	0.9552	133	134
4HX3	green	af_relaxed	1	0.927	0.9795	0.9851	0.9440	133	134
4HX3	green	af_relaxed	2	0.907	0.9811	0.9888	0.9571	133	134
4HX3	green	af_relaxed	3	0.908	0.9824	0.9888	0.9646	133	134
4HX3	green	af_relaxed	4	0.948	0.9794	0.9869	0.9478	133	134
4HX3	green	boltz	0	0.941	0.9834	0.9888	0.9646	133	134
4HX3	green	boltz	1	0.876	0.9830	0.9888	0.9664	133	134
4HX3	green	boltz	2	0.849	0.9825	0.9888	0.9627	133	134
4HX3	green	boltz	3	0.925	0.9834	0.9888	0.9701	133	134
4HX3	green	boltz	4	0.872	0.9836	0.9888	0.9683	133	134
4HX3	green	amber_af	0	0.930	0.9808	0.9888	0.9552	133	134
4HX3	green	amber_af	1	0.925	0.9796	0.9851	0.9478	133	134
4HX3	green	amber_af	2	0.906	0.9811	0.9888	0.9571	133	134
4HX3	green	amber_af	3	0.910	0.9822	0.9888	0.9608	133	134
4HX3	green	amber_af	4	0.943	0.9800	0.9869	0.9515	133	134
4HX3	green	amber_boltz	0	0.951	0.9831	0.9888	0.9627	133	134
4HX3	green	amber_boltz	1	0.887	0.9830	0.9888	0.9701	133	134
4HX3	green	amber_boltz	2	0.859	0.9823	0.9888	0.9552	133	134
4HX3	green	amber_boltz	3	0.935	0.9834	0.9888	0.9720	133	134
4HX3	green	amber_boltz	4	0.878	0.9837	0.9888	0.9701	132	134
4IZ7	green	af_relaxed	0	1.132	0.9768	0.9331	0.8140	342	344
4IZ7	green	af_relaxed	1	1.128	0.9771	0.9317	0.8176	341	344
4IZ7	green	af_relaxed	2	1.121	0.9773	0.9310	0.8125	342	344
4IZ7	green	af_relaxed	3	1.157	0.9759	0.9288	0.8147	341	344
4IZ7	green	af_relaxed	4	1.157	0.9759	0.9295	0.8118	342	344
4IZ7	green	boltz	0	1.053	0.9819	0.9600	0.8677	341	344
4IZ7	green	boltz	1	1.114	0.9787	0.9419	0.8234	341	344
4IZ7	green	boltz	2	1.006	0.9832	0.9637	0.8757	340	344
4IZ7	green	boltz	3	1.076	0.9808	0.9578	0.8677	341	344
4IZ7	green	boltz	4	1.069	0.9811	0.9578	0.8706	340	344
4IZ7	green	amber_af	0	1.133	0.9768	0.9331	0.8140	342	344
4IZ7	green	amber_af	1	1.127	0.9771	0.9317	0.8176	341	344
4IZ7	green	amber_af	2	1.120	0.9773	0.9324	0.8132	342	344
4IZ7	green	amber_af	3	1.154	0.9760	0.9302	0.8161	341	344
4IZ7	green	amber_af	4	1.156	0.9759	0.9302	0.8125	342	344
4IZ7	green	amber_boltz	0	1.051	0.9819	0.9629	0.8706	341	344
4IZ7	green	amber_boltz	1	1.118	0.9786	0.9411	0.8190	341	344
4IZ7	green	amber_boltz	2	1.007	0.9832	0.9637	0.8728	340	344
4IZ7	green	amber_boltz	3	1.078	0.9808	0.9564	0.8626	341	344
4IZ7	green	amber_boltz	4	1.066	0.9811	0.9593	0.8685	340	344
4JCV	green	af_relaxed	0	1.645	0.9155	0.8661	0.7105	196	196
4JCV	green	af_relaxed	1	1.471	0.9326	0.8776	0.7270	196	196
4JCV	green	af_relaxed	2	1.903	0.8984	0.8176	0.6365	193	196
4JCV	green	af_relaxed	3	6.094	0.8354	0.7870	0.6620	170	196
4JCV	green	af_relaxed	4	1.488	0.9288	0.8712	0.7168	196	196
4JCV	green	boltz	0	6.098	0.8631	0.8367	0.7245	169	196
4JCV	green	boltz	1	6.265	0.8443	0.7844	0.6620	169	196
4JCV	green	boltz	2	6.392	0.8289	0.7755	0.6633	169	196
4JCV	green	boltz	3	6.844	0.7192	0.7003	0.5778	149	196
4JCV	green	boltz	4	9.692	0.6825	0.6543	0.5472	129	196
4JCV	green	amber_af	0	1.646	0.9155	0.8648	0.7105	196	196
4JCV	green	amber_af	1	1.471	0.9326	0.8776	0.7270	196	196
4JCV	green	amber_af	2	1.931	0.8976	0.8163	0.6327	193	196
4JCV	green	amber_af	3	6.096	0.8353	0.7844	0.6594	170	196
4JCV	green	amber_af	4	1.490	0.9287	0.8699	0.7156	196	196
4JCV	green	amber_boltz	0	6.118	0.8629	0.8367	0.7219	169	196
4JCV	green	amber_boltz	1	6.274	0.8436	0.7832	0.6582	169	196
4JCV	green	amber_boltz	2	6.400	0.8290	0.7730	0.6569	169	196
4JCV	green	amber_boltz	3	6.851	0.7194	0.7003	0.5740	152	196
4JCV	green	amber_boltz	4	9.694	0.6823	0.6480	0.5344	128	196
4LW4	green	af_relaxed	0	1.144	0.9842	0.9745	0.9056	386	392
4LW4	green	af_relaxed	1	1.159	0.9836	0.9739	0.9082	385	392
4LW4	green	af_relaxed	2	1.225	0.9827	0.9726	0.9018	386	392
4LW4	green	af_relaxed	3	0.640	0.9931	0.9879	0.9401	391	392
4LW4	green	af_relaxed	4	1.286	0.9814	0.9700	0.8986	384	392
4LW4	green	boltz	0	1.319	0.9799	0.9688	0.8622	384	392
4LW4	green	boltz	1	1.261	0.9818	0.9732	0.8897	385	392
4LW4	green	boltz	2	1.271	0.9807	0.9700	0.8673	384	392
4LW4	green	boltz	3	1.272	0.9808	0.9713	0.8635	385	392
4LW4	green	boltz	4	1.278	0.9808	0.9707	0.8769	385	392
4LW4	green	amber_af	0	1.144	0.9842	0.9745	0.9050	386	392
4LW4	green	amber_af	1	1.159	0.9836	0.9739	0.9075	385	392
4LW4	green	amber_af	2	1.226	0.9826	0.9726	0.9018	386	392
4LW4	green	amber_af	3	0.641	0.9931	0.9879	0.9401	391	392
4LW4	green	amber_af	4	1.286	0.9813	0.9700	0.8986	384	392
4LW4	green	amber_boltz	0	1.320	0.9798	0.9688	0.8610	384	392
4LW4	green	amber_boltz	1	1.262	0.9817	0.9726	0.8878	385	392
4LW4	green	amber_boltz	2	1.270	0.9806	0.9694	0.8667	384	392
4LW4	green	amber_boltz	3	1.273	0.9807	0.9700	0.8610	385	392
4LW4	green	amber_boltz	4	1.280	0.9807	0.9700	0.8724	385	392
4M3K	green	af_relaxed	0	0.788	0.9886	0.9865	0.9346	258	260
4M3K	green	af_relaxed	1	0.633	0.9914	0.9894	0.9423	259	260
4M3K	green	af_relaxed	2	0.764	0.9890	0.9865	0.9385	259	260
4M3K	green	af_relaxed	3	0.750	0.9871	0.9779	0.9010	259	260
4M3K	green	af_relaxed	4	0.727	0.9893	0.9846	0.9317	259	260
4M3K	green	boltz	0	0.628	0.9917	0.9875	0.9596	259	260
4M3K	green	boltz	1	0.640	0.9914	0.9875	0.9577	259	260
4M3K	green	boltz	2	0.622	0.9921	0.9885	0.9683	259	260
4M3K	green	boltz	3	0.613	0.9925	0.9894	0.9615	259	260
4M3K	green	boltz	4	0.442	0.9950	0.9923	0.9644	260	260
4M3K	green	amber_af	0	0.789	0.9886	0.9865	0.9337	258	260
4M3K	green	amber_af	1	0.633	0.9914	0.9894	0.9433	259	260
4M3K	green	amber_af	2	0.766	0.9890	0.9865	0.9385	259	260
4M3K	green	amber_af	3	0.743	0.9873	0.9779	0.9019	259	260
4M3K	green	amber_af	4	0.731	0.9891	0.9856	0.9308	259	260
4M3K	green	amber_boltz	0	0.637	0.9915	0.9875	0.9548	259	260
4M3K	green	amber_boltz	1	0.646	0.9912	0.9885	0.9558	259	260
4M3K	green	amber_boltz	2	0.635	0.9918	0.9885	0.9644	259	260
4M3K	green	amber_boltz	3	0.620	0.9923	0.9904	0.9567	259	260
4M3K	green	amber_boltz	4	0.450	0.9948	0.9933	0.9606	260	260
4M5Z	green	af_relaxed	0	1.108	0.9688	0.9512	0.8774	209	210
4M5Z	green	af_relaxed	1	1.143	0.9672	0.9500	0.8750	207	210
4M5Z	green	af_relaxed	2	1.118	0.9681	0.9500	0.8738	209	210
4M5Z	green	af_relaxed	3	1.162	0.9665	0.9500	0.8702	207	210
4M5Z	green	af_relaxed	4	1.145	0.9673	0.9500	0.8726	207	210
4M5Z	green	boltz	0	1.240	0.9632	0.9417	0.8667	208	210
4M5Z	green	boltz	1	1.161	0.9664	0.9464	0.8726	209	210
4M5Z	green	boltz	2	1.047	0.9712	0.9536	0.8917	210	210
4M5Z	green	boltz	3	1.129	0.9680	0.9488	0.8762	209	210
4M5Z	green	boltz	4	1.188	0.9651	0.9452	0.8738	209	210
4M5Z	green	amber_af	0	1.108	0.9688	0.9512	0.8774	209	210
4M5Z	green	amber_af	1	1.142	0.9673	0.9488	0.8750	207	210
4M5Z	green	amber_af	2	1.117	0.9682	0.9500	0.8762	209	210
4M5Z	green	amber_af	3	1.161	0.9666	0.9500	0.8714	207	210
4M5Z	green	amber_af	4	1.146	0.9673	0.9512	0.8750	207	210
4M5Z	green	amber_boltz	0	1.224	0.9637	0.9440	0.8667	209	210
4M5Z	green	amber_boltz	1	1.141	0.9670	0.9476	0.8714	209	210
4M5Z	green	amber_boltz	2	1.044	0.9711	0.9524	0.8869	210	210
4M5Z	green	amber_boltz	3	1.119	0.9683	0.9464	0.8726	209	210
4M5Z	green	amber_boltz	4	1.176	0.9655	0.9452	0.8714	209	210
4M76	green	af_relaxed	0	0.574	0.9930	0.9882	0.9468	295	296
4M76	green	af_relaxed	1	0.439	0.9953	0.9932	0.9569	296	296
4M76	green	af_relaxed	2	0.510	0.9937	0.9873	0.9307	296	296
4M76	green	af_relaxed	3	0.527	0.9933	0.9840	0.9274	296	296
4M76	green	af_relaxed	4	0.497	0.9940	0.9899	0.9383	296	296
4M76	green	boltz	0	0.741	0.9879	0.9730	0.9012	296	296
4M76	green	boltz	1	0.747	0.9882	0.9764	0.9012	295	296
4M76	green	boltz	2	0.627	0.9907	0.9806	0.9122	296	296
4M76	green	boltz	3	0.724	0.9879	0.9713	0.9012	296	296
4M76	green	boltz	4	0.731	0.9879	0.9688	0.8978	296	296
4M76	green	amber_af	0	0.575	0.9930	0.9882	0.9468	295	296
4M76	green	amber_af	1	0.438	0.9953	0.9932	0.9569	296	296
4M76	green	amber_af	2	0.512	0.9936	0.9873	0.9299	296	296
4M76	green	amber_af	3	0.521	0.9934	0.9856	0.9291	296	296
4M76	green	amber_af	4	0.494	0.9941	0.9899	0.9400	296	296
4M76	green	amber_boltz	0	0.744	0.9877	0.9738	0.9020	296	296
4M76	green	amber_boltz	1	0.747	0.9881	0.9764	0.9012	295	296
4M76	green	amber_boltz	2	0.628	0.9906	0.9797	0.9088	296	296
4M76	green	amber_boltz	3	0.718	0.9880	0.9696	0.8919	296	296
4M76	green	amber_boltz	4	0.733	0.9878	0.9696	0.9003	296	296
4POU	green	af_relaxed	0	1.160	0.9396	0.9229	0.7979	120	120
4POU	green	af_relaxed	1	1.140	0.9434	0.9313	0.8063	120	120
4POU	green	af_relaxed	2	1.175	0.9392	0.9229	0.8000	120	120
4POU	green	af_relaxed	3	1.245	0.9400	0.9354	0.8187	118	120
4POU	green	af_relaxed	4	1.160	0.9414	0.9229	0.7979	120	120
4POU	green	boltz	0	1.250	0.9365	0.9333	0.8271	118	120
4POU	green	boltz	1	1.340	0.9269	0.9083	0.8000	118	120
4POU	green	boltz	2	1.196	0.9416	0.9292	0.8229	118	120
4POU	green	boltz	3	1.333	0.9261	0.9021	0.7896	118	120
4POU	green	boltz	4	1.178	0.9415	0.9208	0.8083	118	120
4POU	green	amber_af	0	1.158	0.9398	0.9208	0.7979	120	120
4POU	green	amber_af	1	1.138	0.9436	0.9313	0.8083	120	120
4POU	green	amber_af	2	1.174	0.9393	0.9229	0.8021	120	120
4POU	green	amber_af	3	1.241	0.9402	0.9354	0.8208	118	120
4POU	green	amber_af	4	1.177	0.9396	0.9208	0.7958	120	120
4POU	green	amber_boltz	0	1.257	0.9362	0.9313	0.8229	118	120
4POU	green	amber_boltz	1	1.342	0.9268	0.9062	0.7917	118	120
4POU	green	amber_boltz	2	1.205	0.9411	0.9271	0.8187	118	120
4POU	green	amber_boltz	3	1.341	0.9258	0.9021	0.7896	118	120
4POU	green	amber_boltz	4	1.187	0.9408	0.9229	0.8104	118	120
4Y7M	green	af_relaxed	0	1.411	0.9372	0.9225	0.8120	126	129
4Y7M	green	af_relaxed	1	0.998	0.9690	0.9671	0.8973	127	129
4Y7M	green	af_relaxed	2	0.844	0.9738	0.9748	0.9109	128	129
4Y7M	green	af_relaxed	3	1.333	0.9405	0.9264	0.8178	127	129
4Y7M	green	af_relaxed	4	1.265	0.9428	0.9283	0.8217	128	129
4Y7M	green	boltz	0	1.230	0.9555	0.9457	0.8837	126	129
4Y7M	green	boltz	1	1.102	0.9625	0.9574	0.8895	126	129
4Y7M	green	boltz	2	1.209	0.9544	0.9496	0.8779	127	129
4Y7M	green	boltz	3	1.229	0.9516	0.9419	0.8643	128	129
4Y7M	green	boltz	4	1.197	0.9552	0.9516	0.8740	126	129
4Y7M	green	amber_af	0	1.367	0.9393	0.9264	0.8140	126	129
4Y7M	green	amber_af	1	1.005	0.9687	0.9651	0.8953	127	129
4Y7M	green	amber_af	2	0.847	0.9734	0.9748	0.9109	128	129
4Y7M	green	amber_af	3	1.319	0.9407	0.9264	0.8159	127	129
4Y7M	green	amber_af	4	1.264	0.9428	0.9264	0.8198	128	129
4Y7M	green	amber_boltz	0	1.231	0.9558	0.9477	0.8857	126	129
4Y7M	green	amber_boltz	1	1.096	0.9629	0.9574	0.8915	126	129
4Y7M	green	amber_boltz	2	1.214	0.9543	0.9496	0.8837	127	129
4Y7M	green	amber_boltz	3	1.233	0.9514	0.9419	0.8663	128	129
4Y7M	green	amber_boltz	4	1.202	0.9549	0.9516	0.8702	126	129
5C7X	green	af_relaxed	0	0.895	0.9650	0.9696	0.9152	115	115
5C7X	green	af_relaxed	1	0.928	0.9612	0.9630	0.9065	115	115
5C7X	green	af_relaxed	2	0.977	0.9598	0.9630	0.8913	115	115
5C7X	green	af_relaxed	3	1.146	0.9477	0.9543	0.8717	115	115
5C7X	green	af_relaxed	4	0.956	0.9601	0.9652	0.8674	115	115
5C7X	green	boltz	0	0.875	0.9687	0.9739	0.9130	115	115
5C7X	green	boltz	1	0.885	0.9663	0.9696	0.9043	115	115
5C7X	green	boltz	2	0.926	0.9641	0.9674	0.9065	114	115
5C7X	green	boltz	3	0.980	0.9640	0.9696	0.9130	114	115
5C7X	green	boltz	4	0.943	0.9663	0.9739	0.9109	114	115
5C7X	green	amber_af	0	0.895	0.9650	0.9696	0.9152	115	115
5C7X	green	amber_af	1	0.935	0.9607	0.9630	0.9087	115	115
5C7X	green	amber_af	2	0.977	0.9598	0.9630	0.8913	115	115
5C7X	green	amber_af	3	1.136	0.9484	0.9587	0.8783	115	115
5C7X	green	amber_af	4	0.959	0.9597	0.9630	0.8674	115	115
5C7X	green	amber_boltz	0	0.878	0.9683	0.9761	0.9196	115	115
5C7X	green	amber_boltz	1	0.893	0.9656	0.9696	0.8957	115	115
5C7X	green	amber_boltz	2	0.929	0.9639	0.9674	0.9065	114	115
5C7X	green	amber_boltz	3	0.983	0.9636	0.9696	0.9130	114	115
5C7X	green	amber_boltz	4	0.946	0.9658	0.9717	0.9109	114	115
5CBA	green	af_relaxed	0	1.940	0.9214	0.9213	0.8504	121	127
5CBA	green	af_relaxed	1	1.723	0.9177	0.9055	0.8307	122	127
5CBA	green	af_relaxed	2	1.709	0.9212	0.9114	0.8366	122	127
5CBA	green	af_relaxed	3	1.376	0.9377	0.9311	0.8583	124	127
5CBA	green	af_relaxed	4	1.258	0.9446	0.9390	0.8681	125	127
5CBA	green	boltz	0	1.095	0.9523	0.9508	0.8917	126	127
5CBA	green	boltz	1	1.038	0.9565	0.9528	0.8858	126	127
5CBA	green	boltz	2	1.079	0.9529	0.9528	0.8839	126	127
5CBA	green	boltz	3	1.075	0.9540	0.9508	0.8878	126	127
5CBA	green	boltz	4	0.988	0.9578	0.9469	0.8681	127	127
5CBA	green	amber_af	0	1.939	0.9214	0.9213	0.8504	121	127
5CBA	green	amber_af	1	1.729	0.9175	0.9055	0.8307	122	127
5CBA	green	amber_af	2	1.707	0.9212	0.9075	0.8346	122	127
5CBA	green	amber_af	3	1.378	0.9376	0.9311	0.8583	124	127
5CBA	green	amber_af	4	1.258	0.9447	0.9390	0.8681	125	127
5CBA	green	amber_boltz	0	1.091	0.9524	0.9508	0.8878	126	127
5CBA	green	amber_boltz	1	1.033	0.9570	0.9528	0.8839	126	127
5CBA	green	amber_boltz	2	1.084	0.9526	0.9528	0.8819	126	127
5CBA	green	amber_boltz	3	1.081	0.9540	0.9508	0.8878	126	127
5CBA	green	amber_boltz	4	0.996	0.9573	0.9488	0.8681	127	127
5E5M	green	af_relaxed	0	1.119	0.9498	0.9478	0.8761	114	115
5E5M	green	af_relaxed	1	1.264	0.9359	0.9239	0.8065	114	115
5E5M	green	af_relaxed	2	1.265	0.9338	0.9217	0.8065	114	115
5E5M	green	af_relaxed	3	1.116	0.9422	0.9304	0.8261	115	115
5E5M	green	af_relaxed	4	1.171	0.9419	0.9304	0.8348	114	115
5E5M	green	boltz	0	0.984	0.9541	0.9457	0.8587	115	115
5E5M	green	boltz	1	0.938	0.9553	0.9413	0.8565	115	115
5E5M	green	boltz	2	0.950	0.9568	0.9478	0.8652	115	115
5E5M	green	boltz	3	0.919	0.9605	0.9543	0.8848	115	115
5E5M	green	boltz	4	0.949	0.9540	0.9413	0.8500	115	115
5E5M	green	amber_af	0	1.121	0.9494	0.9478	0.8739	114	115
5E5M	green	amber_af	1	1.266	0.9360	0.9261	0.8043	114	115
5E5M	green	amber_af	2	1.269	0.9337	0.9217	0.8065	114	115
5E5M	green	amber_af	3	1.117	0.9420	0.9304	0.8283	115	115
5E5M	green	amber_af	4	1.174	0.9416	0.9304	0.8348	114	115
5E5M	green	amber_boltz	0	0.996	0.9534	0.9435	0.8565	115	115
5E5M	green	amber_boltz	1	0.948	0.9546	0.9413	0.8500	115	115
5E5M	green	amber_boltz	2	0.954	0.9566	0.9500	0.8674	115	115
5E5M	green	amber_boltz	3	0.934	0.9597	0.9543	0.8870	115	115
5E5M	green	amber_boltz	4	0.960	0.9532	0.9413	0.8500	115	115
5GRJ	green	af_relaxed	0	2.969	0.8706	0.7958	0.6455	199	213
5GRJ	green	af_relaxed	1	3.133	0.8491	0.7829	0.6162	196	213
5GRJ	green	af_relaxed	2	3.307	0.8391	0.7676	0.5986	195	213
5GRJ	green	af_relaxed	3	3.379	0.8241	0.7629	0.5951	191	213
5GRJ	green	af_relaxed	4	3.140	0.8426	0.7746	0.6033	196	213
5GRJ	green	boltz	0	2.314	0.9492	0.9202	0.7758	206	213
5GRJ	green	boltz	1	2.274	0.9490	0.9096	0.7711	206	213
5GRJ	green	boltz	2	2.090	0.9576	0.9378	0.7981	206	213
5GRJ	green	boltz	3	2.236	0.9621	0.9531	0.8415	206	213
5GRJ	green	boltz	4	2.383	0.9530	0.9261	0.7793	206	213
5GRJ	green	amber_af	0	2.968	0.8706	0.7958	0.6455	199	213
5GRJ	green	amber_af	1	3.133	0.8491	0.7829	0.6162	196	213
5GRJ	green	amber_af	2	3.308	0.8391	0.7688	0.5998	195	213
5GRJ	green	amber_af	3	3.379	0.8240	0.7629	0.5951	191	213
5GRJ	green	amber_af	4	3.139	0.8428	0.7758	0.6045	196	213
5GRJ	green	amber_boltz	0	2.318	0.9490	0.9202	0.7723	206	213
5GRJ	green	amber_boltz	1	2.279	0.9487	0.9108	0.7700	206	213
5GRJ	green	amber_boltz	2	2.097	0.9573	0.9390	0.7946	206	213
5GRJ	green	amber_boltz	3	2.244	0.9617	0.9566	0.8415	206	213
5GRJ	green	amber_boltz	4	2.389	0.9527	0.9284	0.7758	206	213
5HGG	green	af_relaxed	0	0.502	0.9933	0.9888	0.9553	246	246
5HGG	green	af_relaxed	1	0.515	0.9928	0.9888	0.9543	246	246
5HGG	green	af_relaxed	2	0.493	0.9935	0.9909	0.9614	246	246
5HGG	green	af_relaxed	3	0.493	0.9935	0.9919	0.9634	246	246
5HGG	green	af_relaxed	4	0.507	0.9931	0.9888	0.9583	246	246
5HGG	green	boltz	0	0.476	0.9940	0.9909	0.9624	246	246
5HGG	green	boltz	1	0.498	0.9934	0.9909	0.9624	246	246
5HGG	green	boltz	2	0.487	0.9937	0.9898	0.9624	246	246
5HGG	green	boltz	3	0.478	0.9940	0.9898	0.9665	246	246
5HGG	green	boltz	4	0.473	0.9940	0.9919	0.9634	246	246
5HGG	green	amber_af	0	0.502	0.9933	0.9878	0.9553	246	246
5HGG	green	amber_af	1	0.515	0.9928	0.9888	0.9533	246	246
5HGG	green	amber_af	2	0.493	0.9935	0.9909	0.9614	246	246
5HGG	green	amber_af	3	0.493	0.9935	0.9909	0.9604	246	246
5HGG	green	amber_af	4	0.507	0.9931	0.9888	0.9583	246	246
5HGG	green	amber_boltz	0	0.479	0.9939	0.9909	0.9634	246	246
5HGG	green	amber_boltz	1	0.500	0.9934	0.9909	0.9624	246	246
5HGG	green	amber_boltz	2	0.485	0.9938	0.9909	0.9644	246	246
5HGG	green	amber_boltz	3	0.478	0.9940	0.9898	0.9654	246	246
5HGG	green	amber_boltz	4	0.476	0.9940	0.9909	0.9624	246	246
5HYS	green	af_relaxed	0	1.330	0.9476	0.8694	0.7264	222	222
5HYS	green	af_relaxed	1	2.191	0.8754	0.7849	0.6385	222	222
5HYS	green	af_relaxed	2	1.987	0.8940	0.8052	0.6622	222	222
5HYS	green	af_relaxed	3	2.025	0.8905	0.8007	0.6554	222	222
5HYS	green	af_relaxed	4	2.386	0.8577	0.7703	0.6227	222	222
5HYS	green	boltz	0	0.938	0.9727	0.9291	0.7962	222	222
5HYS	green	boltz	1	1.260	0.9524	0.8795	0.7376	222	222
5HYS	green	boltz	2	0.648	0.9867	0.9797	0.8649	222	222
5HYS	green	boltz	3	1.565	0.9297	0.8367	0.6926	222	222
5HYS	green	boltz	4	2.725	0.8256	0.7534	0.6126	216	222
5HYS	green	amber_af	0	1.333	0.9474	0.8660	0.7218	222	222
5HYS	green	amber_af	1	2.198	0.8748	0.7827	0.6351	222	222
5HYS	green	amber_af	2	1.988	0.8939	0.8052	0.6610	222	222
5HYS	green	amber_af	3	2.024	0.8906	0.8007	0.6554	222	222
5HYS	green	amber_af	4	2.385	0.8581	0.7703	0.6239	222	222
5HYS	green	amber_boltz	0	0.935	0.9729	0.9279	0.7950	222	222
5HYS	green	amber_boltz	1	1.260	0.9524	0.8795	0.7365	222	222
5HYS	green	amber_boltz	2	0.649	0.9867	0.9809	0.8637	222	222
5HYS	green	amber_boltz	3	1.559	0.9302	0.8378	0.6971	222	222
5HYS	green	amber_boltz	4	2.724	0.8259	0.7534	0.6104	215	222
5JMO	green	af_relaxed	0	0.964	0.9939	0.9910	0.9735	468	471
5JMO	green	af_relaxed	1	0.985	0.9938	0.9910	0.9766	468	471
5JMO	green	af_relaxed	2	0.969	0.9938	0.9915	0.9703	468	471
5JMO	green	af_relaxed	3	1.087	0.9903	0.9777	0.9294	468	471
5JMO	green	af_relaxed	4	0.951	0.9935	0.9910	0.9671	468	471
5JMO	green	boltz	0	0.932	0.9919	0.9862	0.9177	468	471
5JMO	green	boltz	1	0.838	0.9927	0.9867	0.9273	469	471
5JMO	green	boltz	2	0.807	0.9928	0.9867	0.9167	469	471
5JMO	green	boltz	3	0.932	0.9920	0.9878	0.9098	468	471
5JMO	green	boltz	4	0.913	0.9920	0.9862	0.9183	468	471
5JMO	green	amber_af	0	0.963	0.9940	0.9910	0.9745	468	471
5JMO	green	amber_af	1	0.985	0.9938	0.9910	0.9766	468	471
5JMO	green	amber_af	2	0.970	0.9938	0.9915	0.9713	468	471
5JMO	green	amber_af	3	1.083	0.9904	0.9756	0.9283	468	471
5JMO	green	amber_af	4	0.935	0.9938	0.9915	0.9740	468	471
5JMO	green	amber_boltz	0	0.939	0.9918	0.9867	0.9161	468	471
5JMO	green	amber_boltz	1	0.847	0.9925	0.9873	0.9230	469	471
5JMO	green	amber_boltz	2	0.809	0.9927	0.9873	0.9145	469	471
5JMO	green	amber_boltz	3	0.934	0.9919	0.9878	0.9061	468	471
5JMO	green	amber_boltz	4	0.927	0.9918	0.9862	0.9130	468	471
5KOV	green	af_relaxed	0	1.375	0.9698	0.9630	0.8762	212	216
5KOV	green	af_relaxed	1	1.476	0.9645	0.9525	0.8634	211	216
5KOV	green	af_relaxed	2	1.354	0.9706	0.9641	0.8738	212	216
5KOV	green	af_relaxed	3	1.377	0.9697	0.9630	0.8762	212	216
5KOV	green	af_relaxed	4	1.476	0.9645	0.9525	0.8646	211	216
5KOV	green	boltz	0	1.929	0.9367	0.8750	0.7280	208	216
5KOV	green	boltz	1	1.882	0.9411	0.8889	0.7488	208	216
5KOV	green	boltz	2	1.907	0.9382	0.8796	0.7384	208	216
5KOV	green	boltz	3	1.930	0.9380	0.8773	0.7326	208	216
5KOV	green	boltz	4	1.920	0.9386	0.8796	0.7373	208	216
5KOV	green	amber_af	0	1.374	0.9698	0.9630	0.8738	212	216
5KOV	green	amber_af	1	1.476	0.9645	0.9525	0.8634	211	216
5KOV	green	amber_af	2	1.354	0.9707	0.9641	0.8750	212	216
5KOV	green	amber_af	3	1.377	0.9697	0.9630	0.8762	212	216
5KOV	green	amber_af	4	1.476	0.9645	0.9525	0.8646	211	216
5KOV	green	amber_boltz	0	1.938	0.9364	0.8738	0.7257	208	216
5KOV	green	amber_boltz	1	1.890	0.9408	0.8866	0.7488	208	216
5KOV	green	amber_boltz	2	1.916	0.9380	0.8785	0.7384	208	216
5KOV	green	amber_boltz	3	1.937	0.9378	0.8762	0.7338	208	216
5KOV	green	amber_boltz	4	1.928	0.9383	0.8796	0.7407	208	216
5O14	green	af_relaxed	0	0.527	0.9914	0.9934	0.9159	229	229
5O14	green	af_relaxed	1	0.571	0.9899	0.9869	0.8908	229	229
5O14	green	af_relaxed	2	0.552	0.9906	0.9880	0.9094	229	229
5O14	green	af_relaxed	3	0.594	0.9893	0.9836	0.8985	229	229
5O14	green	af_relaxed	4	0.888	0.9770	0.9498	0.8341	229	229
5O14	green	boltz	0	1.160	0.9729	0.9596	0.8362	225	229
5O14	green	boltz	1	1.144	0.9725	0.9531	0.8210	226	229
5O14	green	boltz	2	1.156	0.9698	0.9432	0.8122	226	229
5O14	green	boltz	3	1.139	0.9703	0.9432	0.8221	227	229
5O14	green	boltz	4	1.014	0.9779	0.9651	0.8515	226	229
5O14	green	amber_af	0	0.526	0.9914	0.9934	0.9138	229	229
5O14	green	amber_af	1	0.569	0.9900	0.9869	0.8908	229	229
5O14	green	amber_af	2	0.551	0.9906	0.9880	0.9094	229	229
5O14	green	amber_af	3	0.622	0.9884	0.9836	0.8974	229	229
5O14	green	amber_af	4	0.867	0.9777	0.9498	0.8341	229	229
5O14	green	amber_boltz	0	1.178	0.9722	0.9563	0.8297	225	229
5O14	green	amber_boltz	1	1.156	0.9720	0.9531	0.8199	226	229
5O14	green	amber_boltz	2	1.174	0.9692	0.9400	0.8079	226	229
5O14	green	amber_boltz	3	1.153	0.9695	0.9378	0.8111	227	229
5O14	green	amber_boltz	4	1.025	0.9774	0.9662	0.8483	226	229
5O1R	green	af_relaxed	0	1.292	0.9553	0.9609	0.9130	111	115
5O1R	green	af_relaxed	1	1.360	0.9558	0.9609	0.9196	110	115
5O1R	green	af_relaxed	2	1.431	0.9541	0.9587	0.9174	110	115
5O1R	green	af_relaxed	3	1.330	0.9560	0.9587	0.9152	110	115
5O1R	green	af_relaxed	4	1.413	0.9543	0.9565	0.9152	110	115
5O1R	green	boltz	0	2.123	0.8971	0.8935	0.8109	107	115
5O1R	green	boltz	1	2.167	0.8925	0.8870	0.8087	106	115
5O1R	green	boltz	2	1.924	0.9006	0.8913	0.8022	110	115
5O1R	green	boltz	3	2.015	0.9005	0.8913	0.8152	107	115
5O1R	green	boltz	4	2.006	0.8983	0.8935	0.8174	108	115
5O1R	green	amber_af	0	1.292	0.9553	0.9630	0.9152	111	115
5O1R	green	amber_af	1	1.359	0.9558	0.9609	0.9196	110	115
5O1R	green	amber_af	2	1.430	0.9541	0.9587	0.9174	110	115
5O1R	green	amber_af	3	1.328	0.9561	0.9587	0.9152	110	115
5O1R	green	amber_af	4	1.414	0.9543	0.9565	0.9152	110	115
5O1R	green	amber_boltz	0	2.143	0.8959	0.8935	0.8130	107	115
5O1R	green	amber_boltz	1	2.183	0.8912	0.8848	0.8087	106	115
5O1R	green	amber_boltz	2	1.939	0.8996	0.8913	0.7978	108	115
5O1R	green	amber_boltz	3	2.035	0.8989	0.8891	0.8152	107	115
5O1R	green	amber_boltz	4	2.023	0.8970	0.8913	0.8087	108	115
5SV3	green	af_relaxed	0	0.502	0.9860	0.9880	0.9280	125	125
5SV3	green	af_relaxed	1	0.504	0.9860	0.9900	0.9320	125	125
5SV3	green	af_relaxed	2	0.524	0.9848	0.9860	0.9200	125	125
5SV3	green	af_relaxed	3	0.531	0.9843	0.9840	0.9200	125	125
5SV3	green	af_relaxed	4	0.815	0.9713	0.9680	0.8960	125	125
5SV3	green	boltz	0	0.500	0.9864	0.9900	0.9480	125	125
5SV3	green	boltz	1	0.490	0.9866	0.9900	0.9320	125	125
5SV3	green	boltz	2	0.458	0.9883	0.9920	0.9420	125	125
5SV3	green	boltz	3	0.437	0.9893	0.9940	0.9520	125	125
5SV3	green	boltz	4	0.540	0.9841	0.9820	0.9300	125	125
5SV3	green	amber_af	0	0.501	0.9861	0.9880	0.9280	125	125
5SV3	green	amber_af	1	0.505	0.9860	0.9900	0.9320	125	125
5SV3	green	amber_af	2	0.524	0.9848	0.9840	0.9200	125	125
5SV3	green	amber_af	3	0.530	0.9844	0.9840	0.9220	125	125
5SV3	green	amber_af	4	0.815	0.9713	0.9680	0.8960	125	125
5SV3	green	amber_boltz	0	0.505	0.9861	0.9900	0.9440	125	125
5SV3	green	amber_boltz	1	0.497	0.9863	0.9880	0.9260	125	125
5SV3	green	amber_boltz	2	0.465	0.9879	0.9920	0.9400	125	125
5SV3	green	amber_boltz	3	0.450	0.9887	0.9920	0.9480	125	125
5SV3	green	amber_boltz	4	0.548	0.9837	0.9820	0.9280	125	125
5VNW	green	af_relaxed	0	4.028	0.8424	0.6720	0.4687	472	583
5VNW	green	af_relaxed	1	4.269	0.8286	0.6471	0.4447	463	583
5VNW	green	af_relaxed	2	4.003	0.8417	0.6852	0.4876	475	583
5VNW	green	af_relaxed	3	3.965	0.8446	0.6762	0.4781	474	583
5VNW	green	af_relaxed	4	3.988	0.8444	0.6732	0.4786	476	583
5VNW	green	boltz	0	4.239	0.8374	0.6381	0.4417	463	583
5VNW	green	boltz	1	4.223	0.8341	0.6295	0.4292	466	583
5VNW	green	boltz	2	4.320	0.8349	0.6308	0.4357	461	583
5VNW	green	boltz	3	4.190	0.8399	0.6411	0.4443	467	583
5VNW	green	boltz	4	4.096	0.8408	0.6351	0.4387	475	583
5VNW	green	amber_af	0	4.028	0.8424	0.6724	0.4687	472	583
5VNW	green	amber_af	1	4.269	0.8287	0.6488	0.4468	464	583
5VNW	green	amber_af	2	4.003	0.8418	0.6861	0.4884	475	583
5VNW	green	amber_af	3	3.965	0.8446	0.6758	0.4773	471	583
5VNW	green	amber_af	4	3.985	0.8444	0.6750	0.4807	476	583
5VNW	green	amber_boltz	0	4.240	0.8373	0.6377	0.4413	463	583
5VNW	green	amber_boltz	1	4.223	0.8341	0.6304	0.4288	468	583
5VNW	green	amber_boltz	2	4.315	0.8351	0.6291	0.4331	461	583
5VNW	green	amber_boltz	3	4.191	0.8398	0.6407	0.4438	468	583
5VNW	green	amber_boltz	4	4.097	0.8409	0.6321	0.4331	476	583
5WHK	green	af_relaxed	0	3.326	0.8040	0.7343	0.5699	226	254
5WHK	green	af_relaxed	1	6.608	0.6478	0.6398	0.5256	156	254
5WHK	green	af_relaxed	2	3.103	0.8147	0.7303	0.5561	241	254
5WHK	green	af_relaxed	3	4.697	0.6770	0.6732	0.5089	164	254
5WHK	green	af_relaxed	4	3.777	0.7530	0.6772	0.4892	210	254
5WHK	green	boltz	0	1.471	0.9560	0.9006	0.7441	250	254
5WHK	green	boltz	1	1.591	0.9466	0.8632	0.6949	251	254
5WHK	green	boltz	2	1.608	0.9395	0.8307	0.6614	252	254
5WHK	green	boltz	3	1.516	0.9520	0.8809	0.7146	250	254
5WHK	green	boltz	4	1.603	0.9504	0.8848	0.7195	250	254
5WHK	green	amber_af	0	3.327	0.8039	0.7362	0.5728	226	254
5WHK	green	amber_af	1	6.608	0.6477	0.6398	0.5256	156	254
5WHK	green	amber_af	2	3.102	0.8148	0.7303	0.5561	241	254
5WHK	green	amber_af	3	4.696	0.6770	0.6742	0.5089	164	254
5WHK	green	amber_af	4	3.777	0.7531	0.6762	0.4882	210	254
5WHK	green	amber_boltz	0	1.469	0.9561	0.8976	0.7343	250	254
5WHK	green	amber_boltz	1	1.587	0.9468	0.8612	0.6919	251	254
5WHK	green	amber_boltz	2	1.609	0.9393	0.8278	0.6585	252	254
5WHK	green	amber_boltz	3	1.516	0.9520	0.8789	0.7087	251	254
5WHK	green	amber_boltz	4	1.600	0.9507	0.8839	0.7146	250	254
5WK3	green	af_relaxed	0	0.834	0.9224	0.9508	0.8361	61	61
5WK3	green	af_relaxed	1	0.845	0.9206	0.9508	0.8238	61	61
5WK3	green	af_relaxed	2	0.833	0.9223	0.9508	0.8320	61	61
5WK3	green	af_relaxed	3	0.897	0.9112	0.9467	0.8033	61	61
5WK3	green	af_relaxed	4	0.696	0.9411	0.9754	0.8730	61	61
5WK3	green	boltz	0	0.732	0.9355	0.9672	0.8648	61	61
5WK3	green	boltz	1	0.758	0.9324	0.9631	0.8648	61	61
5WK3	green	boltz	2	0.798	0.9265	0.9631	0.8525	61	61
5WK3	green	boltz	3	0.751	0.9333	0.9631	0.8484	61	61
5WK3	green	boltz	4	0.705	0.9408	0.9713	0.8852	61	61
5WK3	green	amber_af	0	0.840	0.9212	0.9508	0.8238	61	61
5WK3	green	amber_af	1	0.845	0.9207	0.9508	0.8238	61	61
5WK3	green	amber_af	2	0.835	0.9220	0.9508	0.8279	61	61
5WK3	green	amber_af	3	0.898	0.9111	0.9467	0.8033	61	61
5WK3	green	amber_af	4	0.697	0.9408	0.9754	0.8730	61	61
5WK3	green	amber_boltz	0	0.749	0.9332	0.9672	0.8648	61	61
5WK3	green	amber_boltz	1	0.762	0.9319	0.9672	0.8730	61	61
5WK3	green	amber_boltz	2	0.814	0.9246	0.9590	0.8484	61	61
5WK3	green	amber_boltz	3	0.761	0.9324	0.9590	0.8443	61	61
5WK3	green	amber_boltz	4	0.705	0.9409	0.9713	0.8770	61	61
5WUX	green	af_relaxed	0	1.462	0.9620	0.9614	0.8824	133	136
5WUX	green	af_relaxed	1	1.591	0.9521	0.9430	0.8382	133	136
5WUX	green	af_relaxed	2	1.613	0.9540	0.9540	0.8566	132	136
5WUX	green	af_relaxed	3	1.581	0.9546	0.9504	0.8382	133	136
5WUX	green	af_relaxed	4	1.613	0.9514	0.9393	0.8382	133	136
5WUX	green	boltz	0	1.566	0.9560	0.9504	0.8493	133	136
5WUX	green	boltz	1	1.613	0.9519	0.9485	0.8419	133	136
5WUX	green	boltz	2	1.519	0.9598	0.9596	0.8824	133	136
5WUX	green	boltz	3	1.440	0.9561	0.9522	0.8713	133	136
5WUX	green	boltz	4	1.526	0.9541	0.9522	0.8621	133	136
5WUX	green	amber_af	0	1.462	0.9620	0.9614	0.8824	133	136
5WUX	green	amber_af	1	1.589	0.9510	0.9430	0.8382	133	136
5WUX	green	amber_af	2	1.586	0.9549	0.9577	0.8603	132	136
5WUX	green	amber_af	3	1.583	0.9545	0.9504	0.8382	133	136
5WUX	green	amber_af	4	1.578	0.9533	0.9430	0.8419	133	136
5WUX	green	amber_boltz	0	1.576	0.9548	0.9485	0.8493	133	136
5WUX	green	amber_boltz	1	1.618	0.9507	0.9449	0.8346	133	136
5WUX	green	amber_boltz	2	1.520	0.9595	0.9614	0.8805	133	136
5WUX	green	amber_boltz	3	1.450	0.9555	0.9504	0.8640	133	136
5WUX	green	amber_boltz	4	1.527	0.9535	0.9485	0.8548	133	136
5X0T	green	af_relaxed	0	0.602	0.9883	0.9907	0.8860	215	215
5X0T	green	af_relaxed	1	0.663	0.9858	0.9860	0.8698	215	215
5X0T	green	af_relaxed	2	0.641	0.9876	0.9860	0.8872	215	215
5X0T	green	af_relaxed	3	0.669	0.9861	0.9884	0.8791	215	215
5X0T	green	af_relaxed	4	0.608	0.9886	0.9895	0.9070	215	215
5X0T	green	boltz	0	0.632	0.9872	0.9849	0.8860	215	215
5X0T	green	boltz	1	0.486	0.9925	0.9965	0.9477	215	215
5X0T	green	boltz	2	0.722	0.9842	0.9837	0.8814	215	215
5X0T	green	boltz	3	0.717	0.9842	0.9814	0.8570	215	215
5X0T	green	boltz	4	0.668	0.9859	0.9895	0.8907	215	215
5X0T	green	amber_af	0	0.602	0.9883	0.9907	0.8837	215	215
5X0T	green	amber_af	1	0.665	0.9857	0.9849	0.8674	215	215
5X0T	green	amber_af	2	0.641	0.9875	0.9860	0.8872	215	215
5X0T	green	amber_af	3	0.669	0.9861	0.9884	0.8802	215	215
5X0T	green	amber_af	4	0.608	0.9886	0.9895	0.9070	215	215
5X0T	green	amber_boltz	0	0.637	0.9871	0.9837	0.8837	215	215
5X0T	green	amber_boltz	1	0.491	0.9924	0.9953	0.9419	215	215
5X0T	green	amber_boltz	2	0.726	0.9841	0.9837	0.8814	215	215
5X0T	green	amber_boltz	3	0.719	0.9842	0.9791	0.8547	215	215
5X0T	green	amber_boltz	4	0.670	0.9858	0.9895	0.8930	215	215
5Y9J	green	af_relaxed	0	0.376	0.9931	0.9983	0.9688	144	144
5Y9J	green	af_relaxed	1	0.529	0.9867	0.9878	0.9340	144	144
5Y9J	green	af_relaxed	2	0.477	0.9891	0.9913	0.9479	144	144
5Y9J	green	af_relaxed	3	0.477	0.9891	0.9913	0.9392	144	144
5Y9J	green	af_relaxed	4	0.466	0.9897	0.9913	0.9497	144	144
5Y9J	green	boltz	0	0.996	0.9657	0.9583	0.8941	143	144
5Y9J	green	boltz	1	0.870	0.9719	0.9653	0.9062	144	144
5Y9J	green	boltz	2	0.890	0.9722	0.9688	0.9149	144	144
5Y9J	green	boltz	3	0.868	0.9715	0.9653	0.9080	144	144
5Y9J	green	boltz	4	0.958	0.9683	0.9601	0.8958	143	144
5Y9J	green	amber_af	0	0.376	0.9931	0.9983	0.9705	144	144
5Y9J	green	amber_af	1	0.530	0.9867	0.9878	0.9340	144	144
5Y9J	green	amber_af	2	0.477	0.9891	0.9913	0.9479	144	144
5Y9J	green	amber_af	3	0.473	0.9892	0.9913	0.9410	144	144
5Y9J	green	amber_af	4	0.472	0.9894	0.9913	0.9497	144	144
5Y9J	green	amber_boltz	0	0.997	0.9658	0.9601	0.8906	143	144
5Y9J	green	amber_boltz	1	0.878	0.9714	0.9653	0.9045	144	144
5Y9J	green	amber_boltz	2	0.891	0.9722	0.9705	0.9115	144	144
5Y9J	green	amber_boltz	3	0.869	0.9715	0.9653	0.9045	144	144
5Y9J	green	amber_boltz	4	0.961	0.9682	0.9601	0.8941	143	144
6A0Z	green	af_relaxed	0	0.821	0.9839	0.9657	0.8685	270	270
6A0Z	green	af_relaxed	1	0.880	0.9815	0.9620	0.8620	270	270
6A0Z	green	af_relaxed	2	0.971	0.9779	0.9491	0.8491	270	270
6A0Z	green	af_relaxed	3	0.907	0.9806	0.9574	0.8611	270	270
6A0Z	green	af_relaxed	4	0.849	0.9827	0.9620	0.8639	270	270
6A0Z	green	boltz	0	0.942	0.9795	0.9556	0.8648	270	270
6A0Z	green	boltz	1	0.952	0.9795	0.9593	0.8769	270	270
6A0Z	green	boltz	2	0.819	0.9841	0.9639	0.8843	270	270
6A0Z	green	boltz	3	0.868	0.9828	0.9667	0.8981	270	270
6A0Z	green	boltz	4	0.911	0.9809	0.9583	0.8787	270	270
6A0Z	green	amber_af	0	0.822	0.9838	0.9657	0.8685	270	270
6A0Z	green	amber_af	1	0.879	0.9815	0.9630	0.8630	270	270
6A0Z	green	amber_af	2	0.970	0.9779	0.9509	0.8500	270	270
6A0Z	green	amber_af	3	0.907	0.9806	0.9574	0.8602	270	270
6A0Z	green	amber_af	4	0.851	0.9826	0.9611	0.8630	270	270
6A0Z	green	amber_boltz	0	0.951	0.9793	0.9546	0.8648	270	270
6A0Z	green	amber_boltz	1	0.954	0.9794	0.9574	0.8759	270	270
6A0Z	green	amber_boltz	2	0.828	0.9838	0.9630	0.8833	270	270
6A0Z	green	amber_boltz	3	0.873	0.9826	0.9657	0.8954	270	270
6A0Z	green	amber_boltz	4	0.918	0.9806	0.9583	0.8769	270	270
6A77	green	af_relaxed	0	0.994	0.9393	0.9505	0.8379	91	91
6A77	green	af_relaxed	1	0.999	0.9409	0.9533	0.8434	91	91
6A77	green	af_relaxed	2	1.067	0.9338	0.9423	0.8297	91	91
6A77	green	af_relaxed	3	0.993	0.9404	0.9478	0.8379	91	91
6A77	green	af_relaxed	4	1.071	0.9357	0.9451	0.8324	91	91
6A77	green	boltz	0	0.993	0.9362	0.9396	0.8269	91	91
6A77	green	boltz	1	0.957	0.9379	0.9451	0.8324	91	91
6A77	green	boltz	2	1.051	0.9274	0.9231	0.8077	91	91
6A77	green	boltz	3	0.962	0.9374	0.9396	0.8297	91	91
6A77	green	boltz	4	0.952	0.9381	0.9341	0.8214	91	91
6A77	green	amber_af	0	0.993	0.9394	0.9478	0.8379	91	91
6A77	green	amber_af	1	1.000	0.9407	0.9533	0.8434	91	91
6A77	green	amber_af	2	1.067	0.9337	0.9423	0.8324	91	91
6A77	green	amber_af	3	0.992	0.9404	0.9478	0.8352	91	91
6A77	green	amber_af	4	1.071	0.9358	0.9451	0.8324	91	91
6A77	green	amber_boltz	0	0.999	0.9360	0.9368	0.8269	91	91
6A77	green	amber_boltz	1	0.961	0.9378	0.9423	0.8297	91	91
6A77	green	amber_boltz	2	1.057	0.9273	0.9231	0.8077	91	91
6A77	green	amber_boltz	3	0.969	0.9365	0.9396	0.8242	91	91
6A77	green	amber_boltz	4	0.955	0.9381	0.9341	0.8242	91	91
6AL0	green	af_relaxed	0	6.382	0.5605	0.5824	0.4588	99	182
6AL0	green	af_relaxed	1	6.264	0.5631	0.5907	0.4615	100	182
6AL0	green	af_relaxed	2	6.403	0.5579	0.5824	0.4533	96	182
6AL0	green	af_relaxed	3	6.592	0.5539	0.5783	0.4505	96	182
6AL0	green	af_relaxed	4	6.326	0.5625	0.5838	0.4492	98	182
6AL0	green	boltz	0	4.928	0.6013	0.6291	0.4698	107	182
6AL0	green	boltz	1	7.078	0.5403	0.5632	0.4519	92	182
6AL0	green	boltz	2	4.270	0.6737	0.6717	0.5151	149	182
6AL0	green	boltz	3	6.112	0.5636	0.5920	0.4547	99	182
6AL0	green	boltz	4	5.414	0.5672	0.6099	0.4588	100	182
6AL0	green	amber_af	0	6.381	0.5605	0.5838	0.4615	99	182
6AL0	green	amber_af	1	6.264	0.5631	0.5907	0.4602	100	182
6AL0	green	amber_af	2	6.403	0.5579	0.5824	0.4519	96	182
6AL0	green	amber_af	3	6.596	0.5539	0.5797	0.4533	96	182
6AL0	green	amber_af	4	6.325	0.5625	0.5838	0.4492	98	182
6AL0	green	amber_boltz	0	4.926	0.6013	0.6250	0.4643	107	182
6AL0	green	amber_boltz	1	7.078	0.5404	0.5632	0.4560	93	182
6AL0	green	amber_boltz	2	4.272	0.6739	0.6731	0.5192	149	182
6AL0	green	amber_boltz	3	6.111	0.5635	0.5907	0.4519	99	182
6AL0	green	amber_boltz	4	5.412	0.5673	0.6099	0.4560	100	182
6B0S	green	af_relaxed	0	1.215	0.9043	0.9346	0.8115	64	65
6B0S	green	af_relaxed	1	1.327	0.8917	0.9269	0.8077	64	65
6B0S	green	af_relaxed	2	1.307	0.8964	0.9269	0.8000	64	65
6B0S	green	af_relaxed	3	1.308	0.9003	0.9269	0.8038	64	65
6B0S	green	af_relaxed	4	1.784	0.8175	0.8577	0.6615	63	65
6B0S	green	boltz	0	0.797	0.9288	0.9577	0.8385	65	65
6B0S	green	boltz	1	1.147	0.9196	0.9500	0.8423	64	65
6B0S	green	boltz	2	1.080	0.9200	0.9538	0.8423	64	65
6B0S	green	boltz	3	0.776	0.9351	0.9615	0.8615	65	65
6B0S	green	boltz	4	0.861	0.9203	0.9538	0.8385	65	65
6B0S	green	amber_af	0	1.214	0.9043	0.9346	0.8115	64	65
6B0S	green	amber_af	1	1.328	0.8915	0.9269	0.8077	64	65
6B0S	green	amber_af	2	1.306	0.8966	0.9269	0.8000	64	65
6B0S	green	amber_af	3	1.308	0.9003	0.9231	0.8000	64	65
6B0S	green	amber_af	4	1.775	0.8189	0.8577	0.6654	63	65
6B0S	green	amber_boltz	0	0.798	0.9285	0.9577	0.8385	65	65
6B0S	green	amber_boltz	1	1.174	0.9188	0.9577	0.8538	64	65
6B0S	green	amber_boltz	2	1.086	0.9192	0.9538	0.8462	64	65
6B0S	green	amber_boltz	3	0.775	0.9349	0.9615	0.8577	65	65
6B0S	green	amber_boltz	4	0.864	0.9195	0.9500	0.8346	65	65
6BPC	green	af_relaxed	0	0.686	0.9888	0.9781	0.8820	286	286
6BPC	green	af_relaxed	1	0.651	0.9901	0.9869	0.8942	286	286
6BPC	green	af_relaxed	2	0.703	0.9884	0.9816	0.8767	286	286
6BPC	green	af_relaxed	3	0.677	0.9890	0.9825	0.8785	286	286
6BPC	green	af_relaxed	4	0.636	0.9903	0.9869	0.8969	286	286
6BPC	green	boltz	0	1.568	0.9684	0.9458	0.8191	278	286
6BPC	green	boltz	1	1.215	0.9738	0.9414	0.8077	283	286
6BPC	green	boltz	2	1.132	0.9780	0.9589	0.8164	283	286
6BPC	green	boltz	3	1.142	0.9734	0.9362	0.7727	283	286
6BPC	green	boltz	4	1.365	0.9695	0.9414	0.8016	282	286
6BPC	green	amber_af	0	0.673	0.9893	0.9816	0.8890	286	286
6BPC	green	amber_af	1	0.648	0.9901	0.9878	0.8951	286	286
6BPC	green	amber_af	2	0.771	0.9865	0.9764	0.8715	286	286
6BPC	green	amber_af	3	0.678	0.9890	0.9816	0.8785	286	286
6BPC	green	amber_af	4	0.630	0.9905	0.9869	0.8986	286	286
6BPC	green	amber_boltz	0	1.571	0.9682	0.9449	0.8156	278	286
6BPC	green	amber_boltz	1	1.212	0.9737	0.9423	0.8016	283	286
6BPC	green	amber_boltz	2	1.134	0.9777	0.9572	0.8147	283	286
6BPC	green	amber_boltz	3	1.162	0.9725	0.9336	0.7692	283	286
6BPC	green	amber_boltz	4	1.371	0.9693	0.9397	0.7946	282	286
6CWG	green	af_relaxed	0	0.495	0.9934	0.9866	0.9408	262	262
6CWG	green	af_relaxed	1	0.519	0.9928	0.9847	0.9361	262	262
6CWG	green	af_relaxed	2	0.507	0.9931	0.9857	0.9361	262	262
6CWG	green	af_relaxed	3	0.536	0.9923	0.9828	0.9227	262	262
6CWG	green	af_relaxed	4	0.544	0.9920	0.9857	0.9189	262	262
6CWG	green	boltz	0	1.448	0.9777	0.9695	0.9170	256	262
6CWG	green	boltz	1	1.296	0.9783	0.9695	0.9189	256	262
6CWG	green	boltz	2	1.471	0.9765	0.9666	0.8969	256	262
6CWG	green	boltz	3	1.587	0.9768	0.9685	0.9055	256	262
6CWG	green	boltz	4	1.540	0.9771	0.9676	0.9151	256	262
6CWG	green	amber_af	0	0.495	0.9934	0.9866	0.9418	262	262
6CWG	green	amber_af	1	0.518	0.9928	0.9847	0.9361	262	262
6CWG	green	amber_af	2	0.506	0.9931	0.9857	0.9361	262	262
6CWG	green	amber_af	3	0.534	0.9923	0.9838	0.9246	262	262
6CWG	green	amber_af	4	0.546	0.9920	0.9857	0.9189	262	262
6CWG	green	amber_boltz	0	1.461	0.9773	0.9695	0.9170	256	262
6CWG	green	amber_boltz	1	1.299	0.9780	0.9695	0.9103	256	262
6CWG	green	amber_boltz	2	1.479	0.9763	0.9656	0.8960	256	262
6CWG	green	amber_boltz	3	1.586	0.9765	0.9685	0.9017	256	262
6CWG	green	amber_boltz	4	1.542	0.9769	0.9704	0.9094	256	262
6DBG	green	af_relaxed	0	0.525	0.9932	0.9921	0.9196	286	286
6DBG	green	af_relaxed	1	0.611	0.9908	0.9860	0.8890	286	286
6DBG	green	af_relaxed	2	0.587	0.9915	0.9904	0.9065	286	286
6DBG	green	af_relaxed	3	0.666	0.9892	0.9808	0.8820	286	286
6DBG	green	af_relaxed	4	0.676	0.9890	0.9764	0.8820	286	286
6DBG	green	boltz	0	0.648	0.9897	0.9886	0.8872	286	286
6DBG	green	boltz	1	0.550	0.9926	0.9913	0.9108	286	286
6DBG	green	boltz	2	0.552	0.9924	0.9921	0.9152	286	286
6DBG	green	boltz	3	0.747	0.9867	0.9738	0.8715	286	286
6DBG	green	boltz	4	0.879	0.9810	0.9519	0.8121	286	286
6DBG	green	amber_af	0	0.525	0.9932	0.9921	0.9196	286	286
6DBG	green	amber_af	1	0.612	0.9908	0.9869	0.8916	286	286
6DBG	green	amber_af	2	0.588	0.9915	0.9904	0.9056	286	286
6DBG	green	amber_af	3	0.667	0.9891	0.9799	0.8759	286	286
6DBG	green	amber_af	4	0.675	0.9890	0.9764	0.8837	286	286
6DBG	green	amber_boltz	0	0.656	0.9894	0.9886	0.8820	286	286
6DBG	green	amber_boltz	1	0.555	0.9925	0.9913	0.9126	286	286
6DBG	green	amber_boltz	2	0.554	0.9923	0.9913	0.9152	286	286
6DBG	green	amber_boltz	3	0.756	0.9863	0.9720	0.8680	286	286
6DBG	green	amber_boltz	4	0.885	0.9808	0.9510	0.8129	286	286
6EY6	green	af_relaxed	0	2.261	0.8618	0.7917	0.6389	196	198
6EY6	green	af_relaxed	1	2.317	0.8583	0.7942	0.6389	196	198
6EY6	green	af_relaxed	2	2.348	0.8545	0.7917	0.6389	194	198
6EY6	green	af_relaxed	3	2.516	0.8381	0.7816	0.6275	195	198
6EY6	green	af_relaxed	4	2.421	0.8500	0.7929	0.6452	195	198
6EY6	green	boltz	0	2.254	0.8647	0.7992	0.6629	194	198
6EY6	green	boltz	1	2.466	0.8441	0.7917	0.6389	184	198
6EY6	green	boltz	2	2.357	0.8517	0.7917	0.6515	196	198
6EY6	green	boltz	3	2.281	0.8661	0.8043	0.6679	191	198
6EY6	green	boltz	4	2.812	0.8094	0.7715	0.6212	174	198
6EY6	green	amber_af	0	2.260	0.8618	0.7917	0.6402	197	198
6EY6	green	amber_af	1	2.314	0.8585	0.7942	0.6389	196	198
6EY6	green	amber_af	2	2.348	0.8544	0.7917	0.6402	194	198
6EY6	green	amber_af	3	2.516	0.8382	0.7816	0.6275	190	198
6EY6	green	amber_af	4	2.423	0.8499	0.7929	0.6452	195	198
6EY6	green	amber_boltz	0	2.255	0.8642	0.7992	0.6591	193	198
6EY6	green	amber_boltz	1	2.469	0.8436	0.7866	0.6351	183	198
6EY6	green	amber_boltz	2	2.360	0.8529	0.7917	0.6503	195	198
6EY6	green	amber_boltz	3	2.285	0.8659	0.8030	0.6641	190	198
6EY6	green	amber_boltz	4	2.819	0.8089	0.7702	0.6174	175	198
6OC3	green	af_relaxed	0	1.234	0.9558	0.8862	0.7377	224	224
6OC3	green	af_relaxed	1	1.404	0.9445	0.8560	0.7020	224	224
6OC3	green	af_relaxed	2	1.384	0.9485	0.8672	0.7132	223	224
6OC3	green	af_relaxed	3	1.448	0.9437	0.8549	0.7020	223	224
6OC3	green	af_relaxed	4	1.387	0.9473	0.8583	0.6998	224	224
6OC3	green	boltz	0	1.038	0.9701	0.9241	0.7746	223	224
6OC3	green	boltz	1	1.434	0.9550	0.8973	0.7433	220	224
6OC3	green	boltz	2	0.971	0.9746	0.9498	0.8092	223	224
6OC3	green	boltz	3	1.231	0.9612	0.9040	0.7511	223	224
6OC3	green	boltz	4	1.347	0.9494	0.8672	0.7188	223	224
6OC3	green	amber_af	0	1.232	0.9559	0.8873	0.7388	224	224
6OC3	green	amber_af	1	1.405	0.9444	0.8583	0.7031	224	224
6OC3	green	amber_af	2	1.382	0.9485	0.8672	0.7121	223	224
6OC3	green	amber_af	3	1.424	0.9450	0.8583	0.7031	223	224
6OC3	green	amber_af	4	1.386	0.9473	0.8627	0.7042	224	224
6OC3	green	amber_boltz	0	1.050	0.9696	0.9263	0.7734	223	224
6OC3	green	amber_boltz	1	1.436	0.9552	0.8984	0.7422	220	224
6OC3	green	amber_boltz	2	0.989	0.9738	0.9475	0.8069	223	224
6OC3	green	amber_boltz	3	1.238	0.9609	0.9029	0.7489	223	224
6OC3	green	amber_boltz	4	1.352	0.9491	0.8650	0.7143	223	224
7CEI	green	af_relaxed	0	0.397	0.9884	0.9971	0.9856	87	87
7CEI	green	af_relaxed	1	0.384	0.9888	0.9971	0.9856	87	87
7CEI	green	af_relaxed	2	0.402	0.9880	0.9971	0.9885	87	87
7CEI	green	af_relaxed	3	0.399	0.9879	0.9943	0.9828	87	87
7CEI	green	af_relaxed	4	0.378	0.9894	0.9971	0.9885	87	87
7CEI	green	boltz	0	0.504	0.9818	0.9914	0.9598	87	87
7CEI	green	boltz	1	0.538	0.9794	0.9943	0.9569	87	87
7CEI	green	boltz	2	0.537	0.9792	0.9885	0.9483	87	87
7CEI	green	boltz	3	0.506	0.9800	0.9943	0.9425	87	87
7CEI	green	boltz	4	0.547	0.9808	0.9914	0.9655	87	87
7CEI	green	amber_af	0	0.398	0.9883	0.9971	0.9856	87	87
7CEI	green	amber_af	1	0.384	0.9888	0.9971	0.9856	87	87
7CEI	green	amber_af	2	0.402	0.9879	0.9971	0.9885	87	87
7CEI	green	amber_af	3	0.398	0.9879	0.9943	0.9828	87	87
7CEI	green	amber_af	4	0.379	0.9893	0.9971	0.9885	87	87
7CEI	green	amber_boltz	0	0.498	0.9821	0.9914	0.9626	87	87
7CEI	green	amber_boltz	1	0.527	0.9799	0.9914	0.9626	87	87
7CEI	green	amber_boltz	2	0.533	0.9793	0.9914	0.9511	87	87
7CEI	green	amber_boltz	3	0.504	0.9800	0.9914	0.9483	87	87
7CEI	green	amber_boltz	4	0.544	0.9807	0.9914	0.9684	87	87
BAAD	green	af_relaxed	0	17.882	0.4947	0.4782	0.4271	127	264
BAAD	green	af_relaxed	1	11.363	0.7312	0.6619	0.5009	200	264
BAAD	green	af_relaxed	2	16.764	0.4974	0.4782	0.4233	122	264
BAAD	green	af_relaxed	3	12.425	0.5378	0.4934	0.4261	128	264
BAAD	green	af_relaxed	4	16.337	0.4909	0.4792	0.4233	127	264
BAAD	green	boltz	0	16.260	0.4889	0.4716	0.4119	127	264
BAAD	green	boltz	1	15.803	0.4881	0.4716	0.4129	124	264
BAAD	green	boltz	2	17.107	0.4885	0.4735	0.4176	127	264
BAAD	green	boltz	3	19.237	0.4878	0.4782	0.4223	127	264
BAAD	green	boltz	4	18.858	0.4886	0.4688	0.4034	125	264
BAAD	green	amber_af	0	17.882	0.4948	0.4782	0.4280	127	264
BAAD	green	amber_af	1	11.362	0.7312	0.6619	0.5009	200	264
BAAD	green	amber_af	2	16.764	0.4974	0.4792	0.4252	122	264
BAAD	green	amber_af	3	12.423	0.5376	0.4924	0.4252	128	264
BAAD	green	amber_af	4	16.338	0.4910	0.4792	0.4242	127	264
BAAD	green	amber_boltz	0	16.280	0.4889	0.4735	0.4129	127	264
BAAD	green	amber_boltz	1	15.804	0.4880	0.4744	0.4129	124	264
BAAD	green	amber_boltz	2	17.111	0.4885	0.4735	0.4186	127	264
BAAD	green	amber_boltz	3	19.086	0.4877	0.4782	0.4223	127	264
BAAD	green	amber_boltz	4	18.750	0.4879	0.4688	0.4025	125	264
BOYV	green	af_relaxed	0	0.337	0.9970	0.9973	0.9790	274	274
BOYV	green	af_relaxed	1	0.337	0.9970	0.9973	0.9799	274	274
BOYV	green	af_relaxed	2	0.341	0.9969	0.9973	0.9772	274	274
BOYV	green	af_relaxed	3	0.324	0.9972	0.9982	0.9818	274	274
BOYV	green	af_relaxed	4	0.348	0.9968	0.9982	0.9735	274	274
BOYV	green	boltz	0	0.306	0.9975	1.0000	0.9845	274	274
BOYV	green	boltz	1	0.311	0.9974	1.0000	0.9836	274	274
BOYV	green	boltz	2	0.313	0.9974	1.0000	0.9836	274	274
BOYV	green	boltz	3	0.292	0.9977	1.0000	0.9863	274	274
BOYV	green	boltz	4	0.313	0.9974	1.0000	0.9827	274	274
BOYV	green	amber_af	0	0.339	0.9970	0.9973	0.9790	274	274
BOYV	green	amber_af	1	0.338	0.9970	0.9973	0.9790	274	274
BOYV	green	amber_af	2	0.341	0.9969	0.9973	0.9772	274	274
BOYV	green	amber_af	3	0.325	0.9972	0.9982	0.9818	274	274
BOYV	green	amber_af	4	0.347	0.9968	0.9982	0.9735	274	274
BOYV	green	amber_boltz	0	0.313	0.9974	1.0000	0.9827	274	274
BOYV	green	amber_boltz	1	0.316	0.9973	1.0000	0.9818	274	274
BOYV	green	amber_boltz	2	0.320	0.9973	1.0000	0.9790	274	274
BOYV	green	amber_boltz	3	0.298	0.9976	1.0000	0.9854	274	274
BOYV	green	amber_boltz	4	0.322	0.9972	1.0000	0.9799	274	274
BP57	green	af_relaxed	0	0.913	0.9495	0.9611	0.8500	90	90
BP57	green	af_relaxed	1	0.937	0.9445	0.9556	0.8500	90	90
BP57	green	af_relaxed	2	0.832	0.9474	0.9472	0.8333	90	90
BP57	green	af_relaxed	3	0.832	0.9469	0.9472	0.8278	90	90
BP57	green	af_relaxed	4	0.785	0.9529	0.9528	0.8333	90	90
BP57	green	boltz	0	1.225	0.9175	0.9222	0.8000	89	90
BP57	green	boltz	1	1.217	0.9297	0.9528	0.8556	88	90
BP57	green	boltz	2	1.152	0.9283	0.9389	0.8194	89	90
BP57	green	boltz	3	1.078	0.9405	0.9583	0.8583	90	90
BP57	green	boltz	4	1.443	0.8923	0.8917	0.7583	88	90
BP57	green	amber_af	0	0.912	0.9495	0.9639	0.8528	90	90
BP57	green	amber_af	1	0.940	0.9440	0.9556	0.8472	90	90
BP57	green	amber_af	2	0.858	0.9449	0.9444	0.8306	90	90
BP57	green	amber_af	3	0.828	0.9474	0.9472	0.8278	90	90
BP57	green	amber_af	4	0.792	0.9520	0.9528	0.8333	90	90
BP57	green	amber_boltz	0	1.235	0.9164	0.9194	0.7917	89	90
BP57	green	amber_boltz	1	1.225	0.9292	0.9500	0.8556	88	90
BP57	green	amber_boltz	2	1.162	0.9278	0.9389	0.8194	89	90
BP57	green	amber_boltz	3	1.078	0.9407	0.9583	0.8528	90	90
BP57	green	amber_boltz	4	1.506	0.8849	0.8750	0.7333	88	90
CP57	green	af_relaxed	0	0.978	0.9414	0.9472	0.8194	90	90
CP57	green	af_relaxed	1	0.803	0.9515	0.9583	0.8278	90	90
CP57	green	af_relaxed	2	0.988	0.9389	0.9500	0.8250	90	90
CP57	green	af_relaxed	3	0.858	0.9459	0.9472	0.8028	90	90
CP57	green	af_relaxed	4	0.896	0.9408	0.9389	0.8028	90	90
CP57	green	boltz	0	1.044	0.9408	0.9583	0.8389	89	90
CP57	green	boltz	1	1.176	0.9327	0.9528	0.8417	90	90
CP57	green	boltz	2	1.118	0.9317	0.9444	0.8250	89	90
CP57	green	boltz	3	1.059	0.9379	0.9528	0.8333	89	90
CP57	green	boltz	4	1.142	0.9271	0.9417	0.8222	89	90
CP57	green	amber_af	0	0.978	0.9413	0.9472	0.8194	90	90
CP57	green	amber_af	1	0.804	0.9514	0.9611	0.8306	90	90
CP57	green	amber_af	2	0.988	0.9390	0.9444	0.8194	90	90
CP57	green	amber_af	3	0.857	0.9460	0.9500	0.8056	90	90
CP57	green	amber_af	4	0.896	0.9407	0.9389	0.8028	90	90
CP57	green	amber_boltz	0	1.045	0.9402	0.9583	0.8278	89	90
CP57	green	amber_boltz	1	1.181	0.9320	0.9500	0.8306	90	90
CP57	green	amber_boltz	2	1.113	0.9320	0.9472	0.8250	89	90
CP57	green	amber_boltz	3	1.072	0.9365	0.9528	0.8306	89	90
CP57	green	amber_boltz	4	1.155	0.9252	0.9361	0.8139	89	90
