target	pipeline	source	model_idx	clashscore	rama_outliers	rama_favored	rota_outliers	molprobity_score	cbeta_outliers	rms_bonds	rms_angles
1A2K	blue	crystal	0	8.04	0.63	94.94	12.0	2.11	6	0.0136	2.8233
1A2K	blue	af_relaxed	0	0.58	0.0	97.78	0.0	0.24	0	0.0123	1.6488
1A2K	blue	af_relaxed	1	3.11	0.32	96.2	0.0	0.86	0	0.0125	1.7499
1A2K	blue	af_relaxed	2	6.81	0.32	96.2	1.08	1.16	3	0.0124	1.8583
1A2K	blue	af_relaxed	3	3.31	0.32	96.52	0.72	0.85	0	0.0122	1.7204
1A2K	blue	af_relaxed	4	8.36	0.63	96.2	0.0	1.21	0	0.0126	1.8593
1A2K	blue	af_unrelaxed	0	29.59	1.27	96.84	1.43	1.77	0	0.0186	1.6728
1A2K	blue	af_unrelaxed	1	12.84	0.0	98.1	0.0	1.12	0	0.0157	1.5776
1A2K	blue	af_unrelaxed	2	33.16	0.63	96.84	0.0	1.7	0	0.0228	1.5848
1A2K	blue	af_unrelaxed	3	28.26	1.9	94.62	0.36	1.81	0	0.0257	1.906
1A2K	blue	af_unrelaxed	4	17.91	0.63	97.15	0.72	1.41	0	0.022	1.6404
1A2K	blue	boltz	0	8.56	0.0	99.05	0.36	0.96	0	0.011	1.0747
1A2K	blue	boltz	1	9.92	0.0	99.05	0.0	1.02	0	0.0118	1.0708
1A2K	blue	boltz	2	7.98	0.0	99.68	0.0	0.93	0	0.0112	1.1236
1A2K	blue	boltz	3	6.62	0.0	99.37	0.0	0.86	0	0.0111	1.0815
1A2K	blue	boltz	4	8.76	0.0	99.37	0.0	0.97	0	0.0114	1.1082
1A2K	blue	amber_af	0	3.89	0.32	96.2	0.72	0.93	0	0.0122	1.7229
1A2K	blue	amber_af	1	0.58	0.0	97.78	0.0	0.24	0	0.0123	1.6459
1A2K	blue	amber_af	2	9.73	0.95	95.57	0.0	1.32	0	0.0125	1.8572
1A2K	blue	amber_af	3	7.0	0.32	95.89	1.08	1.19	3	0.0124	1.8639
1A2K	blue	amber_af	4	2.92	0.32	96.52	0.36	0.81	0	0.0125	1.749
1A2K	blue	amber_boltz	0	0.78	0.0	98.1	0.0	0.25	0	0.0123	1.685
1A2K	blue	amber_boltz	1	0.58	0.0	97.47	0.0	0.3	0	0.0122	1.685
1A2K	blue	amber_boltz	2	0.39	0.0	97.78	0.0	0.19	0	0.0123	1.6814
1A2K	blue	amber_boltz	3	0.97	0.0	98.73	0.0	0.29	0	0.0122	1.6912
1A2K	blue	amber_boltz	4	0.78	0.0	97.47	0.0	0.35	0	0.0124	1.6725
1ACB	blue	af_relaxed	0	1.33	0.34	97.64	1.98	0.66	0	0.0115	1.6851
1ACB	blue	af_relaxed	1	1.56	0.0	97.31	0.4	0.53	0	0.0115	1.6904
1ACB	blue	af_relaxed	2	3.55	0.0	97.64	0.79	0.72	0	0.0119	1.746
1ACB	blue	af_relaxed	3	2.0	0.67	97.31	1.59	0.75	0	0.0116	1.7001
1ACB	blue	af_relaxed	4	0.67	0.0	96.63	0.79	0.43	1	0.0124	1.8322
1ACB	blue	af_unrelaxed	0	16.9	1.68	96.3	3.57	1.9	0	0.0228	1.8641
1ACB	blue	af_unrelaxed	1	27.36	1.68	96.97	0.4	1.6	0	0.0228	2.2522
1ACB	blue	af_unrelaxed	2	21.35	1.35	96.3	1.19	1.63	0	0.0227	1.9119
1ACB	blue	af_unrelaxed	3	23.8	1.68	96.63	1.19	1.64	0	0.025	2.3416
1ACB	blue	af_unrelaxed	4	16.46	1.35	96.3	0.79	1.47	0	0.0243	1.7046
1ACB	blue	boltz	0	3.78	0.0	97.98	0.0	0.67	0	0.012	1.2046
1ACB	blue	boltz	1	7.11	0.0	98.32	0.0	0.89	0	0.013	1.203
1ACB	blue	boltz	2	6.23	0.0	97.98	0.0	0.85	0	0.0125	1.2357
1ACB	blue	boltz	3	5.11	0.0	97.98	0.0	0.78	0	0.0126	1.3206
1ACB	blue	boltz	4	5.56	0.0	97.64	0.0	0.88	0	0.013	1.239
1ACB	blue	amber_af	0	1.33	0.34	97.64	1.98	0.66	0	0.0115	1.6819
1ACB	blue	amber_af	1	3.55	0.0	97.31	0.4	0.78	0	0.0119	1.7477
1ACB	blue	amber_af	2	1.33	0.67	97.31	1.98	0.72	0	0.0117	1.7078
1ACB	blue	amber_af	3	1.11	0.0	96.3	0.4	0.57	1	0.0125	1.8627
1ACB	blue	amber_af	4	1.78	0.0	97.31	0.4	0.57	0	0.0115	1.6903
1ACB	blue	amber_boltz	0	0.22	0.0	97.98	0.4	0.09	0	0.0118	1.684
1ACB	blue	amber_boltz	1	0.67	0.0	97.64	0.0	0.29	0	0.0116	1.6828
1ACB	blue	amber_boltz	2	0.22	0.0	97.31	0.0	0.22	0	0.0116	1.6975
1ACB	blue	amber_boltz	3	0.44	0.0	97.64	0.4	0.23	0	0.0117	1.694
1ACB	blue	amber_boltz	4	0.0	0.0	97.31	0.0	0.13	0	0.0116	1.6895
1AHW	blue	crystal	0	33.98	3.71	82.42	18.51	3.18	3	0.0191	2.2973
1AHW	blue	af_relaxed	0	4.97	0.96	95.98	1.96	1.26	6	0.0123	1.9959
1AHW	blue	af_relaxed	1	2.38	0.16	97.11	0.89	0.68	3	0.0113	1.7574
1AHW	blue	af_relaxed	2	4.14	0.16	97.11	1.25	0.93	2	0.0114	1.754
1AHW	blue	af_relaxed	3	2.28	0.16	97.27	1.6	0.8	0	0.0112	1.7218
1AHW	blue	af_relaxed	4	2.9	0.0	96.78	1.96	1.0	3	0.0114	1.7659
1AHW	blue	af_unrelaxed	0	26.74	0.32	98.23	3.02	1.78	0	0.0198	1.7195
1AHW	blue	af_unrelaxed	1	28.0	0.48	97.43	0.71	1.55	0	0.02	1.7484
1AHW	blue	af_unrelaxed	2	27.07	0.48	97.59	1.25	1.58	0	0.0264	1.7404
1AHW	blue	af_unrelaxed	3	34.99	0.32	97.59	1.6	1.77	0	0.0267	1.6998
1AHW	blue	af_unrelaxed	4	24.17	0.32	97.27	0.89	1.51	0	0.0218	1.6557
1AHW	blue	boltz	0	14.83	0.16	99.04	0.53	1.18	0	0.0114	1.1893
1AHW	blue	boltz	1	16.38	0.16	98.87	0.36	1.22	0	0.0117	1.1822
1AHW	blue	boltz	2	13.78	0.0	99.04	0.36	1.15	0	0.0117	1.1841
1AHW	blue	boltz	3	15.65	0.0	98.87	0.36	1.2	0	0.0111	1.1902
1AHW	blue	boltz	4	15.13	0.0	98.07	0.53	1.18	0	0.0122	1.312
1AHW	blue	amber_af	0	2.28	0.16	97.59	1.6	0.75	0	0.0111	1.7247
1AHW	blue	amber_af	1	3.11	0.16	96.78	1.6	0.96	4	0.0114	1.7679
1AHW	blue	amber_af	2	2.59	0.64	97.43	1.25	0.73	1	0.0113	1.7445
1AHW	blue	amber_af	3	4.35	1.29	95.34	2.14	1.29	6	0.0124	1.9996
1AHW	blue	amber_af	4	4.04	0.32	97.11	1.25	0.92	4	0.0113	1.7492
1AHW	blue	amber_boltz	0	1.14	0.16	97.91	0.53	0.35	2	0.0114	1.7067
1AHW	blue	amber_boltz	1	1.86	0.16	98.39	0.71	0.45	1	0.0114	1.7012
1AHW	blue	amber_boltz	2	1.04	0.0	98.71	0.71	0.3	1	0.0114	1.6708
1AHW	blue	amber_boltz	3	1.55	0.0	98.87	0.36	0.4	0	0.0115	1.6932
1AHW	blue	amber_boltz	4	0.62	0.0	97.43	0.36	0.32	1	0.0121	1.802
1AK4	blue	crystal	0	4.92	0.36	97.84	3.75	1.23	0	0.008	1.2304
1AK4	blue	af_relaxed	0	1.79	0.0	97.9	0.83	0.46	0	0.012	1.6826
1AK4	blue	af_relaxed	1	1.79	0.35	96.85	0.83	0.63	0	0.0122	1.6839
1AK4	blue	af_relaxed	2	1.34	0.35	97.2	0.0	0.51	0	0.0121	1.6972
1AK4	blue	af_relaxed	3	0.67	0.35	96.15	0.42	0.48	0	0.0132	1.873
1AK4	blue	af_relaxed	4	1.12	0.0	95.45	0.0	0.64	0	0.0119	1.6999
1AK4	blue	af_unrelaxed	0	19.01	0.0	97.2	2.08	1.67	0	0.0216	1.6714
1AK4	blue	af_unrelaxed	1	17.67	0.35	96.83	0.83	1.44	0	0.0209	1.7004
1AK4	blue	af_unrelaxed	2	20.79	0.35	97.2	0.42	1.46	0	0.0191	1.6262
1AK4	blue	af_unrelaxed	3	22.57	1.05	96.15	0.0	1.61	0	0.019	1.6703
1AK4	blue	af_unrelaxed	4	21.01	0.7	95.8	0.42	1.61	0	0.0232	1.6849
1AK4	blue	boltz	0	15.65	0.0	98.6	0.0	1.2	0	0.0108	1.1023
1AK4	blue	boltz	1	10.06	0.0	98.25	0.0	1.02	0	0.0108	1.1427
1AK4	blue	boltz	2	8.94	0.0	98.6	0.0	0.98	0	0.0102	1.1298
1AK4	blue	boltz	3	12.52	0.35	97.2	0.42	1.26	0	0.0107	1.1447
1AK4	blue	boltz	4	13.63	0.0	97.9	0.42	1.17	0	0.0108	1.1232
1AK4	blue	amber_af	0	1.56	0.0	97.9	0.83	0.42	0	0.0121	1.6789
1AK4	blue	amber_af	1	1.12	0.35	96.5	0.42	0.55	0	0.0132	1.8752
1AK4	blue	amber_af	2	1.34	0.35	97.55	0.0	0.45	0	0.0121	1.7005
1AK4	blue	amber_af	3	1.79	0.35	96.85	0.42	0.63	0	0.0122	1.6849
1AK4	blue	amber_af	4	1.12	0.0	95.8	0.0	0.61	0	0.0119	1.6987
1AK4	blue	amber_boltz	0	2.23	0.0	99.65	0.0	0.5	0	0.0123	1.7172
1AK4	blue	amber_boltz	1	0.89	0.35	97.55	0.0	0.36	0	0.0122	1.704
1AK4	blue	amber_boltz	2	2.23	0.0	98.25	0.0	0.5	0	0.0126	1.7127
1AK4	blue	amber_boltz	3	1.56	0.35	97.55	0.83	0.49	1	0.0125	1.7276
1AK4	blue	amber_boltz	4	1.34	0.35	96.85	0.0	0.55	0	0.0123	1.6971
1AKJ	blue	crystal	0	5.42	0.0	94.81	1.65	1.31	0	0.0078	1.42
1AKJ	blue	af_relaxed	0	0.26	0.0	98.13	0.0	0.1	0	0.0119	1.6578
1AKJ	blue	af_relaxed	1	4.51	0.62	97.3	0.94	0.86	1	0.0122	1.7854
1AKJ	blue	af_relaxed	2	5.16	0.41	97.3	1.18	0.96	3	0.0122	1.8457
1AKJ	blue	af_relaxed	3	5.16	0.62	94.81	1.65	1.3	5	0.0347	1.9323
1AKJ	blue	af_relaxed	4	4.26	0.41	97.51	0.47	0.81	3	0.0121	1.7699
1AKJ	blue	af_unrelaxed	0	25.33	0.0	98.34	1.88	1.6	0	0.0199	1.6549
1AKJ	blue	af_unrelaxed	1	15.35	0.21	98.34	0.0	1.19	0	0.0168	1.5981
1AKJ	blue	af_unrelaxed	2	29.19	0.41	97.3	1.18	1.64	0	0.0206	1.7226
1AKJ	blue	af_unrelaxed	3	33.84	0.0	98.34	1.41	1.63	0	0.0208	1.719
1AKJ	blue	af_unrelaxed	4	28.16	0.0	98.55	1.41	1.55	0	0.0319	1.6436
1AKJ	blue	boltz	0	9.81	0.21	98.34	0.24	1.01	0	0.0114	1.1667
1AKJ	blue	boltz	1	15.1	0.0	98.34	0.24	1.18	0	0.0117	1.1173
1AKJ	blue	boltz	2	14.32	0.21	98.55	0.0	1.16	0	0.012	1.1304
1AKJ	blue	boltz	3	8.65	0.0	98.96	0.24	0.97	0	0.0123	1.1433
1AKJ	blue	boltz	4	18.2	0.0	98.55	0.0	1.26	0	0.0123	1.1282
1AKJ	blue	amber_af	0	4.26	0.41	97.72	0.94	0.77	1	0.0121	1.7955
1AKJ	blue	amber_af	1	0.39	0.0	98.34	0.0	0.14	0	0.0119	1.661
1AKJ	blue	amber_af	2	4.51	0.62	97.51	0.94	0.83	2	0.012	1.7638
1AKJ	blue	amber_af	3	6.84	0.41	97.3	0.94	1.01	3	0.0123	1.8594
1AKJ	blue	amber_af	4	9.29	0.41	97.1	1.65	1.32	7	0.0123	1.9065
1AKJ	blue	amber_boltz	0	1.68	0.0	98.13	0.24	0.42	0	0.0121	1.7109
1AKJ	blue	amber_boltz	1	1.68	0.0	98.13	0.24	0.42	0	0.0118	1.7029
1AKJ	blue	amber_boltz	2	1.81	0.21	97.72	0.47	0.5	0	0.0119	1.702
1AKJ	blue	amber_boltz	3	1.81	0.0	98.34	0.0	0.44	0	0.0119	1.6977
1AKJ	blue	amber_boltz	4	1.93	0.0	98.55	0.24	0.46	1	0.0119	1.7182
1ATN	blue	af_relaxed	0	0.82	0.16	97.76	0.0	0.31	0	0.0118	1.688
1ATN	blue	af_relaxed	1	1.12	0.0	97.6	0.37	0.4	0	0.0117	1.6938
1ATN	blue	af_relaxed	2	1.02	0.16	97.76	0.18	0.35	1	0.0117	1.6814
1ATN	blue	af_relaxed	3	0.92	0.0	97.92	1.11	0.33	0	0.0117	1.6987
1ATN	blue	af_relaxed	4	1.33	0.16	97.12	0.0	0.52	0	0.0117	1.6913
1ATN	blue	af_unrelaxed	0	11.45	0.48	97.6	3.14	1.54	0	0.0189	1.5072
1ATN	blue	af_unrelaxed	1	9.82	0.48	98.08	0.0	1.01	0	0.0189	1.5422
1ATN	blue	af_unrelaxed	2	10.23	0.48	98.08	0.18	1.03	0	0.0181	1.5293
1ATN	blue	af_unrelaxed	3	11.46	0.48	98.24	0.18	1.07	0	0.0202	1.5714
1ATN	blue	af_unrelaxed	4	12.78	0.48	97.76	0.55	1.17	0	0.0193	1.5496
1ATN	blue	boltz	0	9.2	0.0	98.4	0.37	0.99	0	0.0115	1.0836
1ATN	blue	boltz	1	8.79	0.32	98.4	0.18	0.97	0	0.0113	1.0951
1ATN	blue	boltz	2	11.25	0.0	98.4	0.0	1.07	0	0.0118	1.1031
1ATN	blue	boltz	3	8.08	0.0	98.56	0.55	0.94	0	0.0116	1.0889
1ATN	blue	boltz	4	9.41	0.16	98.56	0.0	1.0	0	0.0115	1.1003
1ATN	blue	amber_af	0	0.72	0.0	97.76	1.29	0.37	0	0.0117	1.7025
1ATN	blue	amber_af	1	1.33	0.16	97.28	0.0	0.5	0	0.0117	1.6899
1ATN	blue	amber_af	2	0.92	0.16	97.6	0.0	0.36	0	0.0118	1.6869
1ATN	blue	amber_af	3	1.12	0.16	97.6	0.0	0.4	1	0.0117	1.685
1ATN	blue	amber_af	4	1.23	0.16	97.76	0.18	0.39	0	0.0117	1.6913
1ATN	blue	amber_boltz	0	0.92	0.16	98.08	0.37	0.28	0	0.0118	1.6984
1ATN	blue	amber_boltz	1	1.12	0.0	98.4	0.37	0.32	0	0.0119	1.7017
1ATN	blue	amber_boltz	2	0.82	0.0	98.08	0.18	0.25	2	0.0117	1.7054
1ATN	blue	amber_boltz	3	0.92	0.0	98.56	0.55	0.28	0	0.0117	1.7098
1ATN	blue	amber_boltz	4	0.72	0.0	97.92	0.0	0.25	1	0.0118	1.7126
1AVX	blue	crystal	0	23.55	0.77	86.12	10.41	2.78	0	0.0119	1.8172
1AVX	blue	af_relaxed	0	0.68	0.26	97.19	0.6	0.37	0	0.0114	1.6391
1AVX	blue	af_relaxed	1	0.34	0.26	97.19	0.3	0.27	0	0.0114	1.6472
1AVX	blue	af_relaxed	2	0.85	0.26	97.44	0.6	0.37	0	0.0113	1.6478
1AVX	blue	af_relaxed	3	0.68	0.26	97.19	0.3	0.37	0	0.0113	1.6499
1AVX	blue	af_relaxed	4	1.36	0.26	96.68	0.3	0.58	0	0.0115	1.6761
1AVX	blue	af_unrelaxed	0	11.36	0.51	97.7	1.51	1.27	0	0.0183	1.6263
1AVX	blue	af_unrelaxed	1	8.82	0.26	97.44	0.0	1.08	0	0.0167	1.623
1AVX	blue	af_unrelaxed	2	13.9	0.26	97.7	0.3	1.22	0	0.0174	1.5503
1AVX	blue	af_unrelaxed	3	14.07	0.51	97.95	0.3	1.17	0	0.0193	1.6771
1AVX	blue	af_unrelaxed	4	8.99	0.51	97.7	0.3	1.05	0	0.0204	1.62
1AVX	blue	boltz	0	10.0	0.0	98.21	0.0	1.02	0	0.016	1.2029
1AVX	blue	boltz	1	8.98	0.0	97.95	0.3	0.99	0	0.013	1.1934
1AVX	blue	boltz	2	5.76	0.26	97.19	0.0	0.96	0	0.012	1.2103
1AVX	blue	boltz	3	6.44	0.51	97.19	0.0	1.0	0	0.0114	1.2152
1AVX	blue	boltz	4	7.97	0.0	97.95	0.0	0.95	0	0.0123	1.2293
1AVX	blue	amber_af	0	0.85	0.26	97.7	0.6	0.33	0	0.0113	1.6479
1AVX	blue	amber_af	1	0.34	0.26	97.19	0.6	0.27	1	0.0114	1.6574
1AVX	blue	amber_af	2	0.85	0.26	97.19	0.6	0.41	0	0.0113	1.6416
1AVX	blue	amber_af	3	0.85	0.26	96.68	0.6	0.47	0	0.0114	1.6579
1AVX	blue	amber_af	4	0.68	0.26	96.68	0.3	0.43	0	0.0113	1.6521
1AVX	blue	amber_boltz	0	1.02	0.0	97.19	0.3	0.45	0	0.0114	1.6758
1AVX	blue	amber_boltz	1	0.68	0.26	96.68	0.6	0.43	0	0.0114	1.6862
1AVX	blue	amber_boltz	2	0.51	0.26	96.42	0.6	0.41	0	0.0115	1.6741
1AVX	blue	amber_boltz	3	0.85	0.26	96.16	0.3	0.52	0	0.0116	1.6885
1AVX	blue	amber_boltz	4	0.34	0.0	97.19	0.3	0.27	0	0.0115	1.6898
1AY7	blue	crystal	0	5.22	0.55	96.13	3.75	1.48	19	0.0253	3.5535
1AY7	blue	af_relaxed	0	0.35	0.0	98.9	0.0	0.13	0	0.0115	1.6811
1AY7	blue	af_relaxed	1	0.35	0.0	98.9	0.0	0.13	0	0.0115	1.672
1AY7	blue	af_relaxed	2	0.35	0.0	98.9	0.0	0.13	0	0.0115	1.684
1AY7	blue	af_relaxed	3	0.0	0.0	98.9	0.62	0.0	0	0.0116	1.685
1AY7	blue	af_relaxed	4	0.35	0.0	98.9	0.62	0.13	0	0.0116	1.6854
1AY7	blue	af_unrelaxed	0	8.35	0.0	97.24	0.0	1.09	0	0.0179	1.4176
1AY7	blue	af_unrelaxed	1	10.09	0.0	97.79	0.0	1.07	0	0.0188	1.4378
1AY7	blue	af_unrelaxed	2	7.66	0.0	97.79	0.0	0.97	0	0.0197	1.4583
1AY7	blue	af_unrelaxed	3	8.35	0.0	97.79	0.0	1.0	0	0.0186	1.4215
1AY7	blue	af_unrelaxed	4	9.75	0.0	97.79	0.0	1.06	0	0.0262	1.5857
1AY7	blue	boltz	0	2.78	0.0	98.34	0.62	0.57	0	0.0104	1.1251
1AY7	blue	boltz	1	3.13	0.0	98.34	0.0	0.6	0	0.0099	1.1069
1AY7	blue	boltz	2	4.18	0.0	98.9	0.0	0.7	0	0.0108	1.1265
1AY7	blue	boltz	3	5.92	0.0	98.9	0.0	0.82	0	0.0103	1.1065
1AY7	blue	boltz	4	4.18	0.0	98.34	0.0	0.7	0	0.0103	1.1259
1AY7	blue	amber_af	0	0.35	0.0	98.9	0.0	0.13	0	0.0115	1.6741
1AY7	blue	amber_af	1	0.35	0.0	98.9	0.62	0.13	0	0.0115	1.6811
1AY7	blue	amber_af	2	0.35	0.0	98.9	0.62	0.13	0	0.0116	1.6892
1AY7	blue	amber_af	3	0.35	0.0	98.9	0.0	0.13	0	0.0116	1.6869
1AY7	blue	amber_af	4	0.35	0.0	98.9	0.0	0.13	0	0.0115	1.6773
1AY7	blue	amber_boltz	0	0.0	0.0	98.9	0.0	0.0	0	0.0117	1.7098
1AY7	blue	amber_boltz	1	0.35	0.0	98.9	0.0	0.13	0	0.0118	1.6997
1AY7	blue	amber_boltz	2	0.7	0.0	98.9	0.0	0.22	0	0.0117	1.7
1AY7	blue	amber_boltz	3	1.04	0.0	98.9	0.0	0.3	0	0.0118	1.6993
1AY7	blue	amber_boltz	4	0.35	0.0	98.34	0.0	0.13	0	0.0117	1.6912
1AZS	blue	crystal	0	7.19	0.56	95.34	1.91	1.43	0	0.0092	1.3741
1AZS	blue	af_relaxed	0	1.14	0.0	97.89	0.64	0.35	0	0.012	1.6281
1AZS	blue	af_relaxed	1	1.14	0.14	97.61	0.64	0.41	0	0.0118	1.634
1AZS	blue	af_relaxed	2	0.96	0.0	97.61	0.16	0.37	0	0.0119	1.626
1AZS	blue	af_relaxed	3	1.66	0.0	97.75	1.12	0.51	0	0.0119	1.651
1AZS	blue	af_relaxed	4	2.19	0.0	98.46	0.16	0.49	0	0.0119	1.6283
1AZS	blue	af_unrelaxed	0	16.93	0.56	98.03	3.35	1.63	0	0.0186	1.559
1AZS	blue	af_unrelaxed	1	18.58	0.42	98.6	0.32	1.27	0	0.0163	1.5657
1AZS	blue	af_unrelaxed	2	16.21	0.56	97.89	0.48	1.24	0	0.0163	1.528
1AZS	blue	af_unrelaxed	3	15.86	0.28	98.46	0.64	1.2	0	0.0164	1.5077
1AZS	blue	af_unrelaxed	4	16.65	0.42	98.17	1.12	1.26	0	0.0207	1.4948
1AZS	blue	boltz	0	13.67	0.42	98.46	0.32	1.14	0	0.0116	1.0666
1AZS	blue	boltz	1	12.36	0.14	99.16	0.32	1.1	0	0.0128	1.0703
1AZS	blue	boltz	2	12.62	0.28	98.74	0.16	1.11	0	0.0115	1.0803
1AZS	blue	boltz	3	12.8	0.42	98.6	0.32	1.12	0	0.0116	1.1014
1AZS	blue	boltz	4	12.62	0.28	99.02	0.64	1.11	0	0.0114	1.0784
1AZS	blue	amber_af	0	1.4	0.0	98.17	1.12	0.41	0	0.0119	1.6419
1AZS	blue	amber_af	1	2.02	0.0	98.31	0.16	0.47	0	0.0119	1.6323
1AZS	blue	amber_af	2	1.49	0.0	97.61	0.64	0.47	0	0.012	1.6321
1AZS	blue	amber_af	3	1.14	0.0	97.75	0.16	0.38	0	0.0119	1.6248
1AZS	blue	amber_af	4	1.14	0.14	97.61	0.64	0.41	0	0.0118	1.6348
1AZS	blue	amber_boltz	0	1.31	0.14	97.61	0.16	0.44	0	0.0118	1.692
1AZS	blue	amber_boltz	1	1.66	0.0	98.74	0.16	0.42	0	0.0119	1.6814
1AZS	blue	amber_boltz	2	1.31	0.28	98.17	0.48	0.36	0	0.012	1.691
1AZS	blue	amber_boltz	3	1.66	0.28	97.61	0.64	0.5	0	0.0119	1.6905
1AZS	blue	amber_boltz	4	1.31	0.14	98.31	0.32	0.36	0	0.0119	1.7013
1B6C	blue	crystal	0	20.52	0.0	94.41	5.43	2.25	0	0.0146	1.8144
1B6C	blue	af_relaxed	0	4.36	0.7	96.27	2.17	1.22	0	0.0117	1.7919
1B6C	blue	af_relaxed	1	8.0	0.7	96.5	3.26	1.55	4	0.0119	1.8725
1B6C	blue	af_relaxed	2	4.65	0.7	96.27	1.36	1.09	1	0.0117	1.7955
1B6C	blue	af_relaxed	3	5.09	0.7	96.27	1.36	1.12	2	0.0118	1.8285
1B6C	blue	af_relaxed	4	11.2	1.17	95.57	3.26	1.76	3	0.012	1.9451
1B6C	blue	af_unrelaxed	0	36.99	2.33	94.64	4.35	2.4	0	0.0188	1.9649
1B6C	blue	af_unrelaxed	1	36.68	1.63	96.04	2.17	2.07	0	0.0177	1.8631
1B6C	blue	af_unrelaxed	2	32.6	2.33	95.1	1.63	2.0	0	0.0171	1.7072
1B6C	blue	af_unrelaxed	3	35.95	2.33	96.04	2.72	2.14	0	0.0186	1.8636
1B6C	blue	af_unrelaxed	4	40.65	2.33	95.57	2.99	2.26	0	0.0239	2.0054
1B6C	blue	boltz	0	11.49	0.0	98.83	0.0	1.08	0	0.0109	1.2639
1B6C	blue	boltz	1	11.2	0.0	98.6	0.0	1.07	0	0.0101	1.0798
1B6C	blue	boltz	2	14.55	0.0	98.37	0.0	1.17	0	0.0112	1.072
1B6C	blue	boltz	3	13.39	0.23	98.6	0.0	1.14	0	0.0103	1.0814
1B6C	blue	boltz	4	12.95	0.0	98.6	0.0	1.12	0	0.0112	1.063
1B6C	blue	amber_af	0	3.35	0.7	96.27	2.99	1.24	1	0.0125	1.9112
1B6C	blue	amber_af	1	5.24	0.7	96.27	1.9	1.24	0	0.0117	1.7978
1B6C	blue	amber_af	2	4.22	0.93	95.8	2.17	1.25	2	0.0117	1.7926
1B6C	blue	amber_af	3	5.53	0.7	96.04	1.63	1.23	1	0.0118	1.8156
1B6C	blue	amber_af	4	10.18	1.17	96.04	3.26	1.69	3	0.012	1.9545
1B6C	blue	amber_boltz	0	0.44	0.0	97.2	0.82	0.3	0	0.0128	2.1265
1B6C	blue	amber_boltz	1	0.73	0.0	98.6	0.0	0.23	0	0.012	1.6938
1B6C	blue	amber_boltz	2	0.87	0.0	97.2	0.27	0.41	0	0.0117	1.6986
1B6C	blue	amber_boltz	3	1.31	0.0	97.9	0.0	0.38	0	0.0119	1.7011
1B6C	blue	amber_boltz	4	1.02	0.0	98.37	0.0	0.3	0	0.0117	1.7079
1BKD	blue	crystal	0	7.39	0.5	94.45	3.41	1.69	1	0.0088	1.4682
1BKD	blue	af_relaxed	0	2.11	0.67	96.67	1.26	0.77	0	0.0125	1.7486
1BKD	blue	af_relaxed	1	0.4	0.33	96.34	1.08	0.41	1	0.0132	1.8341
1BKD	blue	af_relaxed	2	2.41	0.5	97.34	0.72	0.65	0	0.0125	1.7656
1BKD	blue	af_relaxed	3	1.5	0.5	97.34	0.54	0.52	0	0.0127	1.7441
1BKD	blue	af_relaxed	4	2.11	0.5	97.67	0.54	0.55	0	0.0126	1.7706
1BKD	blue	af_unrelaxed	0	24.48	1.34	96.49	0.9	1.61	0	0.0232	1.8721
1BKD	blue	af_unrelaxed	1	19.97	1.16	96.84	0.9	1.49	0	0.0225	1.9295
1BKD	blue	af_unrelaxed	2	24.07	0.67	97.33	1.08	1.53	0	0.0234	1.81
1BKD	blue	af_unrelaxed	3	20.37	1.01	96.31	0.9	1.55	0	0.0276	2.2539
1BKD	blue	af_unrelaxed	4	22.98	0.67	96.51	1.26	1.66	0	0.0279	1.7925
1BKD	blue	boltz	0	8.32	0.0	98.0	0.18	0.95	0	0.0106	1.1171
1BKD	blue	boltz	1	9.22	0.17	98.34	0.0	0.99	0	0.0106	1.084
1BKD	blue	boltz	2	10.43	0.33	97.5	0.0	1.14	0	0.011	1.0994
1BKD	blue	boltz	3	8.92	0.17	98.67	0.54	0.98	0	0.0105	1.0957
1BKD	blue	boltz	4	11.33	0.0	98.17	0.36	1.07	0	0.0106	1.1034
1BKD	blue	amber_af	0	2.0	0.67	96.84	1.08	0.69	0	0.0124	1.7453
1BKD	blue	amber_af	1	2.21	0.5	97.34	0.54	0.62	0	0.0126	1.7416
1BKD	blue	amber_af	2	2.71	0.5	97.17	1.08	0.73	0	0.0125	1.7646
1BKD	blue	amber_af	3	0.4	0.33	96.84	0.9	0.34	1	0.0132	1.8317
1BKD	blue	amber_af	4	2.0	0.5	97.67	0.72	0.54	0	0.0126	1.7712
1BKD	blue	amber_boltz	0	0.4	0.0	98.0	0.54	0.14	0	0.0123	1.6901
1BKD	blue	amber_boltz	1	0.8	0.17	97.5	0.36	0.35	0	0.0123	1.6907
1BKD	blue	amber_boltz	2	1.9	0.33	96.84	0.36	0.65	0	0.0124	1.7332
1BKD	blue	amber_boltz	3	0.7	0.0	97.84	0.54	0.26	1	0.0123	1.7026
1BKD	blue	amber_boltz	4	0.8	0.0	97.34	0.54	0.38	0	0.0123	1.7018
1BUH	blue	crystal	0	12.28	1.42	92.88	9.06	2.28	2	0.0131	1.8084
1BUH	blue	af_relaxed	0	0.68	0.28	97.17	1.25	0.45	0	0.012	1.6922
1BUH	blue	af_relaxed	1	1.36	0.28	97.17	0.62	0.52	0	0.0119	1.7036
1BUH	blue	af_relaxed	2	1.7	0.28	97.17	0.94	0.58	0	0.012	1.6954
1BUH	blue	af_relaxed	3	1.7	0.28	97.17	0.94	0.58	0	0.0118	1.7145
1BUH	blue	af_relaxed	4	1.7	0.57	98.02	1.56	0.57	0	0.0119	1.7026
1BUH	blue	af_unrelaxed	0	20.12	0.57	96.88	2.81	1.83	0	0.0186	1.4761
1BUH	blue	af_unrelaxed	1	25.4	0.28	96.6	1.56	1.76	0	0.017	1.626
1BUH	blue	af_unrelaxed	2	19.78	0.28	97.17	0.62	1.44	0	0.0184	1.5155
1BUH	blue	af_unrelaxed	3	16.37	0.57	96.88	1.25	1.48	0	0.0168	1.4946
1BUH	blue	af_unrelaxed	4	25.41	0.28	96.88	1.56	1.73	0	0.0224	1.5616
1BUH	blue	boltz	0	10.4	0.0	98.87	0.62	1.04	0	0.0115	1.2291
1BUH	blue	boltz	1	9.21	0.0	98.87	0.0	0.99	0	0.0107	1.1881
1BUH	blue	boltz	2	9.89	0.0	98.87	0.31	1.02	0	0.0114	1.1719
1BUH	blue	boltz	3	9.04	0.0	98.87	0.0	0.98	0	0.0109	1.1616
1BUH	blue	boltz	4	9.04	0.0	99.15	0.31	0.98	0	0.0111	1.1835
1BUH	blue	amber_af	0	1.87	0.28	97.17	0.94	0.6	0	0.012	1.6924
1BUH	blue	amber_af	1	1.87	0.57	98.02	1.56	0.6	0	0.0119	1.7004
1BUH	blue	amber_af	2	1.19	0.28	97.17	0.94	0.49	0	0.0119	1.7002
1BUH	blue	amber_af	3	0.68	0.28	97.17	1.25	0.45	0	0.012	1.688
1BUH	blue	amber_af	4	1.7	0.28	97.17	0.94	0.58	0	0.0118	1.7141
1BUH	blue	amber_boltz	0	0.51	0.0	98.02	0.31	0.18	0	0.0122	1.7545
1BUH	blue	amber_boltz	1	0.34	0.0	98.02	0.0	0.12	1	0.0124	1.7535
1BUH	blue	amber_boltz	2	0.85	0.0	98.02	0.31	0.26	0	0.0121	1.7435
1BUH	blue	amber_boltz	3	0.68	0.0	98.58	0.0	0.22	0	0.0123	1.7137
1BUH	blue	amber_boltz	4	1.02	0.0	98.87	0.0	0.3	0	0.0123	1.7543
1BVN	blue	crystal	0	27.94	1.24	89.7	18.09	2.95	0	0.0093	1.6703
1BVN	blue	af_relaxed	0	0.12	0.0	97.16	0.43	0.2	1	0.0119	1.6594
1BVN	blue	af_relaxed	1	0.23	0.0	97.69	0.43	0.16	1	0.0119	1.6645
1BVN	blue	af_relaxed	2	0.23	0.0	97.34	0.85	0.22	0	0.012	1.6696
1BVN	blue	af_relaxed	3	0.46	0.0	97.87	0.64	0.19	0	0.012	1.6599
1BVN	blue	af_relaxed	4	0.35	0.0	97.69	0.64	0.19	0	0.012	1.6651
1BVN	blue	af_unrelaxed	0	12.98	0.0	97.87	0.64	1.15	0	0.0194	1.4431
1BVN	blue	af_unrelaxed	1	12.86	0.0	98.05	0.21	1.12	0	0.0198	1.4841
1BVN	blue	af_unrelaxed	2	11.36	0.18	98.05	0.21	1.07	0	0.0206	1.4805
1BVN	blue	af_unrelaxed	3	14.72	0.18	98.05	0.0	1.17	0	0.0201	1.5636
1BVN	blue	af_unrelaxed	4	14.14	0.53	97.69	0.21	1.23	0	0.0241	1.5004
1BVN	blue	boltz	0	7.42	0.0	98.4	0.21	0.91	0	0.0224	1.6378
1BVN	blue	boltz	1	6.03	0.0	98.22	0.21	0.83	0	0.013	1.396
1BVN	blue	boltz	2	8.0	0.0	98.4	0.43	0.94	0	0.014	1.472
1BVN	blue	boltz	3	7.42	0.0	98.4	0.0	0.91	0	0.0193	1.3278
1BVN	blue	boltz	4	7.07	0.0	98.22	0.43	0.89	0	0.0185	1.3226
1BVN	blue	amber_af	0	0.46	0.0	97.34	0.85	0.29	0	0.0119	1.6662
1BVN	blue	amber_af	1	0.35	0.0	97.69	0.64	0.19	0	0.0121	1.6666
1BVN	blue	amber_af	2	0.12	0.0	97.34	0.64	0.17	1	0.012	1.6621
1BVN	blue	amber_af	3	0.35	0.0	97.87	0.64	0.16	0	0.012	1.6614
1BVN	blue	amber_af	4	0.23	0.0	97.51	0.43	0.19	1	0.0119	1.6655
1BVN	blue	amber_boltz	0	0.46	0.0	97.87	0.64	0.19	1	0.012	1.6855
1BVN	blue	amber_boltz	1	0.7	0.0	98.22	0.64	0.22	2	0.012	1.6731
1BVN	blue	amber_boltz	2	0.93	0.0	98.22	0.64	0.28	1	0.0119	1.6902
1BVN	blue	amber_boltz	3	0.93	0.0	97.69	0.21	0.35	1	0.0118	1.6767
1BVN	blue	amber_boltz	4	1.28	0.0	97.87	0.64	0.38	1	0.0119	1.7007
1CGI	blue	af_relaxed	0	4.1	0.34	96.94	0.4	0.88	2	0.0116	1.8497
1CGI	blue	af_relaxed	1	2.05	0.68	96.94	1.62	0.82	2	0.0129	2.0237
1CGI	blue	af_relaxed	2	4.33	0.34	96.6	0.81	0.93	2	0.0119	1.9206
1CGI	blue	af_relaxed	3	1.6	1.02	96.94	0.81	0.59	2	0.0124	1.8809
1CGI	blue	af_relaxed	4	1.14	1.02	96.94	1.21	0.57	3	0.0126	1.9357
1CGI	blue	af_unrelaxed	0	21.02	1.02	96.6	2.83	1.88	0	0.0325	2.1361
1CGI	blue	af_unrelaxed	1	21.01	1.02	97.28	0.4	1.45	0	0.0289	2.0728
1CGI	blue	af_unrelaxed	2	26.24	0.68	96.26	0.81	1.66	0	0.0427	2.9149
1CGI	blue	af_unrelaxed	3	23.05	1.02	96.94	0.81	1.54	0	0.0338	2.4399
1CGI	blue	af_unrelaxed	4	28.77	1.02	95.92	0.4	1.73	0	0.0387	2.1671
1CGI	blue	boltz	0	15.74	0.0	97.96	0.0	1.21	0	0.0147	1.2838
1CGI	blue	boltz	1	20.07	0.0	98.3	0.4	1.3	0	0.0136	1.2816
1CGI	blue	boltz	2	13.69	0.0	97.96	0.0	1.15	0	0.0133	1.2759
1CGI	blue	boltz	3	10.49	0.0	98.64	0.81	1.04	0	0.0141	1.2814
1CGI	blue	boltz	4	7.76	0.0	98.3	0.0	0.92	0	0.0134	1.2316
1CGI	blue	amber_af	0	6.61	0.68	97.28	2.83	1.34	3	0.0124	2.0154
1CGI	blue	amber_af	1	0.68	0.34	96.6	1.21	0.51	2	0.0125	1.967
1CGI	blue	amber_af	2	5.24	1.02	97.62	1.21	0.93	3	0.012	1.9082
1CGI	blue	amber_af	3	4.79	0.68	96.94	0.4	0.93	2	0.0122	1.9287
1CGI	blue	amber_af	4	5.02	0.34	96.94	0.81	0.95	2	0.0116	1.8599
1CGI	blue	amber_boltz	0	2.51	0.0	98.3	0.81	0.53	0	0.0115	1.7503
1CGI	blue	amber_boltz	1	0.46	0.34	96.6	1.21	0.44	2	0.0122	1.8344
1CGI	blue	amber_boltz	2	1.6	0.0	97.62	0.4	0.49	1	0.0117	1.7608
1CGI	blue	amber_boltz	3	0.91	0.0	98.3	0.4	0.28	0	0.0115	1.7111
1CGI	blue	amber_boltz	4	0.0	0.0	98.3	0.0	0.0	0	0.0114	1.7203
1CLV	blue	crystal	0	1.64	0.2	96.39	0.49	0.65	0	0.0078	1.4449
1CLV	blue	af_relaxed	0	1.49	0.0	96.59	0.73	0.61	0	0.0118	1.6741
1CLV	blue	af_relaxed	1	1.22	0.0	96.99	0.24	0.51	0	0.0119	1.6725
1CLV	blue	af_relaxed	2	4.06	0.2	95.78	0.73	0.98	1	0.0286	1.8672
1CLV	blue	af_relaxed	3	1.89	0.0	96.18	0.0	0.71	1	0.0117	1.6793
1CLV	blue	af_relaxed	4	1.08	0.0	96.39	0.0	0.55	0	0.0118	1.6789
1CLV	blue	af_unrelaxed	0	19.36	0.4	96.39	2.2	1.78	0	0.018	1.4494
1CLV	blue	af_unrelaxed	1	16.11	0.4	96.79	0.24	1.41	0	0.0183	1.4559
1CLV	blue	af_unrelaxed	2	19.63	0.4	96.39	0.49	1.53	0	0.0178	1.5172
1CLV	blue	af_unrelaxed	3	19.23	0.6	95.98	0.49	1.56	0	0.0189	1.569
1CLV	blue	af_unrelaxed	4	20.58	0.8	95.58	0.0	1.62	0	0.023	1.5918
1CLV	blue	boltz	0	8.8	0.2	97.39	0.24	1.09	0	0.0115	1.2307
1CLV	blue	boltz	1	8.66	0.2	97.19	0.0	1.11	0	0.0112	1.2132
1CLV	blue	boltz	2	8.12	0.2	97.59	0.0	1.03	0	0.0115	1.2027
1CLV	blue	boltz	3	8.93	0.2	97.59	0.0	1.06	0	0.0114	1.2335
1CLV	blue	boltz	4	9.2	0.2	97.59	0.0	1.08	0	0.0115	1.2123
1CLV	blue	amber_af	0	1.62	0.2	96.39	0.98	0.65	0	0.0118	1.6738
1CLV	blue	amber_af	1	1.08	0.0	96.99	0.0	0.49	0	0.0119	1.673
1CLV	blue	amber_af	2	1.08	0.0	96.39	0.24	0.55	0	0.0118	1.6803
1CLV	blue	amber_af	3	4.06	0.2	95.78	0.49	0.98	2	0.0286	1.869
1CLV	blue	amber_af	4	1.89	0.0	96.39	0.0	0.69	1	0.0117	1.6781
1CLV	blue	amber_boltz	0	0.95	0.2	95.58	0.0	0.59	1	0.0118	1.6831
1CLV	blue	amber_boltz	1	0.54	0.2	96.18	0.0	0.44	1	0.0117	1.6876
1CLV	blue	amber_boltz	2	0.81	0.4	96.18	0.0	0.51	1	0.0117	1.6829
1CLV	blue	amber_boltz	3	0.41	0.2	95.78	0.0	0.44	1	0.0118	1.6853
1CLV	blue	amber_boltz	4	0.68	0.2	96.18	0.0	0.48	1	0.0116	1.6749
1D6R	blue	crystal	0	10.92	2.17	92.42	16.1	2.44	23	0.0747	3.0167
1D6R	blue	af_relaxed	0	0.74	0.0	96.39	0.42	0.48	0	0.0115	1.6668
1D6R	blue	af_relaxed	1	0.49	0.0	96.03	0.42	0.44	0	0.0114	1.6648
1D6R	blue	af_relaxed	2	0.0	0.0	96.75	0.42	0.2	0	0.0114	1.6628
1D6R	blue	af_relaxed	3	1.48	0.0	96.03	0.0	0.66	0	0.0115	1.7046
1D6R	blue	af_relaxed	4	2.71	0.0	95.67	0.0	0.86	0	0.0115	1.7349
1D6R	blue	af_unrelaxed	0	23.72	0.0	97.47	1.68	1.64	0	0.0322	2.4985
1D6R	blue	af_unrelaxed	1	15.07	0.36	97.83	0.0	1.22	0	0.0243	1.8896
1D6R	blue	af_unrelaxed	2	10.37	0.0	98.19	0.42	1.04	0	0.0214	1.639
1D6R	blue	af_unrelaxed	3	7.16	0.0	97.83	0.0	0.93	0	0.0215	1.6605
1D6R	blue	af_unrelaxed	4	8.63	0.0	97.83	0.0	1.0	0	0.025	1.609
1D6R	blue	boltz	0	6.91	0.0	98.19	0.0	0.88	0	0.015	1.2563
1D6R	blue	boltz	1	8.15	0.0	98.56	0.0	0.94	0	0.0154	1.2449
1D6R	blue	boltz	2	7.9	0.0	98.56	0.0	0.93	0	0.0156	1.276
1D6R	blue	boltz	3	7.4	0.0	98.56	0.0	0.91	0	0.0153	1.2383
1D6R	blue	boltz	4	8.64	0.0	98.56	0.0	0.97	0	0.0152	1.2612
1D6R	blue	amber_af	0	2.71	0.0	96.03	0.42	0.83	0	0.0115	1.7381
1D6R	blue	amber_af	1	1.73	0.0	96.39	0.42	0.67	0	0.0116	1.6995
1D6R	blue	amber_af	2	0.49	0.0	96.03	0.42	0.44	0	0.0114	1.6625
1D6R	blue	amber_af	3	0.74	0.0	96.39	0.42	0.48	0	0.0115	1.6578
1D6R	blue	amber_af	4	0.0	0.0	97.11	0.42	0.16	0	0.0114	1.6657
1D6R	blue	amber_boltz	0	0.25	0.36	97.83	0.0	0.13	0	0.0115	1.6791
1D6R	blue	amber_boltz	1	0.99	0.36	97.47	0.0	0.4	0	0.0114	1.6869
1D6R	blue	amber_boltz	2	0.49	0.0	97.83	0.0	0.21	0	0.0115	1.6789
1D6R	blue	amber_boltz	3	1.23	0.0	97.47	0.0	0.45	0	0.0116	1.7082
1D6R	blue	amber_boltz	4	1.23	0.36	97.83	0.0	0.38	0	0.0114	1.6816
1DE4	blue	crystal	0	27.14	3.1	89.1	6.48	2.61	0	0.0089	1.5294
1DE4	blue	af_relaxed	0	7.06	0.1	97.6	0.9	0.97	5	0.0123	1.8108
1DE4	blue	af_relaxed	1	1.0	0.4	97.0	1.02	0.47	1	0.013	1.8636
1DE4	blue	af_relaxed	2	6.18	0.4	96.7	0.57	1.05	6	0.0122	1.7927
1DE4	blue	af_relaxed	3	4.62	0.3	96.09	1.81	1.2	2	0.0331	1.9349
1DE4	blue	af_relaxed	4	5.37	0.5	95.2	2.38	1.41	7	0.0221	1.9849
1DE4	blue	af_unrelaxed	0	38.13	0.3	97.9	4.86	2.11	0	0.0267	1.6875
1DE4	blue	af_unrelaxed	1	25.82	0.5	97.5	0.45	1.5	0	0.0197	1.717
1DE4	blue	af_unrelaxed	2	29.84	0.6	97.7	0.79	1.53	0	0.0227	1.5192
1DE4	blue	af_unrelaxed	3	26.19	0.9	97.6	1.02	1.5	0	0.0211	1.7213
1DE4	blue	af_unrelaxed	4	26.51	0.0	97.9	2.04	1.67	0	0.0227	1.5081
1DE4	blue	boltz	0	21.99	0.2	98.5	0.11	1.34	0	0.0131	1.0987
1DE4	blue	boltz	1	20.3	0.0	98.6	0.11	1.3	0	0.0138	1.0852
1DE4	blue	boltz	2	19.43	0.1	98.4	0.0	1.29	0	0.0128	1.0837
1DE4	blue	boltz	3	21.37	0.0	98.7	0.0	1.32	0	0.0137	1.0971
1DE4	blue	boltz	4	21.31	0.0	98.5	0.34	1.32	0	0.0127	1.0868
1DE4	blue	amber_af	0	5.25	0.4	95.7	2.71	1.41	11	0.0221	2.0018
1DE4	blue	amber_af	1	6.0	0.5	96.7	0.79	1.04	6	0.0122	1.789
1DE4	blue	amber_af	2	4.75	0.2	96.19	1.7	1.18	2	0.0331	1.9348
1DE4	blue	amber_af	3	0.94	0.5	96.4	1.13	0.56	2	0.013	1.8736
1DE4	blue	amber_af	4	6.99	0.1	97.3	1.02	1.02	6	0.0124	1.8299
1DE4	blue	amber_boltz	0	2.62	0.2	97.9	0.45	0.57	1	0.0118	1.7482
1DE4	blue	amber_boltz	1	1.94	0.1	98.2	0.23	0.46	1	0.0118	1.7546
1DE4	blue	amber_boltz	2	1.56	0.2	97.7	0.45	0.47	0	0.0118	1.7353
1DE4	blue	amber_boltz	3	3.37	0.2	98.0	0.11	0.63	1	0.0119	1.742
1DE4	blue	amber_boltz	4	2.44	0.0	97.7	0.79	0.59	3	0.0118	1.751
1DFJ	blue	crystal	0	19.14	0.69	88.89	7.66	2.53	0	0.0139	1.9268
1DFJ	blue	af_relaxed	0	1.15	0.0	98.26	0.4	0.33	0	0.0106	1.7228
1DFJ	blue	af_relaxed	1	1.26	0.0	98.09	0.4	0.35	0	0.0105	1.7212
1DFJ	blue	af_relaxed	2	1.49	0.0	98.09	0.2	0.39	0	0.0106	1.6967
1DFJ	blue	af_relaxed	3	1.03	0.0	98.09	0.4	0.3	0	0.0106	1.7148
1DFJ	blue	af_relaxed	4	2.06	0.0	98.09	0.0	0.48	0	0.0106	1.7044
1DFJ	blue	af_unrelaxed	0	16.97	0.0	98.44	1.81	1.43	0	0.0173	1.336
1DFJ	blue	af_unrelaxed	1	16.16	0.0	98.61	0.0	1.21	0	0.015	1.3286
1DFJ	blue	af_unrelaxed	2	14.67	0.0	98.78	0.2	1.17	0	0.017	1.3072
1DFJ	blue	af_unrelaxed	3	15.02	0.0	98.44	0.4	1.18	0	0.0156	1.335
1DFJ	blue	af_unrelaxed	4	15.25	0.0	98.26	0.81	1.19	0	0.0204	1.3244
1DFJ	blue	boltz	0	11.12	0.0	98.26	0.0	1.06	0	0.0113	1.0594
1DFJ	blue	boltz	1	10.89	0.0	97.92	0.2	1.07	0	0.0106	1.0659
1DFJ	blue	boltz	2	10.32	0.0	98.09	0.4	1.03	0	0.0109	1.0715
1DFJ	blue	boltz	3	11.46	0.0	98.09	0.0	1.07	0	0.0109	1.0431
1DFJ	blue	boltz	4	11.12	0.0	98.26	0.0	1.06	0	0.0106	1.0598
1DFJ	blue	amber_af	0	1.03	0.0	98.26	0.2	0.3	0	0.0106	1.7219
1DFJ	blue	amber_af	1	1.38	0.0	98.09	0.0	0.37	0	0.0106	1.7016
1DFJ	blue	amber_af	2	1.15	0.0	98.26	0.4	0.33	0	0.0106	1.7216
1DFJ	blue	amber_af	3	1.95	0.0	97.92	0.0	0.48	0	0.0107	1.7044
1DFJ	blue	amber_af	4	1.03	0.0	98.09	0.2	0.3	0	0.0106	1.7259
1DFJ	blue	amber_boltz	0	0.57	0.0	97.4	0.0	0.31	0	0.0106	1.7451
1DFJ	blue	amber_boltz	1	0.34	0.0	97.57	0.2	0.22	0	0.0108	1.7301
1DFJ	blue	amber_boltz	2	0.69	0.0	97.4	0.2	0.34	0	0.0109	1.7415
1DFJ	blue	amber_boltz	3	0.8	0.0	97.74	0.0	0.31	0	0.0107	1.7347
1DFJ	blue	amber_boltz	4	0.69	0.0	97.57	0.4	0.31	0	0.0109	1.7484
1DQJ	blue	crystal	0	10.7	0.91	93.78	2.27	1.73	0	0.0073	1.504
1DQJ	blue	af_relaxed	0	1.92	0.0	98.17	0.83	0.46	0	0.0111	1.7093
1DQJ	blue	af_relaxed	1	3.01	0.18	97.44	0.21	0.7	0	0.0111	1.7087
1DQJ	blue	af_relaxed	2	1.68	0.0	97.44	0.0	0.53	0	0.0111	1.6841
1DQJ	blue	af_relaxed	3	1.68	0.18	97.62	0.41	0.5	0	0.0111	1.6764
1DQJ	blue	af_relaxed	4	2.65	0.37	97.44	0.41	0.66	1	0.0111	1.7062
1DQJ	blue	af_unrelaxed	0	26.36	0.18	97.62	2.27	1.76	0	0.0216	1.8115
1DQJ	blue	af_unrelaxed	1	21.06	0.0	97.07	0.21	1.48	0	0.0221	1.8828
1DQJ	blue	af_unrelaxed	2	28.18	0.0	97.26	0.41	1.58	0	0.0249	1.7929
1DQJ	blue	af_unrelaxed	3	20.81	0.18	97.44	0.21	1.42	0	0.0268	1.8412
1DQJ	blue	af_unrelaxed	4	20.21	0.37	97.26	0.41	1.44	0	0.0236	1.732
1DQJ	blue	boltz	0	11.91	0.0	98.35	0.0	1.09	0	0.0123	1.3106
1DQJ	blue	boltz	1	8.06	0.0	98.35	0.0	0.94	0	0.0122	1.178
1DQJ	blue	boltz	2	9.39	0.0	98.54	1.03	1.01	0	0.014	1.3012
1DQJ	blue	boltz	3	9.03	0.0	98.72	0.21	0.98	0	0.0136	1.3568
1DQJ	blue	boltz	4	14.69	0.0	98.72	0.21	1.17	0	0.0192	1.2444
1DQJ	blue	amber_af	0	2.05	0.0	97.99	1.65	0.64	0	0.0111	1.7127
1DQJ	blue	amber_af	1	2.53	0.0	97.62	0.21	0.62	0	0.0111	1.6916
1DQJ	blue	amber_af	2	3.25	0.18	97.62	0.0	0.7	0	0.0111	1.7174
1DQJ	blue	amber_af	3	1.56	0.0	97.26	0.0	0.54	0	0.011	1.6921
1DQJ	blue	amber_af	4	1.44	0.0	97.81	0.21	0.42	0	0.0111	1.6794
1DQJ	blue	amber_boltz	0	1.44	0.0	97.99	0.21	0.38	2	0.0115	1.7146
1DQJ	blue	amber_boltz	1	1.2	0.18	97.81	0.0	0.38	0	0.0116	1.6983
1DQJ	blue	amber_boltz	2	1.44	0.0	97.62	0.41	0.46	0	0.0115	1.6765
1DQJ	blue	amber_boltz	3	3.25	0.0	97.81	0.21	0.66	0	0.0115	1.7048
1DQJ	blue	amber_boltz	4	3.85	0.0	97.44	0.0	0.78	0	0.0115	1.7233
1E4K	blue	crystal	0	82.33	13.8	72.4	20.79	3.71	0	0.0161	2.3921
1E4K	blue	af_relaxed	0	0.65	0.26	97.4	0.56	0.33	2	0.0124	1.8189
1E4K	blue	af_relaxed	1	2.12	0.26	98.7	0.0	0.49	0	0.0118	1.6965
1E4K	blue	af_relaxed	2	1.14	0.52	97.92	0.0	0.34	0	0.0116	1.6808
1E4K	blue	af_relaxed	3	1.14	0.0	98.18	0.28	0.32	0	0.0117	1.6876
1E4K	blue	af_relaxed	4	1.14	0.78	96.88	0.56	0.51	0	0.0123	1.8426
1E4K	blue	af_unrelaxed	0	20.76	0.26	98.44	0.0	1.31	0	0.0191	1.709
1E4K	blue	af_unrelaxed	1	15.68	0.78	97.92	0.0	1.22	0	0.017	1.7245
1E4K	blue	af_unrelaxed	2	23.05	0.78	97.92	0.28	1.37	0	0.021	1.7144
1E4K	blue	af_unrelaxed	3	18.63	0.78	98.44	0.56	1.27	0	0.0189	1.5955
1E4K	blue	af_unrelaxed	4	25.98	0.78	97.92	0.28	1.42	0	0.0222	1.7651
1E4K	blue	boltz	0	12.25	0.26	98.44	0.28	1.1	0	0.0135	1.2921
1E4K	blue	boltz	1	15.04	0.0	99.48	0.56	1.18	0	0.0134	1.1933
1E4K	blue	boltz	2	16.5	0.26	99.48	0.56	1.22	0	0.0132	1.1774
1E4K	blue	boltz	3	19.45	0.52	99.22	0.28	1.29	0	0.0135	1.2168
1E4K	blue	boltz	4	17.48	0.0	98.7	0.0	1.24	0	0.0135	1.1796
1E4K	blue	amber_af	0	2.29	0.26	98.44	0.28	0.51	0	0.0117	1.6931
1E4K	blue	amber_af	1	0.82	0.52	97.92	0.0	0.27	0	0.0116	1.6807
1E4K	blue	amber_af	2	1.31	1.04	97.66	0.56	0.43	3	0.0125	1.8375
1E4K	blue	amber_af	3	1.14	0.0	98.18	0.28	0.32	0	0.0117	1.6824
1E4K	blue	amber_af	4	2.78	0.26	98.18	0.84	0.57	2	0.0118	1.8196
1E4K	blue	amber_boltz	0	0.82	0.0	97.92	0.0	0.27	1	0.0119	2.0406
1E4K	blue	amber_boltz	1	1.31	0.0	98.44	1.12	0.39	1	0.0118	1.7277
1E4K	blue	amber_boltz	2	1.31	0.0	98.7	0.28	0.36	0	0.0117	1.7334
1E4K	blue	amber_boltz	3	1.8	0.26	98.44	0.28	0.44	1	0.0117	1.7033
1E4K	blue	amber_boltz	4	2.61	0.0	98.18	0.0	0.55	0	0.0117	1.7312
1E6E	blue	crystal	0	15.63	0.71	92.76	2.98	2.02	0	0.0076	1.4582
1E6E	blue	af_relaxed	0	1.48	0.18	98.23	1.48	0.52	0	0.0114	1.7469
1E6E	blue	af_relaxed	1	1.02	0.0	98.41	0.21	0.3	0	0.0115	1.7107
1E6E	blue	af_relaxed	2	1.37	0.0	98.06	0.21	0.37	0	0.0114	1.7149
1E6E	blue	af_relaxed	3	1.93	0.0	98.23	0.21	0.46	1	0.0114	1.7164
1E6E	blue	af_relaxed	4	1.48	0.0	98.59	0.63	0.39	1	0.0115	1.7327
1E6E	blue	af_unrelaxed	0	16.85	0.18	98.59	3.16	1.61	0	0.0213	1.4298
1E6E	blue	af_unrelaxed	1	17.75	0.18	98.23	0.21	1.25	0	0.0168	1.445
1E6E	blue	af_unrelaxed	2	17.53	0.35	98.06	0.21	1.24	0	0.0176	1.4645
1E6E	blue	af_unrelaxed	3	14.8	0.53	98.06	0.42	1.18	0	0.0194	1.4592
1E6E	blue	af_unrelaxed	4	16.28	0.88	97.53	0.42	1.31	0	0.0195	1.5228
1E6E	blue	boltz	0	11.15	0.18	98.76	0.21	1.06	0	0.0102	1.0722
1E6E	blue	boltz	1	11.04	0.0	99.12	0.21	1.06	0	0.012	1.0723
1E6E	blue	boltz	2	16.5	0.0	98.94	0.0	1.22	0	0.0114	1.093
1E6E	blue	boltz	3	17.53	0.0	98.59	0.0	1.24	0	0.0103	1.0704
1E6E	blue	boltz	4	20.71	0.0	98.94	0.0	1.31	0	0.0109	1.0823
1E6E	blue	amber_af	0	1.59	0.18	98.23	1.27	0.48	0	0.0114	1.7466
1E6E	blue	amber_af	1	1.02	0.0	98.76	0.21	0.3	0	0.0115	1.7071
1E6E	blue	amber_af	2	1.37	0.0	98.59	0.42	0.37	1	0.0115	1.7272
1E6E	blue	amber_af	3	1.71	0.0	98.23	0.42	0.42	2	0.0114	1.7321
1E6E	blue	amber_af	4	2.96	0.0	96.64	0.84	0.8	0	0.0344	1.9257
1E6E	blue	amber_boltz	0	1.14	0.0	98.41	0.42	0.32	1	0.0116	1.7309
1E6E	blue	amber_boltz	1	0.91	0.0	99.12	0.21	0.28	0	0.0116	1.74
1E6E	blue	amber_boltz	2	0.91	0.0	98.94	0.21	0.28	0	0.0116	1.7346
1E6E	blue	amber_boltz	3	2.28	0.18	98.94	0.21	0.51	1	0.0116	1.7588
1E6E	blue	amber_boltz	4	3.64	0.18	98.76	0.63	0.65	3	0.0115	1.782
1E6J	blue	crystal	0	7.28	0.0	94.34	1.87	1.49	0	0.0215	1.406
1E6J	blue	af_relaxed	0	6.93	0.82	97.04	2.06	1.29	4	0.0117	1.852
1E6J	blue	af_relaxed	1	9.27	0.99	92.94	4.12	1.91	9	0.0127	2.1526
1E6J	blue	af_relaxed	2	7.78	0.66	97.7	1.87	1.2	0	0.0113	1.8134
1E6J	blue	af_relaxed	3	8.42	0.16	98.19	1.87	1.16	4	0.0116	1.8626
1E6J	blue	af_relaxed	4	11.83	0.99	96.72	2.81	1.63	7	0.0114	1.9061
1E6J	blue	af_unrelaxed	0	43.11	0.66	97.37	3.93	2.19	0	0.0248	2.0334
1E6J	blue	af_unrelaxed	1	41.16	0.82	96.72	1.5	1.93	0	0.0287	2.096
1E6J	blue	af_unrelaxed	2	36.19	0.82	96.72	2.06	1.99	0	0.0313	2.1719
1E6J	blue	af_unrelaxed	3	49.0	0.49	97.04	2.62	2.15	0	0.027	2.1608
1E6J	blue	af_unrelaxed	4	60.23	0.33	96.88	3.0	2.3	0	0.0441	2.2612
1E6J	blue	boltz	0	20.14	0.33	98.03	0.0	1.3	0	0.0167	1.2144
1E6J	blue	boltz	1	16.09	0.16	98.69	0.56	1.21	0	0.0119	1.2357
1E6J	blue	boltz	2	15.03	0.16	98.85	0.56	1.18	0	0.0163	1.202
1E6J	blue	boltz	3	18.12	0.33	98.19	0.37	1.26	0	0.0168	1.2157
1E6J	blue	boltz	4	18.01	0.0	97.7	0.56	1.32	0	0.0163	1.2523
1E6J	blue	amber_af	0	10.01	0.82	96.55	2.06	1.48	7	0.0113	1.901
1E6J	blue	amber_af	1	6.71	0.66	97.7	2.06	1.17	6	0.0117	1.8532
1E6J	blue	amber_af	2	7.56	0.66	97.7	2.25	1.25	0	0.0113	1.8158
1E6J	blue	amber_af	3	7.88	0.16	98.03	2.06	1.17	4	0.0116	1.8707
1E6J	blue	amber_af	4	8.95	0.99	92.78	3.56	1.85	13	0.0128	2.1808
1E6J	blue	amber_boltz	0	1.92	0.16	97.7	0.37	0.52	0	0.0114	1.6835
1E6J	blue	amber_boltz	1	0.85	0.16	97.87	0.37	0.29	1	0.0115	1.6836
1E6J	blue	amber_boltz	2	2.34	0.16	98.69	1.12	0.55	1	0.0114	1.7171
1E6J	blue	amber_boltz	3	1.39	0.33	97.37	1.12	0.53	1	0.0114	1.6983
1E6J	blue	amber_boltz	4	1.6	0.0	97.54	0.56	0.5	1	0.0115	1.6947
1e+96	blue	crystal	0	13.03	0.28	97.49	7.4	1.89	1	0.0122	1.6678
1e+96	blue	af_relaxed	0	0.86	0.0	98.05	0.64	0.26	0	0.012	1.6506
1e+96	blue	af_relaxed	1	0.68	0.0	98.33	0.0	0.22	0	0.0119	1.6525
1e+96	blue	af_relaxed	2	1.2	0.0	98.05	0.0	0.34	0	0.0121	1.6547
1e+96	blue	af_relaxed	3	1.54	0.28	97.77	0.32	0.45	0	0.0119	1.6513
1e+96	blue	af_relaxed	4	1.54	0.0	97.77	0.0	0.45	0	0.0119	1.659
1e+96	blue	af_unrelaxed	0	11.3	0.0	98.89	1.28	1.15	0	0.0161	1.3167
1e+96	blue	af_unrelaxed	1	15.75	0.0	98.05	0.0	1.2	0	0.0169	1.4419
1e+96	blue	af_unrelaxed	2	12.5	0.0	98.61	0.0	1.11	0	0.0161	1.3593
1e+96	blue	af_unrelaxed	3	12.5	0.0	98.61	0.32	1.11	0	0.0167	1.3762
1e+96	blue	af_unrelaxed	4	11.64	0.0	98.89	0.0	1.08	0	0.0216	1.3497
1e+96	blue	boltz	0	18.48	0.0	98.05	0.0	1.27	0	0.0104	1.0273
1e+96	blue	boltz	1	18.14	0.0	98.89	0.0	1.26	0	0.0102	1.0562
1e+96	blue	boltz	2	16.6	0.0	98.89	0.0	1.22	0	0.01	1.0242
1e+96	blue	boltz	3	15.92	0.0	98.33	0.0	1.2	0	0.0103	1.0495
1e+96	blue	boltz	4	13.52	0.28	98.33	0.0	1.14	0	0.0106	1.0397
1e+96	blue	amber_af	0	0.51	0.0	98.33	0.64	0.18	0	0.012	1.6491
1e+96	blue	amber_af	1	1.54	0.28	97.77	0.0	0.45	0	0.0119	1.6454
1e+96	blue	amber_af	2	1.2	0.0	98.33	0.0	0.34	0	0.0121	1.6597
1e+96	blue	amber_af	3	1.37	0.28	97.77	0.0	0.42	0	0.012	1.6599
1e+96	blue	amber_af	4	0.68	0.0	97.77	0.0	0.27	0	0.0118	1.6492
1e+96	blue	amber_boltz	0	1.88	0.0	97.49	0.0	0.55	0	0.0121	1.6974
1e+96	blue	amber_boltz	1	3.93	0.0	98.61	0.0	0.68	0	0.0121	1.7069
1e+96	blue	amber_boltz	2	1.54	0.0	98.89	0.0	0.4	0	0.0124	1.7
1e+96	blue	amber_boltz	3	1.2	0.0	98.33	0.0	0.34	0	0.0121	1.6906
1e+96	blue	amber_boltz	4	0.68	0.0	98.05	0.32	0.22	0	0.0122	1.6564
1EAW	blue	crystal	0	40.5	3.41	84.64	5.35	2.81	0	0.0091	1.582
1EAW	blue	af_relaxed	0	0.66	0.0	98.63	0.41	0.22	0	0.0119	1.6338
1EAW	blue	af_relaxed	1	1.11	0.0	97.95	0.82	0.33	0	0.0117	1.646
1EAW	blue	af_relaxed	2	0.88	0.0	98.63	0.82	0.27	0	0.0118	1.646
1EAW	blue	af_relaxed	3	1.33	0.34	97.61	0.82	0.44	0	0.0118	1.6751
1EAW	blue	af_relaxed	4	0.66	0.68	97.95	0.41	0.23	0	0.0118	1.6587
1EAW	blue	af_unrelaxed	0	19.7	0.0	97.27	2.47	1.73	0	0.0269	1.5015
1EAW	blue	af_unrelaxed	1	14.17	0.0	97.95	0.41	1.17	0	0.0199	1.5448
1EAW	blue	af_unrelaxed	2	15.04	0.0	97.61	0.41	1.26	0	0.0188	1.4711
1EAW	blue	af_unrelaxed	3	17.92	0.0	97.95	1.23	1.33	0	0.02	1.4979
1EAW	blue	af_unrelaxed	4	15.71	0.0	97.61	0.41	1.28	0	0.0226	1.4928
1EAW	blue	boltz	0	8.85	0.0	98.98	0.41	0.97	0	0.0132	1.2758
1EAW	blue	boltz	1	9.95	0.0	98.63	1.23	1.09	0	0.0127	1.2664
1EAW	blue	boltz	2	5.31	0.0	98.98	0.41	0.78	0	0.0124	1.2794
1EAW	blue	boltz	3	8.85	0.0	98.63	0.0	0.97	0	0.0128	1.274
1EAW	blue	boltz	4	6.41	0.0	98.98	0.41	0.85	0	0.0131	1.2954
1EAW	blue	amber_af	0	1.99	0.34	97.61	0.82	0.55	0	0.0118	1.6903
1EAW	blue	amber_af	1	0.88	0.68	97.95	0.41	0.28	0	0.0118	1.6623
1EAW	blue	amber_af	2	0.66	0.0	98.63	0.41	0.22	0	0.0119	1.6362
1EAW	blue	amber_af	3	0.88	0.0	98.63	0.82	0.27	0	0.0119	1.6423
1EAW	blue	amber_af	4	0.88	0.0	98.29	1.23	0.34	0	0.0117	1.6447
1EAW	blue	amber_boltz	0	0.66	0.0	98.29	0.41	0.22	0	0.0119	1.6719
1EAW	blue	amber_boltz	1	0.66	0.0	98.63	0.82	0.22	0	0.0119	1.6692
1EAW	blue	amber_boltz	2	0.44	0.0	98.29	0.41	0.16	0	0.012	1.6558
1EAW	blue	amber_boltz	3	0.0	0.0	98.29	0.41	0.0	0	0.012	1.6691
1EAW	blue	amber_boltz	4	0.22	0.0	97.95	0.41	0.1	0	0.0121	1.6684
1EER	blue	crystal	0	26.77	4.8	88.27	22.04	3.03	0	0.0079	1.5223
1EER	blue	af_relaxed	0	1.18	0.27	97.6	0.64	0.42	1	0.0114	1.6623
1EER	blue	af_relaxed	1	1.18	0.8	97.6	1.27	0.5	1	0.0112	1.6577
1EER	blue	af_relaxed	2	0.84	1.07	96.8	0.64	0.46	2	0.0114	1.6691
1EER	blue	af_relaxed	3	1.52	0.53	96.53	1.27	0.7	1	0.0113	1.6855
1EER	blue	af_relaxed	4	1.18	1.6	97.07	0.96	0.5	0	0.0113	1.6861
1EER	blue	af_unrelaxed	0	16.89	1.07	96.8	1.59	1.58	0	0.0305	2.0938
1EER	blue	af_unrelaxed	1	19.75	1.87	96.0	0.32	1.57	0	0.0257	2.2489
1EER	blue	af_unrelaxed	2	20.6	1.87	96.0	0.96	1.58	0	0.0261	2.2866
1EER	blue	af_unrelaxed	3	26.0	2.67	94.67	0.96	1.77	0	0.029	2.5334
1EER	blue	af_unrelaxed	4	18.24	1.07	96.8	0.96	1.46	0	0.0355	2.0157
1EER	blue	boltz	0	19.08	0.0	97.87	0.96	1.31	0	0.0204	1.6248
1EER	blue	boltz	1	14.7	0.27	97.6	0.32	1.26	0	0.0247	1.6575
1EER	blue	boltz	2	17.73	0.27	97.87	0.32	1.28	0	0.023	1.6362
1EER	blue	boltz	3	17.23	0.0	98.13	0.0	1.24	0	0.0208	1.6371
1EER	blue	boltz	4	13.18	0.27	98.13	0.64	1.13	0	0.0192	1.5496
1EER	blue	amber_af	0	1.18	0.8	97.6	1.27	0.5	1	0.0112	1.6624
1EER	blue	amber_af	1	1.35	1.07	96.8	0.64	0.56	2	0.0114	1.6655
1EER	blue	amber_af	2	1.01	0.53	96.8	1.27	0.58	1	0.0113	1.6871
1EER	blue	amber_af	3	0.84	1.6	97.07	0.96	0.43	0	0.0114	1.6893
1EER	blue	amber_af	4	1.18	0.27	97.6	0.64	0.42	1	0.0114	1.6658
1EER	blue	amber_boltz	0	1.18	0.0	96.53	0.96	0.56	0	0.0112	1.7292
1EER	blue	amber_boltz	1	1.35	0.27	96.8	0.32	0.56	0	0.0113	1.7456
1EER	blue	amber_boltz	2	1.01	0.27	96.8	0.32	0.5	1	0.0114	1.7297
1EER	blue	amber_boltz	3	2.03	0.0	97.6	0.32	0.56	0	0.0113	1.7077
1EER	blue	amber_boltz	4	0.84	0.0	97.87	0.32	0.29	0	0.0114	1.7535
1EFN	blue	crystal	0	17.15	0.65	89.68	4.62	2.3	0	0.0117	1.6457
1EFN	blue	af_relaxed	0	0.76	0.0	99.36	0.71	0.24	0	0.0124	1.6276
1EFN	blue	af_relaxed	1	3.04	0.0	98.73	0.0	0.59	0	0.0125	1.6347
1EFN	blue	af_relaxed	2	1.9	0.0	98.73	0.71	0.45	0	0.0123	1.6184
1EFN	blue	af_relaxed	3	1.9	0.0	99.36	0.0	0.45	0	0.0123	1.6111
1EFN	blue	af_relaxed	4	0.38	0.0	98.73	0.71	0.14	0	0.0124	1.6179
1EFN	blue	af_unrelaxed	0	11.42	0.0	99.36	0.71	1.07	0	0.0175	1.4836
1EFN	blue	af_unrelaxed	1	14.1	0.0	99.36	0.0	1.16	0	0.0174	1.4687
1EFN	blue	af_unrelaxed	2	16.76	0.0	99.36	0.0	1.23	0	0.018	1.5378
1EFN	blue	af_unrelaxed	3	9.13	0.0	99.36	0.0	0.99	0	0.0177	1.5448
1EFN	blue	af_unrelaxed	4	18.26	0.0	98.09	0.0	1.26	0	0.0215	1.608
1EFN	blue	boltz	0	12.18	0.0	99.36	1.42	1.21	0	0.0114	1.0918
1EFN	blue	boltz	1	14.08	0.0	98.73	0.71	1.16	0	0.0111	1.0956
1EFN	blue	boltz	2	13.32	0.0	97.45	1.42	1.36	0	0.0125	1.1383
1EFN	blue	boltz	3	14.46	0.0	98.73	2.13	1.42	0	0.0114	1.0889
1EFN	blue	boltz	4	13.32	0.0	100.0	0.71	1.13	0	0.011	1.0938
1EFN	blue	amber_af	0	1.9	0.0	99.36	0.0	0.45	0	0.0123	1.6121
1EFN	blue	amber_af	1	3.04	0.0	98.73	0.0	0.59	0	0.0125	1.6333
1EFN	blue	amber_af	2	1.9	0.0	98.73	0.71	0.45	0	0.0123	1.6219
1EFN	blue	amber_af	3	0.76	0.0	99.36	0.71	0.24	0	0.0124	1.6217
1EFN	blue	amber_af	4	0.38	0.0	98.73	0.71	0.14	0	0.0123	1.6195
1EFN	blue	amber_boltz	0	0.0	0.0	97.45	1.42	0.22	0	0.0125	1.6628
1EFN	blue	amber_boltz	1	0.0	0.0	98.73	1.42	0.12	0	0.0125	1.679
1EFN	blue	amber_boltz	2	0.76	0.0	96.18	0.71	0.5	0	0.0125	1.6694
1EFN	blue	amber_boltz	3	0.38	0.0	98.09	1.42	0.25	0	0.0124	1.6685
1EFN	blue	amber_boltz	4	0.76	0.0	100.0	0.71	0.24	0	0.0126	1.6764
1EWY	blue	crystal	0	49.51	2.86	84.94	24.32	3.38	0	0.032	1.3584
1EWY	blue	af_relaxed	0	0.82	0.0	96.9	0.6	0.44	0	0.012	1.6895
1EWY	blue	af_relaxed	1	1.15	0.0	97.16	0.3	0.48	1	0.0118	1.6926
1EWY	blue	af_relaxed	2	2.3	0.26	97.16	0.91	0.66	0	0.0119	1.7045
1EWY	blue	af_relaxed	3	1.65	0.0	97.16	0.3	0.57	0	0.012	1.7389
1EWY	blue	af_relaxed	4	2.3	0.26	97.42	0.0	0.62	0	0.0119	1.7061
1EWY	blue	af_unrelaxed	0	11.53	0.0	97.93	0.6	1.09	0	0.0184	1.4738
1EWY	blue	af_unrelaxed	1	20.26	0.26	98.19	0.0	1.3	0	0.0205	1.7277
1EWY	blue	af_unrelaxed	2	9.55	0.0	98.45	0.0	1.0	0	0.0181	1.4342
1EWY	blue	af_unrelaxed	3	28.54	0.0	97.67	0.0	1.51	0	0.0324	2.5924
1EWY	blue	af_unrelaxed	4	12.85	0.0	98.19	0.0	1.12	0	0.0219	1.4753
1EWY	blue	boltz	0	12.02	0.0	98.45	0.3	1.09	0	0.0101	1.0967
1EWY	blue	boltz	1	9.88	0.0	98.45	0.3	1.02	0	0.0109	1.1049
1EWY	blue	boltz	2	11.85	0.0	98.45	0.3	1.09	0	0.0101	1.1027
1EWY	blue	boltz	3	8.89	0.0	98.19	0.3	0.98	0	0.0102	1.1042
1EWY	blue	boltz	4	12.02	0.0	98.45	0.3	1.09	0	0.0102	1.1309
1EWY	blue	amber_af	0	1.81	0.26	97.16	0.91	0.59	0	0.0119	1.7087
1EWY	blue	amber_af	1	2.14	0.26	97.42	0.3	0.6	0	0.0119	1.7092
1EWY	blue	amber_af	2	0.99	0.0	96.9	0.6	0.48	0	0.0119	1.6881
1EWY	blue	amber_af	3	2.3	0.0	97.16	0.3	0.66	1	0.012	1.7386
1EWY	blue	amber_af	4	0.82	0.0	97.16	0.6	0.41	0	0.0118	1.6878
1EWY	blue	amber_boltz	0	0.49	0.0	97.67	0.3	0.24	0	0.0121	1.7358
1EWY	blue	amber_boltz	1	1.15	0.0	96.9	0.3	0.51	0	0.0118	1.7292
1EWY	blue	amber_boltz	2	0.66	0.0	97.16	0.91	0.37	0	0.012	1.7517
1EWY	blue	amber_boltz	3	0.82	0.0	97.16	0.3	0.41	0	0.012	1.7439
1EWY	blue	amber_boltz	4	1.81	0.0	97.42	0.6	0.56	1	0.012	1.7421
1EXB	blue	crystal	0	9.05	0.24	97.82	2.56	1.33	0	0.0084	1.658
1EXB	blue	af_relaxed	0	1.2	0.48	98.79	1.69	0.51	0	0.0119	1.6662
1EXB	blue	af_relaxed	1	7.34	0.48	97.34	0.84	1.03	0	0.012	1.7589
1EXB	blue	af_relaxed	2	5.55	0.48	96.37	1.12	1.08	2	0.0121	1.7854
1EXB	blue	af_relaxed	3	11.99	0.24	98.06	1.12	1.13	3	0.0122	1.8177
1EXB	blue	af_relaxed	4	9.74	0.24	97.82	1.12	1.09	2	0.012	1.7772
1EXB	blue	af_unrelaxed	0	16.05	0.48	99.03	1.97	1.43	0	0.018	1.4436
1EXB	blue	af_unrelaxed	1	42.62	0.48	98.31	1.12	1.65	0	0.0224	1.7255
1EXB	blue	af_unrelaxed	2	40.68	0.48	97.82	0.84	1.63	0	0.0244	1.6751
1EXB	blue	af_unrelaxed	3	63.18	0.73	98.06	1.4	1.88	0	0.0254	1.8282
1EXB	blue	af_unrelaxed	4	30.92	0.73	98.06	0.84	1.48	0	0.0243	1.4651
1EXB	blue	boltz	0	24.59	0.48	98.06	0.28	1.38	0	0.0108	1.0797
1EXB	blue	boltz	1	17.99	0.48	98.55	0.56	1.25	0	0.0109	1.085
1EXB	blue	boltz	2	19.79	0.48	98.06	0.0	1.29	0	0.0106	1.066
1EXB	blue	boltz	3	24.59	0.48	98.06	0.28	1.38	0	0.0108	1.0888
1EXB	blue	boltz	4	21.3	0.73	98.31	0.0	1.32	0	0.0116	1.0802
1EXB	blue	amber_af	0	1.5	0.48	98.79	1.4	0.5	0	0.0119	1.67
1EXB	blue	amber_af	1	6.44	0.48	97.34	0.84	0.98	1	0.012	1.776
1EXB	blue	amber_af	2	9.74	0.24	97.58	0.84	1.1	2	0.012	1.7791
1EXB	blue	amber_af	3	11.84	0.24	98.06	0.84	1.09	3	0.0122	1.8265
1EXB	blue	amber_af	4	5.4	0.48	96.37	1.12	1.07	1	0.0121	1.7963
1EXB	blue	amber_boltz	0	3.45	0.48	97.82	0.28	0.68	1	0.0121	1.7692
1EXB	blue	amber_boltz	1	2.25	0.73	98.31	0.28	0.5	1	0.0118	1.7643
1EXB	blue	amber_boltz	2	3.0	0.48	98.06	0.0	0.59	1	0.0119	1.7877
1EXB	blue	amber_boltz	3	2.7	0.48	97.82	0.28	0.6	0	0.012	1.7746
1EXB	blue	amber_boltz	4	2.7	0.73	97.58	0.0	0.64	0	0.0121	1.7662
1EZU	blue	crystal	0	7.35	1.39	93.31	7.28	1.99	1	0.0127	1.7986
1EZU	blue	af_relaxed	0	0.54	0.0	98.05	0.0	0.18	0	0.0115	1.6771
1EZU	blue	af_relaxed	1	0.36	0.0	98.61	0.0	0.13	0	0.0115	1.6819
1EZU	blue	af_relaxed	2	0.54	0.0	98.61	0.32	0.18	0	0.0114	1.6807
1EZU	blue	af_relaxed	3	0.54	0.0	98.33	1.62	0.34	0	0.0115	1.6731
1EZU	blue	af_relaxed	4	0.36	0.0	98.05	0.0	0.13	0	0.0115	1.6669
1EZU	blue	af_unrelaxed	0	13.04	0.0	97.77	1.94	1.4	0	0.0188	1.5704
1EZU	blue	af_unrelaxed	1	9.6	0.0	97.77	0.32	1.06	0	0.0167	1.6249
1EZU	blue	af_unrelaxed	2	10.51	0.0	98.05	0.0	1.04	0	0.018	1.543
1EZU	blue	af_unrelaxed	3	9.24	0.0	98.05	0.32	0.99	0	0.0171	1.5681
1EZU	blue	af_unrelaxed	4	8.52	0.28	98.05	0.32	0.96	0	0.0209	1.5466
1EZU	blue	boltz	0	8.51	0.0	98.89	0.0	0.96	0	0.0121	1.1982
1EZU	blue	boltz	1	7.79	0.0	98.89	0.0	0.93	0	0.0128	1.1942
1EZU	blue	boltz	2	5.8	0.0	98.89	0.0	0.82	0	0.0119	1.1833
1EZU	blue	boltz	3	5.61	0.0	98.05	0.0	0.8	0	0.0119	1.183
1EZU	blue	boltz	4	7.25	0.0	99.16	0.32	0.9	0	0.0126	1.1797
1EZU	blue	amber_af	0	0.36	0.0	98.05	1.29	0.22	0	0.0115	1.6803
1EZU	blue	amber_af	1	0.36	0.0	98.33	0.32	0.13	0	0.0115	1.6749
1EZU	blue	amber_af	2	0.18	0.0	98.05	0.0	0.07	0	0.0114	1.6673
1EZU	blue	amber_af	3	0.72	0.0	98.61	0.0	0.23	0	0.0115	1.6749
1EZU	blue	amber_af	4	0.72	0.0	98.89	0.0	0.23	0	0.0114	1.6774
1EZU	blue	amber_boltz	0	0.54	0.0	98.33	0.32	0.18	0	0.0116	1.6904
1EZU	blue	amber_boltz	1	0.36	0.0	98.89	0.32	0.13	0	0.0116	1.6912
1EZU	blue	amber_boltz	2	0.72	0.0	98.61	0.0	0.23	0	0.0115	1.7096
1EZU	blue	amber_boltz	3	0.91	0.0	98.61	0.32	0.27	0	0.0116	1.686
1EZU	blue	amber_boltz	4	0.91	0.0	98.33	0.32	0.27	0	0.0115	1.6922
1F34	blue	crystal	0	15.04	0.44	92.09	2.03	1.9	0	0.009	1.6014
1F34	blue	af_relaxed	0	1.03	0.22	96.95	0.76	0.48	0	0.0114	1.7039
1F34	blue	af_relaxed	1	0.74	0.44	96.73	0.25	0.44	0	0.0114	1.69
1F34	blue	af_relaxed	2	0.88	0.22	96.51	0.76	0.5	0	0.0114	1.7008
1F34	blue	af_relaxed	3	0.29	0.44	95.64	0.76	0.41	0	0.0124	1.8142
1F34	blue	af_relaxed	4	0.59	0.22	97.17	0.76	0.35	0	0.0115	1.6927
1F34	blue	af_unrelaxed	0	12.99	0.65	97.39	1.52	1.38	0	0.0193	1.7658
1F34	blue	af_unrelaxed	1	11.8	0.87	97.82	0.25	1.13	0	0.0168	1.6526
1F34	blue	af_unrelaxed	2	14.16	0.87	97.6	0.25	1.24	0	0.0198	1.6607
1F34	blue	af_unrelaxed	3	12.39	0.87	97.82	0.51	1.15	0	0.019	1.6477
1F34	blue	af_unrelaxed	4	16.37	0.87	97.82	0.51	1.26	0	0.0223	1.6534
1F34	blue	boltz	0	9.73	0.44	98.47	0.0	1.01	0	0.013	1.2715
1F34	blue	boltz	1	8.26	0.87	98.26	0.0	0.95	0	0.0121	1.296
1F34	blue	boltz	2	11.06	0.65	98.47	0.0	1.06	0	0.0128	1.2811
1F34	blue	boltz	3	10.91	0.44	98.26	0.0	1.06	0	0.0127	1.2818
1F34	blue	boltz	4	10.62	0.87	98.04	0.0	1.04	0	0.0133	1.2477
1F34	blue	amber_af	0	1.03	0.22	96.73	0.76	0.51	0	0.0115	1.695
1F34	blue	amber_af	1	0.29	0.44	95.64	0.25	0.41	0	0.0124	1.8243
1F34	blue	amber_af	2	0.74	0.22	96.95	0.25	0.41	0	0.0115	1.6893
1F34	blue	amber_af	3	0.44	0.22	97.17	0.76	0.31	0	0.0115	1.694
1F34	blue	amber_af	4	0.88	0.22	96.95	0.51	0.45	0	0.0114	1.6974
1F34	blue	amber_boltz	0	0.44	0.22	97.39	0.0	0.28	0	0.0116	1.72
1F34	blue	amber_boltz	1	0.74	0.65	96.73	0.25	0.44	0	0.0119	1.7298
1F34	blue	amber_boltz	2	0.59	0.22	97.82	0.76	0.24	0	0.0117	1.7115
1F34	blue	amber_boltz	3	0.88	0.22	97.39	0.25	0.39	0	0.0116	1.7075
1F34	blue	amber_boltz	4	0.59	0.65	96.73	0.25	0.4	0	0.0116	1.7344
1F51	blue	crystal	0	33.04	2.36	83.78	11.28	2.98	1	0.0103	1.7894
1F51	blue	af_relaxed	0	0.61	0.0	98.65	0.0	0.2	0	0.0117	1.6503
1F51	blue	af_relaxed	1	1.84	0.0	97.97	0.37	0.45	0	0.0115	1.6627
1F51	blue	af_relaxed	2	0.82	0.0	98.31	0.0	0.25	0	0.0115	1.6535
1F51	blue	af_relaxed	3	0.82	0.0	99.66	0.37	0.25	0	0.0116	1.6397
1F51	blue	af_relaxed	4	1.43	0.0	98.99	1.11	0.41	0	0.0116	1.664
1F51	blue	af_unrelaxed	0	21.45	0.0	99.66	0.0	1.33	0	0.0202	1.4266
1F51	blue	af_unrelaxed	1	17.77	0.34	98.31	0.37	1.25	0	0.0165	1.4618
1F51	blue	af_unrelaxed	2	19.81	0.0	98.31	0.37	1.29	0	0.0213	1.4611
1F51	blue	af_unrelaxed	3	17.57	0.0	99.32	0.0	1.24	0	0.0182	1.3768
1F51	blue	af_unrelaxed	4	15.52	0.34	98.31	1.48	1.32	0	0.024	1.4092
1F51	blue	boltz	0	15.73	0.0	99.32	0.37	1.2	0	0.0109	1.0448
1F51	blue	boltz	1	17.36	0.0	99.32	0.0	1.24	0	0.0102	1.0767
1F51	blue	boltz	2	23.28	0.0	98.99	0.0	1.36	0	0.0117	1.0199
1F51	blue	boltz	3	22.67	0.0	99.32	0.0	1.35	0	0.0116	1.0315
1F51	blue	boltz	4	21.45	0.0	99.32	0.0	1.33	0	0.0118	1.0288
1F51	blue	amber_af	0	0.82	0.0	98.31	0.0	0.25	0	0.0115	1.6486
1F51	blue	amber_af	1	0.61	0.0	98.65	0.0	0.2	0	0.0117	1.6483
1F51	blue	amber_af	2	1.02	0.0	99.32	0.37	0.3	0	0.0116	1.6391
1F51	blue	amber_af	3	2.04	0.0	97.97	0.37	0.48	0	0.0115	1.6639
1F51	blue	amber_af	4	1.43	0.0	98.99	0.74	0.38	0	0.0116	1.6589
1F51	blue	amber_boltz	0	1.43	0.0	98.65	0.37	0.38	0	0.0119	1.7079
1F51	blue	amber_boltz	1	1.43	0.0	98.65	0.0	0.38	0	0.0118	1.6898
1F51	blue	amber_boltz	2	1.84	0.0	98.31	0.0	0.44	0	0.0116	1.6957
1F51	blue	amber_boltz	3	2.04	0.0	98.65	0.0	0.47	0	0.0115	1.7242
1F51	blue	amber_boltz	4	2.25	0.0	98.65	0.0	0.5	0	0.0115	1.7085
1F6M	blue	crystal	0	25.43	0.95	88.65	8.26	2.68	0	0.0089	1.5603
1F6M	blue	af_relaxed	0	1.09	0.0	98.11	0.0	0.31	1	0.0112	1.6813
1F6M	blue	af_relaxed	1	2.17	0.0	97.87	0.29	0.52	0	0.0112	1.688
1F6M	blue	af_relaxed	2	4.19	0.24	96.93	0.29	0.88	1	0.0113	1.7341
1F6M	blue	af_relaxed	3	5.89	0.24	97.64	1.18	0.95	3	0.0116	1.8245
1F6M	blue	af_relaxed	4	3.26	0.0	98.35	0.59	0.62	0	0.0111	1.7276
1F6M	blue	af_unrelaxed	0	35.52	0.0	98.35	2.95	1.89	0	0.0217	1.7046
1F6M	blue	af_unrelaxed	1	21.87	0.24	98.35	0.29	1.33	0	0.0176	1.7103
1F6M	blue	af_unrelaxed	2	15.98	0.0	98.35	0.88	1.21	0	0.0186	1.5785
1F6M	blue	af_unrelaxed	3	28.08	0.24	98.11	1.18	1.49	0	0.018	1.6163
1F6M	blue	af_unrelaxed	4	20.17	0.24	98.11	0.29	1.3	0	0.0236	1.6264
1F6M	blue	boltz	0	9.46	0.47	98.11	0.0	1.0	0	0.011	1.1179
1F6M	blue	boltz	1	11.32	0.0	98.35	0.0	1.07	0	0.0102	1.1099
1F6M	blue	boltz	2	10.55	0.24	97.87	0.29	1.07	0	0.0106	1.1265
1F6M	blue	boltz	3	8.84	0.0	98.35	0.0	0.97	0	0.0105	1.1166
1F6M	blue	boltz	4	10.86	0.0	98.11	0.0	1.05	0	0.0103	1.1137
1F6M	blue	amber_af	0	5.74	0.24	97.16	1.18	1.02	2	0.0116	1.7941
1F6M	blue	amber_af	1	2.33	0.0	98.11	0.0	0.51	0	0.0112	1.69
1F6M	blue	amber_af	2	1.4	0.0	98.11	0.0	0.37	1	0.0112	1.6801
1F6M	blue	amber_af	3	3.88	0.24	97.16	0.0	0.83	1	0.0113	1.7348
1F6M	blue	amber_af	4	3.41	0.0	98.35	0.29	0.63	0	0.0111	1.7131
1F6M	blue	amber_boltz	0	1.24	0.47	98.35	0.0	0.34	0	0.0115	1.7134
1F6M	blue	amber_boltz	1	0.16	0.0	98.35	0.29	0.06	0	0.0115	1.7055
1F6M	blue	amber_boltz	2	0.93	0.47	97.87	0.29	0.31	0	0.0116	1.7066
1F6M	blue	amber_boltz	3	0.62	0.47	98.35	0.0	0.21	0	0.0115	1.7032
1F6M	blue	amber_boltz	4	0.93	0.47	98.11	0.29	0.28	0	0.0115	1.7169
1FAK	blue	crystal	0	27.99	0.19	94.68	9.77	2.55	58	0.0253	3.6092
1FAK	blue	af_relaxed	0	0.59	1.31	93.84	1.04	0.62	0	0.0115	1.7476
1FAK	blue	af_relaxed	1	1.78	0.56	91.6	2.91	1.29	5	0.0125	1.9713
1FAK	blue	af_relaxed	2	7.35	2.43	91.6	2.49	1.71	12	0.0134	2.2577
1FAK	blue	af_relaxed	3	8.06	1.31	93.1	2.91	1.74	5	0.0121	1.9624
1FAK	blue	af_relaxed	4	9.0	1.87	89.55	2.29	1.82	5	0.0291	2.1734
1FAK	blue	af_unrelaxed	0	14.23	2.8	93.47	2.29	1.86	0	0.0212	1.9897
1FAK	blue	af_unrelaxed	1	61.02	6.9	88.99	3.53	2.75	0	0.0357	3.1516
1FAK	blue	af_unrelaxed	2	42.59	5.6	89.55	2.91	2.52	0	0.0287	2.9445
1FAK	blue	af_unrelaxed	3	41.3	5.97	88.81	2.29	2.45	0	0.0266	2.6183
1FAK	blue	af_unrelaxed	4	57.35	3.73	90.49	3.12	2.64	0	0.0354	3.1311
1FAK	blue	boltz	0	12.92	0.19	97.95	0.83	1.13	0	0.0133	1.2327
1FAK	blue	boltz	1	8.18	0.19	97.76	0.21	1.0	0	0.0121	1.2661
1FAK	blue	boltz	2	11.26	0.0	98.13	0.62	1.07	0	0.0123	1.2367
1FAK	blue	boltz	3	12.33	0.19	97.76	0.62	1.16	0	0.0117	1.2588
1FAK	blue	boltz	4	8.3	0.37	97.39	0.42	1.07	0	0.0129	1.2595
1FAK	blue	amber_af	0	0.83	1.31	93.84	1.25	0.74	0	0.0115	1.7349
1FAK	blue	amber_af	1	8.17	1.68	90.86	3.12	1.84	5	0.0291	2.1743
1FAK	blue	amber_af	2	8.29	1.12	92.54	2.91	1.77	7	0.0121	1.9827
1FAK	blue	amber_af	3	3.44	0.37	91.6	2.49	1.44	5	0.0124	1.9418
1FAK	blue	amber_af	4	5.81	2.24	90.3	2.49	1.66	10	0.0134	2.2405
1FAK	blue	amber_boltz	0	0.47	0.0	97.2	0.21	0.31	1	0.0115	1.7342
1FAK	blue	amber_boltz	1	0.36	0.0	96.83	0.21	0.32	2	0.0118	1.7387
1FAK	blue	amber_boltz	2	0.83	0.19	97.76	0.21	0.31	1	0.0117	1.746
1FAK	blue	amber_boltz	3	0.83	0.19	97.2	0.0	0.4	1	0.0118	1.733
1FAK	blue	amber_boltz	4	0.59	0.0	97.2	0.42	0.34	1	0.0116	1.7328
1FC2	blue	af_relaxed	0	1.38	0.9	99.1	1.42	0.48	0	0.0119	1.7024
1FC2	blue	af_relaxed	1	10.46	0.9	95.96	2.83	1.66	5	0.0128	2.0778
1FC2	blue	af_relaxed	2	20.91	2.69	91.93	2.36	2.09	6	0.056	2.4595
1FC2	blue	af_relaxed	3	8.26	2.24	95.07	3.3	1.68	3	0.0132	2.1716
1FC2	blue	af_relaxed	4	18.44	0.45	96.41	1.89	1.71	4	0.0131	2.2073
1FC2	blue	af_unrelaxed	0	90.08	2.24	95.07	2.36	2.55	0	0.044	3.3996
1FC2	blue	af_unrelaxed	1	99.75	1.35	95.07	1.42	2.42	0	0.0261	2.6834
1FC2	blue	af_unrelaxed	2	77.52	0.9	95.96	1.89	2.35	0	0.0243	2.3327
1FC2	blue	af_unrelaxed	3	56.61	0.0	98.21	1.42	1.84	0	0.0323	2.0087
1FC2	blue	af_unrelaxed	4	15.98	0.45	98.21	0.94	1.21	0	0.0219	1.7683
1FC2	blue	boltz	0	47.38	1.35	98.65	0.0	1.65	0	0.0122	1.1483
1FC2	blue	boltz	1	35.24	0.9	98.65	0.0	1.53	0	0.0115	1.1073
1FC2	blue	boltz	2	21.75	0.45	98.65	0.0	1.33	0	0.0128	1.148
1FC2	blue	boltz	3	26.98	1.35	97.76	0.0	1.47	0	0.0114	1.136
1FC2	blue	boltz	4	42.69	0.9	97.76	0.0	1.66	0	0.0123	1.1162
1FC2	blue	amber_af	0	13.48	1.79	92.38	2.83	1.95	6	0.0395	2.4076
1FC2	blue	amber_af	1	19.81	0.45	96.86	1.89	1.69	4	0.0132	2.2401
1FC2	blue	amber_af	2	6.33	1.79	95.52	3.77	1.6	3	0.0131	2.1881
1FC2	blue	amber_af	3	9.63	0.9	95.96	3.3	1.68	5	0.0128	2.0685
1FC2	blue	amber_af	4	1.1	0.9	98.65	1.42	0.43	0	0.0119	1.7151
1FC2	blue	amber_boltz	0	7.71	1.35	97.31	0.47	1.05	0	0.0121	1.8283
1FC2	blue	amber_boltz	1	5.5	0.9	97.76	0.0	0.85	0	0.0121	1.7734
1FC2	blue	amber_boltz	2	2.48	0.45	98.21	0.0	0.53	0	0.0119	1.7111
1FC2	blue	amber_boltz	3	4.4	1.79	97.76	0.0	0.77	1	0.012	1.7875
1FC2	blue	amber_boltz	4	6.88	0.45	97.31	0.47	1.01	1	0.0122	1.7813
1FCC	blue	crystal	0	43.66	6.23	84.05	10.92	3.08	2	0.0184	2.2155
1FCC	blue	af_relaxed	0	4.37	0.0	98.05	0.0	0.72	0	0.0118	1.7649
1FCC	blue	af_relaxed	1	1.94	0.0	99.61	0.42	0.46	0	0.0116	1.7174
1FCC	blue	af_relaxed	2	3.64	0.0	99.61	1.26	0.73	2	0.0116	1.7512
1FCC	blue	af_relaxed	3	3.15	0.39	97.67	0.84	0.68	3	0.0126	1.9087
1FCC	blue	af_relaxed	4	3.64	0.0	99.22	0.42	0.65	1	0.0116	1.7494
1FCC	blue	af_unrelaxed	0	25.75	0.0	99.61	0.0	1.4	0	0.0228	1.6963
1FCC	blue	af_unrelaxed	1	22.1	0.0	99.61	0.0	1.34	0	0.024	1.8421
1FCC	blue	af_unrelaxed	2	29.15	0.0	99.61	0.42	1.45	0	0.0201	1.7421
1FCC	blue	af_unrelaxed	3	21.37	0.0	99.61	0.0	1.32	0	0.0195	1.6936
1FCC	blue	af_unrelaxed	4	31.07	0.0	99.61	0.0	1.48	0	0.0216	1.6739
1FCC	blue	boltz	0	6.31	0.0	99.22	0.0	0.85	0	0.0119	1.1615
1FCC	blue	boltz	1	4.13	0.0	98.44	0.0	0.7	0	0.0122	1.1717
1FCC	blue	boltz	2	6.07	0.0	99.61	0.0	0.83	0	0.0122	1.1769
1FCC	blue	boltz	3	12.13	0.0	99.22	0.42	1.1	0	0.0118	1.1805
1FCC	blue	boltz	4	9.47	0.0	99.22	0.42	1.0	0	0.0135	1.1986
1FCC	blue	amber_af	0	3.88	0.0	99.22	0.0	0.68	1	0.0116	1.7705
1FCC	blue	amber_af	1	4.61	0.39	98.05	2.1	0.98	3	0.0124	1.9236
1FCC	blue	amber_af	2	5.58	0.0	98.05	0.0	0.8	0	0.0119	1.7789
1FCC	blue	amber_af	3	1.7	0.0	99.61	0.0	0.42	0	0.0116	1.7105
1FCC	blue	amber_af	4	3.15	0.39	98.44	0.84	0.61	3	0.0116	1.7768
1FCC	blue	amber_boltz	0	0.24	0.0	99.22	0.42	0.09	0	0.0119	1.6734
1FCC	blue	amber_boltz	1	0.0	0.0	98.83	0.42	0.0	0	0.0119	1.6694
1FCC	blue	amber_boltz	2	0.73	0.0	99.22	0.0	0.23	0	0.0118	1.7026
1FCC	blue	amber_boltz	3	0.97	0.0	98.44	0.0	0.29	0	0.0118	1.7013
1FCC	blue	amber_boltz	4	0.49	0.0	98.83	0.42	0.17	0	0.0118	1.6953
1FFW	blue	crystal	0	7.97	0.0	97.91	2.52	1.26	0	0.0106	1.5172
1FFW	blue	af_relaxed	0	0.33	0.0	99.48	0.0	0.12	0	0.011	1.6382
1FFW	blue	af_relaxed	1	1.33	0.0	98.43	0.0	0.36	0	0.011	1.6633
1FFW	blue	af_relaxed	2	1.0	0.0	99.48	0.0	0.29	0	0.0109	1.6781
1FFW	blue	af_relaxed	3	0.33	0.0	99.48	0.0	0.12	0	0.0108	1.6676
1FFW	blue	af_relaxed	4	1.99	0.0	99.48	0.63	0.47	0	0.0108	1.6987
1FFW	blue	af_unrelaxed	0	22.94	0.0	97.91	0.0	1.38	0	0.0178	1.6007
1FFW	blue	af_unrelaxed	1	17.29	0.0	99.48	0.0	1.24	0	0.016	1.4677
1FFW	blue	af_unrelaxed	2	18.29	0.0	99.48	0.0	1.26	0	0.0164	1.4741
1FFW	blue	af_unrelaxed	3	12.97	0.0	99.48	0.0	1.12	0	0.0162	1.4758
1FFW	blue	af_unrelaxed	4	21.3	0.0	98.43	0.63	1.32	0	0.0211	1.5199
1FFW	blue	boltz	0	7.98	0.0	99.48	0.0	0.93	0	0.0107	1.034
1FFW	blue	boltz	1	8.31	0.0	99.48	0.0	0.95	0	0.0107	1.0343
1FFW	blue	boltz	2	7.31	0.0	99.48	0.0	0.9	0	0.0112	1.0559
1FFW	blue	boltz	3	3.99	0.0	99.48	0.0	0.68	0	0.01	1.0601
1FFW	blue	boltz	4	5.98	0.0	99.48	0.0	0.83	0	0.0107	1.0551
1FFW	blue	amber_af	0	0.33	0.0	99.48	0.0	0.12	0	0.0108	1.6681
1FFW	blue	amber_af	1	0.66	0.0	99.48	0.0	0.22	0	0.011	1.6394
1FFW	blue	amber_af	2	0.33	0.0	99.48	0.0	0.12	0	0.0109	1.6726
1FFW	blue	amber_af	3	1.33	0.0	98.43	0.0	0.36	0	0.011	1.6601
1FFW	blue	amber_af	4	1.66	0.0	99.48	0.63	0.42	0	0.0108	1.6906
1FFW	blue	amber_boltz	0	1.66	0.0	99.48	0.0	0.42	0	0.0111	1.6372
1FFW	blue	amber_boltz	1	0.66	0.0	98.95	0.0	0.22	0	0.0109	1.6469
1FFW	blue	amber_boltz	2	0.66	0.0	98.95	0.0	0.22	0	0.011	1.6451
1FFW	blue	amber_boltz	3	0.0	0.0	99.48	0.0	0.0	0	0.0112	1.6427
1FFW	blue	amber_boltz	4	0.66	0.0	99.48	0.0	0.22	0	0.011	1.6481
1FLE	blue	crystal	0	19.49	0.35	93.97	14.71	2.58	14	0.0204	3.2851
1FLE	blue	af_relaxed	0	0.23	0.0	95.39	0.84	0.41	0	0.0112	1.6917
1FLE	blue	af_relaxed	1	0.0	0.0	95.39	0.42	0.32	0	0.0112	1.6842
1FLE	blue	af_relaxed	2	0.23	0.0	95.39	0.42	0.41	0	0.0112	1.6818
1FLE	blue	af_relaxed	3	0.7	0.0	95.74	0.42	0.52	0	0.0112	1.6784
1FLE	blue	af_relaxed	4	0.7	0.0	95.74	0.42	0.52	0	0.0114	1.7041
1FLE	blue	af_unrelaxed	0	8.93	0.0	95.04	0.42	1.32	0	0.0178	1.5018
1FLE	blue	af_unrelaxed	1	12.22	0.35	95.39	0.42	1.42	0	0.0165	1.6084
1FLE	blue	af_unrelaxed	2	10.57	0.0	95.04	0.0	1.39	0	0.0178	1.489
1FLE	blue	af_unrelaxed	3	9.87	0.0	95.74	0.42	1.31	0	0.0258	1.4898
1FLE	blue	af_unrelaxed	4	13.62	0.35	95.04	0.0	1.49	0	0.0217	1.6273
1FLE	blue	boltz	0	9.63	0.0	97.16	0.0	1.16	0	0.0157	1.2665
1FLE	blue	boltz	1	11.04	0.0	97.16	0.0	1.21	0	0.0164	1.2941
1FLE	blue	boltz	2	10.57	0.0	97.16	0.0	1.19	0	0.0157	1.2842
1FLE	blue	boltz	3	8.92	0.0	97.16	0.42	1.13	0	0.0152	1.3019
1FLE	blue	boltz	4	9.16	0.0	97.16	0.0	1.14	0	0.0161	1.3044
1FLE	blue	amber_af	0	0.94	0.0	95.39	0.42	0.6	0	0.0112	1.6806
1FLE	blue	amber_af	1	0.7	0.0	95.39	0.42	0.55	1	0.0112	1.7072
1FLE	blue	amber_af	2	0.47	0.0	95.39	0.42	0.48	0	0.0112	1.6773
1FLE	blue	amber_af	3	0.7	0.0	95.74	0.0	0.52	0	0.0114	1.6957
1FLE	blue	amber_af	4	0.23	0.0	95.39	0.42	0.41	0	0.0111	1.6859
1FLE	blue	amber_boltz	0	0.23	0.0	97.52	0.42	0.19	0	0.0114	1.7255
1FLE	blue	amber_boltz	1	0.7	0.0	97.52	0.42	0.33	0	0.0114	1.7272
1FLE	blue	amber_boltz	2	0.7	0.0	96.81	0.42	0.42	0	0.0116	1.7253
1FLE	blue	amber_boltz	3	0.94	0.0	97.16	0.42	0.43	0	0.0117	1.7086
1FLE	blue	amber_boltz	4	0.7	0.0	96.81	0.42	0.42	0	0.0115	1.7104
1FQ1	blue	crystal	0	65.48	10.17	70.34	10.43	3.4	0	0.0146	2.0947
1FQ1	blue	af_relaxed	0	2.09	1.05	95.36	0.71	0.8	0	0.0118	1.7675
1FQ1	blue	af_relaxed	1	0.78	0.63	97.05	1.18	0.47	0	0.0118	1.7243
1FQ1	blue	af_relaxed	2	1.17	1.05	94.94	0.95	0.68	0	0.0119	1.7265
1FQ1	blue	af_relaxed	3	1.17	0.42	96.84	0.47	0.52	0	0.0118	1.7165
1FQ1	blue	af_relaxed	4	3.39	1.05	95.57	0.95	0.94	0	0.012	1.803
1FQ1	blue	af_unrelaxed	0	11.75	1.05	96.84	3.79	1.72	0	0.0223	1.5945
1FQ1	blue	af_unrelaxed	1	20.61	3.59	93.04	0.71	1.76	0	0.0179	1.7938
1FQ1	blue	af_unrelaxed	2	11.61	0.63	96.84	0.71	1.27	0	0.0196	1.6282
1FQ1	blue	af_unrelaxed	3	22.32	2.74	94.51	1.42	1.83	0	0.0186	1.8379
1FQ1	blue	af_unrelaxed	4	22.44	3.16	93.25	1.42	1.9	0	0.0226	1.856
1FQ1	blue	boltz	0	11.22	0.42	97.47	0.24	1.17	0	0.0106	1.1289
1FQ1	blue	boltz	1	10.3	0.21	98.31	0.24	1.03	0	0.0107	1.1297
1FQ1	blue	boltz	2	14.87	0.42	97.89	0.0	1.2	0	0.0106	1.1102
1FQ1	blue	boltz	3	14.61	0.21	97.89	0.24	1.2	0	0.0106	1.1076
1FQ1	blue	boltz	4	15.91	0.21	97.89	0.24	1.23	0	0.011	1.1216
1FQ1	blue	amber_af	0	1.04	0.42	96.62	0.95	0.52	0	0.0118	1.7273
1FQ1	blue	amber_af	1	1.3	1.05	94.94	0.95	0.71	0	0.0118	1.7264
1FQ1	blue	amber_af	2	0.91	0.42	96.84	0.24	0.47	0	0.0117	1.7172
1FQ1	blue	amber_af	3	2.87	1.27	95.78	0.95	0.87	0	0.012	1.806
1FQ1	blue	amber_af	4	1.56	1.05	95.57	0.71	0.71	0	0.0118	1.7637
1FQ1	blue	amber_boltz	0	1.83	0.21	97.05	0.0	0.61	1	0.0119	1.7594
1FQ1	blue	amber_boltz	1	1.04	0.42	97.26	0.0	0.44	0	0.0121	1.7411
1FQ1	blue	amber_boltz	2	1.43	0.21	97.05	0.0	0.55	1	0.012	1.7597
1FQ1	blue	amber_boltz	3	1.17	0.21	97.68	0.47	0.4	0	0.0119	1.7488
1FQ1	blue	amber_boltz	4	1.56	0.21	97.89	0.47	0.43	0	0.0118	1.7746
1FQJ	blue	crystal	0	6.41	0.22	97.09	1.0	1.02	0	0.0086	1.359
1FQJ	blue	af_relaxed	0	0.82	0.0	99.1	0.25	0.25	0	0.0122	1.6754
1FQJ	blue	af_relaxed	1	0.68	0.0	99.1	0.5	0.22	0	0.0121	1.6701
1FQJ	blue	af_relaxed	2	0.68	0.0	99.1	0.0	0.22	0	0.0122	1.6594
1FQJ	blue	af_relaxed	3	1.23	0.0	98.88	0.0	0.34	0	0.0121	1.6544
1FQJ	blue	af_relaxed	4	0.95	0.0	98.88	0.0	0.29	0	0.0121	1.6602
1FQJ	blue	af_unrelaxed	0	14.74	0.0	99.1	1.0	1.17	0	0.0166	1.2251
1FQJ	blue	af_unrelaxed	1	9.82	0.0	99.33	0.0	1.01	0	0.0149	1.252
1FQJ	blue	af_unrelaxed	2	14.05	0.0	99.1	0.0	1.16	0	0.0171	1.2555
1FQJ	blue	af_unrelaxed	3	15.14	0.0	99.33	0.0	1.18	0	0.0155	1.2719
1FQJ	blue	af_unrelaxed	4	12.55	0.0	99.1	0.25	1.11	0	0.019	1.2508
1FQJ	blue	boltz	0	8.87	0.0	98.88	0.25	0.98	0	0.01	1.0355
1FQJ	blue	boltz	1	9.28	0.0	99.1	0.0	0.99	0	0.0101	1.0122
1FQJ	blue	boltz	2	11.05	0.22	99.1	0.5	1.06	0	0.0105	1.0576
1FQJ	blue	boltz	3	10.37	0.0	99.1	0.25	1.04	0	0.0118	1.0062
1FQJ	blue	boltz	4	14.88	0.0	99.1	0.0	1.18	0	0.012	1.0083
1FQJ	blue	amber_af	0	1.09	0.22	98.88	0.25	0.31	1	0.0122	1.7083
1FQJ	blue	amber_af	1	0.55	0.0	99.1	0.0	0.19	0	0.0122	1.6615
1FQJ	blue	amber_af	2	0.95	0.0	98.88	0.0	0.29	0	0.0121	1.6573
1FQJ	blue	amber_af	3	0.95	0.0	98.88	0.0	0.29	0	0.0121	1.6586
1FQJ	blue	amber_af	4	0.68	0.0	99.1	0.5	0.22	0	0.0121	1.6805
1FQJ	blue	amber_boltz	0	0.55	0.0	99.1	0.0	0.19	0	0.0123	1.6671
1FQJ	blue	amber_boltz	1	0.68	0.0	99.1	0.5	0.22	0	0.0122	1.6917
1FQJ	blue	amber_boltz	2	0.68	0.0	98.65	0.0	0.22	0	0.0122	1.6958
1FQJ	blue	amber_boltz	3	0.55	0.0	99.33	0.5	0.19	0	0.0123	1.6901
1FQJ	blue	amber_boltz	4	0.95	0.0	99.1	0.25	0.29	0	0.0121	1.6899
1GCQ	blue	crystal	0	3.56	0.0	99.18	3.74	1.08	0	0.0105	1.4868
1GCQ	blue	af_relaxed	0	1.02	0.0	97.54	0.0	0.39	0	0.0124	1.6657
1GCQ	blue	af_relaxed	1	1.52	0.0	97.54	0.0	0.49	0	0.0124	1.66
1GCQ	blue	af_relaxed	2	2.03	0.0	96.72	0.93	0.68	0	0.0126	1.6807
1GCQ	blue	af_relaxed	3	1.52	0.0	99.18	0.0	0.39	0	0.0123	1.6901
1GCQ	blue	af_relaxed	4	1.02	0.82	97.54	0.93	0.39	0	0.0124	1.6943
1GCQ	blue	af_unrelaxed	0	18.83	2.46	96.72	0.0	1.48	0	0.0193	1.8727
1GCQ	blue	af_unrelaxed	1	16.28	2.46	96.72	0.93	1.42	0	0.0191	1.8569
1GCQ	blue	af_unrelaxed	2	22.91	1.64	97.54	0.0	1.45	0	0.0185	1.8506
1GCQ	blue	af_unrelaxed	3	22.39	1.64	97.54	0.93	1.44	0	0.0177	1.9463
1GCQ	blue	af_unrelaxed	4	20.35	2.46	96.72	0.93	1.51	0	0.0207	1.816
1GCQ	blue	boltz	0	16.28	0.0	99.18	0.0	1.21	0	0.0109	1.1023
1GCQ	blue	boltz	1	14.26	0.0	99.18	0.0	1.16	0	0.0139	1.1193
1GCQ	blue	boltz	2	14.75	0.82	98.36	0.0	1.17	0	0.0117	1.1351
1GCQ	blue	boltz	3	12.72	0.0	100.0	0.0	1.12	0	0.0118	1.1322
1GCQ	blue	boltz	4	10.17	0.0	99.18	0.0	1.03	0	0.0111	1.1224
1GCQ	blue	amber_af	0	1.02	0.0	97.54	0.0	0.39	0	0.0124	1.6643
1GCQ	blue	amber_af	1	1.02	0.82	97.54	0.93	0.39	0	0.0124	1.6889
1GCQ	blue	amber_af	2	1.52	0.0	98.36	0.0	0.39	0	0.0123	1.6869
1GCQ	blue	amber_af	3	1.52	0.0	97.54	0.0	0.49	0	0.0124	1.6637
1GCQ	blue	amber_af	4	2.03	0.0	96.72	0.93	0.68	0	0.0126	1.6835
1GCQ	blue	amber_boltz	0	2.54	0.0	98.36	0.0	0.54	0	0.0126	1.671
1GCQ	blue	amber_boltz	1	3.05	0.0	98.36	0.0	0.6	0	0.0125	1.6965
1GCQ	blue	amber_boltz	2	2.54	0.0	98.36	0.0	0.54	0	0.0123	1.6752
1GCQ	blue	amber_boltz	3	2.03	0.0	99.18	0.0	0.47	0	0.0124	1.7
1GCQ	blue	amber_boltz	4	1.52	0.0	98.36	0.0	0.39	0	0.0125	1.6693
1GHQ	blue	crystal	0	14.43	0.46	97.45	4.63	1.78	0	0.0162	1.7236
1GHQ	blue	af_relaxed	0	1.18	0.0	98.38	1.63	0.49	0	0.0119	1.6678
1GHQ	blue	af_relaxed	1	1.03	0.93	97.45	0.0	0.41	0	0.0119	1.6667
1GHQ	blue	af_relaxed	2	1.32	0.93	96.76	1.9	0.77	0	0.0118	1.6656
1GHQ	blue	af_relaxed	3	1.91	0.69	97.45	1.09	0.59	0	0.0119	1.6814
1GHQ	blue	af_relaxed	4	1.62	0.93	96.76	0.82	0.61	0	0.0118	1.6854
1GHQ	blue	af_unrelaxed	0	15.73	1.85	96.53	3.53	1.84	0	0.0182	1.5545
1GHQ	blue	af_unrelaxed	1	17.35	1.62	96.76	0.82	1.44	0	0.0182	1.6325
1GHQ	blue	af_unrelaxed	2	16.17	1.39	96.76	0.82	1.41	0	0.0178	1.6093
1GHQ	blue	af_unrelaxed	3	17.94	1.85	96.76	1.9	1.67	0	0.0187	1.6557
1GHQ	blue	af_unrelaxed	4	16.91	0.0	98.84	1.63	1.39	0	0.0207	1.4918
1GHQ	blue	boltz	0	18.68	0.0	98.38	0.54	1.27	0	0.012	1.1216
1GHQ	blue	boltz	1	25.01	0.23	98.61	0.0	1.39	0	0.0136	1.1165
1GHQ	blue	boltz	2	29.57	0.0	98.61	0.54	1.46	0	0.0147	1.4704
1GHQ	blue	boltz	3	26.19	0.0	98.61	0.0	1.41	0	0.0117	1.1304
1GHQ	blue	boltz	4	33.1	0.0	98.84	0.0	1.5	0	0.0202	1.1305
1GHQ	blue	amber_af	0	1.32	1.16	96.76	1.9	0.77	0	0.0118	1.6658
1GHQ	blue	amber_af	1	2.06	0.93	96.99	0.54	0.65	0	0.0118	1.6853
1GHQ	blue	amber_af	2	0.88	1.16	96.76	0.27	0.47	1	0.0119	1.6883
1GHQ	blue	amber_af	3	1.91	0.69	97.22	1.09	0.63	0	0.0119	1.6815
1GHQ	blue	amber_af	4	1.32	0.0	98.38	1.36	0.46	0	0.0119	1.6693
1GHQ	blue	amber_boltz	0	2.06	0.0	98.61	0.27	0.48	0	0.012	1.7098
1GHQ	blue	amber_boltz	1	3.68	0.0	99.07	0.54	0.66	2	0.0121	1.7961
1GHQ	blue	amber_boltz	2	3.68	0.0	98.15	0.27	0.66	1	0.0121	1.8314
1GHQ	blue	amber_boltz	3	2.65	0.0	98.61	0.27	0.55	0	0.0121	1.7777
1GHQ	blue	amber_boltz	4	3.68	0.0	98.84	0.54	0.66	2	0.0121	1.7888
1GL1	blue	crystal	0	7.62	0.76	93.94	3.17	1.7	0	0.0078	1.5368
1GL1	blue	af_relaxed	0	0.51	0.0	97.76	0.45	0.23	0	0.0113	1.6979
1GL1	blue	af_relaxed	1	1.02	0.0	98.13	3.17	0.68	0	0.0113	1.729
1GL1	blue	af_relaxed	2	0.51	0.0	98.51	0.45	0.17	0	0.0112	1.7005
1GL1	blue	af_relaxed	3	1.27	0.0	98.13	0.45	0.35	0	0.0114	1.7056
1GL1	blue	af_relaxed	4	2.28	0.0	98.13	0.9	0.51	1	0.0114	1.7312
1GL1	blue	af_unrelaxed	0	15.76	0.37	96.64	3.17	1.8	0	0.0244	1.7396
1GL1	blue	af_unrelaxed	1	13.2	0.75	96.64	0.45	1.34	0	0.0242	1.8895
1GL1	blue	af_unrelaxed	2	16.5	1.12	96.64	0.9	1.43	0	0.0248	1.8616
1GL1	blue	af_unrelaxed	3	12.95	0.75	97.39	0.45	1.24	0	0.0248	1.7134
1GL1	blue	af_unrelaxed	4	18.02	0.37	97.01	0.45	1.43	0	0.028	1.6755
1GL1	blue	boltz	0	4.82	0.0	98.13	0.0	0.75	0	0.0134	1.3393
1GL1	blue	boltz	1	13.2	0.37	97.76	0.0	1.18	0	0.0147	1.3318
1GL1	blue	boltz	2	5.08	0.0	97.76	0.0	0.82	0	0.0138	1.3291
1GL1	blue	boltz	3	7.62	0.37	97.39	0.0	1.04	0	0.0135	1.3486
1GL1	blue	boltz	4	5.59	0.0	98.51	0.9	0.8	0	0.0142	1.4185
1GL1	blue	amber_af	0	1.27	0.37	98.13	2.71	0.68	1	0.0113	1.7282
1GL1	blue	amber_af	1	2.54	0.0	98.13	0.9	0.54	1	0.0114	1.7247
1GL1	blue	amber_af	2	0.51	0.0	97.76	0.45	0.23	0	0.0114	1.6937
1GL1	blue	amber_af	3	1.52	0.0	98.13	0.45	0.39	0	0.0114	1.7044
1GL1	blue	amber_af	4	0.25	0.0	98.51	0.9	0.1	0	0.0112	1.6998
1GL1	blue	amber_boltz	0	0.25	0.0	98.13	0.0	0.1	0	0.0114	1.7022
1GL1	blue	amber_boltz	1	0.76	0.37	97.39	0.45	0.36	1	0.0114	1.715
1GL1	blue	amber_boltz	2	0.25	0.0	97.76	0.0	0.15	0	0.0114	1.6936
1GL1	blue	amber_boltz	3	0.51	0.0	97.39	0.0	0.29	0	0.0116	1.7108
1GL1	blue	amber_boltz	4	0.25	0.0	97.39	0.45	0.22	0	0.0113	1.6975
1GLA	blue	crystal	0	8.95	1.4	90.34	12.93	2.36	3	0.0153	2.8584
1GLA	blue	af_relaxed	0	4.53	0.93	95.82	0.74	1.02	3	0.0271	1.9735
1GLA	blue	af_relaxed	1	3.94	0.62	96.75	0.92	0.88	3	0.0116	1.8018
1GLA	blue	af_relaxed	2	5.12	0.46	95.51	1.84	1.29	4	0.0272	1.9565
1GLA	blue	af_relaxed	3	4.23	0.62	97.06	1.47	1.0	0	0.0112	1.7578
1GLA	blue	af_relaxed	4	1.08	0.31	96.28	1.29	0.65	2	0.012	1.8433
1GLA	blue	af_unrelaxed	0	36.69	0.77	97.37	4.42	2.16	0	0.0268	1.8234
1GLA	blue	af_unrelaxed	1	33.1	1.08	97.21	0.55	1.65	0	0.0261	1.9803
1GLA	blue	af_unrelaxed	2	27.68	0.93	97.37	1.1	1.59	0	0.0217	1.6981
1GLA	blue	af_unrelaxed	3	27.78	1.08	96.9	0.92	1.62	0	0.0211	1.8694
1GLA	blue	af_unrelaxed	4	27.01	0.62	97.37	2.21	1.8	0	0.0256	1.764
1GLA	blue	boltz	0	15.17	0.15	98.92	0.37	1.19	0	0.0113	1.1356
1GLA	blue	boltz	1	10.54	0.15	98.76	0.37	1.04	0	0.0114	1.1341
1GLA	blue	boltz	2	11.42	0.15	98.92	0.18	1.07	0	0.0119	1.145
1GLA	blue	boltz	3	12.5	0.15	98.92	0.18	1.11	0	0.0115	1.1329
1GLA	blue	boltz	4	12.41	0.0	98.76	0.37	1.11	0	0.012	1.1354
1GLA	blue	amber_af	0	4.92	0.46	95.98	1.84	1.24	2	0.0272	1.9499
1GLA	blue	amber_af	1	4.04	0.93	96.13	1.29	1.04	3	0.0271	1.9716
1GLA	blue	amber_af	2	4.63	0.62	96.75	1.29	1.02	2	0.0115	1.7762
1GLA	blue	amber_af	3	4.43	0.93	96.28	1.1	1.0	2	0.0115	1.8162
1GLA	blue	amber_af	4	4.23	0.62	96.9	1.47	1.02	0	0.0113	1.7623
1GLA	blue	amber_boltz	0	0.79	0.31	97.83	0.55	0.29	0	0.0116	1.7262
1GLA	blue	amber_boltz	1	0.59	0.31	97.68	0.37	0.27	0	0.0115	1.7332
1GLA	blue	amber_boltz	2	1.34	0.15	97.89	0.36	0.39	0	0.0115	1.7254
1GLA	blue	amber_boltz	3	0.79	0.31	98.14	0.18	0.25	0	0.0115	1.7149
1GLA	blue	amber_boltz	4	0.79	0.15	97.68	0.18	0.32	0	0.0114	1.7311
1GP2	blue	crystal	0	18.32	2.37	91.07	9.14	2.51	0	0.011	1.6564
1GP2	blue	af_relaxed	0	1.24	0.14	97.23	0.65	0.49	0	0.0112	1.6826
1GP2	blue	af_relaxed	1	1.42	0.42	97.64	0.16	0.45	0	0.0112	1.6718
1GP2	blue	af_relaxed	2	1.68	0.0	98.06	0.49	0.42	1	0.0113	1.692
1GP2	blue	af_relaxed	3	2.3	0.28	97.78	1.47	0.68	0	0.0111	1.6949
1GP2	blue	af_relaxed	4	4.42	0.14	96.95	0.98	0.9	0	0.0112	1.7013
1GP2	blue	af_unrelaxed	0	24.42	0.55	97.5	3.92	1.93	0	0.0185	1.5106
1GP2	blue	af_unrelaxed	1	15.58	0.42	97.23	0.16	1.34	0	0.0157	1.5151
1GP2	blue	af_unrelaxed	2	18.32	0.56	97.77	0.49	1.31	0	0.0171	1.4495
1GP2	blue	af_unrelaxed	3	23.72	0.28	97.36	0.65	1.49	0	0.0179	1.4993
1GP2	blue	af_unrelaxed	4	14.07	0.28	97.23	0.49	1.3	0	0.0212	1.4274
1GP2	blue	boltz	0	9.73	0.28	98.61	0.0	1.01	0	0.0106	1.0244
1GP2	blue	boltz	1	10.53	0.28	98.89	0.16	1.04	0	0.0109	1.0305
1GP2	blue	boltz	2	11.24	0.28	98.47	0.0	1.07	0	0.0112	1.0356
1GP2	blue	boltz	3	10.0	0.28	98.75	0.33	1.02	0	0.0108	1.1066
1GP2	blue	boltz	4	12.74	0.14	98.61	0.0	1.12	0	0.0104	1.031
1GP2	blue	amber_af	0	2.3	0.28	97.78	1.31	0.65	0	0.0111	1.6926
1GP2	blue	amber_af	1	1.5	0.42	97.5	0.16	0.49	0	0.0112	1.6712
1GP2	blue	amber_af	2	1.24	0.0	97.92	0.82	0.36	3	0.0113	1.6884
1GP2	blue	amber_af	3	4.33	0.14	97.23	0.98	0.86	0	0.0112	1.7057
1GP2	blue	amber_af	4	0.97	0.14	97.64	0.82	0.37	0	0.0112	1.6721
1GP2	blue	amber_boltz	0	1.06	0.42	97.78	0.16	0.36	0	0.0114	1.6862
1GP2	blue	amber_boltz	1	1.24	0.28	97.64	0.33	0.42	0	0.0113	1.6899
1GP2	blue	amber_boltz	2	1.06	0.14	97.5	0.33	0.41	0	0.0113	1.7
1GP2	blue	amber_boltz	3	0.71	0.28	98.06	0.49	0.23	1	0.0114	1.6762
1GP2	blue	amber_boltz	4	1.42	0.28	97.78	0.16	0.43	1	0.0115	1.7042
1GPW	blue	crystal	0	20.75	2.67	88.64	6.58	2.52	0	0.0096	1.5815
1GPW	blue	af_relaxed	0	1.67	0.67	96.66	0.0	0.63	0	0.0117	1.6606
1GPW	blue	af_relaxed	1	3.35	0.67	95.99	0.0	0.9	0	0.0118	1.7185
1GPW	blue	af_relaxed	2	1.67	0.45	96.88	0.26	0.61	0	0.0116	1.6673
1GPW	blue	af_relaxed	3	1.67	0.45	96.44	0.0	0.65	0	0.0116	1.6728
1GPW	blue	af_relaxed	4	2.37	0.22	97.33	0.52	0.65	0	0.0117	1.664
1GPW	blue	af_unrelaxed	0	14.09	0.0	97.33	0.52	1.28	0	0.0177	1.4115
1GPW	blue	af_unrelaxed	1	19.25	0.67	96.88	0.0	1.47	0	0.0155	1.6546
1GPW	blue	af_unrelaxed	2	19.68	1.57	95.53	0.0	1.6	0	0.0216	2.1032
1GPW	blue	af_unrelaxed	3	16.18	0.0	97.33	0.26	1.34	0	0.0175	1.4383
1GPW	blue	af_unrelaxed	4	19.11	0.67	95.99	0.52	1.55	0	0.0225	1.6655
1GPW	blue	boltz	0	11.02	0.22	98.0	0.0	1.06	0	0.0108	1.1083
1GPW	blue	boltz	1	18.27	0.0	97.55	0.0	1.35	0	0.0108	1.0865
1GPW	blue	boltz	2	19.39	0.0	98.0	0.0	1.29	0	0.0125	1.0944
1GPW	blue	boltz	3	17.02	0.22	97.55	0.0	1.32	0	0.0124	1.099
1GPW	blue	boltz	4	16.6	0.45	97.33	0.26	1.35	0	0.0112	1.0871
1GPW	blue	amber_af	0	1.53	0.45	96.88	0.26	0.58	0	0.0116	1.6614
1GPW	blue	amber_af	1	1.53	0.45	96.44	0.0	0.63	0	0.0116	1.6691
1GPW	blue	amber_af	2	2.93	0.67	95.99	0.0	0.86	0	0.0118	1.721
1GPW	blue	amber_af	3	2.51	0.22	97.1	0.52	0.69	0	0.0117	1.6618
1GPW	blue	amber_af	4	1.53	0.67	96.88	0.0	0.58	0	0.0117	1.6666
1GPW	blue	amber_boltz	0	0.98	0.22	96.66	0.0	0.5	0	0.0118	1.6804
1GPW	blue	amber_boltz	1	2.79	0.22	97.33	0.0	0.7	0	0.0118	1.6959
1GPW	blue	amber_boltz	2	2.23	0.67	96.88	0.26	0.69	0	0.0116	1.7273
1GPW	blue	amber_boltz	3	1.12	0.22	96.88	0.0	0.51	0	0.0118	1.692
1GPW	blue	amber_boltz	4	2.37	0.67	97.1	0.26	0.68	2	0.0116	1.7075
1GRN	blue	crystal	0	12.44	0.52	95.57	2.01	1.65	0	0.0087	1.4335
1GRN	blue	af_relaxed	0	0.32	0.78	95.83	0.86	0.41	0	0.0119	1.7176
1GRN	blue	af_relaxed	1	0.97	0.52	95.57	0.0	0.6	0	0.0119	1.6993
1GRN	blue	af_relaxed	2	0.64	0.52	96.35	0.0	0.46	0	0.0119	1.7099
1GRN	blue	af_relaxed	3	0.81	0.52	96.09	0.0	0.52	0	0.012	1.719
1GRN	blue	af_relaxed	4	0.64	0.78	96.35	0.0	0.46	0	0.012	1.7099
1GRN	blue	af_unrelaxed	0	12.09	2.08	95.57	1.43	1.52	0	0.0176	1.4932
1GRN	blue	af_unrelaxed	1	10.15	2.08	96.09	0.0	1.29	0	0.0153	1.5046
1GRN	blue	af_unrelaxed	2	10.32	2.08	95.83	0.29	1.32	0	0.0164	1.5634
1GRN	blue	af_unrelaxed	3	11.93	1.82	95.31	0.57	1.42	0	0.0166	1.6119
1GRN	blue	af_unrelaxed	4	10.64	2.08	95.83	0.29	1.33	0	0.0206	1.6201
1GRN	blue	boltz	0	10.32	0.26	98.7	0.0	1.03	0	0.0154	1.2908
1GRN	blue	boltz	1	9.35	0.26	98.44	0.0	1.0	0	0.0138	1.1634
1GRN	blue	boltz	2	13.05	0.26	98.18	0.29	1.13	0	0.0147	1.117
1GRN	blue	boltz	3	14.83	0.52	97.92	0.29	1.2	0	0.018	1.1753
1GRN	blue	boltz	4	10.48	0.26	98.44	0.0	1.04	0	0.0166	1.2264
1GRN	blue	amber_af	0	0.16	0.78	95.83	1.15	0.4	0	0.012	1.7151
1GRN	blue	amber_af	1	0.64	0.78	96.35	0.0	0.46	0	0.012	1.7078
1GRN	blue	amber_af	2	0.81	0.52	96.09	0.0	0.52	0	0.0119	1.7153
1GRN	blue	amber_af	3	0.81	0.52	95.83	0.29	0.54	0	0.0119	1.6975
1GRN	blue	amber_af	4	0.81	0.52	96.35	0.0	0.49	0	0.0119	1.7145
1GRN	blue	amber_boltz	0	1.13	0.26	97.66	0.0	0.4	0	0.012	1.7461
1GRN	blue	amber_boltz	1	0.48	0.26	97.66	0.0	0.24	1	0.012	1.7228
1GRN	blue	amber_boltz	2	1.77	0.26	97.66	0.29	0.51	0	0.0119	1.7323
1GRN	blue	amber_boltz	3	0.97	0.52	97.4	0.0	0.41	0	0.0121	1.7401
1GRN	blue	amber_boltz	4	1.13	0.0	97.92	0.0	0.34	1	0.0122	1.7533
1GXD	blue	crystal	0	57.93	5.94	80.69	15.87	3.38	2	0.0131	1.9741
1GXD	blue	af_relaxed	0	1.19	0.12	97.66	0.44	0.41	1	0.0123	1.6925
1GXD	blue	af_relaxed	1	1.98	0.62	96.92	0.58	0.65	0	0.0122	1.7102
1GXD	blue	af_relaxed	2	1.03	0.49	96.92	2.91	0.84	1	0.0122	1.7108
1GXD	blue	af_relaxed	3	1.98	0.37	96.92	1.46	0.77	0	0.0122	1.7163
1GXD	blue	af_relaxed	4	1.11	0.25	97.04	0.87	0.49	1	0.0122	1.6918
1GXD	blue	af_unrelaxed	0	22.53	1.23	97.16	4.37	1.98	0	0.0272	1.8766
1GXD	blue	af_unrelaxed	1	23.55	0.74	97.04	1.46	1.66	0	0.0272	1.9836
1GXD	blue	af_unrelaxed	2	22.76	0.37	97.16	1.16	1.55	0	0.0261	1.813
1GXD	blue	af_unrelaxed	3	28.31	1.36	96.67	1.31	1.74	0	0.0261	1.8289
1GXD	blue	af_unrelaxed	4	21.98	1.36	96.42	2.33	1.85	0	0.0291	1.9351
1GXD	blue	boltz	0	14.36	0.0	98.52	0.0	1.16	0	0.018	1.2362
1GXD	blue	boltz	1	12.06	0.12	98.03	0.15	1.09	0	0.0202	1.2345
1GXD	blue	boltz	2	17.21	0.0	98.52	0.15	1.24	0	0.0195	1.3342
1GXD	blue	boltz	3	15.79	0.25	98.4	0.15	1.2	0	0.0191	1.2347
1GXD	blue	boltz	4	14.52	0.0	98.52	0.15	1.17	0	0.0175	1.2148
1GXD	blue	amber_af	0	1.43	0.37	97.04	2.62	0.86	1	0.0122	1.7065
1GXD	blue	amber_af	1	1.27	0.25	97.16	0.87	0.5	1	0.0122	1.6997
1GXD	blue	amber_af	2	1.27	0.12	97.66	0.44	0.42	1	0.0123	1.693
1GXD	blue	amber_af	3	2.22	0.62	96.92	0.87	0.68	0	0.0122	1.7095
1GXD	blue	amber_af	4	1.9	0.37	96.92	1.31	0.73	0	0.0122	1.7153
1GXD	blue	amber_boltz	0	1.51	0.25	97.66	0.15	0.47	0	0.0123	1.7165
1GXD	blue	amber_boltz	1	1.19	0.12	97.04	0.29	0.5	0	0.0122	1.6879
1GXD	blue	amber_boltz	2	2.14	0.0	98.03	0.44	0.49	1	0.0122	1.7147
1GXD	blue	amber_boltz	3	1.51	0.49	97.9	0.15	0.41	1	0.0121	1.7254
1GXD	blue	amber_boltz	4	1.67	0.12	98.15	0.0	0.42	0	0.0122	1.7108
1H1V	blue	crystal	0	34.98	6.4	82.53	16.55	3.15	1	0.0163	1.8624
1H1V	blue	af_relaxed	0	3.17	0.29	97.83	1.39	0.76	0	0.0119	1.7541
1H1V	blue	af_relaxed	1	4.75	0.43	97.4	0.7	0.86	4	0.0118	1.7732
1H1V	blue	af_relaxed	2	10.16	1.3	95.51	2.09	1.58	5	0.0122	1.9831
1H1V	blue	af_relaxed	3	1.4	0.43	96.82	1.39	0.68	0	0.0126	1.8555
1H1V	blue	af_relaxed	4	4.01	1.01	95.8	1.91	1.19	8	0.0131	2.0783
1H1V	blue	af_unrelaxed	0	41.1	0.72	97.54	5.57	2.25	0	0.0274	1.7524
1H1V	blue	af_unrelaxed	1	32.77	0.72	97.97	1.04	1.52	0	0.0222	1.7864
1H1V	blue	af_unrelaxed	2	32.09	0.58	97.83	1.74	1.71	0	0.0213	1.7246
1H1V	blue	af_unrelaxed	3	28.64	0.58	97.68	1.39	1.62	0	0.0189	1.5616
1H1V	blue	af_unrelaxed	4	45.7	0.29	97.97	4.52	2.14	0	0.0273	1.8424
1H1V	blue	boltz	0	14.82	0.14	98.99	0.17	1.18	0	0.0114	1.085
1H1V	blue	boltz	1	17.9	0.14	98.99	0.35	1.25	0	0.0121	1.0907
1H1V	blue	boltz	2	13.62	0.0	98.7	0.17	1.14	0	0.0115	1.0805
1H1V	blue	boltz	3	12.31	0.0	98.99	0.0	1.1	0	0.0109	1.0708
1H1V	blue	boltz	4	13.24	0.0	99.13	0.0	1.13	0	0.0117	1.0961
1H1V	blue	amber_af	0	10.62	1.45	95.37	1.91	1.58	5	0.0122	1.9847
1H1V	blue	amber_af	1	4.85	0.43	97.4	0.7	0.87	3	0.0118	1.7775
1H1V	blue	amber_af	2	4.75	0.14	97.54	1.39	0.95	4	0.0121	1.8315
1H1V	blue	amber_af	3	3.36	0.29	97.83	1.39	0.78	0	0.0119	1.7473
1H1V	blue	amber_af	4	3.91	1.01	95.66	1.74	1.16	7	0.0131	2.0782
1H1V	blue	amber_boltz	0	1.58	0.0	98.26	0.0	0.4	1	0.0118	1.7221
1H1V	blue	amber_boltz	1	1.68	0.14	98.26	0.0	0.42	1	0.0117	1.7265
1H1V	blue	amber_boltz	2	1.77	0.0	98.26	0.0	0.43	2	0.0118	1.713
1H1V	blue	amber_boltz	3	1.12	0.0	97.97	0.0	0.33	2	0.0119	1.7124
1H1V	blue	amber_boltz	4	1.12	0.0	98.41	0.0	0.32	1	0.0117	1.7018
1H9D	blue	crystal	0	19.49	0.84	93.72	9.0	2.43	0	0.0188	2.011
1H9D	blue	af_relaxed	0	0.51	0.41	96.68	0.47	0.39	0	0.0116	1.7171
1H9D	blue	af_relaxed	1	1.02	0.83	96.27	0.47	0.55	0	0.0116	1.7212
1H9D	blue	af_relaxed	2	1.02	0.41	96.68	0.47	0.51	0	0.0115	1.7018
1H9D	blue	af_relaxed	3	0.26	0.83	97.51	0.47	0.2	0	0.0116	1.7136
1H9D	blue	af_relaxed	4	1.02	0.41	96.68	0.47	0.51	0	0.0115	1.7178
1H9D	blue	af_unrelaxed	0	21.02	1.66	97.51	0.94	1.42	0	0.0192	1.6247
1H9D	blue	af_unrelaxed	1	16.16	2.07	95.85	0.0	1.5	0	0.0173	1.8729
1H9D	blue	af_unrelaxed	2	14.1	1.66	95.44	0.47	1.47	0	0.0175	1.8584
1H9D	blue	af_unrelaxed	3	17.42	1.24	97.1	0.47	1.4	0	0.0191	1.5298
1H9D	blue	af_unrelaxed	4	15.66	1.66	96.27	1.42	1.56	0	0.022	1.9458
1H9D	blue	boltz	0	9.48	0.41	99.17	0.0	1.0	0	0.0119	1.1392
1H9D	blue	boltz	1	12.04	0.0	99.17	0.47	1.09	0	0.0127	1.1712
1H9D	blue	boltz	2	14.34	0.83	98.76	0.47	1.16	0	0.0119	1.1425
1H9D	blue	boltz	3	8.72	0.41	98.76	0.0	0.97	0	0.0117	1.1271
1H9D	blue	boltz	4	11.01	0.0	99.17	0.47	1.06	0	0.0139	1.1805
1H9D	blue	amber_af	0	1.28	0.83	96.27	0.47	0.6	0	0.0115	1.7286
1H9D	blue	amber_af	1	0.51	0.41	96.68	0.47	0.39	0	0.0115	1.7149
1H9D	blue	amber_af	2	0.51	0.83	97.51	0.94	0.28	1	0.0116	1.7557
1H9D	blue	amber_af	3	1.02	0.41	97.1	0.47	0.46	0	0.0115	1.721
1H9D	blue	amber_af	4	1.02	0.41	96.68	0.47	0.51	0	0.0115	1.7066
1H9D	blue	amber_boltz	0	1.28	0.0	99.17	0.0	0.35	0	0.0115	1.7126
1H9D	blue	amber_boltz	1	0.77	0.0	97.93	0.0	0.26	0	0.0115	1.7307
1H9D	blue	amber_boltz	2	0.77	0.41	98.76	0.0	0.24	0	0.0114	1.7466
1H9D	blue	amber_boltz	3	1.02	0.0	97.51	0.0	0.4	0	0.0116	1.7417
1H9D	blue	amber_boltz	4	0.77	0.0	98.76	0.0	0.24	0	0.0114	1.7262
1HCF	blue	crystal	0	12.38	3.03	91.52	6.49	2.23	0	0.009	1.5684
1HCF	blue	af_relaxed	0	3.27	0.6	95.24	1.48	1.08	0	0.0114	1.7468
1HCF	blue	af_relaxed	1	3.46	1.79	94.05	1.48	1.17	0	0.0113	1.7531
1HCF	blue	af_relaxed	2	2.69	1.19	94.35	0.37	0.94	0	0.0113	1.7265
1HCF	blue	af_relaxed	3	2.69	0.0	95.54	0.37	0.87	0	0.0114	1.721
1HCF	blue	af_relaxed	4	2.31	0.89	95.54	0.74	0.82	0	0.0113	1.7303
1HCF	blue	af_unrelaxed	0	21.03	3.87	93.45	2.21	2.01	0	0.0195	2.2738
1HCF	blue	af_unrelaxed	1	29.28	4.17	92.86	1.48	2.04	0	0.0215	2.5203
1HCF	blue	af_unrelaxed	2	31.98	6.55	89.88	1.48	2.17	0	0.0222	2.7099
1HCF	blue	af_unrelaxed	3	25.06	7.44	89.88	1.48	2.07	0	0.0215	2.607
1HCF	blue	af_unrelaxed	4	29.51	7.14	89.29	1.48	2.15	0	0.0262	2.7536
1HCF	blue	boltz	0	33.33	1.19	97.32	0.37	1.64	0	0.0177	1.4409
1HCF	blue	boltz	1	21.97	0.3	97.92	0.0	1.36	0	0.0156	1.4034
1HCF	blue	boltz	2	29.29	0.6	97.32	0.37	1.58	0	0.0178	1.464
1HCF	blue	boltz	3	21.21	0.0	97.32	0.0	1.45	0	0.017	1.4108
1HCF	blue	boltz	4	29.08	0.0	98.51	0.37	1.45	0	0.0148	1.4294
1HCF	blue	amber_af	0	3.27	0.89	95.24	1.48	1.08	0	0.0113	1.7463
1HCF	blue	amber_af	1	2.69	0.0	95.54	0.74	0.87	0	0.0114	1.7204
1HCF	blue	amber_af	2	2.5	1.19	94.64	0.37	0.9	0	0.0113	1.7246
1HCF	blue	amber_af	3	3.27	1.79	93.75	1.85	1.24	0	0.0113	1.7406
1HCF	blue	amber_af	4	2.31	0.6	95.83	0.74	0.8	0	0.0113	1.7283
1HCF	blue	amber_boltz	0	1.73	0.89	96.73	0.37	0.63	0	0.0114	1.7667
1HCF	blue	amber_boltz	1	2.69	0.3	96.73	0.37	0.76	0	0.0115	1.7686
1HCF	blue	amber_boltz	2	1.92	0.6	95.24	0.0	0.79	0	0.0115	1.7998
1HCF	blue	amber_boltz	3	2.31	0.3	96.43	0.37	0.75	0	0.0114	1.7698
1HCF	blue	amber_boltz	4	2.5	0.0	97.92	0.74	0.55	0	0.0114	1.736
1HE1	blue	crystal	0	2.5	0.0	99.35	1.17	0.59	0	0.0091	1.4486
1HE1	blue	af_relaxed	0	0.42	0.0	99.02	0.0	0.15	0	0.0113	1.6769
1HE1	blue	af_relaxed	1	1.25	0.0	99.02	0.39	0.35	0	0.0112	1.7065
1HE1	blue	af_relaxed	2	0.42	0.0	99.02	0.39	0.15	0	0.0112	1.6834
1HE1	blue	af_relaxed	3	0.63	0.0	98.7	0.0	0.21	0	0.0113	1.6743
1HE1	blue	af_relaxed	4	0.63	0.0	98.7	0.0	0.21	0	0.0113	1.6751
1HE1	blue	af_unrelaxed	0	12.52	0.0	98.7	1.17	1.16	0	0.0175	1.318
1HE1	blue	af_unrelaxed	1	14.82	0.0	99.02	0.0	1.18	0	0.0172	1.3235
1HE1	blue	af_unrelaxed	2	9.18	0.33	98.7	0.0	0.99	0	0.0175	1.3393
1HE1	blue	af_unrelaxed	3	8.56	0.0	99.02	0.39	0.96	0	0.017	1.3134
1HE1	blue	af_unrelaxed	4	9.6	0.0	99.02	0.39	1.01	0	0.0222	1.3825
1HE1	blue	boltz	0	7.51	0.0	99.35	0.39	0.91	0	0.0102	1.125
1HE1	blue	boltz	1	6.26	0.0	99.35	0.0	0.84	0	0.0103	1.0822
1HE1	blue	boltz	2	7.1	0.0	99.35	0.0	0.89	0	0.0102	1.088
1HE1	blue	boltz	3	6.05	0.0	99.35	0.39	0.83	0	0.01	1.1012
1HE1	blue	boltz	4	8.56	0.0	99.02	0.0	0.96	0	0.0098	1.0731
1HE1	blue	amber_af	0	1.04	0.0	99.02	0.39	0.3	0	0.0112	1.7017
1HE1	blue	amber_af	1	0.63	0.0	98.7	0.0	0.21	0	0.0112	1.6726
1HE1	blue	amber_af	2	0.42	0.0	98.7	0.0	0.15	0	0.0113	1.677
1HE1	blue	amber_af	3	0.42	0.0	99.02	0.0	0.15	0	0.0113	1.6774
1HE1	blue	amber_af	4	0.42	0.0	99.02	0.39	0.15	0	0.0112	1.6846
1HE1	blue	amber_boltz	0	0.21	0.0	99.02	0.39	0.08	1	0.0114	1.7255
1HE1	blue	amber_boltz	1	0.21	0.0	98.7	0.0	0.08	0	0.0115	1.7225
1HE1	blue	amber_boltz	2	1.04	0.0	99.02	0.0	0.3	0	0.0114	1.7009
1HE1	blue	amber_boltz	3	0.63	0.0	98.7	0.39	0.21	0	0.0115	1.7167
1HE1	blue	amber_boltz	4	0.42	0.0	98.7	0.0	0.15	0	0.0115	1.7152
1HE8	blue	crystal	0	24.09	2.35	85.78	6.67	2.64	0	0.0112	1.4851
1HE8	blue	af_relaxed	0	1.75	0.55	96.38	2.06	0.91	4	0.0128	1.9254
1HE8	blue	af_relaxed	1	6.07	0.22	97.15	1.58	1.14	5	0.0122	1.8798
1HE8	blue	af_relaxed	2	4.58	0.33	96.82	1.7	1.1	3	0.0122	1.8197
1HE8	blue	af_relaxed	3	3.98	0.33	97.15	2.91	1.19	0	0.0119	1.8091
1HE8	blue	af_relaxed	4	2.97	0.88	95.39	1.46	1.03	7	0.014	2.1152
1HE8	blue	af_unrelaxed	0	38.01	1.1	96.05	5.58	2.4	0	0.0235	1.9702
1HE8	blue	af_unrelaxed	1	45.03	1.32	96.48	1.33	1.96	0	0.0273	2.1161
1HE8	blue	af_unrelaxed	2	41.17	1.32	96.38	1.58	1.99	0	0.0228	1.8928
1HE8	blue	af_unrelaxed	3	44.75	1.32	96.82	1.58	1.97	0	0.027	1.9033
1HE8	blue	af_unrelaxed	4	39.01	0.44	96.82	4.13	2.23	0	0.0239	1.8663
1HE8	blue	boltz	0	25.16	0.55	97.48	1.09	1.53	0	0.014	1.1524
1HE8	blue	boltz	1	30.43	0.55	97.79	1.33	1.61	4	0.0191	1.4834
1HE8	blue	boltz	2	30.75	0.22	97.69	1.21	1.6	0	0.0132	1.1432
1HE8	blue	boltz	3	36.21	0.44	97.67	2.18	1.87	1	0.0373	1.674
1HE8	blue	boltz	4	40.11	0.55	97.68	1.46	1.78	1	0.0256	1.4767
1HE8	blue	amber_af	0	4.32	0.33	97.15	2.43	1.16	0	0.012	1.82
1HE8	blue	amber_af	1	2.23	1.1	95.28	1.94	1.05	8	0.0139	2.1066
1HE8	blue	amber_af	2	1.62	0.55	96.38	2.18	0.91	4	0.0128	1.9272
1HE8	blue	amber_af	3	4.45	0.44	97.04	1.58	1.04	2	0.0122	1.8217
1HE8	blue	amber_af	4	6.07	0.22	97.37	1.7	1.13	5	0.0121	1.8681
1HE8	blue	amber_boltz	0	3.71	0.66	96.49	0.73	0.89	0	0.0116	1.7864
1HE8	blue	amber_boltz	1	5.87	0.66	95.94	2.67	1.42	11	0.0185	2.3314
1HE8	blue	amber_boltz	2	3.84	0.11	97.26	0.97	0.81	2	0.0117	1.7977
1HE8	blue	amber_boltz	3	3.03	0.66	95.94	3.52	1.29	9	0.0151	2.2022
1HE8	blue	amber_boltz	4	3.3	0.55	94.18	2.67	1.34	10	0.0152	2.2088
1HIA	blue	crystal	0	10.36	0.37	94.49	6.78	2.04	1	0.0127	1.7783
1HIA	blue	af_relaxed	0	0.24	0.0	97.79	0.0	0.14	0	0.0116	1.7051
1HIA	blue	af_relaxed	1	0.0	0.0	98.16	0.0	0.0	0	0.0116	1.7078
1HIA	blue	af_relaxed	2	0.72	0.0	98.53	0.0	0.23	0	0.0116	1.6998
1HIA	blue	af_relaxed	3	0.48	0.0	98.16	0.42	0.17	0	0.0118	1.6732
1HIA	blue	af_relaxed	4	0.72	0.0	98.16	0.42	0.23	0	0.0116	1.7192
1HIA	blue	af_unrelaxed	0	11.33	0.0	97.43	2.12	1.43	0	0.0218	1.5446
1HIA	blue	af_unrelaxed	1	9.16	0.0	97.79	0.0	1.03	0	0.0192	1.5476
1HIA	blue	af_unrelaxed	2	8.68	0.0	97.79	0.0	1.01	0	0.0196	1.5712
1HIA	blue	af_unrelaxed	3	11.08	0.0	97.43	0.42	1.17	0	0.0201	1.5479
1HIA	blue	af_unrelaxed	4	8.92	0.0	97.79	0.42	1.02	0	0.0223	1.5821
1HIA	blue	boltz	0	7.71	0.0	98.16	0.42	0.92	0	0.0151	1.415
1HIA	blue	boltz	1	9.17	0.0	98.53	0.42	0.99	0	0.0151	1.4125
1HIA	blue	boltz	2	9.4	0.0	98.16	1.27	1.08	0	0.0161	1.4267
1HIA	blue	boltz	3	9.88	0.0	98.16	0.42	1.02	0	0.0146	1.3671
1HIA	blue	boltz	4	10.13	0.0	97.79	0.0	1.07	0	0.0162	1.3906
1HIA	blue	amber_af	0	0.48	0.0	98.16	0.42	0.17	0	0.0116	1.7157
1HIA	blue	amber_af	1	0.0	0.0	97.79	0.0	0.05	0	0.0116	1.7073
1HIA	blue	amber_af	2	0.48	0.0	98.53	0.42	0.17	0	0.0116	1.7094
1HIA	blue	amber_af	3	0.24	0.0	98.16	0.42	0.09	0	0.0118	1.6825
1HIA	blue	amber_af	4	0.48	0.0	97.06	0.0	0.33	0	0.0116	1.7133
1HIA	blue	amber_boltz	0	0.72	0.0	98.16	0.85	0.23	0	0.0121	1.7596
1HIA	blue	amber_boltz	1	0.72	0.0	97.79	0.42	0.28	0	0.0121	1.7708
1HIA	blue	amber_boltz	2	1.93	0.0	97.79	0.42	0.5	0	0.0119	1.7604
1HIA	blue	amber_boltz	3	0.96	0.0	97.79	0.42	0.33	0	0.0119	1.7522
1HIA	blue	amber_boltz	4	0.96	0.0	97.06	0.0	0.45	0	0.0118	1.7858
1I2M	blue	crystal	0	5.78	1.65	95.23	1.31	1.24	0	0.0073	1.4772
1I2M	blue	af_relaxed	0	0.94	0.18	97.45	0.0	0.39	0	0.0117	1.7089
1I2M	blue	af_relaxed	1	0.47	0.0	97.81	0.0	0.21	0	0.0118	1.698
1I2M	blue	af_relaxed	2	0.94	0.0	97.27	0.0	0.42	0	0.0119	1.7013
1I2M	blue	af_relaxed	3	1.3	0.0	97.45	0.0	0.46	0	0.0119	1.7088
1I2M	blue	af_relaxed	4	0.94	0.0	97.81	0.22	0.33	0	0.0118	1.6939
1I2M	blue	af_unrelaxed	0	15.58	0.18	97.45	0.65	1.31	0	0.0175	1.5074
1I2M	blue	af_unrelaxed	1	14.63	0.18	97.81	0.44	1.21	0	0.0152	1.5178
1I2M	blue	af_unrelaxed	2	17.35	0.0	97.45	0.44	1.35	0	0.0164	1.5907
1I2M	blue	af_unrelaxed	3	14.87	0.0	98.36	0.22	1.18	0	0.016	1.4818
1I2M	blue	af_unrelaxed	4	17.12	0.0	98.18	0.65	1.23	0	0.0208	1.5625
1I2M	blue	boltz	0	16.64	0.0	98.91	0.0	1.22	0	0.0109	1.0883
1I2M	blue	boltz	1	17.23	0.36	98.36	0.22	1.24	0	0.011	1.1056
1I2M	blue	boltz	2	13.81	0.0	98.72	0.22	1.15	0	0.011	1.1067
1I2M	blue	boltz	3	13.57	0.0	98.54	0.0	1.14	0	0.0108	1.1116
1I2M	blue	boltz	4	13.81	0.18	98.0	0.22	1.15	0	0.0112	1.1074
1I2M	blue	amber_af	0	1.06	0.18	97.27	0.0	0.45	0	0.0118	1.703
1I2M	blue	amber_af	1	1.18	0.0	97.63	0.22	0.41	0	0.0119	1.7008
1I2M	blue	amber_af	2	1.3	0.0	97.27	0.22	0.49	0	0.012	1.7085
1I2M	blue	amber_af	3	0.83	0.0	97.81	0.0	0.3	0	0.0118	1.6984
1I2M	blue	amber_af	4	0.59	0.0	97.81	0.22	0.24	0	0.0118	1.6955
1I2M	blue	amber_boltz	0	1.18	0.0	97.63	0.44	0.41	0	0.012	1.7218
1I2M	blue	amber_boltz	1	1.42	0.18	97.81	0.22	0.42	0	0.0118	1.7488
1I2M	blue	amber_boltz	2	1.3	0.0	97.63	0.22	0.43	2	0.0119	1.771
1I2M	blue	amber_boltz	3	0.83	0.18	98.18	0.0	0.26	0	0.0121	1.7523
1I2M	blue	amber_boltz	4	0.94	0.0	97.27	0.0	0.42	0	0.0119	1.7309
1I4D	blue	crystal	0	26.93	2.23	88.1	5.29	2.56	0	0.0096	1.5041
1I4D	blue	af_relaxed	0	4.32	0.18	97.97	1.26	0.8	0	0.0118	1.7165
1I4D	blue	af_relaxed	1	2.73	0.18	98.34	0.63	0.56	0	0.0119	1.6875
1I4D	blue	af_relaxed	2	2.05	0.37	98.15	2.52	0.78	0	0.0116	1.7064
1I4D	blue	af_relaxed	3	1.36	0.18	98.34	1.26	0.44	0	0.0119	1.6841
1I4D	blue	af_relaxed	4	6.59	0.18	97.79	2.52	1.22	0	0.0118	1.7621
1I4D	blue	af_unrelaxed	0	12.39	0.37	98.52	2.1	1.35	0	0.0191	1.5339
1I4D	blue	af_unrelaxed	1	20.7	0.37	98.52	1.89	1.52	0	0.0188	1.5985
1I4D	blue	af_unrelaxed	2	29.38	0.55	97.79	2.31	1.78	0	0.0212	1.6874
1I4D	blue	af_unrelaxed	3	28.43	0.55	97.79	2.73	1.82	0	0.0208	1.5299
1I4D	blue	af_unrelaxed	4	18.77	0.37	97.97	3.78	1.72	0	0.0228	1.5216
1I4D	blue	boltz	0	14.78	0.0	99.08	1.05	1.19	0	0.0125	1.0744
1I4D	blue	boltz	1	18.42	0.0	98.89	0.63	1.26	0	0.0125	1.0573
1I4D	blue	boltz	2	17.17	0.0	98.89	0.42	1.24	0	0.0125	1.0514
1I4D	blue	boltz	3	22.4	0.0	98.89	0.42	1.34	0	0.0119	1.0349
1I4D	blue	boltz	4	20.47	0.0	98.71	0.42	1.31	0	0.0123	1.06
1I4D	blue	amber_af	0	1.25	0.18	98.71	1.26	0.42	0	0.0119	1.686
1I4D	blue	amber_af	1	2.16	0.18	98.52	0.63	0.49	0	0.0119	1.6775
1I4D	blue	amber_af	2	6.93	0.37	97.79	2.31	1.21	0	0.0118	1.7604
1I4D	blue	amber_af	3	4.66	0.18	98.15	1.05	0.75	0	0.0117	1.7239
1I4D	blue	amber_af	4	2.16	0.37	98.34	2.52	0.8	0	0.0116	1.7101
1I4D	blue	amber_boltz	0	1.59	0.18	98.71	0.42	0.41	1	0.0116	1.7629
1I4D	blue	amber_boltz	1	2.05	0.0	98.15	0.0	0.47	1	0.0116	1.7533
1I4D	blue	amber_boltz	2	1.25	0.0	98.71	0.21	0.35	0	0.0116	1.7336
1I4D	blue	amber_boltz	3	1.71	0.0	98.71	0.42	0.42	0	0.0116	1.7493
1I4D	blue	amber_boltz	4	1.82	0.0	98.15	0.63	0.44	0	0.0116	1.7361
1IB1	blue	crystal	0	10.6	0.75	95.49	9.57	2.1	1	0.0097	1.6345
1IB1	blue	af_relaxed	0	3.58	0.25	97.51	0.58	0.75	0	0.0117	1.7713
1IB1	blue	af_relaxed	1	4.83	0.25	97.76	1.16	0.85	1	0.0116	1.7936
1IB1	blue	af_relaxed	2	4.05	0.5	97.76	2.03	0.98	1	0.0118	1.7995
1IB1	blue	af_relaxed	3	3.27	0.25	97.76	0.87	0.67	2	0.0116	1.7743
1IB1	blue	af_relaxed	4	4.52	0.25	98.25	1.16	0.78	1	0.0118	1.7418
1IB1	blue	af_unrelaxed	0	31.06	1.75	97.26	1.16	1.66	0	0.0238	2.0676
1IB1	blue	af_unrelaxed	1	21.52	1.25	97.51	0.87	1.43	0	0.021	2.1268
1IB1	blue	af_unrelaxed	2	28.39	1.25	97.26	0.58	1.58	0	0.0191	1.6619
1IB1	blue	af_unrelaxed	3	34.01	2.24	97.01	1.16	1.74	0	0.0186	1.774
1IB1	blue	af_unrelaxed	4	25.43	1.25	97.51	0.58	1.5	0	0.0302	1.8434
1IB1	blue	boltz	0	15.74	0.25	99.0	0.29	1.2	0	0.0106	1.0246
1IB1	blue	boltz	1	12.31	0.0	99.25	0.29	1.1	0	0.0101	0.9966
1IB1	blue	boltz	2	16.67	0.25	98.25	0.0	1.22	0	0.01	1.0267
1IB1	blue	boltz	3	19.95	0.0	99.25	0.29	1.3	0	0.0105	1.0195
1IB1	blue	boltz	4	12.0	0.0	99.25	0.0	1.09	0	0.0106	1.0223
1IB1	blue	amber_af	0	4.67	0.5	98.0	1.74	0.92	1	0.0117	1.8217
1IB1	blue	amber_af	1	3.74	0.5	98.0	0.87	0.66	2	0.0118	1.7315
1IB1	blue	amber_af	2	4.67	0.25	97.76	1.16	0.84	1	0.0116	1.7944
1IB1	blue	amber_af	3	4.21	0.25	97.51	0.58	0.8	0	0.0117	1.7548
1IB1	blue	amber_af	4	3.43	0.25	97.76	0.87	0.69	2	0.0116	1.7691
1IB1	blue	amber_boltz	0	1.4	0.25	97.76	0.0	0.43	0	0.0117	1.7246
1IB1	blue	amber_boltz	1	0.93	0.0	98.75	0.58	0.28	0	0.0119	1.7307
1IB1	blue	amber_boltz	2	1.56	0.25	97.76	0.29	0.45	1	0.0119	1.7179
1IB1	blue	amber_boltz	3	1.56	0.0	99.25	0.0	0.4	0	0.0118	1.7239
1IB1	blue	amber_boltz	4	0.78	0.0	99.0	0.0	0.25	0	0.0118	1.7252
1IBR	blue	crystal	0	19.38	2.09	91.8	7.73	2.45	0	0.009	1.555
1IBR	blue	af_relaxed	0	1.01	0.0	98.23	0.0	0.3	0	0.0118	1.7326
1IBR	blue	af_relaxed	1	1.01	0.0	98.23	0.18	0.3	0	0.0119	1.7268
1IBR	blue	af_relaxed	2	1.11	0.0	98.55	0.0	0.32	1	0.0118	1.7292
1IBR	blue	af_relaxed	3	1.31	0.16	98.07	0.37	0.36	0	0.0118	1.7369
1IBR	blue	af_relaxed	4	1.92	0.16	98.23	0.18	0.46	0	0.012	1.753
1IBR	blue	af_unrelaxed	0	18.68	0.8	97.59	0.18	1.36	0	0.0176	1.5096
1IBR	blue	af_unrelaxed	1	19.29	0.32	97.91	0.0	1.3	0	0.0165	1.3763
1IBR	blue	af_unrelaxed	2	19.89	0.32	97.91	0.18	1.32	0	0.0168	1.4067
1IBR	blue	af_unrelaxed	3	20.7	0.64	97.75	0.18	1.37	0	0.0193	1.5328
1IBR	blue	af_unrelaxed	4	17.88	0.32	97.43	0.0	1.36	0	0.021	1.5157
1IBR	blue	boltz	0	16.76	0.0	99.04	0.18	1.23	0	0.0108	1.089
1IBR	blue	boltz	1	17.87	0.16	98.71	0.18	1.25	0	0.0109	1.0868
1IBR	blue	boltz	2	17.67	0.0	98.39	0.18	1.25	0	0.0108	1.0765
1IBR	blue	boltz	3	18.68	0.0	98.55	0.0	1.27	0	0.0112	1.0954
1IBR	blue	boltz	4	22.62	0.0	99.2	0.0	1.35	0	0.0123	1.0679
1IBR	blue	amber_af	0	1.51	0.16	97.91	0.37	0.41	0	0.0118	1.7366
1IBR	blue	amber_af	1	0.91	0.0	98.23	0.0	0.28	0	0.0119	1.7257
1IBR	blue	amber_af	2	1.01	0.0	98.23	0.0	0.3	0	0.0119	1.7336
1IBR	blue	amber_af	3	2.02	0.16	98.23	0.18	0.47	0	0.012	1.7461
1IBR	blue	amber_af	4	1.01	0.0	98.55	0.37	0.3	1	0.0118	1.7244
1IBR	blue	amber_boltz	0	1.92	0.0	98.55	0.0	0.46	1	0.0118	1.7456
1IBR	blue	amber_boltz	1	2.02	0.16	98.23	0.18	0.47	0	0.0118	1.7623
1IBR	blue	amber_boltz	2	1.31	0.0	98.23	0.18	0.36	0	0.0117	1.7525
1IBR	blue	amber_boltz	3	1.41	0.0	98.23	0.0	0.38	1	0.0117	1.7605
1IBR	blue	amber_boltz	4	2.22	0.0	98.55	0.55	0.5	0	0.0118	1.7655
1IJK	blue	crystal	0	26.74	3.39	89.62	4.0	2.43	0	0.009	1.4935
1IJK	blue	af_relaxed	0	4.0	0.45	94.83	0.99	1.04	0	0.0119	1.7571
1IJK	blue	af_relaxed	1	5.1	0.0	96.4	0.25	1.01	1	0.0118	1.7806
1IJK	blue	af_relaxed	2	3.58	0.22	96.4	0.99	0.89	0	0.0118	1.755
1IJK	blue	af_relaxed	3	4.27	0.0	97.08	0.74	0.87	1	0.0118	1.8022
1IJK	blue	af_relaxed	4	6.34	0.45	94.61	1.48	1.35	1	0.012	1.8508
1IJK	blue	af_unrelaxed	0	33.09	1.35	96.4	2.47	2.04	0	0.0204	1.8633
1IJK	blue	af_unrelaxed	1	26.08	0.45	97.98	0.99	1.41	0	0.0247	1.7692
1IJK	blue	af_unrelaxed	2	28.95	0.45	97.08	0.99	1.61	0	0.0236	1.7634
1IJK	blue	af_unrelaxed	3	46.15	2.02	95.28	1.48	2.1	0	0.0233	1.9795
1IJK	blue	af_unrelaxed	4	26.09	0.0	98.2	0.74	1.41	0	0.0332	1.5516
1IJK	blue	boltz	0	17.78	0.0	98.2	0.0	1.25	0	0.0129	1.1247
1IJK	blue	boltz	1	26.19	0.0	97.98	0.0	1.41	0	0.0148	1.1197
1IJK	blue	boltz	2	20.12	0.22	98.2	0.0	1.3	0	0.0135	1.1052
1IJK	blue	boltz	3	21.94	0.0	98.2	0.25	1.33	0	0.0172	1.1244
1IJK	blue	boltz	4	18.61	0.0	97.53	0.25	1.36	0	0.0134	1.1109
1IJK	blue	amber_af	0	3.72	0.22	96.18	0.74	0.92	1	0.0118	1.7626
1IJK	blue	amber_af	1	4.27	0.22	94.38	2.47	1.39	2	0.0296	2.0204
1IJK	blue	amber_af	2	3.44	0.45	94.83	0.99	0.99	0	0.0119	1.7544
1IJK	blue	amber_af	3	6.61	0.45	94.83	1.23	1.29	1	0.012	1.8687
1IJK	blue	amber_af	4	4.13	0.0	97.3	0.99	0.83	2	0.0118	1.7983
1IJK	blue	amber_boltz	0	1.1	0.22	96.18	0.25	0.58	0	0.012	1.794
1IJK	blue	amber_boltz	1	2.07	0.0	97.3	0.25	0.61	1	0.0118	1.7959
1IJK	blue	amber_boltz	2	1.93	0.22	96.4	0.25	0.7	0	0.0121	1.7852
1IJK	blue	amber_boltz	3	3.17	0.0	97.75	0.49	0.66	2	0.012	1.7787
1IJK	blue	amber_boltz	4	1.93	0.22	96.85	0.25	0.65	1	0.0121	1.7766
1IRA	blue	crystal	0	5.99	0.88	92.04	1.49	1.44	0	0.007	1.3126
1IRA	blue	af_relaxed	0	0.97	0.66	96.02	0.49	0.56	0	0.0118	1.7473
1IRA	blue	af_relaxed	1	0.69	0.22	96.9	0.24	0.41	0	0.0118	1.7216
1IRA	blue	af_relaxed	2	1.79	0.22	96.24	0.49	0.69	0	0.0118	1.732
1IRA	blue	af_relaxed	3	2.35	0.66	95.8	0.0	0.81	0	0.0117	1.7421
1IRA	blue	af_relaxed	4	2.76	0.44	96.24	0.49	0.82	0	0.0118	1.7915
1IRA	blue	af_unrelaxed	0	27.77	1.55	96.02	1.71	1.88	0	0.0229	1.853
1IRA	blue	af_unrelaxed	1	20.29	1.11	95.8	0.24	1.59	0	0.0209	1.8763
1IRA	blue	af_unrelaxed	2	24.86	0.66	96.9	1.22	1.64	0	0.0208	1.68
1IRA	blue	af_unrelaxed	3	15.46	0.88	96.68	0.49	1.4	0	0.0197	1.7175
1IRA	blue	af_unrelaxed	4	20.43	0.88	96.02	1.22	1.64	0	0.0227	1.7356
1IRA	blue	boltz	0	13.52	0.0	98.23	0.24	1.14	0	0.0165	1.2724
1IRA	blue	boltz	1	14.21	0.0	98.01	0.24	1.16	0	0.0157	1.2561
1IRA	blue	boltz	2	15.59	0.0	98.67	0.24	1.2	0	0.0158	1.2376
1IRA	blue	boltz	3	16.0	0.0	98.23	0.49	1.21	0	0.0188	1.2267
1IRA	blue	boltz	4	14.76	0.0	98.01	0.49	1.17	0	0.0169	1.2708
1IRA	blue	amber_af	0	3.04	0.22	96.02	0.98	0.87	0	0.0118	1.7966
1IRA	blue	amber_af	1	2.35	0.66	95.8	0.24	0.81	0	0.0117	1.7477
1IRA	blue	amber_af	2	1.93	0.22	96.68	0.73	0.67	0	0.0117	1.7292
1IRA	blue	amber_af	3	0.97	0.0	97.12	0.24	0.45	0	0.0118	1.719
1IRA	blue	amber_af	4	1.1	0.44	96.02	0.49	0.59	0	0.0118	1.7475
1IRA	blue	amber_boltz	0	2.48	0.0	97.79	0.0	0.58	0	0.0118	1.7149
1IRA	blue	amber_boltz	1	2.07	0.0	97.35	0.24	0.6	0	0.0118	1.7051
1IRA	blue	amber_boltz	2	2.07	0.0	97.12	0.0	0.64	0	0.0118	1.6742
1IRA	blue	amber_boltz	3	1.93	0.0	98.01	0.24	0.46	0	0.0118	1.6953
1IRA	blue	amber_boltz	4	1.66	0.0	97.12	0.49	0.57	0	0.0117	1.6969
1J2J	blue	crystal	0	2.7	0.0	98.51	1.11	0.59	0	0.0129	1.6037
1J2J	blue	af_relaxed	0	4.19	0.0	98.51	0.0	0.7	0	0.0114	1.652
1J2J	blue	af_relaxed	1	3.59	0.0	98.02	0.0	0.65	0	0.0114	1.6704
1J2J	blue	af_relaxed	2	5.09	0.0	99.01	0.0	0.77	0	0.0114	1.6578
1J2J	blue	af_relaxed	3	2.4	0.0	98.51	0.0	0.52	0	0.0114	1.6526
1J2J	blue	af_relaxed	4	3.59	0.0	98.02	0.0	0.65	0	0.0115	1.6605
1J2J	blue	af_unrelaxed	0	23.38	0.0	98.51	0.0	1.36	0	0.0175	1.5035
1J2J	blue	af_unrelaxed	1	15.6	0.0	99.01	0.56	1.2	0	0.0172	1.4595
1J2J	blue	af_unrelaxed	2	22.18	0.0	99.01	0.0	1.34	0	0.0179	1.5546
1J2J	blue	af_unrelaxed	3	16.19	0.0	99.01	0.0	1.21	0	0.0163	1.4436
1J2J	blue	af_unrelaxed	4	20.98	0.0	99.01	0.0	1.32	0	0.0237	1.6365
1J2J	blue	boltz	0	20.98	0.0	100.0	0.56	1.32	0	0.0116	1.0587
1J2J	blue	boltz	1	20.99	0.0	99.5	0.0	1.32	0	0.0133	1.1252
1J2J	blue	boltz	2	13.49	0.0	99.5	0.0	1.14	0	0.0114	1.0493
1J2J	blue	boltz	3	17.69	0.0	100.0	0.56	1.25	0	0.011	1.0629
1J2J	blue	boltz	4	17.09	0.0	100.0	0.0	1.23	0	0.011	1.0485
1J2J	blue	amber_af	0	4.49	0.0	99.01	0.0	0.73	0	0.0114	1.6654
1J2J	blue	amber_af	1	2.4	0.0	98.51	0.0	0.52	0	0.0114	1.6601
1J2J	blue	amber_af	2	3.59	0.0	98.51	0.0	0.65	0	0.0114	1.6489
1J2J	blue	amber_af	3	3.3	0.0	97.52	0.0	0.72	0	0.0115	1.659
1J2J	blue	amber_af	4	3.89	0.0	98.02	0.0	0.68	0	0.0114	1.6678
1J2J	blue	amber_boltz	0	3.3	0.0	99.01	0.0	0.62	0	0.0116	1.6896
1J2J	blue	amber_boltz	1	2.7	0.0	98.51	0.0	0.56	0	0.0113	1.6853
1J2J	blue	amber_boltz	2	3.59	0.0	99.01	0.0	0.65	1	0.0114	1.6427
1J2J	blue	amber_boltz	3	2.4	0.0	99.01	0.0	0.52	1	0.0115	1.6987
1J2J	blue	amber_boltz	4	2.4	0.0	99.01	0.0	0.52	0	0.0115	1.6921
1JIW	blue	crystal	0	5.4	0.18	97.89	0.91	0.82	0	0.0063	1.4382
1JIW	blue	af_relaxed	0	0.48	0.18	97.37	0.23	0.29	1	0.0112	1.6693
1JIW	blue	af_relaxed	1	0.96	0.35	96.67	0.46	0.5	1	0.0112	1.671
1JIW	blue	af_relaxed	2	1.44	0.18	96.67	0.23	0.59	1	0.0111	1.6792
1JIW	blue	af_relaxed	3	0.84	0.18	97.37	0.46	0.38	1	0.0111	1.6771
1JIW	blue	af_relaxed	4	1.2	0.18	97.37	0.23	0.46	1	0.0112	1.6777
1JIW	blue	af_unrelaxed	0	16.07	0.53	97.89	1.37	1.34	0	0.0173	1.4867
1JIW	blue	af_unrelaxed	1	14.16	0.18	98.77	0.23	1.16	0	0.0166	1.4815
1JIW	blue	af_unrelaxed	2	15.48	0.18	98.25	0.46	1.19	0	0.0171	1.4898
1JIW	blue	af_unrelaxed	3	13.43	0.18	98.6	0.46	1.14	0	0.0163	1.4197
1JIW	blue	af_unrelaxed	4	14.16	0.35	98.42	0.23	1.16	0	0.0207	1.4723
1JIW	blue	boltz	0	6.72	0.0	98.77	0.0	0.87	0	0.0108	1.1377
1JIW	blue	boltz	1	6.96	0.0	98.77	0.23	0.88	0	0.0107	1.1179
1JIW	blue	boltz	2	6.12	0.0	98.42	0.0	0.84	0	0.0104	1.1232
1JIW	blue	boltz	3	6.72	0.0	98.77	0.23	0.87	0	0.0105	1.1207
1JIW	blue	boltz	4	4.2	0.0	98.77	0.23	0.7	0	0.0109	1.144
1JIW	blue	amber_af	0	0.96	0.35	96.67	0.68	0.5	0	0.0112	1.6739
1JIW	blue	amber_af	1	1.32	0.18	97.54	0.46	0.45	1	0.0112	1.6719
1JIW	blue	amber_af	2	0.72	0.18	97.37	0.46	0.35	1	0.0111	1.6795
1JIW	blue	amber_af	3	0.36	0.18	97.54	0.23	0.22	1	0.0113	1.6699
1JIW	blue	amber_af	4	1.44	0.35	96.67	0.23	0.59	2	0.0111	1.6801
1JIW	blue	amber_boltz	0	0.48	0.0	97.72	0.0	0.23	0	0.0114	1.7028
1JIW	blue	amber_boltz	1	0.0	0.0	97.37	0.23	0.12	0	0.0114	1.7063
1JIW	blue	amber_boltz	2	0.36	0.0	97.89	0.0	0.16	0	0.0114	1.6985
1JIW	blue	amber_boltz	3	0.36	0.0	97.72	0.23	0.19	0	0.0115	1.7077
1JIW	blue	amber_boltz	4	0.24	0.18	97.72	0.0	0.15	0	0.0116	1.6975
1JK9	blue	crystal	0	22.28	1.02	89.77	8.62	2.61	0	0.0096	1.6415
1JK9	blue	af_relaxed	0	1.53	0.26	97.19	0.31	0.54	0	0.0113	1.6887
1JK9	blue	af_relaxed	1	2.72	0.0	98.47	0.31	0.56	0	0.0114	1.7175
1JK9	blue	af_relaxed	2	1.02	0.0	98.72	0.62	0.3	0	0.0114	1.6866
1JK9	blue	af_relaxed	3	2.38	0.26	97.95	0.62	0.53	1	0.0113	1.714
1JK9	blue	af_relaxed	4	2.72	0.51	96.42	0.0	0.8	0	0.0114	1.7574
1JK9	blue	af_unrelaxed	0	28.6	1.53	97.19	0.92	1.59	0	0.02	2.0695
1JK9	blue	af_unrelaxed	1	22.12	1.79	95.65	0.62	1.64	0	0.0175	1.7502
1JK9	blue	af_unrelaxed	2	27.39	0.26	98.21	0.92	1.43	0	0.0255	1.6634
1JK9	blue	af_unrelaxed	3	17.18	0.26	98.98	0.31	1.24	0	0.0267	2.0213
1JK9	blue	af_unrelaxed	4	24.35	0.51	98.21	0.92	1.38	0	0.027	1.6261
1JK9	blue	boltz	0	12.93	0.0	99.74	0.0	1.12	0	0.0212	1.4899
1JK9	blue	boltz	1	11.74	0.0	99.23	0.31	1.08	0	0.0221	1.4792
1JK9	blue	boltz	2	14.63	0.0	99.49	0.31	1.17	0	0.0181	1.5945
1JK9	blue	boltz	3	10.72	0.0	99.74	0.31	1.05	0	0.0203	1.5221
1JK9	blue	boltz	4	15.48	0.0	99.23	0.0	1.19	0	0.021	1.4856
1JK9	blue	amber_af	0	2.55	0.51	96.42	0.0	0.78	0	0.0115	1.7569
1JK9	blue	amber_af	1	2.21	0.26	97.19	0.31	0.65	0	0.0113	1.6885
1JK9	blue	amber_af	2	2.55	0.0	98.47	0.62	0.54	0	0.0114	1.7187
1JK9	blue	amber_af	3	1.02	0.0	98.72	0.62	0.3	0	0.0114	1.6839
1JK9	blue	amber_af	4	2.04	0.26	98.21	0.92	0.47	0	0.0113	1.7158
1JK9	blue	amber_boltz	0	1.19	0.0	98.98	0.0	0.33	0	0.0116	1.7242
1JK9	blue	amber_boltz	1	2.04	0.0	98.98	0.0	0.47	0	0.0118	1.7292
1JK9	blue	amber_boltz	2	0.68	0.0	98.47	0.0	0.22	0	0.0118	2.0823
1JK9	blue	amber_boltz	3	0.34	0.0	99.23	0.0	0.12	0	0.0118	1.7308
1JK9	blue	amber_boltz	4	1.36	0.0	98.72	0.0	0.37	0	0.0118	1.7296
1JMO	blue	crystal	0	14.3	0.99	95.34	5.3	2.04	0	0.0082	1.5322
1JMO	blue	af_relaxed	0	1.72	0.98	95.24	1.4	0.87	1	0.0116	1.729
1JMO	blue	af_relaxed	1	2.83	1.12	95.1	1.09	0.94	0	0.0117	1.7435
1JMO	blue	af_relaxed	2	4.81	0.42	95.38	0.78	1.07	1	0.0119	1.7537
1JMO	blue	af_relaxed	3	1.37	0.7	95.66	2.03	0.9	1	0.0125	1.831
1JMO	blue	af_relaxed	4	3.35	0.28	96.78	1.09	0.85	1	0.0118	1.7594
1JMO	blue	af_unrelaxed	0	28.03	2.1	95.1	6.86	2.41	0	0.0229	2.1537
1JMO	blue	af_unrelaxed	1	33.29	2.52	94.82	2.03	2.1	0	0.0206	2.3983
1JMO	blue	af_unrelaxed	2	29.76	1.12	96.08	1.56	1.87	0	0.0213	2.2671
1JMO	blue	af_unrelaxed	3	31.2	2.8	94.68	1.87	2.05	0	0.0223	2.2738
1JMO	blue	af_unrelaxed	4	25.7	3.08	94.4	2.65	2.1	0	0.0241	2.0931
1JMO	blue	boltz	0	20.1	0.28	98.04	0.0	1.3	0	0.0137	1.3686
1JMO	blue	boltz	1	17.44	0.14	97.76	0.47	1.3	0	0.0219	1.8231
1JMO	blue	boltz	2	15.81	0.0	98.46	0.16	1.2	0	0.0122	1.111
1JMO	blue	boltz	3	17.7	0.0	98.18	0.62	1.25	0	0.0125	1.1529
1JMO	blue	boltz	4	19.25	0.14	97.9	0.0	1.31	0	0.0153	1.1169
1JMO	blue	amber_af	0	1.12	0.56	95.52	2.03	0.86	1	0.0125	1.8358
1JMO	blue	amber_af	1	4.89	0.42	95.52	0.78	1.07	1	0.0118	1.7502
1JMO	blue	amber_af	2	3.52	0.14	96.92	1.09	0.86	1	0.0118	1.7523
1JMO	blue	amber_af	3	3.09	1.12	95.24	1.25	1.0	0	0.0117	1.7417
1JMO	blue	amber_af	4	2.06	0.84	95.1	1.25	0.89	0	0.0116	1.7196
1JMO	blue	amber_boltz	0	1.03	0.42	95.1	1.25	0.72	3	0.0129	1.9354
1JMO	blue	amber_boltz	1	4.64	0.42	96.5	0.94	0.97	4	0.0122	1.8752
1JMO	blue	amber_boltz	2	1.46	0.0	98.04	0.16	0.38	1	0.0118	1.7188
1JMO	blue	amber_boltz	3	0.94	0.28	95.1	1.72	0.8	2	0.0129	1.8903
1JMO	blue	amber_boltz	4	1.63	0.28	95.66	0.62	0.71	2	0.0125	1.8619
1JPS	blue	crystal	0	6.89	0.0	96.59	2.19	1.36	0	0.0116	1.6854
1JPS	blue	af_relaxed	0	1.36	0.0	97.74	0.55	0.42	0	0.0113	1.7027
1JPS	blue	af_relaxed	1	0.63	0.48	95.48	1.64	0.68	2	0.0122	1.8851
1JPS	blue	af_relaxed	2	3.34	0.32	96.77	1.09	0.85	2	0.0112	1.7582
1JPS	blue	af_relaxed	3	1.46	0.16	97.74	1.64	0.6	1	0.0112	1.7141
1JPS	blue	af_relaxed	4	4.18	0.16	97.1	1.09	0.89	1	0.0113	1.7552
1JPS	blue	af_unrelaxed	0	34.17	0.48	97.26	3.83	2.1	0	0.021	1.7589
1JPS	blue	af_unrelaxed	1	29.59	0.32	97.58	0.91	1.54	0	0.0188	1.8434
1JPS	blue	af_unrelaxed	2	20.79	0.32	97.58	0.55	1.4	0	0.0304	1.6917
1JPS	blue	af_unrelaxed	3	23.72	0.32	97.42	1.28	1.56	0	0.0197	1.7588
1JPS	blue	af_unrelaxed	4	20.38	0.32	97.42	1.28	1.5	0	0.0229	1.6964
1JPS	blue	boltz	0	10.55	0.16	98.39	0.0	1.04	0	0.0112	1.1607
1JPS	blue	boltz	1	10.13	0.0	98.55	0.18	1.03	0	0.0108	1.172
1JPS	blue	boltz	2	10.13	0.16	98.71	0.36	1.03	0	0.011	1.1768
1JPS	blue	boltz	3	12.84	0.0	98.55	0.0	1.12	0	0.0116	1.1502
1JPS	blue	boltz	4	12.32	0.0	98.39	0.18	1.1	0	0.0114	1.1535
1JPS	blue	amber_af	0	3.34	0.32	96.77	1.28	0.91	2	0.0112	1.7586
1JPS	blue	amber_af	1	4.8	0.16	96.77	1.09	0.98	2	0.0113	1.7683
1JPS	blue	amber_af	2	1.25	0.65	97.9	0.55	0.37	0	0.0114	1.7096
1JPS	blue	amber_af	3	3.03	0.48	96.94	0.73	0.77	2	0.0114	1.7476
1JPS	blue	amber_af	4	1.36	0.16	97.74	1.46	0.55	1	0.0112	1.7119
1JPS	blue	amber_boltz	0	0.73	0.0	97.74	0.0	0.29	0	0.0114	1.6928
1JPS	blue	amber_boltz	1	0.52	0.0	98.06	0.36	0.18	0	0.0116	1.6976
1JPS	blue	amber_boltz	2	0.84	0.0	98.23	0.36	0.26	0	0.0115	1.6823
1JPS	blue	amber_boltz	3	0.84	0.16	98.71	0.18	0.26	1	0.0114	1.6936
1JPS	blue	amber_boltz	4	1.46	0.0	98.39	0.36	0.38	0	0.0114	1.6912
1JTD	blue	crystal	0	6.38	0.0	98.31	2.0	1.08	0	0.0093	1.5138
1JTD	blue	af_relaxed	0	0.38	0.19	97.36	0.5	0.26	2	0.0122	1.8629
1JTD	blue	af_relaxed	1	7.14	0.19	95.46	1.5	1.34	7	0.0335	2.1115
1JTD	blue	af_relaxed	2	9.57	0.38	97.18	2.99	1.52	6	0.0119	1.975
1JTD	blue	af_relaxed	3	6.25	0.38	95.67	1.25	1.22	4	0.0121	2.0143
1JTD	blue	af_relaxed	4	3.44	0.19	96.8	2.0	1.06	3	0.0121	1.9759
1JTD	blue	af_unrelaxed	0	35.78	0.38	98.49	4.49	2.03	0	0.0268	1.5481
1JTD	blue	af_unrelaxed	1	18.13	0.38	98.68	0.25	1.26	0	0.0169	1.436
1JTD	blue	af_unrelaxed	2	42.03	0.19	98.31	0.25	1.6	0	0.0242	1.5357
1JTD	blue	af_unrelaxed	3	46.5	0.19	98.31	0.5	1.64	0	0.0197	1.542
1JTD	blue	af_unrelaxed	4	35.38	0.19	97.93	0.5	1.55	0	0.0252	1.5335
1JTD	blue	boltz	0	14.29	0.19	98.68	0.0	1.16	0	0.0107	1.1385
1JTD	blue	boltz	1	15.31	0.19	98.68	0.0	1.19	0	0.0112	1.3393
1JTD	blue	boltz	2	18.76	0.19	98.68	0.0	1.27	0	0.0112	1.157
1JTD	blue	boltz	3	21.43	0.19	98.49	0.25	1.33	0	0.0106	1.1425
1JTD	blue	boltz	4	17.48	0.19	98.12	0.0	1.24	0	0.0111	1.1305
1JTD	blue	amber_af	0	9.69	0.19	97.36	3.74	1.57	6	0.0119	1.9686
1JTD	blue	amber_af	1	2.55	0.19	98.12	0.25	0.54	0	0.0114	1.7601
1JTD	blue	amber_af	2	7.02	0.38	94.71	1.25	1.32	9	0.0334	2.1099
1JTD	blue	amber_af	3	6.12	0.75	95.67	1.75	1.32	6	0.0121	2.0437
1JTD	blue	amber_af	4	2.04	0.19	95.86	2.0	0.99	4	0.0123	1.9719
1JTD	blue	amber_boltz	0	1.4	0.19	97.93	0.0	0.39	1	0.0113	1.7611
1JTD	blue	amber_boltz	1	1.02	0.19	98.12	0.25	0.3	0	0.0116	1.775
1JTD	blue	amber_boltz	2	2.93	0.19	97.36	0.75	0.71	0	0.0114	1.7896
1JTD	blue	amber_boltz	3	2.04	0.19	97.74	0.0	0.53	0	0.0114	1.785
1JTD	blue	amber_boltz	4	1.91	0.19	97.93	0.25	0.47	0	0.0114	1.7877
1JTG	blue	crystal	0	4.96	0.0	97.86	2.33	1.07	0	0.0114	1.6166
1JTG	blue	af_relaxed	0	2.17	0.24	97.16	0.29	0.64	0	0.0114	1.7373
1JTG	blue	af_relaxed	1	2.17	0.24	97.39	0.29	0.61	0	0.0114	1.7349
1JTG	blue	af_relaxed	2	1.55	0.24	97.39	0.58	0.52	0	0.0113	1.733
1JTG	blue	af_relaxed	3	1.7	0.24	97.39	0.29	0.54	0	0.0115	1.7553
1JTG	blue	af_relaxed	4	1.86	0.24	97.63	0.0	0.53	0	0.0114	1.7379
1JTG	blue	af_unrelaxed	0	20.91	0.0	97.87	2.04	1.58	0	0.0205	1.4486
1JTG	blue	af_unrelaxed	1	17.97	0.0	98.1	0.0	1.25	0	0.0165	1.4295
1JTG	blue	af_unrelaxed	2	22.3	0.24	97.63	0.87	1.42	0	0.0182	1.4992
1JTG	blue	af_unrelaxed	3	20.59	0.0	97.87	0.29	1.34	0	0.0185	1.5945
1JTG	blue	af_unrelaxed	4	20.89	0.0	97.87	0.29	1.35	0	0.0295	1.4975
1JTG	blue	boltz	0	17.35	0.0	98.1	0.0	1.24	0	0.0153	1.1693
1JTG	blue	boltz	1	16.11	0.0	97.39	0.0	1.33	0	0.014	1.1886
1JTG	blue	boltz	2	18.28	0.24	98.1	0.0	1.26	0	0.014	1.2014
1JTG	blue	boltz	3	18.29	0.0	98.1	0.0	1.26	0	0.0139	1.2026
1JTG	blue	boltz	4	12.24	0.0	97.87	0.0	1.13	0	0.0138	1.1816
1JTG	blue	amber_af	0	2.01	0.24	97.16	0.87	0.62	0	0.0114	1.7476
1JTG	blue	amber_af	1	1.7	0.24	97.63	0.0	0.5	0	0.0114	1.7381
1JTG	blue	amber_af	2	2.01	0.24	96.92	0.58	0.65	0	0.0113	1.7369
1JTG	blue	amber_af	3	1.86	0.24	97.39	0.29	0.57	0	0.0115	1.7504
1JTG	blue	amber_af	4	1.7	0.24	97.63	0.29	0.5	0	0.0113	1.7287
1JTG	blue	amber_boltz	0	0.93	0.24	96.92	0.0	0.46	0	0.0115	1.7428
1JTG	blue	amber_boltz	1	1.39	0.24	96.68	0.0	0.58	0	0.0115	1.7462
1JTG	blue	amber_boltz	2	0.93	0.24	96.92	0.29	0.46	0	0.0115	1.7615
1JTG	blue	amber_boltz	3	1.39	0.0	96.92	0.0	0.56	0	0.0115	1.7625
1JTG	blue	amber_boltz	4	0.46	0.0	97.16	0.29	0.32	0	0.0118	1.7519
1JWH	blue	crystal	0	53.43	7.53	71.0	8.49	3.24	0	0.0108	1.7351
1JWH	blue	af_relaxed	0	0.91	0.19	98.31	0.0	0.28	1	0.0123	1.6801
1JWH	blue	af_relaxed	1	0.57	0.19	98.31	0.21	0.19	1	0.0125	1.6771
1JWH	blue	af_relaxed	2	0.57	0.19	98.31	0.0	0.19	1	0.0123	1.6791
1JWH	blue	af_relaxed	3	0.8	0.19	98.12	0.21	0.25	1	0.0124	1.6894
1JWH	blue	af_relaxed	4	0.8	0.19	98.12	0.0	0.25	1	0.0123	1.688
1JWH	blue	af_unrelaxed	0	10.94	0.0	97.93	0.62	1.07	0	0.0188	1.4298
1JWH	blue	af_unrelaxed	1	12.42	0.19	98.49	1.04	1.12	0	0.0178	1.5478
1JWH	blue	af_unrelaxed	2	14.01	0.0	97.93	0.83	1.17	0	0.0181	1.4003
1JWH	blue	af_unrelaxed	3	10.48	0.0	98.12	0.62	1.04	0	0.0168	1.372
1JWH	blue	af_unrelaxed	4	11.74	0.0	98.12	0.41	1.08	0	0.0236	1.4226
1JWH	blue	boltz	0	5.7	0.19	98.68	0.41	0.81	0	0.0114	1.1051
1JWH	blue	boltz	1	6.72	0.0	98.68	0.0	0.87	0	0.0113	1.0804
1JWH	blue	boltz	2	5.13	0.0	98.68	0.0	0.77	0	0.0111	1.087
1JWH	blue	boltz	3	6.27	0.19	98.68	0.0	0.84	0	0.0111	1.0802
1JWH	blue	boltz	4	6.95	0.19	98.49	0.0	0.88	0	0.0114	1.0727
1JWH	blue	amber_af	0	0.91	0.19	98.12	0.21	0.28	1	0.0124	1.6819
1JWH	blue	amber_af	1	0.68	0.19	98.12	0.0	0.22	1	0.0123	1.6915
1JWH	blue	amber_af	2	0.8	0.19	98.12	0.21	0.25	1	0.0124	1.6848
1JWH	blue	amber_af	3	0.68	0.19	98.31	0.0	0.22	1	0.0125	1.6757
1JWH	blue	amber_af	4	0.68	0.19	98.31	0.0	0.22	1	0.0123	1.6764
1JWH	blue	amber_boltz	0	0.46	0.19	98.12	0.0	0.16	1	0.0124	1.7014
1JWH	blue	amber_boltz	1	0.23	0.19	98.12	0.21	0.09	1	0.0125	1.6981
1JWH	blue	amber_boltz	2	0.34	0.19	98.12	0.0	0.13	1	0.0124	1.698
1JWH	blue	amber_boltz	3	0.8	0.19	98.12	0.0	0.25	1	0.0125	1.6999
1JWH	blue	amber_boltz	4	0.46	0.19	97.74	0.0	0.22	1	0.0125	1.7126
1JZD	blue	crystal	0	17.7	1.51	89.76	5.76	2.38	2	0.0136	1.8599
1JZD	blue	af_relaxed	0	2.53	0.0	96.69	0.0	0.75	0	0.0115	1.7141
1JZD	blue	af_relaxed	1	2.53	0.3	97.29	0.0	0.67	0	0.0116	1.7165
1JZD	blue	af_relaxed	2	2.14	0.6	96.69	1.08	0.72	0	0.0116	1.7393
1JZD	blue	af_relaxed	3	3.5	0.9	96.39	0.36	0.88	2	0.0117	1.7643
1JZD	blue	af_relaxed	4	2.14	0.0	97.59	0.0	0.57	0	0.0116	1.7149
1JZD	blue	af_unrelaxed	0	20.59	0.3	96.08	1.8	1.77	0	0.0225	1.6071
1JZD	blue	af_unrelaxed	1	14.18	0.0	97.59	0.36	1.24	0	0.0224	1.5704
1JZD	blue	af_unrelaxed	2	16.13	0.3	97.29	0.36	1.34	0	0.0223	1.5851
1JZD	blue	af_unrelaxed	3	14.77	0.3	97.59	0.72	1.26	0	0.0193	1.5175
1JZD	blue	af_unrelaxed	4	16.51	0.3	96.99	0.36	1.39	0	0.0244	1.595
1JZD	blue	boltz	0	8.94	0.0	98.19	0.36	0.98	0	0.0165	1.1253
1JZD	blue	boltz	1	9.91	0.0	98.19	0.72	1.02	0	0.015	1.1681
1JZD	blue	boltz	2	7.58	0.0	98.19	0.36	0.92	0	0.0155	1.1578
1JZD	blue	boltz	3	8.74	0.0	98.19	0.36	0.97	0	0.0156	1.1392
1JZD	blue	boltz	4	8.94	0.0	97.89	0.0	1.0	0	0.0153	1.1182
1JZD	blue	amber_af	0	1.94	0.6	96.69	1.08	0.69	0	0.0116	1.7295
1JZD	blue	amber_af	1	3.3	0.3	96.69	0.36	0.83	1	0.0116	1.731
1JZD	blue	amber_af	2	2.33	0.0	96.69	0.0	0.72	0	0.0116	1.7089
1JZD	blue	amber_af	3	2.14	0.3	96.99	0.0	0.66	0	0.0116	1.716
1JZD	blue	amber_af	4	2.33	0.0	97.89	0.0	0.54	0	0.0115	1.7106
1JZD	blue	amber_boltz	0	0.58	0.0	97.29	0.36	0.33	0	0.0117	1.6628
1JZD	blue	amber_boltz	1	0.78	0.0	97.29	0.0	0.38	0	0.0118	1.67
1JZD	blue	amber_boltz	2	0.78	0.0	97.59	0.0	0.33	0	0.0117	1.6631
1JZD	blue	amber_boltz	3	0.78	0.0	97.59	0.36	0.33	0	0.0117	1.6754
1JZD	blue	amber_boltz	4	0.97	0.0	97.59	0.0	0.37	0	0.0118	1.6592
1K5D	blue	crystal	0	20.94	3.48	86.38	7.45	2.61	0	0.0097	1.5834
1K5D	blue	af_relaxed	0	0.27	0.29	97.1	0.17	0.26	0	0.0119	1.7206
1K5D	blue	af_relaxed	1	0.54	0.29	97.1	0.0	0.34	0	0.0119	1.7084
1K5D	blue	af_relaxed	2	0.54	0.43	96.52	1.16	0.46	0	0.0119	1.7384
1K5D	blue	af_relaxed	3	1.61	0.43	96.96	0.17	0.59	1	0.012	1.7373
1K5D	blue	af_relaxed	4	1.61	0.29	97.1	0.5	0.57	1	0.0118	1.7443
1K5D	blue	af_unrelaxed	0	16.38	1.01	96.52	1.66	1.61	0	0.0194	1.4627
1K5D	blue	af_unrelaxed	1	20.86	0.87	97.1	0.5	1.47	0	0.019	1.5423
1K5D	blue	af_unrelaxed	2	20.5	0.72	96.23	0.17	1.56	0	0.0184	1.4871
1K5D	blue	af_unrelaxed	3	14.14	0.72	96.52	0.0	1.38	0	0.0181	1.4761
1K5D	blue	af_unrelaxed	4	14.94	0.29	96.81	0.0	1.38	0	0.0208	1.428
1K5D	blue	boltz	0	13.78	0.43	97.25	0.17	1.29	0	0.0127	1.1615
1K5D	blue	boltz	1	22.2	0.29	97.1	0.33	1.5	0	0.0146	1.1369
1K5D	blue	boltz	2	17.9	0.43	97.25	0.17	1.39	0	0.014	1.1295
1K5D	blue	boltz	3	17.09	0.58	97.25	0.17	1.37	0	0.0121	1.1529
1K5D	blue	boltz	4	23.45	0.72	96.52	0.33	1.59	0	0.0127	1.1504
1K5D	blue	amber_af	0	0.27	0.43	96.52	1.32	0.42	0	0.0119	1.7395
1K5D	blue	amber_af	1	1.79	0.29	96.96	0.5	0.62	1	0.0118	1.7461
1K5D	blue	amber_af	2	1.16	0.43	96.81	0.17	0.52	1	0.012	1.7382
1K5D	blue	amber_af	3	0.27	0.29	97.1	0.17	0.26	0	0.0119	1.7238
1K5D	blue	amber_af	4	0.72	0.29	97.1	0.0	0.39	0	0.0119	1.7108
1K5D	blue	amber_boltz	0	1.34	0.58	96.67	0.33	0.57	0	0.0119	1.7636
1K5D	blue	amber_boltz	1	1.7	0.29	96.81	0.5	0.62	1	0.0119	1.7881
1K5D	blue	amber_boltz	2	1.52	0.43	97.39	0.17	0.51	0	0.0119	1.7668
1K5D	blue	amber_boltz	3	0.81	0.58	96.81	0.17	0.45	0	0.0119	1.7673
1K5D	blue	amber_boltz	4	2.15	0.43	95.8	0.33	0.78	1	0.012	1.7813
1K74	blue	crystal	0	23.86	5.51	87.01	7.66	2.66	0	0.0093	1.5795
1K74	blue	af_relaxed	0	2.53	1.57	96.46	1.32	0.86	0	0.0118	1.779
1K74	blue	af_relaxed	1	2.29	1.18	96.46	0.88	0.74	0	0.0118	1.773
1K74	blue	af_relaxed	2	3.01	1.18	95.28	1.32	1.01	0	0.0118	1.7986
1K74	blue	af_relaxed	3	3.25	0.98	96.06	0.66	0.89	1	0.0118	1.7691
1K74	blue	af_relaxed	4	2.77	1.38	95.87	0.22	0.85	0	0.0118	1.7585
1K74	blue	af_unrelaxed	0	31.7	3.74	94.49	1.98	2.09	0	0.0193	1.8128
1K74	blue	af_unrelaxed	1	27.83	3.94	93.7	1.1	1.88	0	0.0189	1.8092
1K74	blue	af_unrelaxed	2	24.09	3.35	94.49	1.76	1.94	0	0.0193	1.7011
1K74	blue	af_unrelaxed	3	27.71	3.15	94.88	2.2	2.04	0	0.0182	1.7974
1K74	blue	af_unrelaxed	4	26.51	3.54	94.09	3.08	2.18	0	0.0256	1.8624
1K74	blue	boltz	0	17.83	0.0	98.82	0.66	1.25	0	0.011	1.0801
1K74	blue	boltz	1	22.89	0.0	99.21	0.22	1.35	0	0.0133	1.071
1K74	blue	boltz	2	23.02	0.39	98.43	0.0	1.35	0	0.0126	1.1007
1K74	blue	boltz	3	22.66	0.0	99.02	0.22	1.35	0	0.0121	1.1599
1K74	blue	boltz	4	22.65	0.2	99.21	0.66	1.35	0	0.0114	1.075
1K74	blue	amber_af	0	3.13	1.18	95.28	1.32	1.02	0	0.0118	1.8006
1K74	blue	amber_af	1	3.25	1.38	95.87	0.22	0.9	0	0.0118	1.7595
1K74	blue	amber_af	2	2.29	1.18	96.46	0.88	0.74	0	0.0119	1.7719
1K74	blue	amber_af	3	3.25	0.98	96.06	0.88	0.89	1	0.0118	1.7733
1K74	blue	amber_af	4	2.77	1.57	96.65	1.54	0.92	0	0.0118	1.7749
1K74	blue	amber_boltz	0	2.29	0.2	98.23	0.66	0.51	2	0.0119	1.7792
1K74	blue	amber_boltz	1	1.81	0.0	98.62	0.0	0.44	2	0.0119	1.7387
1K74	blue	amber_boltz	2	3.25	0.39	97.24	0.44	0.76	2	0.0119	1.7889
1K74	blue	amber_boltz	3	2.53	0.2	98.82	0.22	0.54	1	0.0117	1.7739
1K74	blue	amber_boltz	4	3.25	0.2	98.23	0.44	0.62	2	0.0119	1.7658
1KAC	blue	crystal	0	25.86	0.98	89.51	1.47	2.09	0	0.0703	3.4737
1KAC	blue	af_relaxed	0	1.06	0.0	95.08	0.37	0.65	0	0.0113	1.6772
1KAC	blue	af_relaxed	1	8.48	1.64	92.79	2.94	1.77	6	0.0412	2.0681
1KAC	blue	af_relaxed	2	7.84	0.66	93.77	1.1	1.37	3	0.0118	1.9115
1KAC	blue	af_relaxed	3	5.51	0.33	93.44	2.21	1.49	4	0.0126	2.0597
1KAC	blue	af_relaxed	4	8.9	0.33	94.43	1.47	1.48	2	0.0118	1.9331
1KAC	blue	af_unrelaxed	0	12.51	1.64	94.43	1.1	1.52	0	0.0201	1.7394
1KAC	blue	af_unrelaxed	1	22.29	2.3	94.75	0.74	1.7	0	0.0239	2.0329
1KAC	blue	af_unrelaxed	2	44.53	2.3	94.75	2.57	2.3	0	0.0232	1.9604
1KAC	blue	af_unrelaxed	3	31.83	1.97	94.43	1.84	2.07	0	0.0312	2.007
1KAC	blue	af_unrelaxed	4	52.28	1.64	94.75	1.84	2.26	0	0.0319	2.4593
1KAC	blue	boltz	0	20.57	0.33	98.03	0.0	1.31	0	0.0122	1.2104
1KAC	blue	boltz	1	31.22	0.33	97.7	0.0	1.54	0	0.016	1.2236
1KAC	blue	boltz	2	29.69	0.33	97.38	0.0	1.58	0	0.0116	1.2213
1KAC	blue	boltz	3	29.93	0.33	98.03	0.0	1.46	0	0.0159	1.2229
1KAC	blue	boltz	4	31.81	0.66	98.36	0.0	1.49	0	0.0114	1.214
1KAC	blue	amber_af	0	1.06	0.0	95.74	0.37	0.6	0	0.0113	1.6783
1KAC	blue	amber_af	1	8.48	0.33	94.43	1.47	1.47	2	0.0118	1.9258
1KAC	blue	amber_af	2	9.75	1.64	93.11	3.31	1.85	6	0.0412	2.0657
1KAC	blue	amber_af	3	8.05	0.66	94.1	1.1	1.37	3	0.0118	1.9058
1KAC	blue	amber_af	4	3.6	0.33	92.79	2.57	1.42	3	0.0126	2.0652
1KAC	blue	amber_boltz	0	2.97	0.0	96.72	0.37	0.79	0	0.0115	1.7354
1KAC	blue	amber_boltz	1	6.78	0.33	95.74	1.1	1.2	3	0.0121	1.967
1KAC	blue	amber_boltz	2	2.76	0.0	97.7	0.37	0.63	0	0.0116	1.7654
1KAC	blue	amber_boltz	3	3.18	0.0	97.05	0.37	0.78	0	0.0116	1.7666
1KAC	blue	amber_boltz	4	4.24	0.0	97.7	0.37	0.77	0	0.0116	1.729
1KKL	blue	crystal	0	24.9	0.81	94.74	5.91	2.34	0	0.0091	1.5456
1KKL	blue	af_relaxed	0	2.57	0.0	98.39	0.48	0.54	0	0.011	1.6982
1KKL	blue	af_relaxed	1	1.8	0.0	97.99	0.0	0.44	0	0.0111	1.6713
1KKL	blue	af_relaxed	2	0.51	0.0	97.99	1.43	0.3	0	0.011	1.7079
1KKL	blue	af_relaxed	3	1.54	0.0	97.59	0.95	0.48	0	0.0111	1.6841
1KKL	blue	af_relaxed	4	5.92	0.0	97.19	2.38	1.26	1	0.0114	1.8801
1KKL	blue	af_unrelaxed	0	24.96	0.0	98.39	2.86	1.73	0	0.0202	1.7092
1KKL	blue	af_unrelaxed	1	17.5	0.0	97.99	0.48	1.24	0	0.0177	1.8087
1KKL	blue	af_unrelaxed	2	21.1	0.0	97.59	1.43	1.52	0	0.0199	1.7333
1KKL	blue	af_unrelaxed	3	18.01	0.0	97.59	1.43	1.46	0	0.0192	1.8204
1KKL	blue	af_unrelaxed	4	78.07	0.0	97.19	1.43	2.13	0	0.0306	2.2383
1KKL	blue	boltz	0	31.92	0.4	97.19	0.48	1.64	0	0.0129	1.3309
1KKL	blue	boltz	1	31.14	0.4	97.19	0.48	1.63	0	0.0124	1.2031
1KKL	blue	boltz	2	32.68	0.4	97.19	0.95	1.65	0	0.0125	1.1996
1KKL	blue	boltz	3	26.25	0.0	98.8	0.48	1.41	0	0.0134	1.2222
1KKL	blue	boltz	4	36.81	1.2	97.19	0.95	1.7	0	0.013	1.1818
1KKL	blue	amber_af	0	0.51	0.0	97.99	1.43	0.3	0	0.011	1.7003
1KKL	blue	amber_af	1	2.31	0.0	98.39	0.95	0.51	0	0.011	1.7018
1KKL	blue	amber_af	2	0.77	0.0	97.99	0.0	0.25	0	0.0111	1.6706
1KKL	blue	amber_af	3	1.8	0.0	97.59	0.95	0.52	0	0.0111	1.6808
1KKL	blue	amber_af	4	6.94	0.0	97.19	1.9	1.24	1	0.0114	1.8702
1KKL	blue	amber_boltz	0	4.89	1.2	97.19	1.43	1.02	1	0.0115	1.8059
1KKL	blue	amber_boltz	1	2.31	0.8	97.99	0.48	0.51	0	0.0113	1.8127
1KKL	blue	amber_boltz	2	2.06	0.8	96.79	0.95	0.67	1	0.0113	1.7759
1KKL	blue	amber_boltz	3	3.09	0.0	98.39	0.48	0.6	0	0.0115	1.7913
1KKL	blue	amber_boltz	4	4.89	1.2	96.79	1.43	1.07	1	0.0112	1.8053
1KLU	blue	crystal	0	16.86	1.18	95.6	4.95	2.06	2	0.0082	1.5538
1KLU	blue	af_relaxed	0	1.04	0.51	98.15	0.0	0.3	0	0.0119	1.6644
1KLU	blue	af_relaxed	1	0.73	0.17	97.98	0.18	0.24	1	0.0121	1.6752
1KLU	blue	af_relaxed	2	1.25	0.0	98.82	0.55	0.34	0	0.0121	1.6832
1KLU	blue	af_relaxed	3	3.33	0.0	98.99	0.37	0.62	2	0.0119	1.7209
1KLU	blue	af_relaxed	4	5.09	0.84	96.8	1.47	1.09	3	0.0278	1.929
1KLU	blue	af_unrelaxed	0	10.92	0.0	98.65	1.47	1.18	0	0.0206	1.4533
1KLU	blue	af_unrelaxed	1	25.11	0.51	98.48	0.37	1.39	0	0.0262	1.6867
1KLU	blue	af_unrelaxed	2	11.65	0.51	98.15	0.0	1.08	0	0.0177	1.5476
1KLU	blue	af_unrelaxed	3	11.65	0.34	98.15	0.0	1.08	0	0.0215	1.4596
1KLU	blue	af_unrelaxed	4	18.62	0.34	98.48	0.73	1.27	0	0.0231	1.529
1KLU	blue	boltz	0	17.99	0.17	98.31	0.37	1.25	0	0.0125	1.1779
1KLU	blue	boltz	1	18.83	0.17	98.82	0.37	1.27	0	0.0131	1.1741
1KLU	blue	boltz	2	19.34	0.17	98.31	0.37	1.28	0	0.0129	1.1792
1KLU	blue	boltz	3	18.82	0.17	98.48	0.55	1.27	0	0.0131	1.2014
1KLU	blue	boltz	4	19.13	0.17	98.48	0.73	1.28	0	0.0133	1.1815
1KLU	blue	amber_af	0	1.25	0.0	98.65	0.55	0.34	0	0.012	1.6856
1KLU	blue	amber_af	1	5.3	0.51	96.8	0.92	0.98	6	0.0278	1.931
1KLU	blue	amber_af	2	1.25	0.51	98.15	0.0	0.34	0	0.0119	1.6704
1KLU	blue	amber_af	3	1.04	0.17	98.31	0.37	0.3	1	0.0121	1.6791
1KLU	blue	amber_af	4	2.91	0.0	98.82	0.55	0.58	2	0.0119	1.7382
1KLU	blue	amber_boltz	0	2.18	0.34	97.98	0.73	0.5	0	0.012	1.7209
1KLU	blue	amber_boltz	1	2.29	0.34	97.81	0.55	0.55	0	0.0119	1.7161
1KLU	blue	amber_boltz	2	2.29	0.34	97.98	0.37	0.51	0	0.0119	1.7219
1KLU	blue	amber_boltz	3	1.46	0.34	98.15	0.37	0.38	0	0.0119	1.7062
1KLU	blue	amber_boltz	4	1.66	0.51	97.64	0.55	0.49	1	0.0119	1.7231
1KTZ	blue	crystal	0	5.49	0.0	94.51	5.65	1.74	0	0.0148	1.9161
1KTZ	blue	af_relaxed	0	1.71	0.0	95.65	0.56	0.73	0	0.0114	1.6367
1KTZ	blue	af_relaxed	1	1.03	2.72	94.57	0.0	0.67	0	0.0115	1.66
1KTZ	blue	af_relaxed	2	1.71	1.63	94.02	1.13	0.87	0	0.0114	1.7141
1KTZ	blue	af_relaxed	3	2.74	1.09	96.2	0.56	0.82	0	0.0114	1.7548
1KTZ	blue	af_relaxed	4	12.33	1.63	94.57	0.56	1.48	0	0.0119	1.8606
1KTZ	blue	af_unrelaxed	0	20.2	2.72	92.39	1.13	1.81	0	0.0369	2.4813
1KTZ	blue	af_unrelaxed	1	21.59	2.72	91.3	0.56	1.84	0	0.0335	2.5354
1KTZ	blue	af_unrelaxed	2	51.71	3.8	90.76	0.56	2.22	0	0.0456	2.8345
1KTZ	blue	af_unrelaxed	3	22.94	3.8	91.85	0.56	1.84	0	0.0454	2.6668
1KTZ	blue	af_unrelaxed	4	22.58	1.09	94.02	1.13	1.79	0	0.038	2.2235
1KTZ	blue	boltz	0	15.77	0.0	96.2	0.0	1.46	0	0.0157	1.7917
1KTZ	blue	boltz	1	14.74	0.0	97.28	0.0	1.31	0	0.0175	1.7129
1KTZ	blue	boltz	2	12.34	0.54	96.2	0.0	1.36	0	0.0183	1.7013
1KTZ	blue	boltz	3	17.14	0.0	97.28	0.0	1.37	0	0.0177	1.7085
1KTZ	blue	boltz	4	18.85	1.09	96.2	0.0	1.53	0	0.0174	1.7581
1KTZ	blue	amber_af	0	2.06	1.09	95.11	0.56	0.82	0	0.0113	1.6891
1KTZ	blue	amber_af	1	1.37	1.09	96.2	0.56	0.63	0	0.0115	1.7419
1KTZ	blue	amber_af	2	13.36	1.63	95.11	0.56	1.47	0	0.0119	1.8636
1KTZ	blue	amber_af	3	1.03	3.26	93.48	0.0	0.73	0	0.0116	1.6857
1KTZ	blue	amber_af	4	1.37	0.0	95.65	0.56	0.67	0	0.0114	1.6392
1KTZ	blue	amber_boltz	0	0.69	0.0	96.74	0.56	0.43	1	0.0119	1.708
1KTZ	blue	amber_boltz	1	0.0	0.0	95.65	0.56	0.3	0	0.0115	1.6662
1KTZ	blue	amber_boltz	2	0.34	1.09	95.65	0.56	0.43	0	0.0114	1.6871
1KTZ	blue	amber_boltz	3	0.69	0.0	97.28	0.56	0.36	1	0.0116	1.6623
1KTZ	blue	amber_boltz	4	1.03	1.63	95.65	1.13	0.64	0	0.0116	1.7606
1KXP	blue	crystal	0	9.88	0.26	97.69	2.3	1.36	0	0.0076	1.3667
1KXP	blue	af_relaxed	0	0.41	0.26	97.83	0.86	0.19	2	0.0126	1.7989
1KXP	blue	af_relaxed	1	1.14	0.0	98.85	0.29	0.32	0	0.0118	1.6831
1KXP	blue	af_relaxed	2	0.9	0.0	98.21	0.43	0.27	1	0.0127	1.8148
1KXP	blue	af_relaxed	3	1.39	0.13	98.21	2.58	0.68	0	0.0118	1.7004
1KXP	blue	af_relaxed	4	1.47	0.13	98.08	0.57	0.39	0	0.0118	1.6801
1KXP	blue	af_unrelaxed	0	18.55	0.26	98.47	3.44	1.67	0	0.0194	1.4885
1KXP	blue	af_unrelaxed	1	18.14	0.26	98.21	0.43	1.26	0	0.0179	1.587
1KXP	blue	af_unrelaxed	2	15.76	0.13	98.6	0.57	1.2	0	0.0189	1.5368
1KXP	blue	af_unrelaxed	3	15.93	0.13	98.59	0.43	1.21	0	0.0188	1.5256
1KXP	blue	af_unrelaxed	4	15.19	0.13	98.34	1.0	1.19	0	0.0235	1.5585
1KXP	blue	boltz	0	10.13	0.0	99.23	0.14	1.03	0	0.0131	1.1663
1KXP	blue	boltz	1	13.8	0.0	98.85	0.43	1.15	0	0.0149	1.1861
1KXP	blue	boltz	2	14.05	0.0	98.85	0.14	1.15	0	0.0142	1.1641
1KXP	blue	boltz	3	13.39	0.0	98.98	0.29	1.14	0	0.0148	1.1617
1KXP	blue	boltz	4	13.97	0.0	99.23	0.14	1.15	0	0.0153	1.1704
1KXP	blue	amber_af	0	1.39	0.13	98.21	2.3	0.65	0	0.0118	1.6986
1KXP	blue	amber_af	1	1.71	0.13	98.08	0.57	0.43	0	0.0118	1.6817
1KXP	blue	amber_af	2	1.47	0.0	98.85	0.14	0.39	0	0.0118	1.6823
1KXP	blue	amber_af	3	0.73	0.0	98.47	0.57	0.23	1	0.0126	1.7983
1KXP	blue	amber_af	4	0.82	0.26	97.83	1.0	0.3	2	0.0127	1.8237
1KXP	blue	amber_boltz	0	1.14	0.0	98.34	0.43	0.32	0	0.0119	1.6865
1KXP	blue	amber_boltz	1	1.14	0.0	98.72	0.0	0.32	0	0.0118	1.7203
1KXP	blue	amber_boltz	2	1.47	0.0	98.72	0.29	0.39	0	0.0116	1.711
1KXP	blue	amber_boltz	3	1.63	0.0	98.6	0.14	0.41	0	0.0115	1.7045
1KXP	blue	amber_boltz	4	1.39	0.0	98.72	0.14	0.37	0	0.0116	1.7247
1LFD	blue	crystal	0	5.71	0.0	95.98	3.57	1.51	0	0.0071	1.3261
1LFD	blue	af_relaxed	0	1.49	0.0	97.59	0.0	0.47	0	0.0115	1.6372
1LFD	blue	af_relaxed	1	0.99	0.0	98.39	0.0	0.29	0	0.0115	1.627
1LFD	blue	af_relaxed	2	0.99	0.0	97.99	0.0	0.3	0	0.0115	1.6483
1LFD	blue	af_relaxed	3	0.74	0.0	97.19	0.0	0.39	0	0.0115	1.6442
1LFD	blue	af_relaxed	4	0.74	0.0	96.39	0.0	0.48	0	0.0116	1.6662
1LFD	blue	af_unrelaxed	0	19.13	0.0	97.59	0.89	1.36	0	0.0205	1.4587
1LFD	blue	af_unrelaxed	1	16.39	0.0	97.99	0.0	1.22	0	0.0153	1.4747
1LFD	blue	af_unrelaxed	2	17.13	0.0	98.8	0.0	1.23	0	0.0156	1.3535
1LFD	blue	af_unrelaxed	3	17.89	0.0	97.19	0.0	1.4	0	0.0184	1.3717
1LFD	blue	af_unrelaxed	4	12.43	0.0	97.99	0.0	1.11	0	0.0212	1.4072
1LFD	blue	boltz	0	17.88	0.4	97.59	0.45	1.34	0	0.0114	1.1001
1LFD	blue	boltz	1	12.91	0.0	97.99	0.89	1.12	0	0.0117	1.0799
1LFD	blue	boltz	2	14.65	0.4	97.59	0.45	1.26	0	0.0118	1.095
1LFD	blue	boltz	3	15.15	0.4	98.8	0.45	1.19	0	0.0109	1.1051
1LFD	blue	boltz	4	13.41	0.4	97.99	0.45	1.14	0	0.0107	1.08
1LFD	blue	amber_af	0	1.49	0.0	96.79	0.45	0.59	0	0.0116	1.6613
1LFD	blue	amber_af	1	0.25	0.0	96.79	0.0	0.29	0	0.0115	1.646
1LFD	blue	amber_af	2	0.5	0.0	98.39	0.0	0.17	0	0.0115	1.6299
1LFD	blue	amber_af	3	1.24	0.0	97.99	0.0	0.35	0	0.0115	1.6508
1LFD	blue	amber_af	4	0.99	0.0	97.59	0.0	0.38	0	0.0114	1.6351
1LFD	blue	amber_boltz	0	0.99	0.0	97.19	0.45	0.44	0	0.0116	1.676
1LFD	blue	amber_boltz	1	1.74	0.0	97.19	0.89	0.58	0	0.0114	1.6559
1LFD	blue	amber_boltz	2	0.99	0.4	96.79	0.45	0.49	0	0.0115	1.6825
1LFD	blue	amber_boltz	3	1.74	0.4	96.79	0.89	0.63	0	0.0117	1.6981
1LFD	blue	amber_boltz	4	1.74	0.4	96.79	0.0	0.63	0	0.0117	1.6752
1M10	blue	crystal	0	38.17	4.98	82.25	5.04	2.8	0	0.0109	1.7803
1M10	blue	af_relaxed	0	2.01	0.0	95.45	0.48	0.79	0	0.0116	1.7197
1M10	blue	af_relaxed	1	0.8	0.22	95.89	0.48	0.54	0	0.0118	1.6989
1M10	blue	af_relaxed	2	1.07	0.22	95.67	0.72	0.61	0	0.0117	1.6888
1M10	blue	af_relaxed	3	1.07	0.43	95.02	0.72	0.66	0	0.0118	1.694
1M10	blue	af_relaxed	4	0.4	0.22	96.1	0.24	0.41	0	0.0117	1.707
1M10	blue	af_unrelaxed	0	16.07	0.22	94.81	0.72	1.57	0	0.0195	1.6544
1M10	blue	af_unrelaxed	1	13.53	0.43	95.02	0.72	1.49	0	0.019	1.6544
1M10	blue	af_unrelaxed	2	14.06	0.43	95.45	0.48	1.47	0	0.0216	1.7329
1M10	blue	af_unrelaxed	3	15.8	0.22	96.1	0.72	1.47	0	0.0207	1.6432
1M10	blue	af_unrelaxed	4	15.8	0.22	95.45	0.72	1.52	0	0.0226	1.6808
1M10	blue	boltz	0	10.85	0.22	96.54	0.24	1.28	0	0.0136	1.1881
1M10	blue	boltz	1	10.05	0.22	96.1	0.24	1.29	0	0.014	1.1853
1M10	blue	boltz	2	11.11	0.22	96.75	0.0	1.26	0	0.0145	1.1815
1M10	blue	boltz	3	14.74	0.22	96.32	0.0	1.42	0	0.0146	1.1936
1M10	blue	boltz	4	14.33	0.22	96.32	0.0	1.41	0	0.0146	1.1556
1M10	blue	amber_af	0	1.21	0.22	95.67	0.72	0.64	0	0.0117	1.6891
1M10	blue	amber_af	1	1.34	0.43	95.02	0.72	0.71	0	0.0118	1.7126
1M10	blue	amber_af	2	0.4	0.22	96.1	0.24	0.41	0	0.0117	1.7038
1M10	blue	amber_af	3	0.8	0.22	95.89	0.48	0.54	0	0.0118	1.7099
1M10	blue	amber_af	4	1.07	0.0	95.45	0.48	0.63	0	0.0116	1.7068
1M10	blue	amber_boltz	0	0.8	0.22	96.32	0.0	0.5	0	0.0119	1.7116
1M10	blue	amber_boltz	1	0.94	0.22	95.67	0.0	0.58	0	0.0119	1.7398
1M10	blue	amber_boltz	2	1.07	0.0	95.45	0.24	0.63	0	0.0118	1.7483
1M10	blue	amber_boltz	3	1.34	0.22	96.1	0.72	0.63	0	0.0117	1.7654
1M10	blue	amber_boltz	4	1.07	0.22	96.54	0.24	0.54	0	0.0116	1.7369
1M27	blue	crystal	0	7.53	0.0	96.47	1.32	1.24	0	0.0085	1.4463
1M27	blue	af_relaxed	0	29.74	1.18	93.53	3.29	2.28	4	0.014	2.34
1M27	blue	af_relaxed	1	3.94	0.0	95.29	0.66	1.01	0	0.0122	1.8235
1M27	blue	af_relaxed	2	1.07	0.0	97.06	0.0	0.48	0	0.0118	1.6828
1M27	blue	af_relaxed	3	2.15	1.18	96.47	0.0	0.72	0	0.0117	1.6801
1M27	blue	af_relaxed	4	7.52	0.59	94.12	3.29	1.7	6	0.0132	2.2292
1M27	blue	af_unrelaxed	0	208.88	5.36	88.1	0.66	2.87	0	0.0718	5.0841
1M27	blue	af_unrelaxed	1	64.07	4.12	92.94	0.0	2.23	0	0.0429	3.4135
1M27	blue	af_unrelaxed	2	22.97	2.35	95.29	0.66	1.68	0	0.0256	2.6489
1M27	blue	af_unrelaxed	3	22.65	1.18	97.06	0.0	1.51	0	0.0165	1.6666
1M27	blue	af_unrelaxed	4	34.87	2.35	94.71	0.66	1.89	0	0.0291	1.987
1M27	blue	boltz	0	14.35	0.0	99.41	0.0	1.16	0	0.0113	1.1284
1M27	blue	boltz	1	14.71	0.0	99.41	0.0	1.17	0	0.0116	1.1303
1M27	blue	boltz	2	20.8	0.0	99.41	0.0	1.31	0	0.0116	1.1155
1M27	blue	boltz	3	21.89	0.0	99.41	0.0	1.33	0	0.0115	1.1139
1M27	blue	boltz	4	19.75	0.0	100.0	0.0	1.29	0	0.0117	1.1235
1M27	blue	amber_af	0	8.6	0.59	92.35	3.29	1.83	1	0.0131	2.1563
1M27	blue	amber_af	1	3.58	0.0	95.29	0.66	0.98	0	0.0122	1.8179
1M27	blue	amber_af	2	2.51	1.18	96.47	0.0	0.77	0	0.0117	1.6712
1M27	blue	amber_af	3	1.07	0.0	97.65	0.0	0.39	0	0.0118	1.6794
1M27	blue	amber_af	4	17.56	0.59	94.71	3.29	2.0	8	0.013	2.2761
1M27	blue	amber_boltz	0	1.07	0.0	99.41	0.66	0.31	0	0.0122	1.6751
1M27	blue	amber_boltz	1	0.72	0.0	99.41	0.0	0.23	0	0.0121	1.6685
1M27	blue	amber_boltz	2	1.07	0.0	99.41	0.0	0.31	0	0.012	1.7234
1M27	blue	amber_boltz	3	3.58	0.0	99.41	0.0	0.65	2	0.0121	1.7225
1M27	blue	amber_boltz	4	2.87	0.0	99.41	1.32	0.67	2	0.0122	1.8038
1MAH	blue	af_relaxed	0	4.27	0.68	95.08	0.2	1.05	2	0.0118	1.7637
1MAH	blue	af_relaxed	1	3.28	1.02	94.24	0.4	1.01	1	0.0293	1.8914
1MAH	blue	af_relaxed	2	6.13	1.02	93.54	1.42	1.38	9	0.0323	2.1236
1MAH	blue	af_relaxed	3	6.46	0.34	95.08	1.62	1.36	6	0.0316	2.0716
1MAH	blue	af_relaxed	4	3.61	1.36	93.39	4.05	1.54	9	0.0135	2.1729
1MAH	blue	af_unrelaxed	0	51.77	0.68	95.24	2.43	2.31	0	0.0348	2.148
1MAH	blue	af_unrelaxed	1	37.13	0.68	95.58	0.4	1.86	0	0.0294	1.9538
1MAH	blue	af_unrelaxed	2	31.34	0.68	95.25	0.4	1.81	0	0.0249	1.8129
1MAH	blue	af_unrelaxed	3	47.16	0.85	94.56	0.2	2.02	0	0.036	2.1371
1MAH	blue	af_unrelaxed	4	32.55	0.85	95.25	0.81	1.83	0	0.0327	1.7421
1MAH	blue	boltz	0	15.01	0.17	97.29	0.2	1.32	0	0.0125	1.2329
1MAH	blue	boltz	1	18.29	0.17	97.8	0.2	1.31	0	0.0132	1.2537
1MAH	blue	boltz	2	19.28	0.17	97.46	0.2	1.39	0	0.0135	1.2327
1MAH	blue	boltz	3	10.19	0.17	97.29	0.0	1.16	0	0.0179	1.3215
1MAH	blue	boltz	4	10.73	0.17	97.63	0.61	1.13	0	0.0175	1.3226
1MAH	blue	amber_af	0	4.05	1.36	93.9	3.24	1.49	8	0.0136	2.1684
1MAH	blue	amber_af	1	5.91	0.85	95.08	1.62	1.32	4	0.0316	2.0479
1MAH	blue	amber_af	2	4.38	0.51	95.08	0.2	1.06	2	0.0118	1.7588
1MAH	blue	amber_af	3	8.76	1.02	94.39	1.42	1.47	8	0.0402	2.2202
1MAH	blue	amber_af	4	2.96	0.85	94.58	0.81	0.96	1	0.0293	1.8863
1MAH	blue	amber_boltz	0	2.96	0.0	96.44	0.4	0.82	3	0.0119	1.7415
1MAH	blue	amber_boltz	1	2.41	0.34	96.27	0.4	0.77	2	0.0119	1.7761
1MAH	blue	amber_boltz	2	3.5	0.34	96.27	0.4	0.89	2	0.0121	1.7838
1MAH	blue	amber_boltz	3	1.75	0.34	96.61	0.2	0.65	1	0.012	1.7442
1MAH	blue	amber_boltz	4	0.66	0.17	96.44	0.2	0.45	0	0.0118	1.7362
1ML0	blue	crystal	0	18.45	1.39	88.4	4.66	2.36	0	0.0099	1.591
1ML0	blue	af_relaxed	0	18.29	3.26	81.82	6.74	2.6	10	0.0449	2.3323
1ML0	blue	af_relaxed	1	10.19	3.48	82.13	6.74	2.36	8	0.0326	2.235
1ML0	blue	af_relaxed	2	13.94	5.34	76.57	7.25	2.58	18	0.014	2.5309
1ML0	blue	af_relaxed	3	21.43	7.19	73.09	7.77	2.82	13	0.0438	2.5885
1ML0	blue	af_relaxed	4	5.4	3.25	76.33	5.7	2.15	5	0.0132	2.197
1ML0	blue	af_unrelaxed	0	128.6	19.49	66.82	8.81	3.66	0	0.0394	4.3292
1ML0	blue	af_unrelaxed	1	175.14	23.43	63.34	6.99	3.74	0	0.0461	4.5126
1ML0	blue	af_unrelaxed	2	144.17	17.4	70.3	8.81	3.68	0	0.0477	5.1327
1ML0	blue	af_unrelaxed	3	138.25	15.08	71.46	7.51	3.6	0	0.0382	3.723
1ML0	blue	af_unrelaxed	4	139.76	16.47	70.77	11.92	3.76	0	0.0352	3.8883
1ML0	blue	boltz	0	176.04	0.23	97.45	0.0	2.32	0	0.036	2.8305
1ML0	blue	boltz	1	150.32	0.23	98.14	0.0	2.14	0	0.0231	1.4108
1ML0	blue	boltz	2	185.43	0.0	96.52	0.26	2.45	0	0.0383	2.0494
1ML0	blue	boltz	3	136.49	0.23	97.68	0.26	2.17	0	0.0209	1.5904
1ML0	blue	boltz	4	176.88	0.7	97.45	0.26	2.32	0	0.0254	1.8107
1ML0	blue	amber_af	0	5.7	3.94	77.96	5.7	2.15	8	0.0137	2.2894
1ML0	blue	amber_af	1	17.53	6.5	73.55	7.77	2.73	10	0.0438	2.5697
1ML0	blue	amber_af	2	13.79	5.8	77.49	7.51	2.58	20	0.014	2.5256
1ML0	blue	amber_af	3	16.94	3.5	80.19	6.99	2.61	9	0.045	2.3819
1ML0	blue	amber_af	4	10.64	3.71	83.53	6.99	2.37	6	0.0326	2.2535
1ML0	blue	amber_boltz	0	10.05	2.32	89.56	6.22	2.19	9	0.014	2.4294
1ML0	blue	amber_boltz	1	13.64	0.93	91.18	3.89	2.11	5	0.0126	2.2365
1ML0	blue	amber_boltz	2	16.65	1.86	90.26	6.22	2.37	6	0.0133	2.3634
1ML0	blue	amber_boltz	3	26.53	0.46	94.66	1.81	1.98	4	0.0122	2.1464
1ML0	blue	amber_boltz	4	17.85	3.02	90.72	4.66	2.29	11	0.0133	2.4546
1MLC	blue	af_relaxed	0	1.67	0.18	97.3	0.41	0.55	0	0.0112	1.6936
1MLC	blue	af_relaxed	1	4.65	0.36	97.48	0.21	0.84	0	0.0113	1.719
1MLC	blue	af_relaxed	2	7.5	0.72	96.58	0.83	1.13	3	0.0116	1.8106
1MLC	blue	af_relaxed	3	2.98	0.18	97.12	1.04	0.76	0	0.011	1.6919
1MLC	blue	af_relaxed	4	3.57	0.18	96.58	0.83	0.87	1	0.0113	1.702
1MLC	blue	af_unrelaxed	0	29.89	0.54	97.66	2.28	1.81	0	0.0211	1.7943
1MLC	blue	af_unrelaxed	1	22.4	0.72	97.3	0.41	1.48	0	0.0232	1.8793
1MLC	blue	af_unrelaxed	2	26.11	1.26	96.76	0.41	1.61	0	0.0247	2.042
1MLC	blue	af_unrelaxed	3	32.32	0.72	96.94	0.62	1.67	0	0.0287	1.8138
1MLC	blue	af_unrelaxed	4	26.47	0.9	97.12	0.62	1.57	0	0.0262	1.9084
1MLC	blue	boltz	0	11.08	0.0	98.02	0.62	1.06	0	0.0176	1.1869
1MLC	blue	boltz	1	14.77	0.0	98.2	0.62	1.18	0	0.0122	1.192
1MLC	blue	boltz	2	11.79	0.0	98.38	0.62	1.09	0	0.0125	1.2433
1MLC	blue	boltz	3	11.56	0.18	98.02	0.41	1.08	0	0.0122	1.174
1MLC	blue	boltz	4	11.68	0.18	98.74	0.21	1.08	0	0.0138	1.4284
1MLC	blue	amber_af	0	3.1	0.18	96.94	1.24	0.85	0	0.011	1.6981
1MLC	blue	amber_af	1	1.43	0.18	97.12	0.41	0.54	0	0.0112	1.6943
1MLC	blue	amber_af	2	4.65	0.36	97.3	0.62	0.87	1	0.0113	1.7251
1MLC	blue	amber_af	3	2.62	0.72	96.76	1.45	0.87	3	0.0119	1.8418
1MLC	blue	amber_af	4	3.33	0.18	96.58	0.83	0.85	1	0.0113	1.7042
1MLC	blue	amber_boltz	0	1.19	0.0	98.2	0.41	0.33	0	0.0115	1.6721
1MLC	blue	amber_boltz	1	1.07	0.0	97.84	0.62	0.35	0	0.0115	1.6682
1MLC	blue	amber_boltz	2	1.43	0.0	96.94	0.62	0.56	0	0.0114	1.6887
1MLC	blue	amber_boltz	3	2.02	0.0	97.48	0.21	0.58	0	0.0116	1.684
1MLC	blue	amber_boltz	4	1.91	0.18	97.48	0.21	0.56	0	0.0116	1.7288
1MQ8	blue	crystal	0	34.64	4.49	79.78	13.71	3.13	0	0.0114	1.8309
1MQ8	blue	af_relaxed	0	3.16	0.28	96.07	0.31	0.88	0	0.0114	1.7575
1MQ8	blue	af_relaxed	1	4.75	0.28	96.35	0.62	0.99	2	0.0114	1.7836
1MQ8	blue	af_relaxed	2	2.46	0.56	96.07	1.25	0.87	0	0.0113	1.74
1MQ8	blue	af_relaxed	3	2.64	0.28	96.07	0.0	0.82	0	0.0113	1.7529
1MQ8	blue	af_relaxed	4	1.58	0.28	96.35	0.62	0.65	0	0.0112	1.7316
1MQ8	blue	af_unrelaxed	0	30.94	0.56	97.19	0.93	1.62	0	0.0275	2.1839
1MQ8	blue	af_unrelaxed	1	30.22	1.12	96.91	0.93	1.65	0	0.0248	2.1309
1MQ8	blue	af_unrelaxed	2	33.03	0.28	96.35	1.25	1.82	0	0.0275	2.0462
1MQ8	blue	af_unrelaxed	3	25.31	0.28	96.91	2.8	1.92	0	0.0215	2.1019
1MQ8	blue	af_unrelaxed	4	25.49	0.56	97.19	1.25	1.62	0	0.0269	2.0519
1MQ8	blue	boltz	0	14.94	0.0	97.47	0.31	1.29	0	0.0153	1.256
1MQ8	blue	boltz	1	13.54	0.0	98.03	0.62	1.14	0	0.0117	1.2308
1MQ8	blue	boltz	2	13.89	0.0	97.75	0.31	1.21	0	0.0119	1.1943
1MQ8	blue	boltz	3	13.36	0.0	98.03	0.31	1.14	0	0.0136	1.2344
1MQ8	blue	boltz	4	14.24	0.0	98.03	0.0	1.16	0	0.0139	1.1999
1MQ8	blue	amber_af	0	4.39	0.28	96.91	0.93	0.9	1	0.0113	1.7918
1MQ8	blue	amber_af	1	2.46	0.28	96.35	0.0	0.77	0	0.0113	1.7557
1MQ8	blue	amber_af	2	3.34	0.28	96.07	0.31	0.89	0	0.0114	1.769
1MQ8	blue	amber_af	3	2.46	0.56	95.79	1.25	0.89	0	0.0113	1.7465
1MQ8	blue	amber_af	4	2.11	0.28	96.35	0.93	0.73	0	0.0112	1.7331
1MQ8	blue	amber_boltz	0	1.58	0.0	97.47	0.31	0.51	0	0.0116	1.7139
1MQ8	blue	amber_boltz	1	1.05	0.0	97.47	0.62	0.41	0	0.0116	1.7309
1MQ8	blue	amber_boltz	2	1.23	0.0	97.47	0.0	0.45	0	0.0116	1.7387
1MQ8	blue	amber_boltz	3	1.58	0.0	97.75	0.31	0.46	0	0.0118	1.7181
1MQ8	blue	amber_boltz	4	0.7	0.0	97.75	0.31	0.28	0	0.0116	1.7297
1N2C	blue	crystal	0	12.55	1.42	91.01	3.34	2.03	0	0.0078	1.4113
1N2C	blue	af_relaxed	0	1.2	0.16	96.92	0.83	0.52	0	0.0121	1.6912
1N2C	blue	af_relaxed	1	1.2	0.16	97.0	0.56	0.51	0	0.0123	1.693
1N2C	blue	af_relaxed	2	1.0	0.16	96.92	0.19	0.48	0	0.0121	1.6878
1N2C	blue	af_relaxed	3	1.45	0.16	97.24	0.65	0.52	0	0.0122	1.696
1N2C	blue	af_relaxed	4	1.85	0.16	97.24	1.3	0.67	1	0.0122	1.7139
1N2C	blue	af_unrelaxed	0	18.03	0.24	97.24	2.96	1.75	0	0.0188	1.4702
1N2C	blue	af_unrelaxed	1	15.12	0.16	97.32	1.11	1.35	0	0.0172	1.4545
1N2C	blue	af_unrelaxed	2	17.43	0.16	97.24	0.65	1.38	0	0.0192	1.4603
1N2C	blue	af_unrelaxed	3	16.03	0.16	97.0	0.74	1.38	0	0.0173	1.4834
1N2C	blue	af_unrelaxed	4	15.38	0.16	97.16	1.3	1.43	0	0.0217	1.5013
1N2C	blue	boltz	0	12.27	0.16	97.48	0.28	1.21	0	0.012	1.1467
1N2C	blue	boltz	1	15.33	0.08	97.32	0.37	1.32	0	0.0127	1.1403
1N2C	blue	boltz	2	10.87	0.16	97.48	0.46	1.16	0	0.0117	1.1332
1N2C	blue	boltz	3	13.32	0.16	97.71	0.46	1.2	0	0.012	1.144
1N2C	blue	boltz	4	14.27	0.08	97.63	0.56	1.24	0	0.0125	1.1464
1N2C	blue	amber_af	0	1.85	0.16	97.16	1.3	0.68	0	0.0121	1.7104
1N2C	blue	amber_af	1	1.55	0.16	97.24	0.74	0.54	0	0.0122	1.6964
1N2C	blue	amber_af	2	0.95	0.16	97.0	0.19	0.46	0	0.0121	1.6856
1N2C	blue	amber_af	3	1.2	0.16	97.0	0.56	0.51	0	0.0123	1.6963
1N2C	blue	amber_af	4	1.25	0.16	96.92	1.02	0.53	0	0.0121	1.6907
1N2C	blue	amber_boltz	0	1.25	0.16	97.08	0.56	0.51	1	0.0118	1.7185
1N2C	blue	amber_boltz	1	1.5	0.24	96.92	0.56	0.57	1	0.0117	1.739
1N2C	blue	amber_boltz	2	1.0	0.08	96.92	0.65	0.48	2	0.012	1.7264
1N2C	blue	amber_boltz	3	1.3	0.16	96.69	0.56	0.56	1	0.0118	1.7272
1N2C	blue	amber_boltz	4	1.95	0.24	96.92	0.74	0.64	1	0.0118	1.743
1NW9	blue	crystal	0	21.53	2.49	92.52	2.49	2.1	0	0.0081	1.4854
1NW9	blue	af_relaxed	0	7.41	0.0	98.15	1.07	0.93	0	0.0122	1.8122
1NW9	blue	af_relaxed	1	12.09	1.23	95.69	1.78	1.58	6	0.0398	2.2334
1NW9	blue	af_relaxed	2	6.24	1.54	95.38	2.85	1.51	7	0.013	2.1174
1NW9	blue	af_relaxed	3	22.62	0.62	96.92	2.14	1.78	4	0.013	2.0704
1NW9	blue	af_relaxed	4	9.36	0.62	97.23	2.85	1.48	5	0.036	1.9262
1NW9	blue	af_unrelaxed	0	40.05	0.31	98.46	3.2	1.97	0	0.0233	2.1073
1NW9	blue	af_unrelaxed	1	42.75	0.92	97.54	1.07	1.73	0	0.0202	2.1448
1NW9	blue	af_unrelaxed	2	72.89	0.31	98.15	1.78	2.02	0	0.0253	2.0523
1NW9	blue	af_unrelaxed	3	63.53	0.62	97.23	1.78	2.11	0	0.0285	2.2497
1NW9	blue	af_unrelaxed	4	50.99	0.62	97.23	4.27	2.3	0	0.0249	2.014
1NW9	blue	boltz	0	36.47	0.0	98.77	0.0	1.54	0	0.012	1.0867
1NW9	blue	boltz	1	32.59	0.0	99.38	0.36	1.5	0	0.0214	1.0883
1NW9	blue	boltz	2	35.5	0.0	98.46	1.07	1.55	0	0.0112	1.0955
1NW9	blue	boltz	3	39.03	0.0	98.77	0.36	1.57	0	0.0161	1.0804
1NW9	blue	boltz	4	31.02	0.0	99.08	0.71	1.48	0	0.0113	1.0913
1NW9	blue	amber_af	0	9.55	0.62	96.92	2.14	1.44	2	0.036	1.8934
1NW9	blue	amber_af	1	6.63	0.0	98.15	0.71	0.87	0	0.0123	1.8232
1NW9	blue	amber_af	2	25.93	0.31	96.92	1.42	1.7	3	0.0128	2.0051
1NW9	blue	amber_af	3	12.87	0.92	96.62	1.78	1.53	5	0.0397	2.1677
1NW9	blue	amber_af	4	5.85	1.54	95.38	2.14	1.39	7	0.013	2.1008
1NW9	blue	amber_boltz	0	4.29	0.0	99.38	0.36	0.71	0	0.0122	1.8116
1NW9	blue	amber_boltz	1	4.87	0.0	99.38	0.36	0.75	0	0.0121	1.8089
1NW9	blue	amber_boltz	2	2.34	0.31	98.46	0.71	0.51	0	0.012	1.7608
1NW9	blue	amber_boltz	3	5.07	0.31	98.77	0.0	0.77	3	0.0122	1.8235
1NW9	blue	amber_boltz	4	3.9	0.31	99.08	1.07	0.7	0	0.0124	1.8099
1OC0	blue	crystal	0	3.01	0.0	98.48	4.82	1.11	0	0.0128	1.6007
1OC0	blue	af_relaxed	0	3.96	0.25	97.47	0.28	0.79	1	0.0117	1.7965
1OC0	blue	af_relaxed	1	1.43	0.0	96.97	1.42	0.67	1	0.0126	2.1758
1OC0	blue	af_relaxed	2	3.8	0.51	97.22	1.13	0.85	2	0.0117	1.8633
1OC0	blue	af_relaxed	3	5.39	0.25	95.45	0.0	1.11	1	0.0357	1.9396
1OC0	blue	af_relaxed	4	1.43	0.51	97.47	0.0	0.48	1	0.0123	1.8516
1OC0	blue	af_unrelaxed	0	22.84	0.76	98.74	3.12	1.73	0	0.0205	1.6911
1OC0	blue	af_unrelaxed	1	28.7	0.76	98.23	0.28	1.44	0	0.0241	1.7988
1OC0	blue	af_unrelaxed	2	25.37	0.51	98.48	0.85	1.39	0	0.0206	1.7179
1OC0	blue	af_unrelaxed	3	29.97	0.51	98.23	0.85	1.46	0	0.0195	1.7688
1OC0	blue	af_unrelaxed	4	26.46	0.51	97.98	0.28	1.42	0	0.0238	1.792
1OC0	blue	boltz	0	18.38	0.25	97.73	0.28	1.32	0	0.0121	1.1653
1OC0	blue	boltz	1	16.8	0.51	97.73	0.0	1.29	0	0.012	1.1887
1OC0	blue	boltz	2	22.2	0.0	98.74	0.57	1.34	0	0.012	1.1444
1OC0	blue	boltz	3	15.53	0.25	97.47	0.85	1.3	0	0.0127	1.214
1OC0	blue	boltz	4	18.7	0.0	98.48	0.57	1.27	0	0.0125	1.1605
1OC0	blue	amber_af	0	1.11	0.0	97.22	1.13	0.5	0	0.0125	1.8729
1OC0	blue	amber_af	1	5.07	0.25	97.73	0.0	0.83	1	0.0119	1.8958
1OC0	blue	amber_af	2	3.64	0.25	97.22	0.57	0.8	1	0.0117	1.7992
1OC0	blue	amber_af	3	5.54	0.25	95.96	0.85	1.08	1	0.0358	1.9475
1OC0	blue	amber_af	4	3.01	0.51	97.22	0.28	0.74	1	0.0117	1.7973
1OC0	blue	amber_boltz	0	1.58	0.25	97.22	0.0	0.55	0	0.0118	1.7893
1OC0	blue	amber_boltz	1	0.48	0.51	95.96	0.57	0.44	0	0.0125	1.8827
1OC0	blue	amber_boltz	2	1.58	1.01	95.71	1.42	0.82	2	0.013	1.9847
1OC0	blue	amber_boltz	3	1.9	0.25	96.97	0.57	0.63	0	0.0118	1.7948
1OC0	blue	amber_boltz	4	0.79	0.51	95.71	0.57	0.55	0	0.0125	1.8919
1OFU	blue	crystal	0	17.25	0.0	96.67	4.67	1.96	0	0.0074	1.4237
1OFU	blue	af_relaxed	0	1.9	0.0	98.1	0.0	0.45	0	0.0107	1.6437
1OFU	blue	af_relaxed	1	1.58	0.24	98.1	0.31	0.4	0	0.0107	1.6733
1OFU	blue	af_relaxed	2	2.06	0.0	98.81	0.31	0.48	0	0.0107	1.6648
1OFU	blue	af_relaxed	3	2.22	0.24	98.33	0.31	0.5	0	0.0108	1.6625
1OFU	blue	af_relaxed	4	3.48	0.0	97.86	0.31	0.67	0	0.0106	1.6558
1OFU	blue	af_unrelaxed	0	20.73	0.24	98.1	1.56	1.46	0	0.0191	1.5843
1OFU	blue	af_unrelaxed	1	19.48	0.48	98.33	0.62	1.29	0	0.0177	1.5419
1OFU	blue	af_unrelaxed	2	20.11	0.24	97.86	0.31	1.33	0	0.0173	1.5731
1OFU	blue	af_unrelaxed	3	19.0	0.24	98.1	0.93	1.28	0	0.0168	1.5622
1OFU	blue	af_unrelaxed	4	19.64	0.24	98.33	0.93	1.29	0	0.0205	1.5135
1OFU	blue	boltz	0	18.52	0.0	99.29	0.31	1.27	0	0.0116	1.0774
1OFU	blue	boltz	1	15.36	0.0	99.29	0.31	1.19	0	0.0108	1.081
1OFU	blue	boltz	2	15.04	0.0	99.52	0.31	1.18	0	0.0104	1.0871
1OFU	blue	boltz	3	21.68	0.0	99.05	0.0	1.33	0	0.0108	1.0985
1OFU	blue	boltz	4	18.84	0.0	99.05	0.31	1.27	0	0.0112	1.0719
1OFU	blue	amber_af	0	2.53	0.0	97.86	0.31	0.57	0	0.0106	1.658
1OFU	blue	amber_af	1	2.22	0.0	98.1	0.0	0.5	0	0.0106	1.6409
1OFU	blue	amber_af	2	1.74	0.24	98.1	0.31	0.43	0	0.0107	1.6697
1OFU	blue	amber_af	3	2.22	0.24	98.33	0.31	0.5	0	0.0108	1.6682
1OFU	blue	amber_af	4	2.53	0.0	98.81	0.31	0.54	0	0.0107	1.6653
1OFU	blue	amber_boltz	0	3.01	0.0	98.57	0.31	0.59	0	0.0109	1.691
1OFU	blue	amber_boltz	1	2.53	0.0	98.81	0.31	0.54	0	0.0109	1.7079
1OFU	blue	amber_boltz	2	0.95	0.0	98.81	0.62	0.28	0	0.011	1.7073
1OFU	blue	amber_boltz	3	2.69	0.0	99.05	0.31	0.56	0	0.011	1.7065
1OFU	blue	amber_boltz	4	1.9	0.24	98.1	0.31	0.45	0	0.0111	1.7489
1OPH	blue	crystal	0	8.78	0.51	96.63	1.41	1.3	0	0.0078	1.4735
1OPH	blue	af_relaxed	0	1.2	0.17	98.15	0.78	0.34	0	0.0115	1.6946
1OPH	blue	af_relaxed	1	0.98	0.17	97.47	0.78	0.4	0	0.0116	1.7079
1OPH	blue	af_relaxed	2	0.98	0.0	97.14	0.2	0.45	0	0.0116	1.6998
1OPH	blue	af_relaxed	3	0.33	0.0	97.98	0.59	0.13	0	0.0116	1.6848
1OPH	blue	af_relaxed	4	1.85	0.0	97.81	0.78	0.49	0	0.0116	1.7081
1OPH	blue	af_unrelaxed	0	19.49	0.67	96.97	2.73	1.8	0	0.02	1.8468
1OPH	blue	af_unrelaxed	1	20.03	1.35	96.8	0.78	1.49	0	0.0199	1.8002
1OPH	blue	af_unrelaxed	2	19.5	0.34	98.48	0.98	1.29	0	0.0226	1.7294
1OPH	blue	af_unrelaxed	3	14.69	0.51	97.64	0.98	1.25	0	0.0185	1.5944
1OPH	blue	af_unrelaxed	4	18.5	0.67	98.15	0.78	1.27	0	0.0214	1.5535
1OPH	blue	boltz	0	14.36	0.0	99.16	0.2	1.16	0	0.0117	1.11
1OPH	blue	boltz	1	15.55	0.0	98.99	0.0	1.2	0	0.0114	1.111
1OPH	blue	boltz	2	9.25	0.0	99.33	0.0	0.99	0	0.0112	1.1117
1OPH	blue	boltz	3	8.92	0.17	98.99	0.2	0.98	0	0.0111	1.1182
1OPH	blue	boltz	4	11.75	0.0	98.82	0.2	1.08	0	0.0115	1.1127
1OPH	blue	amber_af	0	0.98	0.17	97.47	0.98	0.4	0	0.0116	1.709
1OPH	blue	amber_af	1	0.87	0.0	97.31	0.2	0.4	0	0.0116	1.7013
1OPH	blue	amber_af	2	1.3	0.0	97.81	0.78	0.4	0	0.0116	1.7147
1OPH	blue	amber_af	3	0.65	0.0	97.98	0.59	0.22	1	0.0115	1.6893
1OPH	blue	amber_af	4	0.76	0.17	98.15	0.78	0.24	0	0.0115	1.6972
1OPH	blue	amber_boltz	0	0.98	0.0	98.32	0.2	0.29	0	0.0114	1.7113
1OPH	blue	amber_boltz	1	0.43	0.0	97.14	0.39	0.31	1	0.0125	1.8439
1OPH	blue	amber_boltz	2	0.54	0.0	98.48	0.0	0.18	0	0.0116	1.6977
1OPH	blue	amber_boltz	3	0.87	0.17	97.98	0.0	0.27	0	0.0116	1.6898
1OPH	blue	amber_boltz	4	0.87	0.0	98.99	0.2	0.27	0	0.0115	1.69
1OYV	blue	crystal	0	14.81	1.35	90.57	1.76	1.9	0	0.0092	1.6002
1OYV	blue	af_relaxed	0	3.42	0.8	95.98	0.35	0.91	1	0.0113	1.7402
1OYV	blue	af_relaxed	1	3.8	0.54	96.51	0.7	0.9	0	0.0113	1.7464
1OYV	blue	af_relaxed	2	3.61	0.27	96.51	0.0	0.88	0	0.0114	1.7624
1OYV	blue	af_relaxed	3	4.75	0.0	96.25	0.0	1.0	0	0.0114	1.7523
1OYV	blue	af_relaxed	4	3.99	0.27	95.98	0.35	0.96	0	0.0114	1.7641
1OYV	blue	af_unrelaxed	0	38.15	1.07	95.71	0.7	1.86	0	0.0332	2.7024
1OYV	blue	af_unrelaxed	1	34.74	1.07	95.17	0.7	1.86	0	0.0299	2.6621
1OYV	blue	af_unrelaxed	2	26.78	1.88	95.44	0.35	1.73	0	0.026	2.143
1OYV	blue	af_unrelaxed	3	32.07	1.34	95.98	0.7	1.77	0	0.0439	2.1616
1OYV	blue	af_unrelaxed	4	30.19	1.61	94.91	1.76	2.0	0	0.0349	2.4032
1OYV	blue	boltz	0	13.65	0.27	97.86	0.35	1.18	0	0.0268	1.4
1OYV	blue	boltz	1	10.81	0.27	98.12	0.0	1.05	0	0.0265	1.4169
1OYV	blue	boltz	2	12.15	0.27	98.12	0.35	1.1	0	0.0253	1.4588
1OYV	blue	boltz	3	12.7	0.27	98.12	0.35	1.12	0	0.0262	1.452
1OYV	blue	boltz	4	15.93	0.27	97.32	0.0	1.34	0	0.0257	1.3361
1OYV	blue	amber_af	0	4.37	0.27	95.98	0.35	0.99	0	0.0113	1.7564
1OYV	blue	amber_af	1	4.56	0.0	95.98	0.0	1.01	0	0.0114	1.7479
1OYV	blue	amber_af	2	3.61	0.8	95.71	0.35	0.95	1	0.0113	1.7424
1OYV	blue	amber_af	3	3.61	0.27	96.51	0.0	0.88	0	0.0114	1.7493
1OYV	blue	amber_af	4	3.42	0.54	95.98	0.35	0.91	0	0.0113	1.7565
1OYV	blue	amber_boltz	0	1.14	0.0	96.78	0.35	0.52	0	0.0115	1.7031
1OYV	blue	amber_boltz	1	0.76	0.0	97.05	0.0	0.41	1	0.0117	1.7219
1OYV	blue	amber_boltz	2	1.52	0.0	96.78	0.35	0.59	0	0.0114	1.7046
1OYV	blue	amber_boltz	3	1.33	0.27	96.78	0.7	0.56	1	0.0115	1.7326
1OYV	blue	amber_boltz	4	1.14	0.27	97.05	0.0	0.49	0	0.0114	1.7162
1PPE	blue	af_relaxed	0	0.55	0.4	96.36	0.48	0.43	0	0.0114	1.6814
1PPE	blue	af_relaxed	1	0.55	0.4	96.76	0.48	0.39	0	0.0113	1.6774
1PPE	blue	af_relaxed	2	0.27	0.4	96.36	0.48	0.35	0	0.0114	1.681
1PPE	blue	af_relaxed	3	0.27	0.4	96.36	0.48	0.35	0	0.0114	1.6693
1PPE	blue	af_relaxed	4	0.27	0.4	96.76	0.48	0.3	0	0.0115	1.684
1PPE	blue	af_unrelaxed	0	9.08	0.4	97.57	0.96	1.07	0	0.0198	1.5471
1PPE	blue	af_unrelaxed	1	11.0	0.0	97.57	0.48	1.15	0	0.0177	1.6072
1PPE	blue	af_unrelaxed	2	12.38	0.4	97.98	0.0	1.11	0	0.0193	1.5977
1PPE	blue	af_unrelaxed	3	8.26	0.4	97.98	0.0	0.95	0	0.0197	1.6207
1PPE	blue	af_unrelaxed	4	14.85	0.4	97.17	0.0	1.33	0	0.023	1.6006
1PPE	blue	boltz	0	4.4	0.4	97.98	0.0	0.72	0	0.0132	1.2285
1PPE	blue	boltz	1	4.12	0.0	97.98	0.48	0.7	0	0.0127	1.2342
1PPE	blue	boltz	2	6.87	0.0	97.98	0.0	0.88	0	0.0144	1.2346
1PPE	blue	boltz	3	8.8	0.0	97.98	0.0	0.98	0	0.0134	1.2242
1PPE	blue	boltz	4	7.97	0.0	97.98	0.0	0.94	0	0.0144	1.2357
1PPE	blue	amber_af	0	0.27	0.4	96.36	0.48	0.35	0	0.0113	1.6847
1PPE	blue	amber_af	1	0.27	0.4	96.36	0.48	0.35	0	0.0114	1.6715
1PPE	blue	amber_af	2	0.55	0.4	95.95	0.48	0.47	0	0.0114	1.6797
1PPE	blue	amber_af	3	0.55	0.4	96.76	0.48	0.39	0	0.0115	1.6783
1PPE	blue	amber_af	4	0.55	0.4	96.76	0.48	0.39	0	0.0113	1.6732
1PPE	blue	amber_boltz	0	0.55	0.4	97.57	0.0	0.28	0	0.0114	1.7017
1PPE	blue	amber_boltz	1	0.55	0.4	97.17	0.48	0.34	0	0.0116	1.696
1PPE	blue	amber_boltz	2	0.55	0.4	97.98	0.0	0.19	0	0.0116	1.7018
1PPE	blue	amber_boltz	3	0.82	0.4	97.17	0.0	0.41	0	0.0115	1.6958
1PPE	blue	amber_boltz	4	0.82	0.4	97.17	0.0	0.41	0	0.0115	1.7028
1PVH	blue	crystal	0	18.35	2.19	92.6	9.29	2.46	0	0.0118	1.6929
1PVH	blue	af_relaxed	0	1.03	0.0	99.18	0.3	0.3	0	0.0117	1.7179
1PVH	blue	af_relaxed	1	0.69	0.0	99.18	0.3	0.22	0	0.0117	1.7044
1PVH	blue	af_relaxed	2	0.51	0.0	98.9	0.3	0.18	0	0.0117	1.7127
1PVH	blue	af_relaxed	3	0.34	0.0	98.63	0.61	0.13	0	0.0117	1.6797
1PVH	blue	af_relaxed	4	0.69	0.0	98.63	0.3	0.22	0	0.0117	1.6875
1PVH	blue	af_unrelaxed	0	14.91	0.82	98.63	0.3	1.18	0	0.0234	1.6682
1PVH	blue	af_unrelaxed	1	15.6	0.27	98.08	0.0	1.2	0	0.0254	1.6928
1PVH	blue	af_unrelaxed	2	15.95	0.0	98.08	0.0	1.21	0	0.021	1.6814
1PVH	blue	af_unrelaxed	3	17.65	0.27	98.36	0.3	1.25	0	0.022	1.694
1PVH	blue	af_unrelaxed	4	17.31	0.27	99.18	0.0	1.24	0	0.0243	1.6988
1PVH	blue	boltz	0	8.57	0.0	99.18	0.3	0.96	0	0.019	1.4168
1PVH	blue	boltz	1	10.28	0.0	99.45	0.0	1.03	0	0.0173	1.3161
1PVH	blue	boltz	2	11.15	0.0	98.63	0.3	1.06	0	0.0176	1.3605
1PVH	blue	boltz	3	13.38	0.0	98.9	0.0	1.14	0	0.0178	1.3018
1PVH	blue	boltz	4	10.29	0.0	98.9	0.0	1.03	0	0.0181	1.3542
1PVH	blue	amber_af	0	0.51	0.0	98.63	0.61	0.18	0	0.0117	1.6796
1PVH	blue	amber_af	1	0.86	0.0	98.63	0.3	0.26	0	0.0117	1.6878
1PVH	blue	amber_af	2	1.2	0.0	98.9	0.3	0.34	0	0.0117	1.721
1PVH	blue	amber_af	3	0.69	0.0	99.18	0.3	0.22	0	0.0117	1.7027
1PVH	blue	amber_af	4	0.86	0.0	98.9	0.3	0.26	0	0.0117	1.7193
1PVH	blue	amber_boltz	0	0.17	0.0	99.45	0.61	0.07	0	0.0118	1.7165
1PVH	blue	amber_boltz	1	0.69	0.0	98.9	0.0	0.22	0	0.0117	1.7239
1PVH	blue	amber_boltz	2	0.69	0.0	98.9	0.3	0.22	0	0.0116	1.7453
1PVH	blue	amber_boltz	3	0.86	0.0	98.9	0.0	0.26	0	0.0117	1.7329
1PVH	blue	amber_boltz	4	0.51	0.0	99.18	0.3	0.18	0	0.0117	1.7417
1PXV	blue	crystal	0	3.93	0.0	96.88	3.4	1.27	0	0.0209	1.6875
1PXV	blue	af_relaxed	0	0.22	0.35	96.53	0.0	0.31	1	0.0117	1.6667
1PXV	blue	af_relaxed	1	0.65	0.69	96.88	0.38	0.4	1	0.0118	1.6745
1PXV	blue	af_relaxed	2	0.86	0.0	96.88	0.0	0.45	0	0.0117	1.6539
1PXV	blue	af_relaxed	3	0.22	0.35	95.14	0.0	0.42	1	0.0117	1.6664
1PXV	blue	af_relaxed	4	0.65	0.0	95.83	0.38	0.5	1	0.0117	1.656
1PXV	blue	af_unrelaxed	0	15.29	2.43	95.49	0.38	1.5	0	0.0165	1.5293
1PXV	blue	af_unrelaxed	1	15.08	2.08	95.83	0.0	1.47	0	0.015	1.4587
1PXV	blue	af_unrelaxed	2	15.72	2.08	94.44	0.0	1.58	0	0.016	1.6214
1PXV	blue	af_unrelaxed	3	13.35	2.43	94.79	0.0	1.49	0	0.0148	1.6598
1PXV	blue	af_unrelaxed	4	14.85	2.43	94.79	0.75	1.54	0	0.0194	1.6268
1PXV	blue	boltz	0	12.92	0.35	98.61	0.0	1.12	0	0.0126	1.0922
1PXV	blue	boltz	1	22.17	0.35	97.57	0.0	1.43	0	0.0109	1.0438
1PXV	blue	boltz	2	12.92	0.35	98.26	0.0	1.12	0	0.0105	1.0236
1PXV	blue	boltz	3	13.35	0.35	98.61	0.0	1.13	0	0.0105	1.025
1PXV	blue	boltz	4	19.16	0.69	98.61	0.0	1.28	0	0.0101	1.0289
1PXV	blue	amber_af	0	0.22	0.35	96.53	0.0	0.31	1	0.0117	1.6635
1PXV	blue	amber_af	1	0.86	0.69	96.53	0.38	0.49	1	0.0118	1.6761
1PXV	blue	amber_af	2	1.08	0.0	96.88	0.0	0.5	1	0.0117	1.657
1PXV	blue	amber_af	3	0.22	0.35	95.14	0.0	0.42	1	0.0117	1.6639
1PXV	blue	amber_af	4	0.43	0.0	95.83	0.38	0.44	1	0.0116	1.654
1PXV	blue	amber_boltz	0	1.29	0.35	97.57	0.0	0.44	0	0.0116	1.6812
1PXV	blue	amber_boltz	1	2.15	0.35	96.53	0.0	0.72	0	0.0118	1.7618
1PXV	blue	amber_boltz	2	0.65	0.35	98.26	0.0	0.21	0	0.0119	1.694
1PXV	blue	amber_boltz	3	1.29	0.35	97.92	0.0	0.37	0	0.0119	1.6946
1PXV	blue	amber_boltz	4	1.72	0.69	97.92	0.0	0.45	0	0.0119	1.7248
1QA9	blue	crystal	0	33.46	10.36	71.5	21.86	3.35	0	0.009	1.5279
1QA9	blue	af_relaxed	0	2.17	0.0	96.89	0.55	0.68	0	0.0119	1.7121
1QA9	blue	af_relaxed	1	0.62	0.0	97.41	0.0	0.32	0	0.0117	1.6939
1QA9	blue	af_relaxed	2	2.17	0.0	97.41	0.0	0.61	0	0.0117	1.6754
1QA9	blue	af_relaxed	3	0.31	0.0	96.37	0.0	0.36	0	0.0117	1.6727
1QA9	blue	af_relaxed	4	1.24	0.0	97.41	1.64	0.62	0	0.0117	1.7003
1QA9	blue	af_unrelaxed	0	22.94	0.52	97.41	2.19	1.73	0	0.0186	1.6551
1QA9	blue	af_unrelaxed	1	17.36	1.04	96.89	0.0	1.43	0	0.0158	1.5842
1QA9	blue	af_unrelaxed	2	20.46	0.0	97.41	0.0	1.42	0	0.0186	1.5278
1QA9	blue	af_unrelaxed	3	17.37	0.52	96.37	0.55	1.48	0	0.0169	1.4483
1QA9	blue	af_unrelaxed	4	12.41	0.0	96.89	0.55	1.29	0	0.0239	1.4952
1QA9	blue	boltz	0	8.37	0.0	96.89	0.0	1.14	0	0.0117	1.1228
1QA9	blue	boltz	1	10.54	0.0	97.41	0.0	1.16	0	0.0131	1.2837
1QA9	blue	boltz	2	8.68	0.0	96.89	0.0	1.15	0	0.0111	1.1286
1QA9	blue	boltz	3	7.75	0.0	97.41	0.55	1.04	0	0.0122	1.113
1QA9	blue	boltz	4	7.75	0.0	97.41	1.09	1.07	0	0.0117	1.1152
1QA9	blue	amber_af	0	0.93	0.0	97.41	1.64	0.56	0	0.0117	1.6935
1QA9	blue	amber_af	1	0.62	0.0	96.37	0.0	0.45	0	0.0117	1.667
1QA9	blue	amber_af	2	1.86	0.0	97.41	0.0	0.56	0	0.0117	1.6764
1QA9	blue	amber_af	3	2.17	0.0	96.89	0.55	0.68	0	0.0119	1.7077
1QA9	blue	amber_af	4	0.93	0.0	97.41	0.0	0.4	0	0.0117	1.6942
1QA9	blue	amber_boltz	0	0.62	0.0	96.89	0.0	0.39	0	0.0118	1.6838
1QA9	blue	amber_boltz	1	2.48	0.0	95.85	0.0	0.82	0	0.0116	1.7344
1QA9	blue	amber_boltz	2	1.55	0.0	95.85	0.0	0.69	0	0.0119	1.6862
1QA9	blue	amber_boltz	3	1.55	0.0	96.89	0.55	0.59	0	0.0117	1.7163
1QA9	blue	amber_boltz	4	1.24	0.0	97.41	0.55	0.46	0	0.0118	1.6684
1R0R	blue	crystal	0	0.67	0.0	97.82	1.24	0.33	0	0.0168	1.5761
1R0R	blue	af_relaxed	0	0.66	0.0	97.51	1.23	0.39	1	0.0112	1.7047
1R0R	blue	af_relaxed	1	0.66	0.0	97.51	0.0	0.32	0	0.0113	1.7171
1R0R	blue	af_relaxed	2	0.44	0.0	97.51	0.0	0.26	0	0.0112	1.6996
1R0R	blue	af_relaxed	3	0.44	0.0	97.2	0.0	0.3	0	0.0113	1.698
1R0R	blue	af_relaxed	4	0.44	0.0	97.51	0.0	0.26	0	0.0112	1.6845
1R0R	blue	af_unrelaxed	0	11.88	0.0	98.13	1.23	1.16	0	0.0187	1.5276
1R0R	blue	af_unrelaxed	1	10.55	0.0	98.44	0.0	1.04	0	0.0195	1.4728
1R0R	blue	af_unrelaxed	2	11.65	0.0	98.13	0.0	1.08	0	0.0212	1.4779
1R0R	blue	af_unrelaxed	3	10.78	0.0	98.13	0.0	1.05	0	0.0179	1.5039
1R0R	blue	af_unrelaxed	4	10.55	0.0	98.13	0.0	1.04	0	0.0237	1.5208
1R0R	blue	boltz	0	5.28	0.0	98.13	0.0	0.78	0	0.0106	1.1459
1R0R	blue	boltz	1	4.18	0.0	98.44	0.0	0.7	0	0.0104	1.1679
1R0R	blue	boltz	2	3.52	0.0	98.44	0.0	0.64	0	0.0105	1.169
1R0R	blue	boltz	3	5.28	0.0	98.44	0.0	0.78	0	0.0105	1.1667
1R0R	blue	boltz	4	4.4	0.0	98.44	0.0	0.72	0	0.0107	1.2052
1R0R	blue	amber_af	0	0.88	0.0	97.2	1.23	0.49	1	0.0112	1.6961
1R0R	blue	amber_af	1	0.44	0.0	97.82	0.0	0.2	0	0.0112	1.6891
1R0R	blue	amber_af	2	0.44	0.0	97.51	0.0	0.26	0	0.0113	1.7038
1R0R	blue	amber_af	3	0.22	0.0	97.82	0.0	0.13	0	0.0113	1.7205
1R0R	blue	amber_af	4	0.44	0.0	97.82	0.0	0.2	0	0.0112	1.7011
1R0R	blue	amber_boltz	0	0.66	0.0	97.82	0.0	0.26	0	0.0114	1.7014
1R0R	blue	amber_boltz	1	0.22	0.0	97.82	0.0	0.13	0	0.0115	1.7006
1R0R	blue	amber_boltz	2	0.44	0.0	97.82	0.0	0.2	0	0.0116	1.7101
1R0R	blue	amber_boltz	3	0.22	0.0	98.13	0.0	0.08	0	0.0115	1.7288
1R0R	blue	amber_boltz	4	0.22	0.0	98.13	0.0	0.08	0	0.0115	1.6966
1R6Q	blue	crystal	0	0.83	0.0	99.55	1.51	0.39	1	0.0165	1.3673
1R6Q	blue	af_relaxed	0	1.38	0.0	98.66	0.0	0.37	0	0.0114	1.6794
1R6Q	blue	af_relaxed	1	0.83	0.0	99.55	0.0	0.26	0	0.0114	1.6748
1R6Q	blue	af_relaxed	2	1.38	0.0	98.21	0.0	0.37	0	0.0113	1.6501
1R6Q	blue	af_relaxed	3	1.1	0.0	99.11	1.01	0.32	0	0.0115	1.6652
1R6Q	blue	af_relaxed	4	0.83	0.0	99.11	0.5	0.26	0	0.0113	1.6661
1R6Q	blue	af_unrelaxed	0	8.56	0.0	99.11	3.02	1.33	0	0.0174	1.3872
1R6Q	blue	af_unrelaxed	1	11.04	0.45	98.66	0.0	1.06	0	0.0159	1.492
1R6Q	blue	af_unrelaxed	2	8.0	0.0	98.21	1.01	0.94	0	0.0169	1.3602
1R6Q	blue	af_unrelaxed	3	12.14	0.0	99.11	1.01	1.1	0	0.0172	1.3321
1R6Q	blue	af_unrelaxed	4	7.73	0.0	98.66	0.5	0.92	0	0.0211	1.3768
1R6Q	blue	boltz	0	8.0	0.0	100.0	0.0	0.94	0	0.0096	1.0405
1R6Q	blue	boltz	1	7.18	0.0	100.0	0.0	0.9	0	0.0149	1.0183
1R6Q	blue	boltz	2	7.73	0.0	99.55	0.0	0.92	0	0.01	1.0417
1R6Q	blue	boltz	3	6.07	0.0	100.0	0.0	0.83	0	0.0111	1.1358
1R6Q	blue	boltz	4	7.18	0.0	100.0	0.0	0.9	0	0.0101	1.0226
1R6Q	blue	amber_af	0	1.1	0.0	99.11	0.5	0.32	0	0.0113	1.6673
1R6Q	blue	amber_af	1	1.38	0.0	98.21	0.0	0.37	0	0.0113	1.6509
1R6Q	blue	amber_af	2	0.55	0.0	99.11	1.01	0.19	0	0.0114	1.6636
1R6Q	blue	amber_af	3	0.83	0.0	98.21	0.0	0.26	0	0.0114	1.6714
1R6Q	blue	amber_af	4	0.55	0.0	99.55	0.0	0.19	0	0.0114	1.6739
1R6Q	blue	amber_boltz	0	0.28	0.0	99.55	0.0	0.1	0	0.0117	1.6856
1R6Q	blue	amber_boltz	1	0.55	0.0	99.11	0.0	0.19	0	0.0114	1.6943
1R6Q	blue	amber_boltz	2	0.28	0.0	98.21	0.0	0.1	0	0.0115	1.6932
1R6Q	blue	amber_boltz	3	0.55	0.0	99.11	0.0	0.19	0	0.0116	1.6968
1R6Q	blue	amber_boltz	4	0.0	0.0	99.11	0.0	0.0	0	0.0115	1.6782
1R8S	blue	crystal	0	2.68	0.0	99.13	1.98	0.78	0	0.0157	1.4012
1R8S	blue	af_relaxed	0	1.43	0.29	98.83	0.0	0.38	0	0.0117	1.6655
1R8S	blue	af_relaxed	1	1.07	0.0	98.25	0.33	0.31	1	0.0118	1.6599
1R8S	blue	af_relaxed	2	3.21	0.0	98.54	0.66	0.61	1	0.0118	1.6943
1R8S	blue	af_relaxed	3	2.5	0.0	98.83	0.0	0.53	0	0.0118	1.692
1R8S	blue	af_relaxed	4	4.28	0.0	98.83	0.33	0.71	0	0.0118	1.6985
1R8S	blue	af_unrelaxed	0	21.62	0.58	98.54	0.33	1.33	0	0.0186	1.5149
1R8S	blue	af_unrelaxed	1	24.66	0.58	98.54	0.33	1.38	0	0.0227	1.5549
1R8S	blue	af_unrelaxed	2	30.36	1.17	97.08	0.99	1.63	0	0.0206	1.6222
1R8S	blue	af_unrelaxed	3	19.84	0.87	98.54	0.99	1.29	0	0.0169	1.5643
1R8S	blue	af_unrelaxed	4	21.42	0.87	97.96	0.33	1.33	0	0.0263	1.5917
1R8S	blue	boltz	0	11.43	0.0	99.71	0.0	1.07	0	0.0098	1.0058
1R8S	blue	boltz	1	17.32	0.0	100.0	0.33	1.24	0	0.0118	1.016
1R8S	blue	boltz	2	14.82	0.0	100.0	0.0	1.18	0	0.0096	1.0322
1R8S	blue	boltz	3	13.75	0.0	100.0	0.0	1.15	0	0.0097	1.0273
1R8S	blue	boltz	4	17.85	0.0	99.71	0.0	1.25	0	0.0099	1.0312
1R8S	blue	amber_af	0	3.21	0.0	98.54	0.66	0.61	1	0.0119	1.694
1R8S	blue	amber_af	1	1.96	0.0	98.83	0.0	0.46	0	0.0118	1.6927
1R8S	blue	amber_af	2	4.46	0.0	98.54	0.33	0.72	0	0.0118	1.691
1R8S	blue	amber_af	3	1.43	0.29	98.25	0.66	0.38	1	0.0118	1.6615
1R8S	blue	amber_af	4	2.32	0.29	98.83	0.33	0.51	0	0.0117	1.6534
1R8S	blue	amber_boltz	0	1.43	0.0	98.83	0.0	0.38	0	0.0121	1.6744
1R8S	blue	amber_boltz	1	1.43	0.0	99.42	0.0	0.38	0	0.0119	1.6829
1R8S	blue	amber_boltz	2	1.25	0.0	99.42	0.0	0.35	0	0.0121	1.686
1R8S	blue	amber_boltz	3	0.54	0.0	98.25	0.0	0.18	0	0.0121	1.6841
1R8S	blue	amber_boltz	4	1.43	0.0	99.13	0.0	0.38	0	0.012	1.6797
1RKE	blue	crystal	0	26.73	0.23	96.06	14.44	2.57	0	0.0117	1.4783
1RKE	blue	af_relaxed	0	2.01	0.23	98.62	0.26	0.47	1	0.0113	1.7334
1RKE	blue	af_relaxed	1	1.72	0.0	98.85	0.52	0.43	0	0.0113	1.7147
1RKE	blue	af_relaxed	2	1.01	0.0	98.62	0.79	0.3	1	0.0112	1.7198
1RKE	blue	af_relaxed	3	1.87	0.0	98.85	0.52	0.45	1	0.0111	1.7368
1RKE	blue	af_relaxed	4	2.87	0.0	99.08	0.79	0.58	0	0.0111	1.7405
1RKE	blue	af_unrelaxed	0	18.28	0.92	98.16	1.31	1.35	0	0.0205	1.6241
1RKE	blue	af_unrelaxed	1	19.28	0.69	97.47	0.52	1.39	0	0.0176	1.5705
1RKE	blue	af_unrelaxed	2	14.53	0.92	97.93	0.26	1.19	0	0.0196	1.6596
1RKE	blue	af_unrelaxed	3	14.24	0.69	98.16	0.26	1.16	0	0.0181	1.4809
1RKE	blue	af_unrelaxed	4	19.13	0.92	97.7	0.79	1.35	0	0.022	1.5393
1RKE	blue	boltz	0	24.86	0.0	99.77	0.26	1.39	0	0.0113	1.081
1RKE	blue	boltz	1	18.54	0.0	99.54	0.0	1.27	0	0.0117	1.0799
1RKE	blue	boltz	2	15.53	0.0	99.54	0.0	1.19	0	0.0135	1.0532
1RKE	blue	boltz	3	19.4	0.0	99.54	0.26	1.28	0	0.0139	1.0821
1RKE	blue	boltz	4	24.72	0.0	99.54	0.26	1.38	0	0.0114	1.0523
1RKE	blue	amber_af	0	1.87	0.0	98.62	0.52	0.45	1	0.0111	1.7397
1RKE	blue	amber_af	1	2.73	0.0	98.85	1.05	0.58	1	0.0111	1.7495
1RKE	blue	amber_af	2	2.15	0.23	98.62	0.26	0.49	1	0.0113	1.7368
1RKE	blue	amber_af	3	1.87	0.0	98.85	0.52	0.45	0	0.0113	1.7202
1RKE	blue	amber_af	4	1.44	0.0	98.62	0.79	0.38	1	0.0112	1.7187
1RKE	blue	amber_boltz	0	2.87	0.0	99.54	0.0	0.58	1	0.0112	1.8071
1RKE	blue	amber_boltz	1	2.44	0.0	99.31	0.0	0.53	0	0.0112	1.7881
1RKE	blue	amber_boltz	2	1.72	0.23	99.08	0.0	0.43	0	0.0114	1.8094
1RKE	blue	amber_boltz	3	2.44	0.0	99.31	0.26	0.53	0	0.0113	1.7873
1RKE	blue	amber_boltz	4	3.45	0.0	99.31	0.26	0.64	0	0.0113	1.7842
1RLB	blue	af_relaxed	0	2.5	0.0	97.78	0.29	0.58	0	0.0118	1.6587
1RLB	blue	af_relaxed	1	0.31	0.25	98.03	0.29	0.12	0	0.0117	1.6429
1RLB	blue	af_relaxed	2	0.94	0.0	97.78	0.29	0.33	0	0.0119	1.6581
1RLB	blue	af_relaxed	3	0.63	0.0	98.28	0.86	0.21	0	0.0118	1.676
1RLB	blue	af_relaxed	4	3.28	0.0	98.03	0.29	0.62	0	0.0117	1.6844
1RLB	blue	af_unrelaxed	0	26.92	0.25	98.03	1.43	1.54	0	0.0229	1.7184
1RLB	blue	af_unrelaxed	1	14.7	0.25	97.54	0.0	1.27	0	0.0196	1.7358
1RLB	blue	af_unrelaxed	2	19.54	0.49	97.78	0.29	1.34	0	0.0207	1.5934
1RLB	blue	af_unrelaxed	3	11.73	0.49	97.54	0.0	1.18	0	0.0195	1.6364
1RLB	blue	af_unrelaxed	4	20.96	0.74	97.78	1.15	1.41	0	0.0262	1.7088
1RLB	blue	boltz	0	14.23	0.25	98.03	0.0	1.16	0	0.012	1.1533
1RLB	blue	boltz	1	13.61	0.25	98.03	0.57	1.14	0	0.0126	1.1581
1RLB	blue	boltz	2	14.39	0.0	97.78	0.0	1.21	0	0.0116	1.1494
1RLB	blue	boltz	3	15.17	0.25	98.03	0.29	1.19	0	0.013	1.1799
1RLB	blue	boltz	4	18.14	0.0	98.03	0.29	1.26	0	0.0133	1.1925
1RLB	blue	amber_af	0	0.94	0.0	97.29	1.15	0.46	0	0.0124	1.7466
1RLB	blue	amber_af	1	0.47	0.25	98.03	0.29	0.16	0	0.0117	1.6451
1RLB	blue	amber_af	2	2.19	0.0	97.78	0.0	0.54	0	0.0118	1.6494
1RLB	blue	amber_af	3	0.94	0.0	98.03	0.57	0.28	0	0.0119	1.6595
1RLB	blue	amber_af	4	0.78	0.0	98.28	0.57	0.25	0	0.0118	1.6893
1RLB	blue	amber_boltz	0	2.5	0.25	98.03	0.0	0.53	0	0.0119	1.7176
1RLB	blue	amber_boltz	1	1.88	0.0	97.78	0.29	0.5	0	0.0119	1.7318
1RLB	blue	amber_boltz	2	1.25	0.0	97.29	0.0	0.48	0	0.012	1.7225
1RLB	blue	amber_boltz	3	1.56	0.25	97.29	0.86	0.54	0	0.0118	1.7269
1RLB	blue	amber_boltz	4	3.13	0.25	98.28	0.57	0.6	0	0.0118	1.7689
1RV6	blue	crystal	0	6.43	1.1	92.82	6.4	1.92	0	0.0135	1.8382
1RV6	blue	af_relaxed	0	2.37	0.0	97.24	1.16	0.71	0	0.0113	1.6591
1RV6	blue	af_relaxed	1	3.38	0.0	96.69	0.58	0.84	0	0.0113	1.6529
1RV6	blue	af_relaxed	2	2.71	0.0	96.69	0.0	0.77	0	0.0112	1.6303
1RV6	blue	af_relaxed	3	3.05	0.0	95.58	0.0	0.9	0	0.0114	1.6284
1RV6	blue	af_relaxed	4	2.03	0.0	97.79	0.58	0.52	0	0.0112	1.653
1RV6	blue	af_unrelaxed	0	19.99	0.0	96.69	0.58	1.51	0	0.0215	1.9643
1RV6	blue	af_unrelaxed	1	18.95	0.0	97.79	1.16	1.37	0	0.024	1.9656
1RV6	blue	af_unrelaxed	2	23.01	0.0	97.24	0.0	1.5	0	0.0215	1.8921
1RV6	blue	af_unrelaxed	3	28.45	0.0	97.24	0.0	1.58	0	0.0187	1.8144
1RV6	blue	af_unrelaxed	4	15.93	0.0	97.79	1.16	1.3	0	0.021	1.7476
1RV6	blue	boltz	0	8.47	0.0	99.45	0.0	0.96	0	0.0142	1.197
1RV6	blue	boltz	1	10.5	0.0	98.34	0.0	1.04	0	0.0151	1.256
1RV6	blue	boltz	2	3.73	0.0	99.45	0.58	0.66	0	0.014	1.2146
1RV6	blue	boltz	3	6.77	0.0	99.45	0.0	0.87	0	0.0134	1.1943
1RV6	blue	boltz	4	9.48	0.0	99.45	0.0	1.0	0	0.0139	1.2347
1RV6	blue	amber_af	0	2.71	0.0	96.69	0.0	0.77	0	0.0112	1.6305
1RV6	blue	amber_af	1	2.03	0.0	97.79	0.58	0.52	0	0.0112	1.645
1RV6	blue	amber_af	2	3.72	0.0	96.69	0.58	0.87	0	0.0113	1.6592
1RV6	blue	amber_af	3	3.05	0.0	95.58	0.0	0.9	0	0.0114	1.6319
1RV6	blue	amber_af	4	3.38	0.0	96.69	1.16	0.89	0	0.0113	1.668
1RV6	blue	amber_boltz	0	1.35	0.0	97.24	0.0	0.51	0	0.0115	1.6556
1RV6	blue	amber_boltz	1	1.69	0.0	96.69	0.0	0.63	0	0.0112	1.6508
1RV6	blue	amber_boltz	2	0.34	0.0	98.34	0.58	0.12	0	0.0116	1.6295
1RV6	blue	amber_boltz	3	0.34	0.0	97.79	0.58	0.17	0	0.0115	1.671
1RV6	blue	amber_boltz	4	1.35	0.0	98.34	0.0	0.36	0	0.0113	1.6267
1S1Q	blue	crystal	0	2.07	0.51	98.98	7.22	1.13	2	0.0132	1.6053
1S1Q	blue	af_relaxed	0	3.54	0.49	97.55	2.06	0.98	0	0.012	1.7233
1S1Q	blue	af_relaxed	1	4.73	0.49	97.06	1.55	1.05	0	0.0119	1.7773
1S1Q	blue	af_relaxed	2	3.25	0.0	98.53	1.55	0.76	2	0.012	1.7736
1S1Q	blue	af_relaxed	3	6.2	0.49	98.53	0.52	0.84	0	0.0116	1.75
1S1Q	blue	af_relaxed	4	6.5	0.49	98.53	1.03	0.87	0	0.0118	1.7723
1S1Q	blue	af_unrelaxed	0	36.94	0.49	96.08	2.06	2.06	0	0.0274	1.9185
1S1Q	blue	af_unrelaxed	1	22.75	2.45	95.1	2.06	1.93	0	0.028	1.8022
1S1Q	blue	af_unrelaxed	2	40.24	0.98	94.61	1.55	2.1	0	0.0247	1.8557
1S1Q	blue	af_unrelaxed	3	35.48	0.49	96.57	2.58	2.07	0	0.0182	1.7444
1S1Q	blue	af_unrelaxed	4	49.1	0.98	96.08	1.55	2.08	0	0.025	1.7476
1S1Q	blue	boltz	0	27.48	0.49	98.04	0.0	1.43	0	0.0159	1.2498
1S1Q	blue	boltz	1	35.47	0.49	98.04	0.52	1.53	0	0.0122	1.2696
1S1Q	blue	boltz	2	26.3	0.49	97.55	0.52	1.5	0	0.0118	1.2029
1S1Q	blue	boltz	3	25.71	0.98	96.57	0.52	1.62	0	0.0117	1.2447
1S1Q	blue	boltz	4	25.71	0.0	98.04	0.0	1.4	0	0.0112	1.1695
1S1Q	blue	amber_af	0	6.2	0.49	99.02	0.52	0.84	0	0.0116	1.7614
1S1Q	blue	amber_af	1	4.43	0.49	97.06	2.06	1.13	0	0.012	1.7362
1S1Q	blue	amber_af	2	4.73	0.49	96.57	1.55	1.11	0	0.012	1.7755
1S1Q	blue	amber_af	3	3.25	0.0	98.04	1.03	0.63	1	0.012	1.7387
1S1Q	blue	amber_af	4	6.2	0.49	98.53	1.03	0.85	0	0.0118	1.7759
1S1Q	blue	amber_boltz	0	4.13	0.49	97.55	0.52	0.79	0	0.012	1.7871
1S1Q	blue	amber_boltz	1	4.73	0.98	97.06	0.52	0.91	1	0.012	1.8168
1S1Q	blue	amber_boltz	2	4.43	0.49	97.06	0.52	0.89	0	0.0119	1.765
1S1Q	blue	amber_boltz	3	2.07	0.98	96.57	0.0	0.7	1	0.0119	1.7862
1S1Q	blue	amber_boltz	4	4.13	0.0	97.55	0.0	0.79	0	0.0121	1.8141
1S78	blue	crystal	0	8.37	1.42	89.83	20.63	2.51	0	0.0099	1.6981
1S78	blue	af_relaxed	0	3.62	0.2	96.95	1.06	0.85	3	0.0114	1.7427
1S78	blue	af_relaxed	1	2.68	0.2	97.26	1.17	0.75	0	0.0114	1.7108
1S78	blue	af_relaxed	2	3.08	0.2	97.26	1.52	0.88	1	0.0113	1.7314
1S78	blue	af_relaxed	3	2.95	0.81	95.43	1.17	0.96	8	0.0124	1.9515
1S78	blue	af_relaxed	4	1.21	0.0	97.16	2.46	0.79	1	0.0113	1.7254
1S78	blue	af_unrelaxed	0	23.04	0.2	96.95	4.69	2.04	0	0.0286	1.9082
1S78	blue	af_unrelaxed	1	31.72	0.41	97.16	0.94	1.64	0	0.0244	1.9966
1S78	blue	af_unrelaxed	2	22.71	0.2	97.46	1.06	1.47	0	0.0233	1.802
1S78	blue	af_unrelaxed	3	21.04	0.3	96.45	0.7	1.55	0	0.0245	1.9142
1S78	blue	af_unrelaxed	4	21.17	0.3	96.65	1.99	1.76	0	0.0283	1.8847
1S78	blue	boltz	0	17.81	0.0	98.27	0.23	1.25	0	0.0194	1.4186
1S78	blue	boltz	1	15.0	0.0	98.27	0.23	1.18	0	0.0207	1.4149
1S78	blue	boltz	2	11.92	0.0	97.77	0.23	1.14	0	0.0175	1.3919
1S78	blue	boltz	3	13.73	0.0	98.17	0.23	1.15	0	0.0187	1.3877
1S78	blue	boltz	4	16.81	0.0	97.97	0.0	1.23	0	0.0204	1.3662
1S78	blue	amber_af	0	1.41	0.0	97.36	2.58	0.81	1	0.0113	1.7164
1S78	blue	amber_af	1	2.88	0.81	95.43	1.17	0.95	8	0.0124	1.9433
1S78	blue	amber_af	2	2.61	0.2	97.26	1.06	0.7	0	0.0113	1.7654
1S78	blue	amber_af	3	4.15	0.2	97.16	1.06	0.87	2	0.0114	1.7632
1S78	blue	amber_af	4	3.35	0.1	96.95	1.64	0.97	4	0.0113	1.7501
1S78	blue	amber_boltz	0	1.74	0.0	98.07	0.47	0.43	2	0.0116	1.7317
1S78	blue	amber_boltz	1	1.21	0.0	97.97	0.12	0.34	1	0.0115	1.7127
1S78	blue	amber_boltz	2	0.74	0.0	97.87	0.0	0.27	1	0.0117	1.7122
1S78	blue	amber_boltz	3	1.34	0.0	97.36	0.23	0.49	0	0.0116	1.7323
1S78	blue	amber_boltz	4	1.67	0.0	97.36	0.23	0.54	2	0.0115	1.7556
1SBB	blue	crystal	0	16.08	0.48	91.83	5.77	2.28	0	0.0095	1.4642
1SBB	blue	af_relaxed	0	14.39	1.86	93.27	3.34	2.0	12	0.0326	2.3133
1SBB	blue	af_relaxed	1	7.63	1.16	93.27	4.11	1.82	8	0.0152	2.41
1SBB	blue	af_relaxed	2	12.09	2.32	90.49	4.11	2.1	13	0.0149	2.3807
1SBB	blue	af_relaxed	3	11.37	3.25	89.56	5.91	2.22	19	0.0161	2.6884
1SBB	blue	af_relaxed	4	9.79	1.62	92.81	4.63	1.97	7	0.0318	2.1958
1SBB	blue	af_unrelaxed	0	75.25	0.47	97.19	1.8	2.19	0	0.0457	3.0805
1SBB	blue	af_unrelaxed	1	61.22	1.17	96.74	1.29	2.05	0	0.0243	2.102
1SBB	blue	af_unrelaxed	2	102.29	0.7	96.97	0.77	2.15	0	0.0419	2.9297
1SBB	blue	af_unrelaxed	3	86.6	1.63	95.1	1.8	2.44	0	0.0403	2.789
1SBB	blue	af_unrelaxed	4	77.58	0.7	96.5	1.03	2.1	0	0.0355	2.7866
1SBB	blue	boltz	0	18.0	0.0	98.61	0.26	1.25	0	0.0132	1.1664
1SBB	blue	boltz	1	16.85	0.0	97.91	0.0	1.25	0	0.0129	1.1577
1SBB	blue	boltz	2	15.27	0.23	98.61	0.0	1.19	0	0.0127	1.1773
1SBB	blue	boltz	3	17.13	0.0	98.61	0.26	1.23	0	0.0126	1.1848
1SBB	blue	boltz	4	15.41	0.0	98.84	0.0	1.19	0	0.0128	1.1442
1SBB	blue	amber_af	0	12.81	1.86	92.58	4.63	2.09	19	0.0149	2.4157
1SBB	blue	amber_af	1	9.21	1.39	94.43	2.31	1.65	10	0.0145	2.4043
1SBB	blue	amber_af	2	14.68	2.55	91.65	6.17	2.27	18	0.0161	2.6807
1SBB	blue	amber_af	3	9.5	1.39	94.2	4.37	1.88	8	0.0317	2.2103
1SBB	blue	amber_af	4	8.2	1.86	93.04	3.6	1.81	9	0.0152	2.3999
1SBB	blue	amber_boltz	0	1.87	0.0	97.68	0.0	0.52	0	0.0122	1.6882
1SBB	blue	amber_boltz	1	1.3	0.0	97.68	0.0	0.42	0	0.0122	1.6934
1SBB	blue	amber_boltz	2	2.45	0.0	97.68	0.26	0.6	0	0.0123	1.703
1SBB	blue	amber_boltz	3	1.3	0.0	97.68	0.0	0.42	0	0.0124	1.7019
1SBB	blue	amber_boltz	4	1.87	0.0	98.61	0.0	0.45	0	0.0122	1.681
1SYX	blue	crystal	0	5.42	0.52	97.4	6.82	1.54	0	0.0284	2.4724
1SYX	blue	af_relaxed	0	0.32	0.0	99.48	0.57	0.12	0	0.0123	1.6319
1SYX	blue	af_relaxed	1	0.32	0.0	98.96	0.0	0.12	0	0.0122	1.6248
1SYX	blue	af_relaxed	2	0.63	0.0	98.96	0.0	0.21	0	0.0122	1.628
1SYX	blue	af_relaxed	3	0.95	0.0	98.96	0.0	0.28	0	0.0122	1.629
1SYX	blue	af_relaxed	4	0.63	0.0	98.96	0.0	0.21	0	0.0121	1.6272
1SYX	blue	af_unrelaxed	0	6.94	0.0	100.0	0.0	0.88	0	0.0157	1.3712
1SYX	blue	af_unrelaxed	1	12.94	0.0	100.0	0.0	1.12	0	0.0149	1.3164
1SYX	blue	af_unrelaxed	2	10.73	0.0	100.0	0.57	1.05	0	0.0181	1.4469
1SYX	blue	af_unrelaxed	3	11.99	0.0	100.0	0.0	1.09	0	0.0165	1.3958
1SYX	blue	af_unrelaxed	4	11.68	0.0	100.0	0.0	1.08	0	0.0205	1.4384
1SYX	blue	boltz	0	16.1	0.0	100.0	0.0	1.21	0	0.0122	1.0615
1SYX	blue	boltz	1	15.15	0.0	100.0	0.0	1.19	0	0.0119	1.0591
1SYX	blue	boltz	2	10.41	0.0	100.0	0.0	1.04	0	0.012	1.0505
1SYX	blue	boltz	3	13.25	0.0	100.0	0.0	1.13	0	0.0123	1.0338
1SYX	blue	boltz	4	11.05	0.0	100.0	0.57	1.06	0	0.0132	1.0883
1SYX	blue	amber_af	0	0.32	0.0	99.48	0.57	0.12	0	0.0123	1.6334
1SYX	blue	amber_af	1	0.32	0.0	98.96	0.0	0.12	0	0.0121	1.6269
1SYX	blue	amber_af	2	0.32	0.0	98.96	0.0	0.12	0	0.0122	1.6373
1SYX	blue	amber_af	3	0.32	0.0	98.96	0.0	0.12	0	0.0122	1.6319
1SYX	blue	amber_af	4	0.95	0.0	99.48	0.0	0.28	0	0.0121	1.6152
1SYX	blue	amber_boltz	0	2.52	0.0	98.96	0.0	0.54	0	0.0123	1.6708
1SYX	blue	amber_boltz	1	2.84	0.0	98.96	0.0	0.57	0	0.0123	1.6807
1SYX	blue	amber_boltz	2	1.89	0.0	98.96	0.0	0.45	0	0.0122	1.6664
1SYX	blue	amber_boltz	3	0.63	0.0	99.48	0.0	0.21	0	0.0122	1.6796
1SYX	blue	amber_boltz	4	2.84	0.0	98.96	0.0	0.57	0	0.0122	1.6849
1T6B	blue	crystal	0	7.41	0.48	94.5	15.18	2.18	8	0.0184	1.8939
1T6B	blue	af_relaxed	0	0.75	0.59	94.3	2.26	0.89	4	0.0128	1.9022
1T6B	blue	af_relaxed	1	1.5	1.07	93.71	1.86	1.01	5	0.0126	1.9647
1T6B	blue	af_relaxed	2	2.47	0.83	94.42	1.86	1.12	7	0.0127	1.995
1T6B	blue	af_relaxed	3	3.37	0.71	93.94	2.4	1.32	14	0.0127	2.0511
1T6B	blue	af_relaxed	4	4.04	2.26	91.69	2.66	1.51	13	0.013	2.0982
1T6B	blue	af_unrelaxed	0	21.85	0.36	97.62	3.73	1.85	0	0.0197	1.761
1T6B	blue	af_unrelaxed	1	45.4	0.48	97.62	1.07	1.74	0	0.0239	2.0032
1T6B	blue	af_unrelaxed	2	35.63	0.36	97.26	1.2	1.73	0	0.023	1.9127
1T6B	blue	af_unrelaxed	3	37.06	0.36	97.14	1.07	1.73	0	0.0217	1.8753
1T6B	blue	af_unrelaxed	4	33.62	0.36	97.5	1.07	1.63	0	0.0246	1.7458
1T6B	blue	boltz	0	50.28	0.48	96.79	0.0	1.88	0	0.0128	1.0918
1T6B	blue	boltz	1	59.21	0.36	97.39	0.0	1.87	0	0.0181	1.1985
1T6B	blue	boltz	2	50.68	0.36	97.03	0.0	1.85	0	0.0129	1.1281
1T6B	blue	boltz	3	51.12	0.59	97.15	0.0	1.84	0	0.0125	1.108
1T6B	blue	boltz	4	54.42	0.24	97.27	0.13	1.85	0	0.0122	1.0936
1T6B	blue	amber_af	0	1.35	0.59	95.01	2.13	0.96	4	0.0129	1.9143
1T6B	blue	amber_af	1	4.79	2.14	92.16	1.86	1.43	15	0.0132	2.1433
1T6B	blue	amber_af	2	3.89	1.19	93.11	3.2	1.5	10	0.0245	2.0311
1T6B	blue	amber_af	3	2.84	1.07	94.42	1.86	1.16	10	0.0127	2.0045
1T6B	blue	amber_af	4	1.2	1.43	93.82	2.0	0.97	5	0.0125	1.9478
1T6B	blue	amber_boltz	0	6.73	0.12	96.44	1.07	1.13	2	0.0115	1.8147
1T6B	blue	amber_boltz	1	2.09	0.95	93.59	2.13	1.15	7	0.0128	2.0591
1T6B	blue	amber_boltz	2	5.83	1.07	96.08	0.8	1.09	3	0.0117	1.864
1T6B	blue	amber_boltz	3	6.73	0.59	96.08	0.8	1.14	0	0.0115	1.854
1T6B	blue	amber_boltz	4	5.46	0.48	96.56	1.46	1.14	2	0.0114	1.8585
1TMQ	blue	crystal	0	9.44	0.51	93.83	5.43	1.97	1	0.01	1.6317
1TMQ	blue	af_relaxed	0	1.5	0.0	96.74	0.63	0.59	2	0.0115	1.6982
1TMQ	blue	af_relaxed	1	3.45	0.0	96.05	1.04	0.92	1	0.0116	1.7527
1TMQ	blue	af_relaxed	2	3.68	0.34	94.34	0.63	1.04	4	0.0124	1.9273
1TMQ	blue	af_relaxed	3	3.11	0.34	94.34	1.46	1.11	3	0.013	1.9991
1TMQ	blue	af_relaxed	4	5.64	0.17	95.71	1.04	1.12	0	0.0119	1.8036
1TMQ	blue	af_unrelaxed	0	39.34	0.69	95.37	3.97	2.35	0	0.0257	2.4959
1TMQ	blue	af_unrelaxed	1	32.48	0.69	95.88	1.04	1.79	0	0.0186	1.8887
1TMQ	blue	af_unrelaxed	2	47.19	1.03	96.05	1.67	2.09	0	0.0292	1.9475
1TMQ	blue	af_unrelaxed	3	40.91	0.86	96.05	1.67	2.03	0	0.0262	2.3129
1TMQ	blue	af_unrelaxed	4	18.66	0.51	96.4	0.63	1.51	0	0.0212	1.5671
1TMQ	blue	boltz	0	7.83	0.17	97.6	0.21	1.01	0	0.0124	1.2502
1TMQ	blue	boltz	1	10.13	0.17	97.6	0.0	1.11	0	0.0127	1.2193
1TMQ	blue	boltz	2	7.83	0.17	97.6	0.0	1.01	0	0.0122	1.2228
1TMQ	blue	boltz	3	7.72	0.17	97.6	0.0	1.01	0	0.0121	1.2231
1TMQ	blue	boltz	4	10.13	0.17	97.94	0.0	1.04	0	0.0129	1.2302
1TMQ	blue	amber_af	0	4.14	0.51	94.51	1.25	1.15	3	0.0132	2.0169
1TMQ	blue	amber_af	1	3.45	0.0	96.23	0.63	0.89	1	0.0117	1.7533
1TMQ	blue	amber_af	2	3.8	0.34	94.34	1.04	1.07	4	0.0124	1.9248
1TMQ	blue	amber_af	3	6.22	0.51	95.88	1.04	1.14	1	0.012	1.8487
1TMQ	blue	amber_af	4	1.61	0.0	96.91	0.42	0.59	3	0.0115	1.6973
1TMQ	blue	amber_boltz	0	0.58	0.17	96.05	0.0	0.46	0	0.0118	1.7019
1TMQ	blue	amber_boltz	1	0.58	0.17	96.91	0.0	0.38	2	0.0116	1.6974
1TMQ	blue	amber_boltz	2	0.35	0.17	96.05	0.0	0.4	0	0.0118	1.6929
1TMQ	blue	amber_boltz	3	0.58	0.17	96.23	0.0	0.45	0	0.0118	1.691
1TMQ	blue	amber_boltz	4	0.69	0.17	96.57	0.0	0.45	0	0.0117	1.7048
1UDI	blue	af_relaxed	0	0.61	0.33	97.39	0.37	0.32	0	0.0116	1.7066
1UDI	blue	af_relaxed	1	0.61	0.33	97.06	0.37	0.37	0	0.0117	1.6868
1UDI	blue	af_relaxed	2	1.01	0.33	96.73	0.37	0.5	0	0.0116	1.6972
1UDI	blue	af_relaxed	3	1.22	0.33	97.71	0.37	0.4	0	0.0116	1.6975
1UDI	blue	af_relaxed	4	1.01	0.33	97.06	0.74	0.46	0	0.0116	1.7277
1UDI	blue	af_unrelaxed	0	13.82	0.0	98.04	1.1	1.18	0	0.0176	1.3796
1UDI	blue	af_unrelaxed	1	12.59	0.0	98.37	0.0	1.11	0	0.0163	1.3577
1UDI	blue	af_unrelaxed	2	13.81	0.0	98.04	0.0	1.15	0	0.0171	1.3573
1UDI	blue	af_unrelaxed	3	10.76	0.0	98.37	0.37	1.05	0	0.016	1.3539
1UDI	blue	af_unrelaxed	4	16.24	0.0	98.37	0.37	1.21	0	0.0188	1.3952
1UDI	blue	boltz	0	7.51	0.0	98.69	0.0	0.91	0	0.011	1.0867
1UDI	blue	boltz	1	8.53	0.0	98.37	0.37	0.96	0	0.0106	1.1119
1UDI	blue	boltz	2	10.15	0.0	98.37	0.0	1.03	0	0.0107	1.0891
1UDI	blue	boltz	3	6.5	0.0	98.37	0.0	0.86	0	0.0104	1.0934
1UDI	blue	boltz	4	7.92	0.0	98.69	0.0	0.93	0	0.0105	1.1177
1UDI	blue	amber_af	0	0.81	0.33	97.06	0.74	0.42	0	0.0116	1.7231
1UDI	blue	amber_af	1	0.81	0.33	97.06	0.37	0.42	0	0.0116	1.7046
1UDI	blue	amber_af	2	1.22	0.33	97.06	0.37	0.51	0	0.0116	1.6946
1UDI	blue	amber_af	3	0.61	0.33	97.06	0.37	0.37	0	0.0117	1.6942
1UDI	blue	amber_af	4	0.61	0.33	97.39	0.37	0.32	0	0.0116	1.7076
1UDI	blue	amber_boltz	0	0.41	0.33	97.06	0.0	0.31	0	0.0118	1.7189
1UDI	blue	amber_boltz	1	0.61	0.33	97.06	0.0	0.37	1	0.012	1.724
1UDI	blue	amber_boltz	2	0.81	0.0	97.39	0.0	0.37	0	0.0119	1.7184
1UDI	blue	amber_boltz	3	0.41	0.33	97.39	0.0	0.26	0	0.0119	1.7169
1UDI	blue	amber_boltz	4	0.41	0.33	97.71	0.0	0.21	0	0.012	1.7201
1US7	blue	crystal	0	5.88	1.02	95.15	7.06	1.8	5	0.03	2.1809
1US7	blue	af_relaxed	0	2.31	0.0	97.72	0.56	0.57	0	0.0118	1.6333
1US7	blue	af_relaxed	1	1.85	0.0	97.21	0.85	0.59	0	0.0118	1.6445
1US7	blue	af_relaxed	2	1.7	0.0	97.97	1.13	0.47	0	0.0118	1.6577
1US7	blue	af_relaxed	3	1.7	0.0	97.72	0.56	0.49	0	0.0118	1.6445
1US7	blue	af_relaxed	4	1.7	0.0	97.46	0.85	0.53	0	0.0117	1.6529
1US7	blue	af_unrelaxed	0	14.05	0.25	97.72	2.82	1.56	0	0.019	1.4683
1US7	blue	af_unrelaxed	1	11.73	0.51	97.46	1.41	1.3	0	0.0166	1.5005
1US7	blue	af_unrelaxed	2	13.74	1.02	96.7	1.69	1.53	0	0.0186	1.4839
1US7	blue	af_unrelaxed	3	12.66	0.51	97.21	0.56	1.26	0	0.0171	1.51
1US7	blue	af_unrelaxed	4	12.04	0.76	97.46	2.25	1.47	0	0.0207	1.5217
1US7	blue	boltz	0	9.42	0.25	97.72	0.28	1.06	0	0.0114	1.0738
1US7	blue	boltz	1	8.8	0.25	97.97	0.0	0.98	0	0.0117	1.0676
1US7	blue	boltz	2	10.03	0.25	97.97	0.0	1.03	0	0.0117	1.061
1US7	blue	boltz	3	8.64	0.25	97.72	0.0	1.03	0	0.0118	1.0533
1US7	blue	boltz	4	7.87	0.25	97.21	0.28	1.08	0	0.0111	1.0783
1US7	blue	amber_af	0	1.54	0.0	97.97	1.13	0.44	0	0.0118	1.6621
1US7	blue	amber_af	1	2.31	0.0	97.72	0.28	0.57	0	0.0118	1.6331
1US7	blue	amber_af	2	1.54	0.0	97.46	0.85	0.51	0	0.0117	1.6531
1US7	blue	amber_af	3	1.54	0.0	97.21	0.56	0.54	0	0.0118	1.6467
1US7	blue	amber_af	4	1.54	0.0	97.46	0.56	0.51	0	0.0118	1.6503
1US7	blue	amber_boltz	0	1.54	0.25	97.97	0.0	0.41	0	0.0121	1.9436
1US7	blue	amber_boltz	1	1.23	0.25	98.22	0.0	0.34	0	0.0119	1.6922
1US7	blue	amber_boltz	2	2.31	0.25	97.97	0.0	0.52	0	0.0119	1.6921
1US7	blue	amber_boltz	3	1.23	0.25	97.46	0.28	0.45	0	0.0118	1.6915
1US7	blue	amber_boltz	4	1.7	0.25	97.97	0.0	0.43	0	0.012	1.7043
1VFB	blue	af_relaxed	0	4.66	0.29	97.98	0.0	0.74	1	0.0114	1.7296
1VFB	blue	af_relaxed	1	4.48	0.0	97.69	0.68	0.79	0	0.0114	1.7124
1VFB	blue	af_relaxed	2	2.99	0.29	97.4	0.68	0.71	1	0.0113	1.7084
1VFB	blue	af_relaxed	3	6.53	0.0	96.82	1.69	1.23	1	0.0113	1.7191
1VFB	blue	af_relaxed	4	0.93	0.29	95.38	0.68	0.6	3	0.0121	1.8827
1VFB	blue	af_unrelaxed	0	30.84	0.0	97.69	5.07	2.08	0	0.028	1.6215
1VFB	blue	af_unrelaxed	1	26.15	0.0	97.4	0.34	1.52	0	0.0206	1.6656
1VFB	blue	af_unrelaxed	2	31.19	0.0	97.11	0.0	1.64	0	0.0198	1.571
1VFB	blue	af_unrelaxed	3	22.61	0.0	97.4	0.0	1.46	0	0.0195	1.5492
1VFB	blue	af_unrelaxed	4	27.08	0.0	97.69	2.03	1.72	0	0.0244	1.5581
1VFB	blue	boltz	0	17.74	0.0	98.84	0.68	1.25	0	0.0115	1.1499
1VFB	blue	boltz	1	16.43	0.0	97.98	1.01	1.23	0	0.0115	1.1626
1VFB	blue	boltz	2	14.56	0.0	98.27	0.0	1.17	0	0.0121	1.2047
1VFB	blue	boltz	3	18.11	0.0	97.98	1.01	1.27	0	0.0114	1.1402
1VFB	blue	boltz	4	17.93	0.0	97.98	0.68	1.26	0	0.0117	1.1616
1VFB	blue	amber_af	0	7.28	0.0	96.82	2.03	1.33	1	0.0112	1.718
1VFB	blue	amber_af	1	6.53	0.29	95.95	1.69	1.31	2	0.0328	1.9477
1VFB	blue	amber_af	2	4.48	0.0	97.69	0.0	0.79	0	0.0114	1.7131
1VFB	blue	amber_af	3	4.48	0.29	97.98	0.0	0.73	1	0.0114	1.7293
1VFB	blue	amber_af	4	4.85	0.29	96.53	0.68	0.98	2	0.0116	1.7915
1VFB	blue	amber_boltz	0	1.87	0.0	97.98	0.68	0.45	0	0.0116	1.7119
1VFB	blue	amber_boltz	1	1.87	0.0	97.69	0.68	0.52	0	0.0116	1.7064
1VFB	blue	amber_boltz	2	2.05	0.0	98.27	0.0	0.48	0	0.0117	2.0641
1VFB	blue	amber_boltz	3	1.68	0.0	97.98	0.34	0.43	0	0.0115	1.6722
1VFB	blue	amber_boltz	4	2.24	0.29	97.98	0.68	0.51	1	0.0116	1.7126
1WDW	blue	crystal	0	14.79	0.32	93.21	5.53	2.18	0	0.0097	1.4817
1WDW	blue	af_relaxed	0	1.53	0.16	98.23	0.59	0.4	0	0.0119	1.7168
1WDW	blue	af_relaxed	1	1.94	0.16	97.58	0.79	0.55	0	0.0121	1.7215
1WDW	blue	af_relaxed	2	1.63	0.16	97.58	0.4	0.5	0	0.0119	1.7011
1WDW	blue	af_relaxed	3	1.33	0.16	98.07	0.59	0.36	0	0.012	1.7017
1WDW	blue	af_relaxed	4	1.22	0.16	97.91	0.59	0.36	0	0.0121	1.6994
1WDW	blue	af_unrelaxed	0	17.65	0.16	97.58	2.77	1.67	0	0.0177	1.3449
1WDW	blue	af_unrelaxed	1	12.96	0.16	97.75	0.2	1.18	0	0.0153	1.3513
1WDW	blue	af_unrelaxed	2	15.5	0.16	97.58	0.4	1.28	0	0.0166	1.352
1WDW	blue	af_unrelaxed	3	13.46	0.16	97.26	0.2	1.28	0	0.0158	1.3512
1WDW	blue	af_unrelaxed	4	13.77	0.16	97.26	0.4	1.29	0	0.0202	1.363
1WDW	blue	boltz	0	9.89	0.48	97.91	0.2	1.04	0	0.0103	1.093
1WDW	blue	boltz	1	11.52	0.32	97.91	0.0	1.1	0	0.0108	1.0688
1WDW	blue	boltz	2	10.1	0.64	97.75	0.0	1.08	0	0.0106	1.0862
1WDW	blue	boltz	3	11.01	0.48	98.39	0.0	1.06	0	0.0101	1.0818
1WDW	blue	boltz	4	11.01	0.48	98.07	0.2	1.06	0	0.011	1.0966
1WDW	blue	amber_af	0	1.53	0.16	97.1	0.59	0.56	0	0.0121	1.7231
1WDW	blue	amber_af	1	1.43	0.48	97.75	0.59	0.43	2	0.012	1.7231
1WDW	blue	amber_af	2	1.84	0.16	98.07	0.2	0.44	0	0.012	1.715
1WDW	blue	amber_af	3	1.12	0.16	97.58	0.2	0.41	0	0.0121	1.7049
1WDW	blue	amber_af	4	1.73	0.16	97.58	0.4	0.52	0	0.0119	1.7064
1WDW	blue	amber_boltz	0	0.71	0.32	97.91	0.4	0.25	1	0.0121	1.7304
1WDW	blue	amber_boltz	1	1.43	0.48	97.58	0.2	0.46	0	0.0119	1.7194
1WDW	blue	amber_boltz	2	1.22	0.48	97.58	0.4	0.43	0	0.012	1.716
1WDW	blue	amber_boltz	3	0.92	0.48	97.91	0.0	0.3	0	0.0121	1.7078
1WDW	blue	amber_boltz	4	1.43	0.48	97.58	0.79	0.46	0	0.0118	1.7366
1WEJ	blue	crystal	0	7.67	0.19	96.45	6.47	1.77	2	0.0103	1.5519
1WEJ	blue	af_relaxed	0	2.92	0.37	98.13	0.43	0.58	0	0.0115	1.7359
1WEJ	blue	af_relaxed	1	4.26	0.19	97.2	1.72	1.03	0	0.0115	1.7543
1WEJ	blue	af_relaxed	2	2.56	0.56	97.94	0.65	0.55	0	0.0115	1.7139
1WEJ	blue	af_relaxed	3	4.38	0.37	97.94	0.65	0.73	0	0.0117	1.7854
1WEJ	blue	af_relaxed	4	3.29	0.19	97.94	0.86	0.63	0	0.0114	1.7351
1WEJ	blue	af_unrelaxed	0	32.4	0.37	96.82	3.02	2.05	0	0.0218	1.832
1WEJ	blue	af_unrelaxed	1	31.57	0.37	97.38	0.43	1.6	0	0.0206	2.1883
1WEJ	blue	af_unrelaxed	2	23.01	0.19	98.13	0.65	1.35	0	0.0224	1.9597
1WEJ	blue	af_unrelaxed	3	23.88	0.56	97.76	0.86	1.42	0	0.0269	1.8874
1WEJ	blue	af_unrelaxed	4	29.96	0.37	97.94	1.08	1.5	0	0.027	2.024
1WEJ	blue	boltz	0	15.35	0.0	98.32	0.22	1.19	0	0.0189	1.4815
1WEJ	blue	boltz	1	14.98	0.0	98.69	0.22	1.18	0	0.0119	1.5802
1WEJ	blue	boltz	2	13.03	0.0	98.69	0.65	1.13	0	0.0126	1.4653
1WEJ	blue	boltz	3	13.52	0.0	98.69	0.43	1.14	0	0.02	1.8074
1WEJ	blue	boltz	4	18.02	0.0	98.69	0.65	1.25	0	0.014	1.6226
1WEJ	blue	amber_af	0	4.62	0.19	97.57	1.51	0.96	0	0.0115	1.7539
1WEJ	blue	amber_af	1	4.14	0.37	97.94	0.86	0.71	0	0.0117	1.7816
1WEJ	blue	amber_af	2	2.56	0.56	98.13	0.65	0.54	0	0.0115	1.7125
1WEJ	blue	amber_af	3	2.56	0.37	97.94	0.43	0.55	1	0.0115	1.7446
1WEJ	blue	amber_af	4	3.29	0.19	97.76	1.29	0.76	0	0.0114	1.7543
1WEJ	blue	amber_boltz	0	2.31	0.0	97.94	0.86	0.52	0	0.0117	1.7385
1WEJ	blue	amber_boltz	1	3.04	0.0	98.13	0.43	0.6	0	0.0119	1.7374
1WEJ	blue	amber_boltz	2	1.58	0.37	97.94	0.65	0.42	1	0.0117	1.7529
1WEJ	blue	amber_boltz	3	1.46	0.0	98.69	1.08	0.41	0	0.0118	1.7345
1WEJ	blue	amber_boltz	4	2.07	0.0	98.32	0.65	0.48	0	0.0117	1.7323
1WQ1	blue	crystal	0	13.57	1.04	92.95	11.83	2.41	0	0.0113	1.3672
1WQ1	blue	af_relaxed	0	1.41	0.0	98.13	1.14	0.42	0	0.0114	1.6866
1WQ1	blue	af_relaxed	1	1.8	0.0	97.93	0.46	0.46	0	0.0113	1.6958
1WQ1	blue	af_relaxed	2	2.18	0.0	98.34	0.0	0.49	0	0.0113	1.6822
1WQ1	blue	af_relaxed	3	2.05	0.21	97.3	0.23	0.61	0	0.0113	1.6897
1WQ1	blue	af_relaxed	4	2.31	0.21	98.13	1.6	0.67	0	0.0113	1.7243
1WQ1	blue	af_unrelaxed	0	19.0	0.21	98.34	5.03	1.81	0	0.0258	1.4435
1WQ1	blue	af_unrelaxed	1	20.02	0.21	97.51	0.0	1.4	0	0.0163	1.4735
1WQ1	blue	af_unrelaxed	2	17.71	0.21	98.55	0.92	1.25	0	0.0162	1.3831
1WQ1	blue	af_unrelaxed	3	17.33	0.0	98.34	0.23	1.24	0	0.0198	1.4202
1WQ1	blue	af_unrelaxed	4	16.43	0.0	98.55	1.14	1.26	0	0.019	1.374
1WQ1	blue	boltz	0	15.92	0.0	98.76	0.0	1.21	0	0.0101	1.0074
1WQ1	blue	boltz	1	17.33	0.0	98.76	0.0	1.24	0	0.0104	1.0136
1WQ1	blue	boltz	2	19.38	0.0	98.96	0.23	1.28	0	0.0106	1.0859
1WQ1	blue	boltz	3	19.88	0.0	98.76	0.0	1.29	0	0.012	1.0133
1WQ1	blue	boltz	4	17.7	0.0	98.96	0.0	1.25	0	0.0104	1.0227
1WQ1	blue	amber_af	0	2.69	0.21	98.13	2.06	0.79	0	0.0114	1.7203
1WQ1	blue	amber_af	1	2.05	0.21	97.3	0.23	0.61	0	0.0113	1.6926
1WQ1	blue	amber_af	2	1.67	0.0	97.93	0.69	0.44	0	0.0113	1.6941
1WQ1	blue	amber_af	3	2.05	0.0	98.34	0.0	0.48	0	0.0113	1.6787
1WQ1	blue	amber_af	4	1.54	0.0	98.13	1.14	0.44	0	0.0114	1.6798
1WQ1	blue	amber_boltz	0	0.77	0.0	98.34	0.23	0.24	0	0.0115	1.7307
1WQ1	blue	amber_boltz	1	2.18	0.0	98.55	0.46	0.49	1	0.0115	1.7374
1WQ1	blue	amber_boltz	2	2.05	0.0	98.76	0.69	0.48	1	0.0116	1.7329
1WQ1	blue	amber_boltz	3	1.92	0.21	98.13	0.46	0.46	0	0.0116	1.7438
1WQ1	blue	amber_boltz	4	2.05	0.21	98.13	0.46	0.48	0	0.0116	1.7323
1XD3	blue	crystal	0	3.94	0.0	99.33	1.11	0.71	0	0.0084	1.4284
1XD3	blue	af_relaxed	0	1.03	0.0	98.67	0.0	0.3	0	0.0116	1.6748
1XD3	blue	af_relaxed	1	0.41	0.0	98.33	0.0	0.15	0	0.0116	1.6931
1XD3	blue	af_relaxed	2	0.21	0.0	98.67	0.37	0.08	0	0.0116	1.6842
1XD3	blue	af_relaxed	3	0.21	0.0	98.67	0.37	0.08	0	0.0117	1.6882
1XD3	blue	af_relaxed	4	1.65	0.0	98.67	0.0	0.42	0	0.0117	1.6981
1XD3	blue	af_unrelaxed	0	17.37	0.33	98.67	0.0	1.24	0	0.0167	1.2958
1XD3	blue	af_unrelaxed	1	19.45	0.0	99.33	0.37	1.29	0	0.0148	1.3285
1XD3	blue	af_unrelaxed	2	16.96	0.0	99.0	0.0	1.23	0	0.0163	1.3192
1XD3	blue	af_unrelaxed	3	16.13	0.0	99.33	0.0	1.21	0	0.0168	1.3308
1XD3	blue	af_unrelaxed	4	18.2	0.0	99.0	0.0	1.26	0	0.0193	1.3982
1XD3	blue	boltz	0	12.82	0.0	99.33	0.0	1.12	0	0.0097	1.0334
1XD3	blue	boltz	1	10.34	0.0	99.33	0.0	1.03	0	0.0103	1.0313
1XD3	blue	boltz	2	8.49	0.0	99.33	0.0	0.96	0	0.0097	1.0367
1XD3	blue	boltz	3	8.89	0.0	99.67	0.74	0.98	0	0.0094	1.0571
1XD3	blue	boltz	4	8.69	0.0	99.67	0.0	0.97	0	0.0097	1.043
1XD3	blue	amber_af	0	0.41	0.0	98.67	0.0	0.15	0	0.0116	1.677
1XD3	blue	amber_af	1	1.24	0.0	98.67	0.37	0.34	0	0.0117	1.6983
1XD3	blue	amber_af	2	0.62	0.0	98.67	0.0	0.21	0	0.0117	1.6808
1XD3	blue	amber_af	3	0.21	0.0	98.67	0.37	0.08	0	0.0117	1.6826
1XD3	blue	amber_af	4	0.21	0.0	98.67	0.37	0.08	0	0.0116	1.684
1XD3	blue	amber_boltz	0	0.83	0.0	99.33	0.0	0.26	0	0.0119	1.7339
1XD3	blue	amber_boltz	1	0.83	0.0	99.33	0.0	0.26	0	0.0117	1.7286
1XD3	blue	amber_boltz	2	0.21	0.0	99.33	0.0	0.08	0	0.0119	1.6987
1XD3	blue	amber_boltz	3	0.41	0.0	99.33	0.0	0.15	0	0.012	1.7085
1XD3	blue	amber_boltz	4	1.45	0.0	99.33	0.0	0.38	0	0.0119	1.6987
1XQS	blue	crystal	0	24.46	1.18	90.12	9.09	2.65	0	0.0095	1.504
1XQS	blue	af_relaxed	0	0.74	0.0	99.29	1.37	0.34	0	0.0112	1.6887
1XQS	blue	af_relaxed	1	1.18	0.0	98.82	0.0	0.33	0	0.0112	1.68
1XQS	blue	af_relaxed	2	1.03	0.0	99.29	0.0	0.3	0	0.0112	1.6729
1XQS	blue	af_relaxed	3	0.88	0.0	99.06	0.0	0.27	0	0.0112	1.6833
1XQS	blue	af_relaxed	4	1.03	0.0	98.82	0.27	0.3	1	0.0112	1.6798
1XQS	blue	af_unrelaxed	0	15.64	0.24	99.29	2.73	1.53	0	0.0178	1.3853
1XQS	blue	af_unrelaxed	1	15.19	0.24	98.82	0.0	1.19	0	0.0173	1.3285
1XQS	blue	af_unrelaxed	2	14.16	0.24	99.06	0.0	1.16	0	0.0178	1.4589
1XQS	blue	af_unrelaxed	3	16.96	0.0	99.06	0.55	1.23	0	0.0166	1.3732
1XQS	blue	af_unrelaxed	4	15.05	0.0	99.06	0.27	1.18	0	0.0205	1.3891
1XQS	blue	boltz	0	9.29	0.0	99.53	0.0	0.99	0	0.0109	0.987
1XQS	blue	boltz	1	9.29	0.0	99.29	0.55	0.99	0	0.0108	1.0021
1XQS	blue	boltz	2	10.18	0.0	99.29	0.82	1.03	0	0.0111	0.9915
1XQS	blue	boltz	3	11.36	0.0	99.76	0.27	1.07	0	0.0113	1.0263
1XQS	blue	boltz	4	13.12	0.0	99.06	0.27	1.13	0	0.0116	1.0104
1XQS	blue	amber_af	0	0.88	0.0	99.29	1.09	0.3	0	0.0112	1.6888
1XQS	blue	amber_af	1	0.88	0.0	99.06	0.0	0.27	0	0.0112	1.6631
1XQS	blue	amber_af	2	1.47	0.0	99.06	0.0	0.39	0	0.0112	1.6704
1XQS	blue	amber_af	3	1.03	0.0	99.06	0.0	0.3	0	0.0112	1.6851
1XQS	blue	amber_af	4	1.18	0.0	99.06	0.0	0.33	0	0.0112	1.6813
1XQS	blue	amber_boltz	0	1.03	0.0	98.82	0.0	0.3	0	0.0113	1.7093
1XQS	blue	amber_boltz	1	1.03	0.0	98.82	0.0	0.3	0	0.0113	1.7106
1XQS	blue	amber_boltz	2	1.33	0.0	98.59	0.82	0.36	0	0.0113	1.7249
1XQS	blue	amber_boltz	3	1.92	0.0	99.29	0.0	0.46	0	0.0113	1.7199
1XQS	blue	amber_boltz	4	1.77	0.0	98.82	0.0	0.43	0	0.0112	1.7256
1XU1	blue	crystal	0	1.09	0.0	98.83	1.32	0.4	0	0.0102	1.387
1XU1	blue	af_relaxed	0	3.58	0.0	97.66	0.65	0.72	0	0.0117	1.6475
1XU1	blue	af_relaxed	1	1.79	0.0	96.49	0.0	0.67	0	0.0116	1.642
1XU1	blue	af_relaxed	2	2.87	0.0	98.25	0.0	0.58	0	0.0116	1.6568
1XU1	blue	af_relaxed	3	1.43	0.0	98.25	0.65	0.38	0	0.0117	1.655
1XU1	blue	af_relaxed	4	1.43	0.0	97.66	0.0	0.45	0	0.0117	1.6498
1XU1	blue	af_unrelaxed	0	21.16	1.75	96.49	0.65	1.55	0	0.0181	1.8295
1XU1	blue	af_unrelaxed	1	21.89	1.17	95.91	0.0	1.62	0	0.0219	1.8283
1XU1	blue	af_unrelaxed	2	26.18	0.58	98.25	0.65	1.41	0	0.0236	1.7126
1XU1	blue	af_unrelaxed	3	27.27	0.58	97.66	0.65	1.5	0	0.025	1.7377
1XU1	blue	af_unrelaxed	4	25.83	1.17	97.08	0.0	1.57	0	0.025	1.7279
1XU1	blue	boltz	0	14.35	0.0	99.42	0.65	1.16	0	0.0145	1.1979
1XU1	blue	boltz	1	16.5	0.0	100.0	0.65	1.22	0	0.0156	1.2266
1XU1	blue	boltz	2	15.06	0.0	99.42	1.95	1.4	0	0.0154	1.3027
1XU1	blue	boltz	3	13.63	0.0	99.42	1.3	1.23	0	0.0157	1.2359
1XU1	blue	boltz	4	15.8	0.0	100.0	0.0	1.2	0	0.0142	1.175
1XU1	blue	amber_af	0	3.58	0.0	97.66	0.65	0.72	0	0.0117	1.6459
1XU1	blue	amber_af	1	1.79	0.0	96.49	0.0	0.67	0	0.0116	1.6446
1XU1	blue	amber_af	2	1.43	0.0	98.25	0.65	0.38	0	0.0117	1.6492
1XU1	blue	amber_af	3	3.23	0.0	98.25	0.0	0.61	0	0.0116	1.6614
1XU1	blue	amber_af	4	1.08	0.0	97.66	0.0	0.38	0	0.0117	1.6526
1XU1	blue	amber_boltz	0	0.36	0.0	98.83	1.3	0.22	0	0.0118	1.6691
1XU1	blue	amber_boltz	1	0.36	0.0	98.83	0.65	0.13	0	0.0119	1.6417
1XU1	blue	amber_boltz	2	0.36	0.0	98.25	0.65	0.13	0	0.0119	1.668
1XU1	blue	amber_boltz	3	1.08	0.0	98.83	0.65	0.31	0	0.0118	1.6573
1XU1	blue	amber_boltz	4	1.43	0.0	98.83	0.65	0.38	0	0.0118	1.6718
1Y64	blue	crystal	0	82.54	15.15	57.31	19.67	3.8	0	0.0117	2.1787
1Y64	blue	af_relaxed	0	0.65	0.0	97.51	0.89	0.31	1	0.0127	1.7927
1Y64	blue	af_relaxed	1	1.72	0.0	98.43	0.44	0.43	0	0.0118	1.6772
1Y64	blue	af_relaxed	2	0.49	0.13	96.59	0.74	0.39	1	0.013	1.8369
1Y64	blue	af_relaxed	3	1.23	0.39	97.38	1.92	0.68	1	0.0118	1.7025
1Y64	blue	af_relaxed	4	1.14	0.0	97.9	0.3	0.35	0	0.0119	1.6474
1Y64	blue	af_unrelaxed	0	17.09	0.79	97.9	4.59	1.76	0	0.0193	1.4864
1Y64	blue	af_unrelaxed	1	12.51	0.52	97.9	0.44	1.13	0	0.0163	1.5405
1Y64	blue	af_unrelaxed	2	16.43	0.26	98.3	1.04	1.23	0	0.0159	1.4368
1Y64	blue	af_unrelaxed	3	15.94	0.39	98.03	1.33	1.3	0	0.0176	1.5148
1Y64	blue	af_unrelaxed	4	14.31	0.0	97.77	1.18	1.27	0	0.0206	1.461
1Y64	blue	boltz	0	11.04	0.0	99.34	0.3	1.06	0	0.0126	1.1016
1Y64	blue	boltz	1	11.86	0.0	99.34	0.59	1.09	1	0.0215	1.9385
1Y64	blue	boltz	2	24.3	0.0	99.21	0.74	1.38	4	0.0397	1.9546
1Y64	blue	boltz	3	19.56	0.26	98.95	0.44	1.29	3	0.0334	2.1439
1Y64	blue	boltz	4	11.12	0.0	99.21	0.3	1.06	2	0.0311	1.7707
1Y64	blue	amber_af	0	1.39	0.26	97.38	1.92	0.71	1	0.0118	1.7118
1Y64	blue	amber_af	1	0.98	0.0	97.77	0.3	0.34	0	0.0119	1.6526
1Y64	blue	amber_af	2	1.63	0.0	98.3	0.44	0.41	0	0.0119	1.6789
1Y64	blue	amber_af	3	0.57	0.0	97.25	0.89	0.33	1	0.0129	1.8239
1Y64	blue	amber_af	4	0.9	0.0	97.51	0.89	0.37	1	0.0128	1.8222
1Y64	blue	amber_boltz	0	9.73	1.31	95.28	1.04	1.35	12	0.0402	3.2311
1Y64	blue	amber_boltz	1	11.03	0.79	95.81	2.81	1.69	13	0.0307	2.9177
1Y64	blue	amber_boltz	2	9.81	0.92	94.36	1.78	1.59	17	0.0309	2.8909
1Y64	blue	amber_boltz	3	10.54	0.92	94.76	2.81	1.74	13	0.0306	2.8618
1Y64	blue	amber_boltz	4	12.59	1.57	94.23	2.51	1.81	19	0.0357	3.1388
1YVB	blue	crystal	0	45.25	4.06	86.38	15.08	3.16	0	0.0212	3.4872
1YVB	blue	af_relaxed	0	0.55	0.29	97.12	0.98	0.34	0	0.0116	1.6471
1YVB	blue	af_relaxed	1	1.64	0.29	96.83	0.33	0.61	0	0.0116	1.6742
1YVB	blue	af_relaxed	2	1.09	0.29	97.41	0.0	0.43	0	0.0117	1.6438
1YVB	blue	af_relaxed	3	1.64	0.58	97.41	0.66	0.53	1	0.0117	1.66
1YVB	blue	af_relaxed	4	1.64	0.29	97.69	0.33	0.48	1	0.0117	1.6465
1YVB	blue	af_unrelaxed	0	15.86	0.29	97.41	1.97	1.54	0	0.0208	1.5615
1YVB	blue	af_unrelaxed	1	16.76	0.29	97.41	0.0	1.34	0	0.019	1.5834
1YVB	blue	af_unrelaxed	2	19.14	0.29	97.69	0.0	1.35	0	0.0185	1.729
1YVB	blue	af_unrelaxed	3	18.59	0.58	97.41	0.33	1.38	0	0.0181	1.5765
1YVB	blue	af_unrelaxed	4	20.05	0.29	97.41	0.98	1.41	0	0.0215	1.6247
1YVB	blue	boltz	0	13.66	0.58	97.98	0.0	1.15	0	0.0122	1.1923
1YVB	blue	boltz	1	15.49	0.29	97.98	0.0	1.2	0	0.0126	1.2015
1YVB	blue	boltz	2	13.85	0.0	97.98	0.0	1.15	0	0.0125	1.1926
1YVB	blue	boltz	3	9.84	0.29	97.98	0.0	1.02	0	0.012	1.2025
1YVB	blue	boltz	4	15.49	0.29	97.69	0.0	1.26	0	0.012	1.2072
1YVB	blue	amber_af	0	0.55	0.29	97.41	0.98	0.3	0	0.0117	1.6496
1YVB	blue	amber_af	1	1.46	0.29	97.41	0.0	0.5	0	0.0116	1.6421
1YVB	blue	amber_af	2	1.82	0.29	97.69	0.33	0.51	1	0.0117	1.6457
1YVB	blue	amber_af	3	2.0	0.58	97.41	0.66	0.58	1	0.0116	1.6588
1YVB	blue	amber_af	4	1.82	0.29	96.83	0.33	0.64	1	0.0116	1.6639
1YVB	blue	amber_boltz	0	1.09	0.58	97.69	0.0	0.38	1	0.0118	1.6675
1YVB	blue	amber_boltz	1	0.91	0.29	97.41	0.0	0.39	0	0.0117	1.6713
1YVB	blue	amber_boltz	2	1.09	0.29	97.69	0.0	0.38	0	0.0116	1.6781
1YVB	blue	amber_boltz	3	0.91	0.58	97.41	0.0	0.39	0	0.0118	1.6709
1YVB	blue	amber_boltz	4	2.0	0.58	97.69	0.0	0.54	0	0.0118	1.7144
1Z0K	blue	crystal	0	3.69	0.0	96.46	2.16	1.15	0	0.0089	1.283
1Z0K	blue	af_relaxed	0	1.37	0.0	97.79	0.0	0.42	0	0.0116	1.66
1Z0K	blue	af_relaxed	1	0.82	0.44	96.9	0.0	0.44	0	0.0114	1.624
1Z0K	blue	af_relaxed	2	0.55	0.44	96.9	0.0	0.37	0	0.0115	1.6538
1Z0K	blue	af_relaxed	3	0.55	0.44	97.79	0.0	0.23	0	0.0116	1.6233
1Z0K	blue	af_relaxed	4	1.92	0.0	95.58	0.51	0.76	0	0.0115	1.6844
1Z0K	blue	af_unrelaxed	0	20.03	1.77	95.13	0.0	1.64	0	0.0208	1.7558
1Z0K	blue	af_unrelaxed	1	14.0	0.88	96.46	0.0	1.39	0	0.0174	1.6746
1Z0K	blue	af_unrelaxed	2	10.71	0.44	96.46	0.51	1.28	0	0.0195	1.6221
1Z0K	blue	af_unrelaxed	3	8.51	1.33	95.58	0.51	1.27	0	0.0152	1.5777
1Z0K	blue	af_unrelaxed	4	23.33	3.1	95.13	0.51	1.7	0	0.0218	1.7531
1Z0K	blue	boltz	0	7.69	0.0	96.46	0.51	1.15	0	0.0105	1.0657
1Z0K	blue	boltz	1	18.39	0.0	96.9	0.0	1.45	0	0.0103	1.0791
1Z0K	blue	boltz	2	16.74	0.0	97.35	0.51	1.35	0	0.0106	1.0885
1Z0K	blue	boltz	3	13.45	0.0	97.35	0.0	1.26	0	0.0102	1.0494
1Z0K	blue	boltz	4	12.62	0.0	98.67	0.0	1.11	0	0.0104	1.057
1Z0K	blue	amber_af	0	1.1	0.44	96.46	0.0	0.55	0	0.0115	1.6237
1Z0K	blue	amber_af	1	0.55	0.44	96.9	0.0	0.37	0	0.0115	1.6513
1Z0K	blue	amber_af	2	1.1	0.0	97.79	0.0	0.36	0	0.0116	1.6602
1Z0K	blue	amber_af	3	0.55	0.44	97.79	0.0	0.23	0	0.0116	1.6297
1Z0K	blue	amber_af	4	1.92	0.0	95.13	0.51	0.79	0	0.0115	1.6865
1Z0K	blue	amber_boltz	0	1.65	0.0	96.02	0.51	0.69	0	0.0119	1.6674
1Z0K	blue	amber_boltz	1	2.47	0.0	96.9	0.0	0.71	0	0.0118	1.7181
1Z0K	blue	amber_boltz	2	1.1	0.0	97.35	0.51	0.44	0	0.0116	1.7235
1Z0K	blue	amber_boltz	3	1.1	0.0	97.35	0.0	0.44	0	0.0118	1.6922
1Z0K	blue	amber_boltz	4	2.47	0.0	98.23	0.0	0.53	0	0.0117	1.7368
1Z5Y	blue	crystal	0	13.21	0.8	95.2	1.87	1.67	0	0.0226	1.4878
1Z5Y	blue	af_relaxed	0	1.74	0.4	97.2	0.93	0.58	0	0.0115	1.6825
1Z5Y	blue	af_relaxed	1	1.99	0.4	97.2	0.0	0.61	0	0.0117	1.6924
1Z5Y	blue	af_relaxed	2	1.99	0.0	96.8	0.93	0.66	0	0.0115	1.6589
1Z5Y	blue	af_relaxed	3	8.72	0.0	97.6	0.93	1.05	0	0.0462	1.8377
1Z5Y	blue	af_relaxed	4	1.0	0.0	97.6	0.0	0.38	0	0.0116	1.683
1Z5Y	blue	af_unrelaxed	0	18.44	0.0	98.0	3.27	1.66	0	0.0228	1.3751
1Z5Y	blue	af_unrelaxed	1	22.43	0.0	98.0	0.0	1.34	0	0.0223	1.4958
1Z5Y	blue	af_unrelaxed	2	21.19	0.0	98.0	0.0	1.32	0	0.0244	1.447
1Z5Y	blue	af_unrelaxed	3	15.21	0.4	97.6	0.0	1.27	0	0.0233	1.4658
1Z5Y	blue	af_unrelaxed	4	16.2	0.4	97.6	0.47	1.3	0	0.0261	1.4614
1Z5Y	blue	boltz	0	8.47	0.0	98.0	0.0	0.96	0	0.0191	1.1307
1Z5Y	blue	boltz	1	9.97	0.0	97.6	0.0	1.1	0	0.0198	1.157
1Z5Y	blue	boltz	2	11.22	0.0	97.6	0.0	1.15	0	0.0196	1.121
1Z5Y	blue	boltz	3	11.46	0.0	98.0	0.0	1.07	0	0.0181	1.1017
1Z5Y	blue	boltz	4	10.22	0.0	98.0	0.0	1.03	0	0.0178	1.1172
1Z5Y	blue	amber_af	0	2.24	0.4	97.2	0.93	0.65	0	0.0116	1.6675
1Z5Y	blue	amber_af	1	1.99	0.4	97.2	0.0	0.61	0	0.0117	1.6938
1Z5Y	blue	amber_af	2	1.25	0.0	97.6	0.47	0.43	0	0.0116	1.6671
1Z5Y	blue	amber_af	3	1.5	0.0	97.2	0.47	0.54	0	0.0115	1.6361
1Z5Y	blue	amber_af	4	1.99	0.0	97.2	0.47	0.61	0	0.0116	1.6618
1Z5Y	blue	amber_boltz	0	0.5	0.0	97.2	0.0	0.32	0	0.0118	1.696
1Z5Y	blue	amber_boltz	1	1.0	0.0	97.6	0.47	0.38	0	0.0119	1.6996
1Z5Y	blue	amber_boltz	2	0.75	0.0	96.4	0.47	0.48	0	0.0117	1.6672
1Z5Y	blue	amber_boltz	3	1.25	0.0	97.2	0.47	0.49	0	0.0118	1.6791
1Z5Y	blue	amber_boltz	4	1.0	0.0	97.6	0.0	0.38	0	0.0119	1.675
1ZHH	blue	crystal	0	1.03	0.0	97.8	1.64	0.51	0	0.0088	1.3496
1ZHH	blue	af_relaxed	0	1.95	0.18	98.36	0.82	0.46	0	0.0118	1.7101
1ZHH	blue	af_relaxed	1	2.52	0.18	97.45	3.07	1.02	0	0.0118	1.713
1ZHH	blue	af_relaxed	2	2.52	0.0	97.81	0.82	0.58	0	0.0118	1.7229
1ZHH	blue	af_relaxed	3	2.64	0.18	98.36	0.61	0.55	0	0.0118	1.7204
1ZHH	blue	af_relaxed	4	3.32	0.55	97.63	0.41	0.7	0	0.0118	1.7114
1ZHH	blue	af_unrelaxed	0	22.47	0.91	97.45	4.29	1.94	0	0.0181	1.4631
1ZHH	blue	af_unrelaxed	1	22.48	0.18	98.18	0.61	1.34	0	0.0153	1.4547
1ZHH	blue	af_unrelaxed	2	26.5	0.55	97.45	0.61	1.52	0	0.0169	1.4471
1ZHH	blue	af_unrelaxed	3	24.89	0.91	97.81	0.2	1.43	0	0.0166	1.5107
1ZHH	blue	af_unrelaxed	4	21.68	0.36	97.08	1.64	1.66	0	0.0212	1.5087
1ZHH	blue	boltz	0	12.5	0.18	97.99	0.41	1.11	0	0.011	1.095
1ZHH	blue	boltz	1	16.05	0.18	98.36	0.82	1.21	0	0.0113	1.104
1ZHH	blue	boltz	2	16.05	0.36	97.99	0.41	1.21	0	0.012	1.1212
1ZHH	blue	boltz	3	15.93	0.18	98.18	0.2	1.21	0	0.0111	1.1049
1ZHH	blue	boltz	4	14.67	0.18	97.99	0.2	1.17	0	0.0117	1.0893
1ZHH	blue	amber_af	0	2.41	0.18	97.26	3.27	1.05	0	0.0118	1.7214
1ZHH	blue	amber_af	1	1.72	0.18	98.36	0.82	0.43	0	0.0118	1.7116
1ZHH	blue	amber_af	2	3.09	0.18	98.36	0.61	0.6	0	0.0118	1.7124
1ZHH	blue	amber_af	3	2.87	0.55	97.45	0.61	0.69	0	0.0118	1.7113
1ZHH	blue	amber_af	4	2.18	0.0	97.81	0.82	0.54	0	0.0118	1.7173
1ZHH	blue	amber_boltz	0	1.49	0.18	97.63	0.61	0.47	0	0.0119	1.7047
1ZHH	blue	amber_boltz	1	1.26	0.18	97.99	0.61	0.35	0	0.0118	1.7296
1ZHH	blue	amber_boltz	2	1.49	0.18	97.81	0.82	0.43	0	0.0117	1.7488
1ZHH	blue	amber_boltz	3	1.6	0.18	97.99	0.41	0.41	0	0.0118	1.7269
1ZHH	blue	amber_boltz	4	1.49	0.18	97.99	0.61	0.39	0	0.0117	1.7122
1ZHI	blue	crystal	0	9.69	2.23	93.31	12.11	2.27	0	0.0125	1.4657
1ZHI	blue	af_relaxed	0	2.66	0.0	96.52	0.69	0.78	0	0.0117	1.7243
1ZHI	blue	af_relaxed	1	2.66	0.95	95.89	0.35	0.84	0	0.0117	1.7235
1ZHI	blue	af_relaxed	2	3.04	0.32	96.2	0.35	0.85	0	0.0117	1.6985
1ZHI	blue	af_relaxed	3	3.04	0.95	96.2	0.69	0.85	0	0.0117	1.7245
1ZHI	blue	af_relaxed	4	3.8	0.32	97.15	0.69	0.82	1	0.0118	1.765
1ZHI	blue	af_unrelaxed	0	22.24	0.95	96.2	1.04	1.61	0	0.02	1.7524
1ZHI	blue	af_unrelaxed	1	27.37	1.27	96.2	1.73	1.86	0	0.0179	2.0346
1ZHI	blue	af_unrelaxed	2	20.14	0.95	95.57	0.35	1.61	0	0.0173	1.7532
1ZHI	blue	af_unrelaxed	3	21.09	0.95	97.15	0.69	1.47	0	0.0173	1.6069
1ZHI	blue	af_unrelaxed	4	21.67	1.27	95.89	0.69	1.61	0	0.0212	1.825
1ZHI	blue	boltz	0	17.1	0.0	99.37	0.35	1.23	0	0.0122	1.103
1ZHI	blue	boltz	1	16.34	0.32	98.1	0.35	1.22	0	0.0118	1.0925
1ZHI	blue	boltz	2	16.34	0.0	98.73	0.0	1.22	0	0.0124	1.0881
1ZHI	blue	boltz	3	13.69	0.32	97.78	0.35	1.19	0	0.0113	1.1067
1ZHI	blue	boltz	4	14.82	0.63	98.73	0.69	1.18	0	0.0129	1.1013
1ZHI	blue	amber_af	0	2.28	0.95	96.84	0.69	0.7	0	0.0117	1.727
1ZHI	blue	amber_af	1	3.8	0.32	97.15	0.69	0.82	1	0.0118	1.7622
1ZHI	blue	amber_af	2	2.66	0.32	95.89	0.35	0.84	0	0.0118	1.6991
1ZHI	blue	amber_af	3	2.28	0.0	96.84	0.35	0.7	0	0.0117	1.7131
1ZHI	blue	amber_af	4	2.47	0.95	96.2	0.0	0.79	0	0.0117	1.7251
1ZHI	blue	amber_boltz	0	1.9	0.0	98.73	0.35	0.45	0	0.0118	1.7095
1ZHI	blue	amber_boltz	1	1.52	0.32	97.78	0.35	0.44	0	0.0119	1.6905
1ZHI	blue	amber_boltz	2	1.33	0.0	97.78	0.0	0.41	0	0.0119	1.7029
1ZHI	blue	amber_boltz	3	2.28	0.32	96.84	0.35	0.7	0	0.0119	1.7167
1ZHI	blue	amber_boltz	4	1.71	0.32	97.47	0.35	0.53	0	0.0117	1.6968
1ZLI	blue	crystal	0	4.84	0.27	96.53	4.53	1.48	2	0.0129	1.4773
1ZLI	blue	af_relaxed	0	1.2	0.27	96.8	0.63	0.53	0	0.012	1.6676
1ZLI	blue	af_relaxed	1	1.37	0.27	96.8	0.63	0.56	0	0.0119	1.6671
1ZLI	blue	af_relaxed	2	0.86	0.27	97.33	2.22	0.65	0	0.012	1.6944
1ZLI	blue	af_relaxed	3	0.68	0.27	97.6	0.32	0.31	0	0.012	1.6796
1ZLI	blue	af_relaxed	4	0.68	0.27	96.8	0.0	0.42	0	0.012	1.6653
1ZLI	blue	af_unrelaxed	0	14.9	0.27	97.33	3.49	1.72	0	0.0182	1.471
1ZLI	blue	af_unrelaxed	1	11.13	0.27	97.33	0.0	1.19	0	0.0169	1.5341
1ZLI	blue	af_unrelaxed	2	13.36	0.27	97.33	0.63	1.26	0	0.0181	1.6005
1ZLI	blue	af_unrelaxed	3	12.84	0.27	97.33	0.32	1.25	0	0.0172	1.5445
1ZLI	blue	af_unrelaxed	4	13.53	0.27	97.07	0.32	1.3	0	0.0219	1.6104
1ZLI	blue	boltz	0	7.19	0.27	96.27	0.0	1.15	0	0.0153	1.2622
1ZLI	blue	boltz	1	9.07	0.27	97.07	0.32	1.15	0	0.015	1.2762
1ZLI	blue	boltz	2	7.19	0.27	97.07	1.27	1.14	0	0.0151	1.2721
1ZLI	blue	boltz	3	10.96	0.27	96.53	0.32	1.28	0	0.0155	1.2469
1ZLI	blue	boltz	4	6.68	0.27	96.8	0.0	1.07	0	0.0154	1.2812
1ZLI	blue	amber_af	0	1.03	0.27	97.07	1.27	0.54	0	0.012	1.6939
1ZLI	blue	amber_af	1	0.68	0.27	97.07	0.0	0.39	0	0.012	1.6666
1ZLI	blue	amber_af	2	1.03	0.27	96.27	0.63	0.55	0	0.012	1.6684
1ZLI	blue	amber_af	3	1.2	0.27	97.6	0.32	0.42	0	0.012	1.671
1ZLI	blue	amber_af	4	0.86	0.27	96.53	0.63	0.49	0	0.0119	1.6686
1ZLI	blue	amber_boltz	0	0.68	0.27	96.53	0.0	0.45	0	0.0121	1.7161
1ZLI	blue	amber_boltz	1	1.03	0.27	96.8	0.32	0.5	1	0.0121	1.7043
1ZLI	blue	amber_boltz	2	0.68	0.27	97.07	0.32	0.39	0	0.0122	1.7213
1ZLI	blue	amber_boltz	3	0.51	0.27	96.53	0.32	0.4	0	0.0119	1.7206
1ZLI	blue	amber_boltz	4	0.51	0.27	96.8	0.32	0.37	0	0.0122	1.713
1ZM4	blue	crystal	0	29.68	1.56	90.32	5.92	2.59	1	0.0111	1.6537
1ZM4	blue	af_relaxed	0	1.75	0.2	97.66	1.05	0.52	0	0.0118	1.7298
1ZM4	blue	af_relaxed	1	2.06	0.2	97.95	1.63	0.65	1	0.0117	1.7272
1ZM4	blue	af_relaxed	2	2.06	0.2	97.95	0.81	0.49	0	0.0117	1.7074
1ZM4	blue	af_relaxed	3	1.87	0.1	98.05	1.28	0.53	0	0.0115	1.7315
1ZM4	blue	af_relaxed	4	2.44	0.2	97.95	3.25	0.93	0	0.0116	1.7543
1ZM4	blue	af_unrelaxed	0	28.08	0.68	97.85	5.69	2.04	0	0.0203	1.6961
1ZM4	blue	af_unrelaxed	1	19.06	0.29	98.34	0.81	1.28	0	0.0167	1.578
1ZM4	blue	af_unrelaxed	2	16.44	0.78	97.66	1.63	1.45	0	0.0184	1.5748
1ZM4	blue	af_unrelaxed	3	19.01	0.59	97.46	1.16	1.43	0	0.0184	1.6134
1ZM4	blue	af_unrelaxed	4	24.62	0.78	97.37	1.39	1.61	0	0.0236	1.5184
1ZM4	blue	boltz	0	23.12	0.1	98.83	0.35	1.36	0	0.0121	1.0841
1ZM4	blue	boltz	1	20.44	0.1	98.83	0.23	1.31	0	0.0127	1.0964
1ZM4	blue	boltz	2	22.06	0.2	98.73	0.23	1.34	0	0.0129	1.0934
1ZM4	blue	boltz	3	19.62	0.29	98.73	0.12	1.29	0	0.0119	1.0912
1ZM4	blue	boltz	4	17.75	0.1	98.44	0.23	1.25	0	0.0128	1.0958
1ZM4	blue	amber_af	0	2.56	0.2	98.05	3.25	0.93	0	0.0116	1.7537
1ZM4	blue	amber_af	1	2.0	0.2	97.95	0.7	0.48	0	0.0116	1.7101
1ZM4	blue	amber_af	2	2.12	0.2	97.95	1.39	0.61	0	0.0117	1.7249
1ZM4	blue	amber_af	3	0.69	0.29	96.88	0.81	0.41	1	0.0126	1.8375
1ZM4	blue	amber_af	4	2.19	0.0	97.95	1.16	0.56	0	0.0116	1.7342
1ZM4	blue	amber_boltz	0	2.37	0.1	98.44	1.28	0.6	1	0.0116	1.7587
1ZM4	blue	amber_boltz	1	2.37	0.29	98.05	0.58	0.52	1	0.0115	1.7445
1ZM4	blue	amber_boltz	2	2.37	0.2	98.05	0.58	0.52	0	0.0115	1.745
1ZM4	blue	amber_boltz	3	2.0	0.2	98.24	0.46	0.47	1	0.0116	1.7323
1ZM4	blue	amber_boltz	4	1.87	0.2	98.15	0.46	0.45	3	0.0116	1.7363
2A1A	blue	crystal	0	8.81	0.48	94.05	10.68	2.15	3	0.0136	1.5813
2A1A	blue	af_relaxed	0	1.27	0.0	98.12	1.03	0.36	0	0.012	1.7017
2A1A	blue	af_relaxed	1	1.13	0.0	97.89	0.26	0.35	0	0.0121	1.6876
2A1A	blue	af_relaxed	2	1.69	0.23	97.65	0.77	0.5	0	0.012	1.7134
2A1A	blue	af_relaxed	3	1.41	0.0	97.89	0.51	0.4	1	0.0122	1.6978
2A1A	blue	af_relaxed	4	1.27	0.23	97.89	0.26	0.38	0	0.0121	1.6933
2A1A	blue	af_unrelaxed	0	15.23	0.0	97.89	1.54	1.36	0	0.0178	1.4278
2A1A	blue	af_unrelaxed	1	15.94	0.7	96.95	0.51	1.39	0	0.0164	1.597
2A1A	blue	af_unrelaxed	2	17.77	0.47	97.42	0.51	1.36	0	0.018	1.4968
2A1A	blue	af_unrelaxed	3	15.37	0.23	97.42	0.51	1.31	0	0.0171	1.4986
2A1A	blue	af_unrelaxed	4	15.09	0.47	96.95	1.03	1.37	0	0.0203	1.5158
2A1A	blue	boltz	0	14.52	0.23	98.12	0.0	1.17	0	0.0108	1.0772
2A1A	blue	boltz	1	15.5	0.0	98.12	0.0	1.19	0	0.0109	1.0848
2A1A	blue	boltz	2	13.25	0.0	98.12	0.26	1.13	0	0.0113	1.0636
2A1A	blue	boltz	3	13.95	0.23	97.89	0.0	1.18	0	0.0106	1.0578
2A1A	blue	boltz	4	18.19	0.0	98.83	0.26	1.26	0	0.0151	1.0794
2A1A	blue	amber_af	0	1.27	0.0	98.12	1.03	0.36	0	0.0121	1.6944
2A1A	blue	amber_af	1	1.27	0.0	98.12	0.51	0.35	1	0.0122	1.6903
2A1A	blue	amber_af	2	1.41	0.23	98.12	0.51	0.37	0	0.0121	1.691
2A1A	blue	amber_af	3	1.13	0.0	97.65	0.0	0.4	0	0.012	1.6891
2A1A	blue	amber_af	4	1.55	0.23	97.65	0.51	0.47	0	0.012	1.712
2A1A	blue	amber_boltz	0	1.69	0.23	97.89	0.0	0.45	1	0.0121	1.7001
2A1A	blue	amber_boltz	1	1.27	0.0	97.18	0.0	0.5	1	0.0121	1.7299
2A1A	blue	amber_boltz	2	1.55	0.0	97.89	0.26	0.43	1	0.0121	1.7043
2A1A	blue	amber_boltz	3	2.25	0.23	96.95	0.0	0.68	1	0.0122	1.7057
2A1A	blue	amber_boltz	4	2.4	0.0	97.42	0.0	0.64	1	0.0123	1.7094
2A5T	blue	crystal	0	9.96	0.75	95.52	2.55	1.64	0	0.0078	1.4383
2A5T	blue	af_relaxed	0	1.38	0.0	96.86	1.24	0.63	0	0.0119	1.684
2A5T	blue	af_relaxed	1	0.8	0.0	97.6	0.41	0.34	0	0.0118	1.686
2A5T	blue	af_relaxed	2	0.8	0.0	97.23	0.62	0.39	0	0.012	1.6861
2A5T	blue	af_relaxed	3	0.8	0.0	97.42	0.21	0.37	0	0.0118	1.6788
2A5T	blue	af_relaxed	4	0.8	0.0	97.23	0.62	0.39	0	0.0119	1.6861
2A5T	blue	af_unrelaxed	0	16.65	0.37	97.42	2.28	1.61	0	0.018	1.5272
2A5T	blue	af_unrelaxed	1	11.49	0.37	97.42	0.21	1.19	0	0.0156	1.4869
2A5T	blue	af_unrelaxed	2	11.83	0.18	96.49	1.04	1.33	0	0.0169	1.6376
2A5T	blue	af_unrelaxed	3	11.37	0.0	97.42	0.83	1.19	0	0.0161	1.442
2A5T	blue	af_unrelaxed	4	15.05	0.18	97.23	0.41	1.32	0	0.0206	1.6162
2A5T	blue	boltz	0	12.17	0.0	97.6	0.0	1.18	0	0.0119	1.1321
2A5T	blue	boltz	1	11.03	0.0	97.6	0.0	1.14	0	0.0118	1.1316
2A5T	blue	boltz	2	7.69	0.0	97.42	0.21	1.04	0	0.0117	1.1199
2A5T	blue	boltz	3	11.83	0.0	97.6	0.0	1.17	0	0.0117	1.1185
2A5T	blue	boltz	4	8.96	0.0	97.97	0.21	0.99	0	0.0125	1.1259
2A5T	blue	amber_af	0	1.49	0.0	97.05	1.24	0.63	0	0.0118	1.6832
2A5T	blue	amber_af	1	0.92	0.0	97.42	0.21	0.39	0	0.0118	1.6739
2A5T	blue	amber_af	2	0.92	0.0	97.6	0.62	0.36	0	0.0119	1.6804
2A5T	blue	amber_af	3	0.8	0.0	97.23	0.83	0.39	0	0.0119	1.6885
2A5T	blue	amber_af	4	0.8	0.0	97.42	0.21	0.37	0	0.0118	1.6839
2A5T	blue	amber_boltz	0	0.69	0.0	97.42	0.62	0.34	0	0.0119	1.6885
2A5T	blue	amber_boltz	1	0.8	0.0	97.6	0.62	0.34	0	0.0118	1.6959
2A5T	blue	amber_boltz	2	0.69	0.18	97.23	0.41	0.37	0	0.0118	1.6733
2A5T	blue	amber_boltz	3	0.92	0.18	97.42	0.62	0.39	0	0.0119	1.6812
2A5T	blue	amber_boltz	4	0.92	0.18	97.23	0.62	0.42	0	0.0119	1.6817
2A9K	blue	crystal	0	1.51	0.0	97.58	2.48	0.78	1	0.0092	1.2281
2A9K	blue	af_relaxed	0	2.18	0.27	97.58	0.31	0.58	1	0.0118	1.6897
2A9K	blue	af_relaxed	1	5.86	0.27	96.51	1.55	1.19	2	0.0119	1.7596
2A9K	blue	af_relaxed	2	3.52	0.0	97.31	1.24	0.84	1	0.0119	1.7713
2A9K	blue	af_relaxed	3	7.2	0.0	97.85	1.55	1.08	3	0.0119	1.755
2A9K	blue	af_relaxed	4	3.85	1.08	97.58	0.62	0.76	3	0.0121	1.7677
2A9K	blue	af_unrelaxed	0	23.51	0.0	98.39	3.11	1.74	0	0.0264	1.6255
2A9K	blue	af_unrelaxed	1	28.69	0.0	98.12	0.31	1.44	0	0.019	1.6387
2A9K	blue	af_unrelaxed	2	21.83	0.0	98.66	0.62	1.33	0	0.0193	1.5209
2A9K	blue	af_unrelaxed	3	22.81	0.27	98.66	0.31	1.35	0	0.0236	1.6842
2A9K	blue	af_unrelaxed	4	19.47	0.0	98.12	0.62	1.29	0	0.0251	1.5145
2A9K	blue	boltz	0	20.95	0.27	98.12	0.0	1.32	0	0.0106	1.0218
2A9K	blue	boltz	1	26.15	0.0	98.66	0.0	1.41	0	0.0115	1.0292
2A9K	blue	boltz	2	21.79	0.0	98.39	0.0	1.33	0	0.0103	1.0344
2A9K	blue	boltz	3	23.97	0.0	98.66	0.31	1.37	0	0.0103	1.0497
2A9K	blue	boltz	4	29.01	0.0	98.66	0.0	1.45	0	0.0145	1.0248
2A9K	blue	amber_af	0	3.35	0.27	97.31	1.55	0.9	1	0.0121	1.7876
2A9K	blue	amber_af	1	4.86	0.0	96.51	1.24	1.05	3	0.0118	1.7518
2A9K	blue	amber_af	2	7.87	0.0	97.85	1.24	1.04	3	0.012	1.7533
2A9K	blue	amber_af	3	4.02	0.81	97.31	0.62	0.82	2	0.012	1.7727
2A9K	blue	amber_af	4	1.84	0.27	97.31	0.62	0.58	1	0.0117	1.6748
2A9K	blue	amber_boltz	0	1.51	0.27	98.12	0.31	0.39	0	0.0119	1.7091
2A9K	blue	amber_boltz	1	1.17	0.0	98.39	0.31	0.33	0	0.0119	1.7085
2A9K	blue	amber_boltz	2	2.35	0.0	98.39	0.0	0.51	0	0.0119	1.7117
2A9K	blue	amber_boltz	3	3.69	0.54	96.77	0.31	0.86	2	0.0119	1.7585
2A9K	blue	amber_boltz	4	5.03	0.81	98.39	0.93	0.77	2	0.0122	1.828
2ABZ	blue	crystal	0	14.37	0.28	96.59	3.58	1.8	1	0.0109	1.462
2ABZ	blue	af_relaxed	0	1.08	0.28	96.35	0.0	0.56	0	0.0121	1.7082
2ABZ	blue	af_relaxed	1	1.26	0.28	96.63	0.0	0.56	0	0.0121	1.6998
2ABZ	blue	af_relaxed	2	0.9	0.56	96.35	0.0	0.52	0	0.0122	1.7183
2ABZ	blue	af_relaxed	3	1.08	0.56	96.63	0.0	0.53	0	0.012	1.7153
2ABZ	blue	af_relaxed	4	2.33	0.28	95.51	0.98	0.83	0	0.0122	1.7349
2ABZ	blue	af_unrelaxed	0	16.17	0.28	97.19	1.63	1.52	0	0.0184	1.6834
2ABZ	blue	af_unrelaxed	1	12.93	0.28	97.47	0.0	1.23	0	0.0171	1.5996
2ABZ	blue	af_unrelaxed	2	12.57	0.56	97.19	0.0	1.26	0	0.0181	1.5758
2ABZ	blue	af_unrelaxed	3	14.37	0.56	97.19	0.0	1.31	0	0.0174	1.5118
2ABZ	blue	af_unrelaxed	4	18.49	0.56	97.19	0.33	1.41	0	0.0234	1.5773
2ABZ	blue	boltz	0	23.7	0.28	96.91	0.98	1.55	0	0.0241	2.1263
2ABZ	blue	boltz	1	26.74	0.28	97.47	0.98	1.52	0	0.0257	1.813
2ABZ	blue	boltz	2	35.23	0.56	96.63	0.65	1.75	0	0.0321	1.5206
2ABZ	blue	boltz	3	28.18	0.28	97.19	0.33	1.59	0	0.0237	1.8416
2ABZ	blue	boltz	4	23.16	0.28	96.91	0.65	1.54	0	0.0154	2.1412
2ABZ	blue	amber_af	0	2.51	0.28	95.51	0.65	0.85	0	0.0121	1.7334
2ABZ	blue	amber_af	1	1.26	0.28	96.63	0.0	0.56	0	0.0121	1.7015
2ABZ	blue	amber_af	2	1.26	0.28	96.35	0.0	0.59	0	0.0121	1.704
2ABZ	blue	amber_af	3	1.62	0.56	96.35	0.0	0.65	0	0.0122	1.7214
2ABZ	blue	amber_af	4	1.08	0.56	96.35	0.0	0.56	0	0.012	1.7092
2ABZ	blue	amber_boltz	0	4.66	0.28	96.35	0.65	0.98	0	0.0123	1.7928
2ABZ	blue	amber_boltz	1	3.59	0.28	96.35	1.63	1.05	1	0.0125	1.8479
2ABZ	blue	amber_boltz	2	7.89	0.84	94.94	1.3	1.37	2	0.0124	1.911
2ABZ	blue	amber_boltz	3	5.03	0.28	95.79	0.98	1.06	0	0.0125	1.8393
2ABZ	blue	amber_boltz	4	3.59	0.56	95.51	1.3	1.05	1	0.0124	1.8121
2AJF	blue	crystal	0	12.49	1.7	87.97	14.58	2.59	1	0.0108	1.5047
2AJF	blue	af_relaxed	0	2.61	0.13	97.65	0.59	0.62	0	0.0119	1.7004
2AJF	blue	af_relaxed	1	4.41	0.26	96.61	2.65	1.26	2	0.0122	1.8127
2AJF	blue	af_relaxed	2	3.43	0.26	97.39	0.59	0.75	0	0.012	1.7364
2AJF	blue	af_relaxed	3	6.77	0.26	96.61	0.74	1.09	6	0.0123	1.8308
2AJF	blue	af_relaxed	4	2.37	0.13	96.35	0.88	0.76	4	0.0128	1.8785
2AJF	blue	af_unrelaxed	0	33.16	0.39	97.13	5.74	2.24	0	0.0269	1.9799
2AJF	blue	af_unrelaxed	1	26.22	0.26	97.13	1.03	1.57	0	0.0211	1.9837
2AJF	blue	af_unrelaxed	2	34.97	0.65	97.52	1.18	1.68	0	0.0218	1.6792
2AJF	blue	af_unrelaxed	3	24.84	0.26	97.26	0.88	1.52	0	0.021	1.7116
2AJF	blue	af_unrelaxed	4	31.38	0.52	97.91	1.62	1.66	0	0.0278	1.683
2AJF	blue	boltz	0	26.56	0.13	97.65	0.74	1.49	0	0.0155	1.2106
2AJF	blue	boltz	1	28.99	0.13	98.44	0.59	1.45	0	0.0167	1.2076
2AJF	blue	boltz	2	29.08	0.13	98.31	0.59	1.45	0	0.0143	1.1974
2AJF	blue	boltz	3	24.41	0.0	98.04	0.74	1.38	0	0.0138	1.2011
2AJF	blue	boltz	4	26.21	0.13	98.44	1.03	1.42	0	0.014	1.2076
2AJF	blue	amber_af	0	4.24	0.26	96.74	2.8	1.25	1	0.0122	1.8112
2AJF	blue	amber_af	1	3.59	0.26	97.39	0.74	0.77	0	0.012	1.7324
2AJF	blue	amber_af	2	1.96	0.26	95.83	0.88	0.75	4	0.0128	1.8677
2AJF	blue	amber_af	3	2.37	0.13	97.52	0.59	0.61	0	0.0119	1.7042
2AJF	blue	amber_af	4	2.45	0.13	96.48	1.03	0.77	4	0.0128	1.8747
2AJF	blue	amber_boltz	0	4.98	0.13	97.13	1.03	0.93	1	0.012	1.7795
2AJF	blue	amber_boltz	1	4.65	0.39	97.52	1.03	0.85	2	0.0122	1.9167
2AJF	blue	amber_boltz	2	3.75	0.0	97.91	1.03	0.69	2	0.0119	1.7535
2AJF	blue	amber_boltz	3	3.92	0.13	98.17	1.18	0.73	1	0.012	1.7628
2AJF	blue	amber_boltz	4	4.49	0.0	97.65	1.91	1.01	2	0.012	1.7593
2AYO	blue	crystal	0	64.46	9.98	73.4	16.94	3.53	1	0.014	2.1668
2AYO	blue	af_relaxed	0	2.17	0.24	96.94	0.26	0.67	0	0.0118	1.7045
2AYO	blue	af_relaxed	1	1.59	0.47	97.41	0.26	0.52	0	0.0117	1.7032
2AYO	blue	af_relaxed	2	1.59	0.0	97.41	0.0	0.52	0	0.0118	1.6842
2AYO	blue	af_relaxed	3	1.3	0.71	96.71	0.0	0.56	0	0.0117	1.6989
2AYO	blue	af_relaxed	4	2.17	0.47	97.41	0.0	0.61	0	0.0118	1.7007
2AYO	blue	af_unrelaxed	0	18.85	0.94	96.71	1.04	1.49	0	0.0182	1.9419
2AYO	blue	af_unrelaxed	1	17.68	0.71	96.94	0.52	1.43	0	0.0177	1.5375
2AYO	blue	af_unrelaxed	2	18.7	1.18	96.94	0.78	1.45	0	0.0211	1.5764
2AYO	blue	af_unrelaxed	3	20.01	1.18	97.18	0.78	1.45	0	0.0229	1.5284
2AYO	blue	af_unrelaxed	4	25.07	1.88	96.24	0.78	1.64	0	0.0227	1.7707
2AYO	blue	boltz	0	9.56	0.0	97.88	0.26	1.03	0	0.011	1.08
2AYO	blue	boltz	1	10.58	0.0	97.88	0.26	1.07	0	0.0114	1.0675
2AYO	blue	boltz	2	14.06	0.0	97.41	0.52	1.27	0	0.0118	1.0772
2AYO	blue	boltz	3	11.88	0.0	97.88	0.0	1.12	0	0.0112	1.0656
2AYO	blue	boltz	4	13.48	0.0	98.12	0.0	1.14	0	0.0116	1.0623
2AYO	blue	amber_af	0	2.46	0.24	96.94	0.0	0.71	0	0.0119	1.7132
2AYO	blue	amber_af	1	1.59	0.0	97.65	0.0	0.48	0	0.0118	1.6822
2AYO	blue	amber_af	2	1.3	0.47	97.41	0.52	0.47	0	0.0117	1.6978
2AYO	blue	amber_af	3	2.17	0.47	97.41	0.0	0.61	0	0.0118	1.6985
2AYO	blue	amber_af	4	0.87	0.71	96.71	0.0	0.47	0	0.0117	1.708
2AYO	blue	amber_boltz	0	0.14	0.0	97.65	0.0	0.13	0	0.0119	1.7098
2AYO	blue	amber_boltz	1	0.72	0.0	97.41	0.0	0.35	0	0.0119	1.7063
2AYO	blue	amber_boltz	2	0.87	0.0	97.41	0.0	0.38	0	0.0118	1.7121
2AYO	blue	amber_boltz	3	0.72	0.24	97.18	0.0	0.38	0	0.0119	1.7334
2AYO	blue	amber_boltz	4	1.01	0.0	97.41	0.0	0.41	0	0.0118	1.7089
2B42	blue	crystal	0	3.25	0.37	96.47	5.63	1.42	0	0.0141	1.6833
2B42	blue	af_relaxed	0	0.75	0.18	96.88	0.23	0.43	1	0.0116	1.7198
2B42	blue	af_relaxed	1	0.5	0.18	97.06	0.23	0.34	0	0.0116	1.7043
2B42	blue	af_relaxed	2	1.13	0.37	96.88	0.0	0.51	2	0.0117	1.7221
2B42	blue	af_relaxed	3	0.38	0.18	97.24	0.47	0.28	2	0.0118	1.7289
2B42	blue	af_relaxed	4	1.63	0.55	96.88	0.47	0.6	2	0.0116	1.7353
2B42	blue	af_unrelaxed	0	13.63	0.37	96.32	1.17	1.44	0	0.0241	2.4529
2B42	blue	af_unrelaxed	1	14.89	0.74	96.69	0.47	1.39	0	0.0203	1.84
2B42	blue	af_unrelaxed	2	13.01	0.74	96.51	0.0	1.35	0	0.0248	1.8475
2B42	blue	af_unrelaxed	3	15.01	0.55	96.88	0.47	1.37	0	0.0228	1.8412
2B42	blue	af_unrelaxed	4	15.39	0.37	96.32	0.47	1.44	0	0.0273	1.8154
2B42	blue	boltz	0	12.01	0.18	97.79	0.94	1.14	0	0.0142	1.664
2B42	blue	boltz	1	11.51	0.0	98.53	0.23	1.08	0	0.0218	1.3838
2B42	blue	boltz	2	13.51	0.0	98.35	0.23	1.14	0	0.0197	1.3741
2B42	blue	boltz	3	13.13	0.18	97.61	0.47	1.21	0	0.0239	1.4694
2B42	blue	boltz	4	10.14	0.0	98.53	0.23	1.03	0	0.023	1.4427
2B42	blue	amber_af	0	0.63	0.18	96.69	0.7	0.42	2	0.0118	1.7124
2B42	blue	amber_af	1	1.25	0.74	97.43	0.23	0.46	2	0.0116	1.7092
2B42	blue	amber_af	2	0.75	0.18	97.06	0.23	0.4	1	0.0116	1.7196
2B42	blue	amber_af	3	1.5	0.18	97.24	0.47	0.53	1	0.0118	1.7193
2B42	blue	amber_af	4	0.5	0.18	97.24	0.23	0.31	0	0.0116	1.7042
2B42	blue	amber_boltz	0	1.38	0.18	98.16	0.7	0.37	1	0.0117	1.7581
2B42	blue	amber_boltz	1	1.0	0.0	98.35	0.47	0.3	0	0.0116	1.7165
2B42	blue	amber_boltz	2	0.75	0.0	97.98	0.0	0.24	0	0.0115	1.734
2B42	blue	amber_boltz	3	1.5	0.0	97.98	0.47	0.4	0	0.0116	1.7274
2B42	blue	amber_boltz	4	0.75	0.0	97.98	0.47	0.24	0	0.0117	1.7179
2B4J	blue	crystal	0	5.82	0.0	98.57	3.88	1.27	6	0.0179	1.6293
2B4J	blue	af_relaxed	0	1.05	0.56	97.75	0.65	0.36	1	0.0119	1.724
2B4J	blue	af_relaxed	1	0.7	0.0	98.03	0.97	0.23	0	0.0118	1.7201
2B4J	blue	af_relaxed	2	1.22	0.28	98.03	0.65	0.34	0	0.0118	1.7258
2B4J	blue	af_relaxed	3	2.79	0.0	98.31	1.94	0.79	0	0.0116	1.7124
2B4J	blue	af_relaxed	4	1.57	0.0	98.59	0.65	0.4	0	0.0118	1.7291
2B4J	blue	af_unrelaxed	0	23.89	1.13	96.9	0.65	1.55	0	0.0238	1.6684
2B4J	blue	af_unrelaxed	1	15.87	1.13	96.9	0.32	1.39	0	0.019	1.5973
2B4J	blue	af_unrelaxed	2	14.65	1.13	96.62	0.97	1.39	0	0.0226	1.589
2B4J	blue	af_unrelaxed	3	15.52	0.85	96.06	0.32	1.46	0	0.0185	1.5216
2B4J	blue	af_unrelaxed	4	19.7	0.85	96.9	0.65	1.48	0	0.0226	1.4859
2B4J	blue	boltz	0	8.89	0.56	97.75	0.97	1.03	0	0.011	1.1002
2B4J	blue	boltz	1	14.47	0.56	98.03	0.32	1.17	0	0.0114	1.0489
2B4J	blue	boltz	2	10.63	0.56	98.03	0.0	1.05	0	0.0109	1.038
2B4J	blue	boltz	3	11.5	0.56	96.9	0.0	1.26	0	0.0113	1.0591
2B4J	blue	boltz	4	10.46	0.28	98.03	0.65	1.04	0	0.0112	1.1015
2B4J	blue	amber_af	0	2.79	0.0	98.31	1.29	0.65	0	0.0116	1.7172
2B4J	blue	amber_af	1	1.22	0.0	98.59	1.29	0.42	0	0.0117	1.7244
2B4J	blue	amber_af	2	1.05	0.56	97.75	0.65	0.36	1	0.0119	1.7242
2B4J	blue	amber_af	3	1.57	0.28	97.75	0.32	0.46	0	0.0118	1.7177
2B4J	blue	amber_af	4	0.35	0.0	98.31	1.29	0.21	0	0.0117	1.7233
2B4J	blue	amber_boltz	0	0.35	0.0	97.46	0.65	0.23	0	0.0121	1.7323
2B4J	blue	amber_boltz	1	0.52	0.56	97.18	0.32	0.33	0	0.0118	1.7327
2B4J	blue	amber_boltz	2	0.7	0.56	97.18	0.32	0.37	0	0.0119	1.7149
2B4J	blue	amber_boltz	3	0.35	0.56	98.03	0.32	0.13	0	0.0117	1.7333
2B4J	blue	amber_boltz	4	0.35	0.28	98.31	0.32	0.13	0	0.0119	1.7745
2BTF	blue	af_relaxed	0	0.63	0.39	98.04	0.23	0.21	0	0.0118	1.663
2BTF	blue	af_relaxed	1	1.01	0.39	97.64	0.47	0.37	0	0.0117	1.6699
2BTF	blue	af_relaxed	2	1.01	0.39	98.04	0.7	0.3	0	0.0118	1.6616
2BTF	blue	af_relaxed	3	0.89	0.39	97.25	0.0	0.41	0	0.0118	1.6611
2BTF	blue	af_relaxed	4	1.14	0.39	97.45	0.0	0.43	0	0.0117	1.6692
2BTF	blue	af_unrelaxed	0	13.43	0.98	97.25	1.63	1.44	0	0.0157	1.6067
2BTF	blue	af_unrelaxed	1	12.93	0.79	97.05	0.0	1.29	0	0.0155	1.6114
2BTF	blue	af_unrelaxed	2	12.8	0.79	97.45	0.47	1.23	0	0.0162	1.6198
2BTF	blue	af_unrelaxed	3	17.24	0.98	96.86	0.47	1.43	0	0.0155	1.6138
2BTF	blue	af_unrelaxed	4	14.08	0.79	97.25	0.7	1.3	0	0.0221	1.607
2BTF	blue	boltz	0	11.03	0.2	98.43	0.0	1.06	0	0.0111	1.0907
2BTF	blue	boltz	1	7.61	0.0	98.82	0.0	0.92	0	0.011	1.1149
2BTF	blue	boltz	2	10.14	0.0	98.62	0.0	1.03	0	0.0106	1.0923
2BTF	blue	boltz	3	8.11	0.0	98.43	0.0	0.94	0	0.0105	1.0927
2BTF	blue	boltz	4	10.77	0.0	98.23	0.23	1.05	0	0.0107	1.0907
2BTF	blue	amber_af	0	0.76	0.39	98.23	0.93	0.24	0	0.0118	1.6673
2BTF	blue	amber_af	1	1.14	0.39	97.45	0.0	0.43	0	0.0118	1.6566
2BTF	blue	amber_af	2	0.76	0.39	97.84	0.23	0.28	0	0.0118	1.6616
2BTF	blue	amber_af	3	1.14	0.39	97.84	0.0	0.36	0	0.0117	1.665
2BTF	blue	amber_af	4	1.39	0.39	97.64	0.47	0.45	0	0.0117	1.6722
2BTF	blue	amber_boltz	0	0.51	0.2	97.84	0.0	0.21	0	0.0118	1.68
2BTF	blue	amber_boltz	1	0.89	0.0	98.43	0.23	0.27	0	0.012	1.7071
2BTF	blue	amber_boltz	2	1.39	0.0	98.23	0.23	0.37	0	0.0118	1.6944
2BTF	blue	amber_boltz	3	0.76	0.0	98.23	0.23	0.24	1	0.012	1.6887
2BTF	blue	amber_boltz	4	0.63	0.0	97.64	0.0	0.29	0	0.0119	1.7012
2C0L	blue	crystal	0	5.92	0.74	93.63	3.85	1.69	0	0.0087	1.3758
2C0L	blue	af_relaxed	0	1.4	0.0	97.8	0.59	0.42	0	0.0116	1.6774
2C0L	blue	af_relaxed	1	1.87	0.24	98.05	0.3	0.45	0	0.0117	1.6771
2C0L	blue	af_relaxed	2	1.09	0.0	98.54	0.59	0.31	0	0.0116	1.6706
2C0L	blue	af_relaxed	3	1.09	0.0	98.05	0.0	0.31	0	0.0115	1.6572
2C0L	blue	af_relaxed	4	1.25	0.0	98.29	0.3	0.34	0	0.0115	1.6675
2C0L	blue	af_unrelaxed	0	16.38	0.49	97.8	2.07	1.5	0	0.0169	1.44
2C0L	blue	af_unrelaxed	1	14.19	0.73	98.29	0.89	1.16	0	0.0155	1.3883
2C0L	blue	af_unrelaxed	2	15.6	0.49	97.32	0.3	1.33	0	0.0172	1.3299
2C0L	blue	af_unrelaxed	3	17.16	0.49	97.8	0.3	1.28	0	0.016	1.3898
2C0L	blue	af_unrelaxed	4	17.0	0.49	97.8	1.48	1.4	0	0.0197	1.3209
2C0L	blue	boltz	0	7.17	0.0	98.54	0.0	0.89	0	0.0109	0.9865
2C0L	blue	boltz	1	9.04	0.0	98.05	0.0	0.98	0	0.0103	1.0038
2C0L	blue	boltz	2	8.26	0.0	98.54	0.0	0.95	0	0.0104	0.9916
2C0L	blue	boltz	3	11.23	0.0	98.78	0.3	1.07	0	0.0112	1.0055
2C0L	blue	boltz	4	8.73	0.0	98.78	0.0	0.97	0	0.0104	0.9923
2C0L	blue	amber_af	0	1.25	0.0	98.54	0.3	0.34	0	0.0115	1.6649
2C0L	blue	amber_af	1	1.09	0.0	98.05	0.0	0.31	0	0.0115	1.6502
2C0L	blue	amber_af	2	1.56	0.0	98.05	0.59	0.4	0	0.0116	1.6681
2C0L	blue	amber_af	3	1.25	0.24	98.05	0.0	0.34	0	0.0117	1.6807
2C0L	blue	amber_af	4	0.94	0.0	98.54	0.3	0.28	0	0.0116	1.6827
2C0L	blue	amber_boltz	0	0.78	0.0	98.29	0.3	0.25	0	0.0117	1.6992
2C0L	blue	amber_boltz	1	0.62	0.0	98.29	0.3	0.21	0	0.0117	1.7045
2C0L	blue	amber_boltz	2	0.94	0.0	98.54	0.59	0.28	0	0.0118	1.699
2C0L	blue	amber_boltz	3	0.47	0.0	98.54	0.0	0.16	0	0.0116	1.7193
2C0L	blue	amber_boltz	4	0.62	0.0	98.54	0.0	0.21	0	0.0117	1.7122
2CFH	blue	af_relaxed	0	1.41	0.33	94.77	0.37	0.74	0	0.0115	1.6889
2CFH	blue	af_relaxed	1	2.22	0.33	96.08	0.0	0.77	0	0.0115	1.6892
2CFH	blue	af_relaxed	2	3.03	0.65	96.08	0.74	0.86	1	0.0114	1.7115
2CFH	blue	af_relaxed	3	2.02	0.33	96.08	0.37	0.74	0	0.0114	1.6888
2CFH	blue	af_relaxed	4	1.82	0.65	95.1	1.1	0.81	2	0.0113	1.6914
2CFH	blue	af_unrelaxed	0	25.05	0.98	94.12	1.47	1.91	0	0.0191	2.0097
2CFH	blue	af_unrelaxed	1	23.83	1.96	94.44	0.74	1.75	0	0.017	1.8734
2CFH	blue	af_unrelaxed	2	27.67	1.31	95.75	1.1	1.76	0	0.0175	1.835
2CFH	blue	af_unrelaxed	3	27.06	1.96	94.12	0.37	1.82	0	0.0188	1.9743
2CFH	blue	af_unrelaxed	4	25.06	1.31	95.75	1.1	1.72	0	0.0258	1.8814
2CFH	blue	boltz	0	10.7	0.0	98.69	0.37	1.05	0	0.0109	1.0532
2CFH	blue	boltz	1	15.54	0.0	98.69	0.0	1.2	0	0.011	1.0512
2CFH	blue	boltz	2	10.9	0.0	98.69	0.37	1.05	0	0.0111	1.0714
2CFH	blue	boltz	3	13.93	0.0	98.37	0.74	1.15	0	0.0114	1.0642
2CFH	blue	boltz	4	16.15	0.0	98.37	0.37	1.21	0	0.0111	1.0561
2CFH	blue	amber_af	0	2.02	0.65	95.42	1.47	0.92	1	0.0113	1.6876
2CFH	blue	amber_af	1	2.02	0.33	95.75	0.0	0.77	0	0.0115	1.6949
2CFH	blue	amber_af	2	2.02	0.33	96.08	1.1	0.77	0	0.0114	1.6878
2CFH	blue	amber_af	3	1.21	0.33	94.77	0.0	0.7	0	0.0115	1.6835
2CFH	blue	amber_af	4	2.62	0.65	96.08	0.37	0.82	1	0.0114	1.7103
2CFH	blue	amber_boltz	0	1.82	0.0	98.37	0.37	0.44	0	0.0114	1.6536
2CFH	blue	amber_boltz	1	0.81	0.0	98.37	0.0	0.25	0	0.0113	1.6679
2CFH	blue	amber_boltz	2	0.61	0.0	98.37	0.37	0.2	1	0.0114	1.6381
2CFH	blue	amber_boltz	3	1.01	0.0	98.04	0.74	0.3	0	0.0113	1.6637
2CFH	blue	amber_boltz	4	1.82	0.33	98.04	0.0	0.44	1	0.0114	1.6732
2DD8	blue	crystal	0	13.74	0.81	92.07	4.51	2.13	0	0.0081	1.5383
2DD8	blue	af_relaxed	0	6.11	0.49	96.93	0.94	1.02	4	0.0117	1.7785
2DD8	blue	af_relaxed	1	4.83	0.97	95.47	1.5	1.2	7	0.0136	2.0951
2DD8	blue	af_relaxed	2	4.61	0.65	96.28	1.5	1.12	1	0.0287	1.8514
2DD8	blue	af_relaxed	3	5.58	0.97	94.66	2.44	1.46	7	0.0127	1.9712
2DD8	blue	af_relaxed	4	2.9	0.0	95.31	1.32	1.0	4	0.0132	2.0372
2DD8	blue	af_unrelaxed	0	29.32	0.32	97.9	2.44	1.77	0	0.0321	2.3849
2DD8	blue	af_unrelaxed	1	31.26	0.32	97.73	0.75	1.54	0	0.0226	1.946
2DD8	blue	af_unrelaxed	2	24.27	0.49	97.25	1.13	1.56	0	0.0254	1.7312
2DD8	blue	af_unrelaxed	3	34.59	0.16	97.73	1.5	1.72	0	0.0232	2.1404
2DD8	blue	af_unrelaxed	4	36.31	0.49	96.93	2.44	2.02	0	0.0302	2.1541
2DD8	blue	boltz	0	11.48	0.16	98.54	0.0	1.08	0	0.0124	1.1544
2DD8	blue	boltz	1	9.01	0.16	98.38	0.0	0.98	0	0.017	1.2466
2DD8	blue	boltz	2	10.52	0.0	98.22	0.0	1.04	0	0.0121	1.1518
2DD8	blue	boltz	3	7.62	0.0	98.38	0.0	0.92	0	0.0119	1.1664
2DD8	blue	boltz	4	10.3	0.0	98.06	0.19	1.03	0	0.0144	1.1898
2DD8	blue	amber_af	0	2.79	0.49	95.31	2.44	1.19	5	0.0133	2.1283
2DD8	blue	amber_af	1	4.29	0.65	96.6	1.88	1.14	2	0.0287	1.8586
2DD8	blue	amber_af	2	5.68	0.32	96.93	1.32	1.08	4	0.0117	1.7777
2DD8	blue	amber_af	3	6.87	0.81	95.63	2.44	1.48	7	0.0124	1.9485
2DD8	blue	amber_af	4	5.04	0.49	95.79	1.69	1.23	7	0.0137	2.0749
2DD8	blue	amber_boltz	0	1.18	0.16	97.9	0.19	0.36	0	0.0118	1.6775
2DD8	blue	amber_boltz	1	0.86	0.32	97.73	0.38	0.32	0	0.0119	1.6809
2DD8	blue	amber_boltz	2	0.75	0.0	97.9	0.56	0.26	1	0.0119	1.6947
2DD8	blue	amber_boltz	3	0.86	0.0	97.9	0.0	0.29	1	0.0118	1.6684
2DD8	blue	amber_boltz	4	0.64	0.0	97.9	0.0	0.24	0	0.0118	1.677
2FD6	blue	crystal	0	20.44	1.52	93.78	4.23	2.19	0	0.0094	1.6517
2FD6	blue	af_relaxed	0	1.59	0.0	98.06	1.86	0.61	0	0.0113	1.7058
2FD6	blue	af_relaxed	1	1.88	0.15	96.71	2.37	0.94	0	0.0121	1.8765
2FD6	blue	af_relaxed	2	4.76	0.3	97.61	1.69	1.0	0	0.0114	1.7559
2FD6	blue	af_relaxed	3	5.05	0.3	97.31	3.05	1.27	1	0.0116	1.8307
2FD6	blue	af_relaxed	4	5.45	0.0	97.91	3.38	1.22	1	0.0115	1.7819
2FD6	blue	af_unrelaxed	0	40.26	0.6	97.61	4.74	2.18	0	0.0295	2.1637
2FD6	blue	af_unrelaxed	1	31.93	0.45	97.76	1.69	1.72	0	0.0313	1.9739
2FD6	blue	af_unrelaxed	2	35.8	0.6	97.31	2.03	1.9	0	0.0284	2.4674
2FD6	blue	af_unrelaxed	3	42.37	0.75	97.01	3.38	2.18	0	0.0349	2.3528
2FD6	blue	af_unrelaxed	4	38.18	1.05	96.71	3.89	2.22	0	0.0305	2.7088
2FD6	blue	boltz	0	19.14	0.15	97.91	0.34	1.3	0	0.0178	1.3647
2FD6	blue	boltz	1	28.57	0.0	97.91	0.85	1.46	0	0.019	1.3626
2FD6	blue	boltz	2	18.45	0.0	98.51	0.34	1.26	0	0.0169	1.3138
2FD6	blue	boltz	3	34.72	0.15	98.06	0.34	1.52	0	0.0197	1.5129
2FD6	blue	boltz	4	49.34	0.45	97.76	0.68	1.72	0	0.0224	1.5411
2FD6	blue	amber_af	0	5.25	0.0	97.31	3.38	1.31	2	0.0115	1.7886
2FD6	blue	amber_af	1	2.08	0.0	98.06	2.03	0.71	0	0.0113	1.7022
2FD6	blue	amber_af	2	4.16	0.3	97.76	2.03	0.99	0	0.0114	1.7612
2FD6	blue	amber_af	3	4.96	0.3	97.16	2.88	1.26	0	0.0116	1.8165
2FD6	blue	amber_af	4	1.88	0.15	96.56	2.88	1.02	0	0.0121	1.8606
2FD6	blue	amber_boltz	0	1.09	0.15	97.01	0.51	0.49	1	0.0114	1.7377
2FD6	blue	amber_boltz	1	2.88	0.3	97.61	1.35	0.76	2	0.0114	1.789
2FD6	blue	amber_boltz	2	1.49	0.15	96.71	0.51	0.6	1	0.0113	1.7404
2FD6	blue	amber_boltz	3	2.18	0.3	95.67	1.86	1.0	5	0.013	2.0539
2FD6	blue	amber_boltz	4	4.07	1.05	93.57	2.37	1.4	8	0.0128	2.0578
2FJG	blue	crystal	0	7.06	0.58	94.57	16.26	2.18	3	0.0147	1.7577
2FJG	blue	af_relaxed	0	7.56	0.0	96.91	0.88	1.1	4	0.0118	1.8684
2FJG	blue	af_relaxed	1	6.81	0.0	96.72	0.88	1.08	2	0.0115	1.7409
2FJG	blue	af_relaxed	2	6.43	0.19	97.1	0.88	1.01	1	0.0114	1.7219
2FJG	blue	af_relaxed	3	2.77	0.58	97.1	0.66	0.73	2	0.0115	1.7406
2FJG	blue	af_relaxed	4	4.16	0.0	96.53	1.54	1.07	1	0.0115	1.7493
2FJG	blue	af_unrelaxed	0	37.5	0.19	96.53	1.32	1.87	0	0.0228	2.0047
2FJG	blue	af_unrelaxed	1	24.72	0.39	96.91	0.66	1.57	0	0.0203	1.8635
2FJG	blue	af_unrelaxed	2	27.61	0.0	97.3	0.88	1.56	0	0.0222	1.8019
2FJG	blue	af_unrelaxed	3	32.53	0.39	96.91	0.66	1.68	0	0.0217	1.7653
2FJG	blue	af_unrelaxed	4	25.62	0.39	96.14	1.54	1.8	0	0.0236	1.803
2FJG	blue	boltz	0	11.85	0.0	98.46	0.0	1.09	0	0.0117	1.1445
2FJG	blue	boltz	1	16.4	0.39	98.26	0.0	1.22	0	0.0125	1.138
2FJG	blue	boltz	2	10.21	0.0	98.46	0.0	1.03	0	0.012	1.14
2FJG	blue	boltz	3	10.59	0.19	98.07	0.0	1.04	0	0.0109	1.1783
2FJG	blue	boltz	4	10.72	0.0	98.26	0.22	1.05	0	0.0115	1.1519
2FJG	blue	amber_af	0	6.93	0.0	96.33	1.1	1.16	3	0.0118	1.8523
2FJG	blue	amber_af	1	4.54	0.0	96.53	1.54	1.1	1	0.0115	1.7483
2FJG	blue	amber_af	2	5.67	0.19	97.1	0.88	0.97	1	0.0114	1.727
2FJG	blue	amber_af	3	7.56	0.0	96.72	0.88	1.12	2	0.0115	1.7489
2FJG	blue	amber_af	4	3.03	0.39	97.1	0.88	0.75	1	0.0115	1.7483
2FJG	blue	amber_boltz	0	2.14	0.0	97.49	0.22	0.59	1	0.0113	1.6876
2FJG	blue	amber_boltz	1	2.77	0.19	97.49	0.88	0.67	0	0.0115	1.7147
2FJG	blue	amber_boltz	2	1.39	0.0	98.65	0.0	0.37	1	0.0114	1.6678
2FJG	blue	amber_boltz	3	1.39	0.0	98.26	0.44	0.37	0	0.0117	1.6852
2FJG	blue	amber_boltz	4	1.51	0.0	98.46	0.0	0.39	1	0.0116	1.7025
2FJU	blue	crystal	0	13.77	0.23	96.15	2.69	1.73	0	0.0114	1.6907
2FJU	blue	af_relaxed	0	6.37	0.23	96.31	1.15	1.14	3	0.0121	1.7985
2FJU	blue	af_relaxed	1	4.58	0.35	96.31	0.64	0.98	0	0.012	1.7596
2FJU	blue	af_relaxed	2	3.87	0.58	93.89	2.56	1.39	8	0.0136	2.0789
2FJU	blue	af_relaxed	3	5.73	0.69	94.01	2.43	1.51	8	0.0233	2.0417
2FJU	blue	af_relaxed	4	8.17	1.96	92.63	2.69	1.73	20	0.0255	2.2785
2FJU	blue	af_unrelaxed	0	36.09	0.23	96.66	2.94	2.11	0	0.0235	2.0651
2FJU	blue	af_unrelaxed	1	47.19	0.35	97.12	0.51	1.81	0	0.0256	1.8687
2FJU	blue	af_unrelaxed	2	37.32	0.12	97.0	0.38	1.73	0	0.0324	2.3602
2FJU	blue	af_unrelaxed	3	34.43	0.35	96.66	0.9	1.73	0	0.0221	2.1535
2FJU	blue	af_unrelaxed	4	29.55	0.23	96.54	1.15	1.73	0	0.0242	2.1179
2FJU	blue	boltz	0	27.44	0.12	98.16	0.26	1.43	0	0.0143	1.1283
2FJU	blue	boltz	1	25.3	0.0	98.5	0.26	1.39	0	0.0137	1.1149
2FJU	blue	boltz	2	24.15	0.0	98.5	0.13	1.37	0	0.0122	1.1228
2FJU	blue	boltz	3	24.58	0.0	98.39	0.13	1.38	0	0.0126	1.1281
2FJU	blue	boltz	4	23.43	0.12	98.27	0.0	1.36	0	0.0123	1.1128
2FJU	blue	amber_af	0	5.44	0.81	94.82	2.81	1.49	7	0.0233	2.0476
2FJU	blue	amber_af	1	9.53	1.73	92.51	2.17	1.73	21	0.0252	2.3503
2FJU	blue	amber_af	2	4.08	0.81	94.01	2.43	1.39	12	0.0138	2.0712
2FJU	blue	amber_af	3	4.3	0.46	96.08	0.64	0.98	1	0.012	1.7677
2FJU	blue	amber_af	4	7.02	0.46	96.2	1.15	1.19	2	0.0122	1.8097
2FJU	blue	amber_boltz	0	3.29	0.12	96.89	0.13	0.81	1	0.0117	1.7552
2FJU	blue	amber_boltz	1	2.87	0.23	95.74	1.15	0.92	2	0.0232	1.9389
2FJU	blue	amber_boltz	2	3.37	0.23	97.0	0.26	0.8	0	0.012	1.7695
2FJU	blue	amber_boltz	3	2.65	0.12	96.54	0.13	0.78	1	0.0119	1.7685
2FJU	blue	amber_boltz	4	3.65	0.12	96.2	0.13	0.91	0	0.0118	1.7626
2G77	blue	af_relaxed	0	1.33	0.0	98.6	0.43	0.36	0	0.0121	1.6727
2G77	blue	af_relaxed	1	0.96	0.0	98.6	0.65	0.29	0	0.0121	1.7069
2G77	blue	af_relaxed	2	1.45	0.0	98.2	0.65	0.38	0	0.0121	1.6706
2G77	blue	af_relaxed	3	1.33	0.0	98.0	0.65	0.36	0	0.0121	1.669
2G77	blue	af_relaxed	4	1.45	0.0	98.4	0.43	0.38	0	0.0121	1.6854
2G77	blue	af_unrelaxed	0	21.72	0.0	98.6	3.23	1.72	0	0.0187	1.3746
2G77	blue	af_unrelaxed	1	20.39	0.0	98.4	0.22	1.3	0	0.0163	1.38
2G77	blue	af_unrelaxed	2	17.14	0.0	98.4	0.86	1.23	0	0.0172	1.3805
2G77	blue	af_unrelaxed	3	15.2	0.0	98.4	0.43	1.19	0	0.0164	1.3623
2G77	blue	af_unrelaxed	4	17.14	0.2	98.4	0.65	1.23	0	0.0218	1.4125
2G77	blue	boltz	0	15.8	0.0	98.8	0.0	1.2	0	0.0107	1.0345
2G77	blue	boltz	1	15.68	0.0	99.2	0.22	1.2	0	0.0107	1.0304
2G77	blue	boltz	2	11.1	0.0	99.0	0.0	1.06	0	0.0101	1.0202
2G77	blue	boltz	3	17.37	0.0	98.6	0.0	1.24	0	0.011	1.0251
2G77	blue	boltz	4	16.89	0.0	99.0	0.0	1.23	0	0.0101	1.0137
2G77	blue	amber_af	0	1.21	0.0	98.4	0.65	0.34	0	0.0121	1.7038
2G77	blue	amber_af	1	1.69	0.0	98.0	0.22	0.42	0	0.0121	1.6828
2G77	blue	amber_af	2	1.57	0.0	98.0	0.65	0.4	0	0.0121	1.6792
2G77	blue	amber_af	3	1.09	0.0	98.4	0.43	0.31	0	0.0121	1.6734
2G77	blue	amber_af	4	1.21	0.0	98.0	0.65	0.34	0	0.0121	1.669
2G77	blue	amber_boltz	0	1.09	0.0	98.8	0.43	0.31	0	0.012	1.735
2G77	blue	amber_boltz	1	1.09	0.0	99.2	0.22	0.31	0	0.0119	1.7277
2G77	blue	amber_boltz	2	0.6	0.0	98.8	0.22	0.2	0	0.0122	1.7067
2G77	blue	amber_boltz	3	1.09	0.0	98.6	0.43	0.31	0	0.012	1.7368
2G77	blue	amber_boltz	4	1.93	0.0	99.0	0.22	0.46	0	0.0121	1.7324
2GAF	blue	af_relaxed	0	1.49	0.27	97.94	0.44	0.4	1	0.0125	1.6821
2GAF	blue	af_relaxed	1	2.15	0.14	97.81	0.29	0.53	1	0.0122	1.6763
2GAF	blue	af_relaxed	2	0.58	0.27	96.71	0.29	0.4	0	0.0131	1.7977
2GAF	blue	af_relaxed	3	0.41	0.27	97.81	0.58	0.19	0	0.013	1.7835
2GAF	blue	af_relaxed	4	2.81	0.14	97.81	1.16	0.66	2	0.0121	1.7011
2GAF	blue	af_unrelaxed	0	22.88	0.41	97.67	2.62	1.74	0	0.0213	1.9382
2GAF	blue	af_unrelaxed	1	18.99	0.82	98.08	0.29	1.28	0	0.0237	1.6715
2GAF	blue	af_unrelaxed	2	15.53	0.82	97.67	1.02	1.27	0	0.0198	1.6323
2GAF	blue	af_unrelaxed	3	17.68	0.69	97.39	1.02	1.37	0	0.0224	2.1932
2GAF	blue	af_unrelaxed	4	27.42	0.27	97.67	3.05	1.87	0	0.0212	1.5779
2GAF	blue	boltz	0	16.1	0.0	98.77	1.6	1.36	0	0.0128	1.1315
2GAF	blue	boltz	1	15.6	0.14	98.77	1.31	1.29	0	0.0126	1.126
2GAF	blue	boltz	2	18.5	0.0	99.18	1.89	1.48	0	0.0134	1.1324
2GAF	blue	boltz	3	19.33	0.14	98.77	1.31	1.37	0	0.0132	1.1407
2GAF	blue	boltz	4	21.4	0.14	98.9	1.45	1.45	3	0.0197	1.5194
2GAF	blue	amber_af	0	0.41	0.27	97.67	0.58	0.22	0	0.013	1.7807
2GAF	blue	amber_af	1	2.06	0.27	97.67	0.44	0.55	1	0.0122	1.6852
2GAF	blue	amber_af	2	1.57	0.27	97.94	0.44	0.42	1	0.0125	1.6874
2GAF	blue	amber_af	3	0.41	0.27	96.84	0.44	0.34	0	0.0131	1.8
2GAF	blue	amber_af	4	2.56	0.14	97.81	1.02	0.59	1	0.0121	1.6928
2GAF	blue	amber_boltz	0	1.49	0.0	98.35	1.45	0.51	0	0.012	1.7015
2GAF	blue	amber_boltz	1	1.24	0.14	98.35	1.45	0.47	1	0.012	1.7117
2GAF	blue	amber_boltz	2	2.39	0.0	98.49	1.74	0.7	1	0.0119	1.7245
2GAF	blue	amber_boltz	3	2.56	0.14	98.77	1.31	0.63	0	0.0119	1.7254
2GAF	blue	amber_boltz	4	1.4	0.96	95.61	2.91	1.03	11	0.0162	2.1906
2GTP	blue	crystal	0	5.0	0.0	97.48	3.31	1.26	3	0.0133	1.4006
2GTP	blue	af_relaxed	0	0.28	0.23	98.17	0.26	0.11	0	0.0128	1.7987
2GTP	blue	af_relaxed	1	0.7	0.23	98.63	0.26	0.23	0	0.0119	1.6794
2GTP	blue	af_relaxed	2	0.28	0.23	97.95	0.26	0.12	0	0.0128	1.8007
2GTP	blue	af_relaxed	3	0.42	0.23	97.95	0.26	0.16	0	0.0128	1.8147
2GTP	blue	af_relaxed	4	0.14	0.23	98.4	0.26	0.06	0	0.0128	1.7948
2GTP	blue	af_unrelaxed	0	6.46	0.0	98.62	0.51	0.86	0	0.0152	1.2269
2GTP	blue	af_unrelaxed	1	7.16	0.0	98.85	0.0	0.89	0	0.0161	1.2446
2GTP	blue	af_unrelaxed	2	8.98	0.0	98.85	0.51	0.98	0	0.0155	1.2436
2GTP	blue	af_unrelaxed	3	8.14	0.0	98.85	0.0	0.94	0	0.0147	1.2357
2GTP	blue	af_unrelaxed	4	11.51	0.23	98.63	0.26	1.08	0	0.0196	1.2726
2GTP	blue	boltz	0	6.03	0.0	99.09	0.26	0.83	0	0.0106	1.0129
2GTP	blue	boltz	1	7.43	0.0	98.86	0.26	0.91	0	0.01	1.0143
2GTP	blue	boltz	2	7.57	0.0	98.63	0.51	0.92	0	0.0106	1.0124
2GTP	blue	boltz	3	7.85	0.0	98.86	0.0	0.93	0	0.0102	0.9997
2GTP	blue	boltz	4	7.01	0.0	99.09	0.0	0.89	0	0.0104	1.0106
2GTP	blue	amber_af	0	0.28	0.23	98.17	0.26	0.11	0	0.0128	1.8063
2GTP	blue	amber_af	1	0.42	0.0	98.4	0.26	0.15	0	0.0128	1.8159
2GTP	blue	amber_af	2	0.28	0.23	97.95	0.26	0.12	0	0.0129	1.8013
2GTP	blue	amber_af	3	0.28	0.23	98.4	0.26	0.11	0	0.0128	1.7978
2GTP	blue	amber_af	4	0.56	0.23	98.63	0.26	0.19	0	0.0119	1.6801
2GTP	blue	amber_boltz	0	0.14	0.0	98.86	0.0	0.06	0	0.012	1.6814
2GTP	blue	amber_boltz	1	0.56	0.0	99.09	0.0	0.19	0	0.012	1.6914
2GTP	blue	amber_boltz	2	0.28	0.0	98.63	0.0	0.11	0	0.0119	1.6987
2GTP	blue	amber_boltz	3	0.7	0.0	98.63	0.0	0.23	0	0.012	1.6884
2GTP	blue	amber_boltz	4	0.56	0.0	98.86	0.26	0.19	0	0.012	1.6879
2H7V	blue	crystal	0	6.95	1.81	92.1	8.27	2.06	0	0.0188	1.7614
2H7V	blue	af_relaxed	0	1.67	0.22	97.76	0.0	0.47	0	0.0114	1.7031
2H7V	blue	af_relaxed	1	1.25	0.45	97.32	0.75	0.48	0	0.0113	1.6985
2H7V	blue	af_relaxed	2	2.09	0.22	97.99	0.5	0.48	0	0.0114	1.7281
2H7V	blue	af_relaxed	3	2.64	0.45	96.64	0.75	0.76	0	0.0116	1.7411
2H7V	blue	af_relaxed	4	5.14	0.45	95.75	1.75	1.25	0	0.0113	1.7811
2H7V	blue	af_unrelaxed	0	23.22	1.12	96.42	2.01	1.82	0	0.0189	1.7981
2H7V	blue	af_unrelaxed	1	14.6	0.67	97.76	0.25	1.22	0	0.0188	1.6283
2H7V	blue	af_unrelaxed	2	15.86	1.57	96.2	1.75	1.65	0	0.0213	1.7143
2H7V	blue	af_unrelaxed	3	26.58	2.01	95.08	1.5	1.89	0	0.0209	1.9163
2H7V	blue	af_unrelaxed	4	43.97	2.01	95.53	3.51	2.35	0	0.0253	1.9976
2H7V	blue	boltz	0	14.46	0.22	99.11	0.75	1.17	0	0.0105	1.0717
2H7V	blue	boltz	1	13.49	0.0	99.33	0.0	1.14	0	0.0126	1.0336
2H7V	blue	boltz	2	16.69	0.0	99.55	0.25	1.22	0	0.0106	1.0367
2H7V	blue	boltz	3	16.0	0.0	99.11	0.0	1.21	0	0.0113	1.0358
2H7V	blue	boltz	4	18.92	0.22	98.66	0.0	1.27	0	0.0114	1.0557
2H7V	blue	amber_af	0	2.22	0.22	97.99	0.5	0.5	0	0.0113	1.7192
2H7V	blue	amber_af	1	1.53	0.22	97.76	0.0	0.45	0	0.0113	1.7031
2H7V	blue	amber_af	2	1.39	0.45	97.32	0.5	0.5	1	0.0113	1.713
2H7V	blue	amber_af	3	2.92	0.22	96.87	0.75	0.77	0	0.0115	1.7415
2H7V	blue	amber_af	4	6.26	0.45	95.53	1.5	1.29	0	0.0113	1.7861
2H7V	blue	amber_boltz	0	1.39	0.22	99.11	1.0	0.37	0	0.0115	1.72
2H7V	blue	amber_boltz	1	3.2	0.22	98.66	0.25	0.61	1	0.0116	1.7513
2H7V	blue	amber_boltz	2	1.81	0.0	98.88	0.0	0.44	0	0.0115	1.717
2H7V	blue	amber_boltz	3	2.09	0.0	98.66	0.25	0.48	0	0.0114	1.7251
2H7V	blue	amber_boltz	4	1.81	0.22	98.21	0.25	0.44	0	0.0114	1.7541
2HLE	blue	crystal	0	13.99	0.96	92.33	8.76	2.34	1	0.0187	1.7962
2HLE	blue	af_relaxed	0	0.59	0.32	94.64	0.0	0.57	0	0.0129	1.8569
2HLE	blue	af_relaxed	1	0.78	0.63	95.27	0.0	0.58	0	0.0128	1.8565
2HLE	blue	af_relaxed	2	0.59	0.0	94.95	0.0	0.55	0	0.0129	1.8543
2HLE	blue	af_relaxed	3	1.96	0.32	96.85	0.0	0.65	0	0.0119	1.7215
2HLE	blue	af_relaxed	4	2.35	0.0	96.53	0.36	0.74	0	0.0118	1.7293
2HLE	blue	af_unrelaxed	0	31.96	1.26	95.58	1.44	1.92	0	0.0213	1.9311
2HLE	blue	af_unrelaxed	1	24.89	1.58	95.9	0.72	1.67	0	0.0242	1.9829
2HLE	blue	af_unrelaxed	2	19.6	1.59	96.51	0.0	1.52	0	0.0196	1.7138
2HLE	blue	af_unrelaxed	3	21.55	1.59	96.83	0.36	1.52	0	0.0215	1.7627
2HLE	blue	af_unrelaxed	4	17.44	1.59	96.51	0.36	1.47	0	0.0224	1.7696
2HLE	blue	boltz	0	17.82	0.0	97.48	0.0	1.36	0	0.0137	1.2665
2HLE	blue	boltz	1	18.81	0.0	97.16	0.0	1.42	0	0.0118	1.1527
2HLE	blue	boltz	2	20.18	0.0	96.85	0.36	1.49	0	0.0132	1.1628
2HLE	blue	boltz	3	15.67	0.32	97.48	1.08	1.33	0	0.014	1.1975
2HLE	blue	boltz	4	18.03	0.0	98.11	0.72	1.25	0	0.0134	1.1711
2HLE	blue	amber_af	0	2.15	0.0	96.53	0.0	0.72	0	0.0118	1.7313
2HLE	blue	amber_af	1	1.76	0.63	96.85	0.0	0.62	0	0.0119	1.7169
2HLE	blue	amber_af	2	0.59	0.32	95.27	0.0	0.53	0	0.0129	1.8477
2HLE	blue	amber_af	3	0.78	0.0	94.95	0.0	0.6	0	0.0129	1.8562
2HLE	blue	amber_af	4	0.59	1.26	95.58	0.0	0.5	0	0.0129	1.8432
2HLE	blue	amber_boltz	0	1.37	0.0	97.48	0.0	0.47	0	0.0117	1.7182
2HLE	blue	amber_boltz	1	0.98	0.32	97.48	0.36	0.4	1	0.012	1.727
2HLE	blue	amber_boltz	2	1.76	0.0	96.85	0.36	0.62	0	0.0117	1.724
2HLE	blue	amber_boltz	3	1.18	0.32	96.85	1.08	0.55	0	0.0119	1.73
2HLE	blue	amber_boltz	4	1.76	0.0	97.16	1.08	0.61	0	0.0117	1.7131
2HQS	blue	crystal	0	4.23	0.19	98.64	2.63	1.02	1	0.0103	1.3043
2HQS	blue	af_relaxed	0	0.26	0.0	98.26	0.48	0.1	0	0.0117	1.6651
2HQS	blue	af_relaxed	1	0.9	0.0	98.45	0.24	0.27	0	0.0116	1.6696
2HQS	blue	af_relaxed	2	1.66	0.0	98.64	0.24	0.42	0	0.0116	1.671
2HQS	blue	af_relaxed	3	1.15	0.0	98.45	0.24	0.33	0	0.0117	1.6707
2HQS	blue	af_relaxed	4	0.51	0.0	98.45	0.24	0.18	1	0.0118	1.6845
2HQS	blue	af_unrelaxed	0	11.64	0.39	98.84	0.24	1.08	0	0.017	1.4717
2HQS	blue	af_unrelaxed	1	13.43	0.19	98.84	0.24	1.14	0	0.0158	1.5499
2HQS	blue	af_unrelaxed	2	15.86	0.39	98.64	0.24	1.2	0	0.0184	1.4492
2HQS	blue	af_unrelaxed	3	13.43	0.39	99.03	0.0	1.14	0	0.0164	1.4816
2HQS	blue	af_unrelaxed	4	15.74	0.39	98.64	0.0	1.2	0	0.0235	1.6167
2HQS	blue	boltz	0	8.06	0.19	99.03	0.0	0.94	0	0.0099	1.1016
2HQS	blue	boltz	1	10.23	0.19	98.84	0.0	1.03	0	0.0099	1.0991
2HQS	blue	boltz	2	10.88	0.19	99.22	0.0	1.05	0	0.0101	1.0934
2HQS	blue	boltz	3	9.85	0.19	99.03	0.0	1.02	0	0.01	1.0851
2HQS	blue	boltz	4	11.26	0.39	99.03	0.0	1.07	0	0.0104	1.1029
2HQS	blue	amber_af	0	0.26	0.0	98.26	0.48	0.1	0	0.0117	1.6666
2HQS	blue	amber_af	1	0.51	0.0	98.45	0.24	0.18	0	0.0117	1.6645
2HQS	blue	amber_af	2	1.53	0.0	98.64	0.48	0.4	0	0.0117	1.6661
2HQS	blue	amber_af	3	0.9	0.0	98.45	0.24	0.27	0	0.0118	1.6702
2HQS	blue	amber_af	4	0.77	0.0	98.45	0.24	0.24	0	0.0116	1.6668
2HQS	blue	amber_boltz	0	0.26	0.19	98.26	0.24	0.1	0	0.0118	1.6788
2HQS	blue	amber_boltz	1	1.02	0.19	98.26	0.24	0.3	1	0.0118	1.6849
2HQS	blue	amber_boltz	2	0.9	0.19	98.06	0.24	0.27	0	0.0117	1.6903
2HQS	blue	amber_boltz	3	0.9	0.0	98.45	0.24	0.27	0	0.0118	1.692
2HQS	blue	amber_boltz	4	0.51	0.39	98.06	0.24	0.18	1	0.0118	1.6985
2HRK	blue	crystal	0	6.16	1.08	96.4	2.1	1.32	0	0.0099	1.2409
2HRK	blue	af_relaxed	0	1.12	0.0	97.12	0.0	0.48	0	0.0115	1.6913
2HRK	blue	af_relaxed	1	1.12	0.0	97.12	0.41	0.48	0	0.0115	1.6999
2HRK	blue	af_relaxed	2	0.9	0.0	96.76	0.41	0.47	0	0.0115	1.7043
2HRK	blue	af_relaxed	3	1.34	0.0	97.12	0.41	0.52	0	0.0114	1.7011
2HRK	blue	af_relaxed	4	0.9	0.0	97.48	0.0	0.38	0	0.0115	1.6832
2HRK	blue	af_unrelaxed	0	15.7	0.36	98.2	0.0	1.2	0	0.0161	1.404
2HRK	blue	af_unrelaxed	1	20.18	0.0	97.48	0.41	1.41	0	0.0154	1.3446
2HRK	blue	af_unrelaxed	2	21.98	0.0	97.48	0.41	1.44	0	0.0169	1.4328
2HRK	blue	af_unrelaxed	3	20.63	0.36	97.48	0.41	1.41	0	0.0151	1.4347
2HRK	blue	af_unrelaxed	4	16.82	0.36	97.48	0.82	1.33	0	0.02	1.4287
2HRK	blue	boltz	0	9.19	0.0	98.56	0.41	0.99	0	0.0117	1.1113
2HRK	blue	boltz	1	9.87	0.0	97.84	0.41	1.05	0	0.0109	1.0996
2HRK	blue	boltz	2	8.52	0.0	98.56	0.41	0.96	0	0.0111	1.0826
2HRK	blue	boltz	3	11.21	0.0	98.56	0.41	1.07	0	0.0117	1.1032
2HRK	blue	boltz	4	10.76	0.0	98.56	0.41	1.05	0	0.0116	1.1172
2HRK	blue	amber_af	0	1.12	0.0	97.12	0.41	0.48	0	0.0115	1.7022
2HRK	blue	amber_af	1	1.57	0.0	96.76	0.0	0.6	0	0.0115	1.7056
2HRK	blue	amber_af	2	0.67	0.0	97.48	0.0	0.32	0	0.0115	1.6866
2HRK	blue	amber_af	3	1.12	0.0	97.12	0.0	0.48	0	0.0115	1.6904
2HRK	blue	amber_af	4	1.12	0.0	97.12	0.41	0.48	0	0.0114	1.697
2HRK	blue	amber_boltz	0	1.34	0.0	97.12	0.82	0.52	0	0.0116	1.7053
2HRK	blue	amber_boltz	1	0.9	0.0	97.84	0.41	0.31	0	0.0117	1.7089
2HRK	blue	amber_boltz	2	0.45	0.0	97.48	0.41	0.26	0	0.0116	1.6916
2HRK	blue	amber_boltz	3	1.12	0.0	97.84	0.41	0.36	0	0.0116	1.7442
2HRK	blue	amber_boltz	4	0.9	0.0	97.12	0.82	0.43	0	0.0115	1.7223
2I25	blue	crystal	0	2.98	0.0	98.33	0.0	0.59	1	0.0234	1.7434
2I25	blue	af_relaxed	0	0.81	0.0	99.16	0.0	0.25	0	0.0114	1.6383
2I25	blue	af_relaxed	1	0.54	0.0	99.16	0.0	0.18	0	0.0115	1.6497
2I25	blue	af_relaxed	2	1.08	0.0	99.16	0.0	0.31	0	0.0114	1.6515
2I25	blue	af_relaxed	3	0.81	0.0	99.58	0.0	0.25	0	0.0113	1.6554
2I25	blue	af_relaxed	4	5.69	0.0	98.33	0.5	0.81	2	0.0115	1.7874
2I25	blue	af_unrelaxed	0	18.97	0.0	99.58	0.5	1.28	0	0.0252	1.6163
2I25	blue	af_unrelaxed	1	14.37	0.0	99.58	0.0	1.16	0	0.0191	1.5416
2I25	blue	af_unrelaxed	2	41.72	0.0	97.91	0.5	1.62	0	0.0256	1.8334
2I25	blue	af_unrelaxed	3	14.91	0.0	99.16	0.0	1.18	0	0.0207	1.5434
2I25	blue	af_unrelaxed	4	11.11	0.0	99.16	0.0	1.06	0	0.0272	1.5995
2I25	blue	boltz	0	12.21	0.0	98.74	0.0	1.1	0	0.0157	1.2082
2I25	blue	boltz	1	11.66	0.0	98.74	0.0	1.08	0	0.0157	1.2149
2I25	blue	boltz	2	12.48	0.0	98.74	0.5	1.11	0	0.0151	1.1903
2I25	blue	boltz	3	16.0	0.0	99.16	0.0	1.21	0	0.0142	1.1704
2I25	blue	boltz	4	8.41	0.0	99.16	0.0	0.95	0	0.0146	1.2038
2I25	blue	amber_af	0	0.81	0.0	99.16	0.5	0.25	0	0.0115	1.6515
2I25	blue	amber_af	1	0.54	0.0	99.16	0.0	0.18	0	0.0114	1.6468
2I25	blue	amber_af	2	5.69	0.0	98.33	0.5	0.81	2	0.0115	1.7805
2I25	blue	amber_af	3	0.81	0.0	99.16	0.0	0.25	0	0.0115	1.6458
2I25	blue	amber_af	4	0.81	0.0	99.58	0.0	0.25	0	0.0113	1.652
2I25	blue	amber_boltz	0	2.17	0.0	98.74	0.0	0.49	0	0.0113	1.6808
2I25	blue	amber_boltz	1	0.27	0.0	98.33	0.0	0.1	0	0.0114	1.6752
2I25	blue	amber_boltz	2	1.36	0.0	98.74	0.0	0.36	0	0.0113	1.6639
2I25	blue	amber_boltz	3	1.36	0.0	97.91	0.0	0.39	0	0.0115	1.6691
2I25	blue	amber_boltz	4	0.27	0.0	98.74	0.0	0.1	0	0.0115	1.6815
2I9B	blue	crystal	0	16.54	3.46	84.57	8.5	2.59	10	0.0212	2.3031
2I9B	blue	af_relaxed	0	1.89	0.52	96.07	1.47	0.85	0	0.0114	1.739
2I9B	blue	af_relaxed	1	3.1	1.57	95.55	0.59	0.91	0	0.0116	1.7878
2I9B	blue	af_relaxed	2	2.24	0.79	95.81	0.59	0.79	0	0.0114	1.7567
2I9B	blue	af_relaxed	3	1.72	0.79	96.6	0.29	0.65	0	0.0116	1.7283
2I9B	blue	af_relaxed	4	3.27	1.05	96.07	1.17	0.94	0	0.0115	1.7595
2I9B	blue	af_unrelaxed	0	27.89	1.31	96.07	2.64	2.02	0	0.0268	1.8926
2I9B	blue	af_unrelaxed	1	26.66	1.57	95.29	0.88	1.74	0	0.0286	2.0351
2I9B	blue	af_unrelaxed	2	25.31	2.09	94.76	0.59	1.75	0	0.028	1.9858
2I9B	blue	af_unrelaxed	3	31.35	2.09	94.76	2.05	2.08	0	0.0326	2.0495
2I9B	blue	af_unrelaxed	4	27.89	2.88	95.03	1.47	1.9	0	0.0311	2.107
2I9B	blue	boltz	0	22.72	0.0	98.95	0.0	1.35	0	0.0168	1.5071
2I9B	blue	boltz	1	16.03	0.26	98.69	0.29	1.21	0	0.0164	1.4368
2I9B	blue	boltz	2	23.24	0.0	98.95	1.17	1.41	0	0.017	1.5737
2I9B	blue	boltz	3	21.55	0.0	98.69	0.0	1.33	0	0.0173	1.5995
2I9B	blue	boltz	4	23.25	0.0	98.69	0.88	1.36	0	0.023	1.543
2I9B	blue	amber_af	0	1.55	0.79	95.81	2.05	0.93	0	0.0114	1.7411
2I9B	blue	amber_af	1	1.89	0.79	96.34	0.29	0.7	0	0.0116	1.7281
2I9B	blue	amber_af	2	2.75	1.05	96.07	1.17	0.88	0	0.0114	1.7623
2I9B	blue	amber_af	3	3.44	1.57	95.03	0.59	0.98	0	0.0116	1.7891
2I9B	blue	amber_af	4	1.55	1.05	95.81	0.59	0.69	0	0.0114	1.7549
2I9B	blue	amber_boltz	0	1.03	0.0	98.43	2.05	0.54	0	0.0118	1.7705
2I9B	blue	amber_boltz	1	1.55	0.26	98.17	1.47	0.53	0	0.0117	1.7984
2I9B	blue	amber_boltz	2	1.21	0.0	98.69	0.59	0.34	0	0.0117	1.7907
2I9B	blue	amber_boltz	3	1.38	0.0	98.69	0.88	0.37	0	0.0117	1.7854
2I9B	blue	amber_boltz	4	3.44	0.0	98.69	1.17	0.69	0	0.0115	1.7846
2IDO	blue	crystal	0	4.68	0.0	97.08	0.0	0.9	0	0.0072	1.3628
2IDO	blue	af_relaxed	0	0.51	0.0	98.35	0.48	0.18	0	0.0119	1.6874
2IDO	blue	af_relaxed	1	0.51	0.0	99.17	0.0	0.18	0	0.0118	1.6619
2IDO	blue	af_relaxed	2	1.03	0.0	98.76	0.48	0.3	0	0.0117	1.6862
2IDO	blue	af_relaxed	3	0.51	0.0	98.76	0.0	0.18	0	0.0119	1.6719
2IDO	blue	af_relaxed	4	0.26	0.41	98.76	0.0	0.1	0	0.0118	1.7
2IDO	blue	af_unrelaxed	0	6.15	0.0	98.76	0.48	0.84	0	0.0182	1.351
2IDO	blue	af_unrelaxed	1	5.13	0.0	99.17	0.0	0.77	0	0.0164	1.393
2IDO	blue	af_unrelaxed	2	5.13	0.41	98.76	0.0	0.77	0	0.018	1.5489
2IDO	blue	af_unrelaxed	3	4.62	0.0	99.17	0.0	0.74	0	0.016	1.3313
2IDO	blue	af_unrelaxed	4	5.64	0.0	97.93	0.48	0.82	0	0.0197	1.4959
2IDO	blue	boltz	0	4.87	0.0	99.59	0.0	0.75	0	0.0097	1.0037
2IDO	blue	boltz	1	7.44	0.0	99.59	0.0	0.91	0	0.0106	1.0195
2IDO	blue	boltz	2	6.41	0.0	99.17	0.97	0.85	0	0.0104	1.0356
2IDO	blue	boltz	3	5.9	0.0	99.59	0.0	0.82	0	0.01	1.0484
2IDO	blue	boltz	4	10.51	0.0	99.59	0.0	1.04	0	0.0143	1.0451
2IDO	blue	amber_af	0	1.28	0.0	98.76	0.48	0.35	0	0.0117	1.6803
2IDO	blue	amber_af	1	0.26	0.0	99.17	0.0	0.1	0	0.0119	1.6798
2IDO	blue	amber_af	2	0.26	0.83	98.35	0.0	0.1	0	0.0118	1.6955
2IDO	blue	amber_af	3	0.26	0.0	99.17	0.0	0.1	0	0.0119	1.6661
2IDO	blue	amber_af	4	0.51	0.0	98.35	0.48	0.18	0	0.0118	1.6799
2IDO	blue	amber_boltz	0	0.0	0.0	99.59	0.0	0.0	0	0.0121	1.6715
2IDO	blue	amber_boltz	1	0.26	0.0	99.17	0.0	0.1	0	0.0119	1.6873
2IDO	blue	amber_boltz	2	0.26	0.0	99.17	0.48	0.1	0	0.0122	1.6936
2IDO	blue	amber_boltz	3	0.51	0.0	98.76	0.0	0.18	0	0.012	1.6811
2IDO	blue	amber_boltz	4	1.28	0.0	99.59	0.0	0.35	0	0.0123	1.6862
2J0T	blue	crystal	0	7.22	2.86	92.5	4.48	1.86	1	0.0076	1.2279
2J0T	blue	af_relaxed	0	1.37	0.0	97.86	0.42	0.4	0	0.0119	1.7007
2J0T	blue	af_relaxed	1	0.91	0.0	97.5	0.0	0.38	0	0.012	1.701
2J0T	blue	af_relaxed	2	0.69	0.0	97.86	0.84	0.26	1	0.0119	1.713
2J0T	blue	af_relaxed	3	1.37	0.0	97.5	0.0	0.47	0	0.0118	1.6836
2J0T	blue	af_relaxed	4	1.83	0.0	97.14	0.0	0.6	0	0.0119	1.6961
2J0T	blue	af_unrelaxed	0	13.05	0.71	96.07	1.67	1.56	0	0.0182	1.8037
2J0T	blue	af_unrelaxed	1	13.27	1.07	96.07	0.0	1.4	0	0.0181	1.9023
2J0T	blue	af_unrelaxed	2	11.67	0.71	96.79	0.0	1.28	0	0.019	1.8619
2J0T	blue	af_unrelaxed	3	13.96	1.07	95.71	0.0	1.45	0	0.0183	1.6689
2J0T	blue	af_unrelaxed	4	11.44	1.43	95.71	0.0	1.37	0	0.0232	1.7746
2J0T	blue	boltz	0	8.69	0.0	98.93	0.0	0.97	0	0.0121	1.1651
2J0T	blue	boltz	1	11.89	0.0	98.57	0.42	1.09	0	0.0222	1.54
2J0T	blue	boltz	2	14.18	0.0	98.93	0.0	1.16	0	0.0224	1.4943
2J0T	blue	boltz	3	10.52	0.0	98.57	0.0	1.04	0	0.0225	1.5066
2J0T	blue	boltz	4	9.84	0.0	98.57	0.0	1.02	0	0.0212	1.5329
2J0T	blue	amber_af	0	0.46	0.0	97.86	0.84	0.19	1	0.0119	1.7127
2J0T	blue	amber_af	1	1.14	0.0	97.5	0.0	0.43	0	0.012	1.6965
2J0T	blue	amber_af	2	0.91	0.0	97.5	0.0	0.38	0	0.0119	1.7033
2J0T	blue	amber_af	3	1.83	0.0	97.14	0.0	0.6	0	0.0119	1.6889
2J0T	blue	amber_af	4	1.37	0.0	97.5	0.0	0.47	0	0.0118	1.6918
2J0T	blue	amber_boltz	0	0.69	0.36	97.86	0.84	0.26	1	0.012	1.7153
2J0T	blue	amber_boltz	1	0.91	0.0	97.86	0.84	0.31	2	0.0121	1.76
2J0T	blue	amber_boltz	2	0.23	0.0	97.86	0.42	0.12	1	0.0121	1.7438
2J0T	blue	amber_boltz	3	0.69	0.0	97.86	0.84	0.26	2	0.0121	1.7426
2J0T	blue	amber_boltz	4	0.69	0.0	97.86	0.0	0.26	1	0.012	1.7576
2J7P	blue	crystal	0	3.0	0.55	98.18	2.73	0.92	0	0.0127	1.3934
2J7P	blue	af_relaxed	0	2.88	0.18	97.64	0.45	0.65	0	0.0112	1.7243
2J7P	blue	af_relaxed	1	1.61	0.36	97.64	0.68	0.49	0	0.0111	1.7124
2J7P	blue	af_relaxed	2	2.19	0.18	97.46	1.36	0.7	0	0.0113	1.7453
2J7P	blue	af_relaxed	3	2.88	0.91	97.1	0.91	0.74	0	0.0112	1.7545
2J7P	blue	af_relaxed	4	2.88	0.36	97.46	2.05	0.92	1	0.0111	1.7423
2J7P	blue	af_unrelaxed	0	26.79	0.91	97.46	4.77	2.04	0	0.023	1.7025
2J7P	blue	af_unrelaxed	1	25.15	0.36	98.37	0.23	1.39	0	0.0183	1.573
2J7P	blue	af_unrelaxed	2	21.81	0.54	98.01	0.91	1.33	0	0.0203	1.5051
2J7P	blue	af_unrelaxed	3	22.97	0.54	98.19	0.91	1.35	0	0.0209	1.5357
2J7P	blue	af_unrelaxed	4	29.9	1.09	97.83	1.36	1.6	0	0.0242	1.4821
2J7P	blue	boltz	0	26.41	0.18	98.55	0.23	1.41	0	0.0136	1.1361
2J7P	blue	boltz	1	18.68	0.18	98.55	0.0	1.27	0	0.0112	1.0737
2J7P	blue	boltz	2	18.45	0.36	98.55	0.23	1.26	0	0.0122	1.1045
2J7P	blue	boltz	3	20.53	0.18	98.91	0.0	1.31	0	0.0137	1.1044
2J7P	blue	boltz	4	17.53	0.18	99.09	0.0	1.24	0	0.0111	1.1294
2J7P	blue	amber_af	0	2.19	0.36	97.46	1.82	0.8	0	0.0111	1.734
2J7P	blue	amber_af	1	2.19	0.18	97.64	0.45	0.57	0	0.0112	1.7263
2J7P	blue	amber_af	2	1.61	0.36	97.83	0.68	0.45	0	0.0112	1.7285
2J7P	blue	amber_af	3	2.42	0.18	97.64	1.59	0.75	1	0.0112	1.7496
2J7P	blue	amber_af	4	3.23	0.72	97.1	0.68	0.77	0	0.0112	1.7524
2J7P	blue	amber_boltz	0	2.65	0.18	98.73	0.68	0.55	0	0.0114	1.7388
2J7P	blue	amber_boltz	1	2.42	0.18	98.37	0.23	0.52	0	0.0114	1.7512
2J7P	blue	amber_boltz	2	1.61	0.36	98.37	0.45	0.41	0	0.0114	1.7481
2J7P	blue	amber_boltz	3	1.73	0.36	98.55	0.23	0.43	0	0.0113	1.7575
2J7P	blue	amber_boltz	4	2.19	0.36	99.28	0.45	0.49	0	0.0114	1.7525
2MTA	blue	af_relaxed	0	1.1	0.34	97.32	0.61	0.45	0	0.0118	1.7092
2MTA	blue	af_relaxed	1	0.88	0.17	96.65	1.02	0.49	0	0.0116	1.7164
2MTA	blue	af_relaxed	2	0.66	0.17	97.15	0.81	0.37	0	0.0117	1.6996
2MTA	blue	af_relaxed	3	2.74	0.34	96.31	0.41	0.81	0	0.0119	1.795
2MTA	blue	af_relaxed	4	1.76	0.0	97.49	0.41	0.54	0	0.0116	1.7174
2MTA	blue	af_unrelaxed	0	11.86	0.34	96.82	0.61	1.28	0	0.0184	1.4659
2MTA	blue	af_unrelaxed	1	37.42	0.67	94.14	0.41	1.95	0	0.0374	3.1706
2MTA	blue	af_unrelaxed	2	15.48	0.34	96.82	0.41	1.39	0	0.0193	1.5358
2MTA	blue	af_unrelaxed	3	11.75	0.17	96.98	0.41	1.26	0	0.0178	1.4962
2MTA	blue	af_unrelaxed	4	14.93	0.34	96.82	1.63	1.54	0	0.0213	1.5026
2MTA	blue	boltz	0	12.4	0.34	97.99	0.2	1.11	0	0.018	1.3525
2MTA	blue	boltz	1	14.38	0.17	98.16	0.2	1.16	0	0.0172	1.3282
2MTA	blue	boltz	2	14.16	0.17	97.65	0.2	1.23	0	0.0176	1.3501
2MTA	blue	boltz	3	11.31	0.17	97.99	0.0	1.07	0	0.0175	1.3569
2MTA	blue	boltz	4	11.2	0.17	97.82	0.2	1.11	0	0.0183	1.3666
2MTA	blue	amber_af	0	0.55	0.17	97.15	0.61	0.34	0	0.0117	1.7053
2MTA	blue	amber_af	1	2.96	0.34	96.65	0.2	0.8	0	0.0119	1.7938
2MTA	blue	amber_af	2	1.76	0.0	96.98	0.41	0.61	0	0.0116	1.7172
2MTA	blue	amber_af	3	1.21	0.17	97.32	0.61	0.47	1	0.0118	1.7246
2MTA	blue	amber_af	4	0.77	0.17	96.65	1.02	0.46	0	0.0117	1.7136
2MTA	blue	amber_boltz	0	0.44	0.17	97.49	0.2	0.26	0	0.0118	1.7432
2MTA	blue	amber_boltz	1	0.66	0.17	97.82	0.2	0.26	0	0.0117	1.7517
2MTA	blue	amber_boltz	2	0.77	0.17	97.99	0.0	0.25	0	0.0117	1.7504
2MTA	blue	amber_boltz	3	0.66	0.17	97.32	0.0	0.35	0	0.0119	1.7434
2MTA	blue	amber_boltz	4	0.33	0.17	97.65	0.0	0.2	0	0.0119	1.7459
2NZ8	blue	crystal	0	5.32	0.67	96.64	4.17	1.47	2	0.0107	1.355
2NZ8	blue	af_relaxed	0	0.95	0.0	98.01	0.0	0.29	0	0.0118	1.6768
2NZ8	blue	af_relaxed	1	1.5	0.0	98.01	0.25	0.39	0	0.0118	1.6894
2NZ8	blue	af_relaxed	2	1.36	0.0	98.23	0.49	0.37	0	0.0117	1.676
2NZ8	blue	af_relaxed	3	1.63	0.0	97.57	0.0	0.5	0	0.0118	1.6872
2NZ8	blue	af_relaxed	4	1.23	0.0	97.79	0.74	0.39	0	0.0118	1.6819
2NZ8	blue	af_unrelaxed	0	14.31	0.0	98.01	1.23	1.23	0	0.0178	1.4616
2NZ8	blue	af_unrelaxed	1	18.4	0.0	98.23	1.47	1.39	0	0.016	1.4464
2NZ8	blue	af_unrelaxed	2	16.63	0.0	98.67	0.49	1.22	0	0.0178	1.416
2NZ8	blue	af_unrelaxed	3	22.49	0.0	97.57	0.25	1.43	0	0.0182	1.3994
2NZ8	blue	af_unrelaxed	4	18.95	0.0	98.45	1.23	1.34	0	0.0221	1.4566
2NZ8	blue	boltz	0	11.18	0.22	98.45	0.49	1.06	0	0.0108	1.0788
2NZ8	blue	boltz	1	12.95	0.0	98.67	0.25	1.12	0	0.0107	1.0895
2NZ8	blue	boltz	2	13.63	0.0	98.45	0.0	1.14	0	0.011	1.0847
2NZ8	blue	boltz	3	9.0	0.22	98.45	0.0	0.98	0	0.0109	1.0913
2NZ8	blue	boltz	4	14.45	0.0	98.45	0.0	1.17	0	0.0113	1.1057
2NZ8	blue	amber_af	0	1.36	0.0	98.23	0.49	0.37	0	0.0117	1.6694
2NZ8	blue	amber_af	1	1.09	0.0	98.01	0.74	0.31	0	0.0118	1.6864
2NZ8	blue	amber_af	2	1.09	0.0	98.01	0.25	0.31	0	0.0118	1.679
2NZ8	blue	amber_af	3	1.91	0.0	97.57	0.25	0.54	0	0.0118	1.6831
2NZ8	blue	amber_af	4	1.5	0.0	98.01	0.25	0.39	0	0.0118	1.6841
2NZ8	blue	amber_boltz	0	1.5	0.22	98.01	0.25	0.39	0	0.0118	1.6998
2NZ8	blue	amber_boltz	1	1.63	0.0	98.23	0.25	0.41	0	0.012	1.71
2NZ8	blue	amber_boltz	2	2.04	0.0	98.01	0.0	0.47	0	0.0118	1.7046
2NZ8	blue	amber_boltz	3	1.5	0.0	98.01	0.0	0.39	0	0.012	1.6966
2NZ8	blue	amber_boltz	4	2.45	0.0	98.23	0.0	0.53	0	0.0118	1.7146
2O3B	blue	crystal	0	6.8	0.0	94.88	0.31	1.23	0	0.0093	1.5017
2O3B	blue	af_relaxed	0	1.22	0.27	97.3	0.31	0.47	0	0.0114	1.7025
2O3B	blue	af_relaxed	1	1.39	0.0	96.77	0.31	0.57	0	0.0115	1.7042
2O3B	blue	af_relaxed	2	1.56	0.0	97.57	0.31	0.49	0	0.0115	1.6985
2O3B	blue	af_relaxed	3	1.04	0.0	97.3	0.31	0.44	0	0.0115	1.7052
2O3B	blue	af_relaxed	4	1.22	0.0	97.3	0.31	0.47	0	0.0115	1.7028
2O3B	blue	af_unrelaxed	0	9.73	0.0	96.77	0.31	1.21	0	0.0161	1.4163
2O3B	blue	af_unrelaxed	1	10.94	0.0	97.3	0.0	1.19	0	0.0154	1.4708
2O3B	blue	af_unrelaxed	2	11.81	0.0	97.57	0.31	1.18	0	0.0166	1.4135
2O3B	blue	af_unrelaxed	3	12.85	0.0	97.84	0.31	1.16	0	0.0157	1.4099
2O3B	blue	af_unrelaxed	4	10.6	0.0	97.57	0.31	1.13	0	0.0198	1.4511
2O3B	blue	boltz	0	6.6	0.0	97.3	0.0	1.0	0	0.0104	1.1357
2O3B	blue	boltz	1	7.99	0.0	97.57	0.0	1.02	0	0.0102	1.1325
2O3B	blue	boltz	2	8.51	0.0	97.57	0.0	1.05	0	0.0106	1.1502
2O3B	blue	boltz	3	8.16	0.0	97.3	0.0	1.08	0	0.0115	1.1644
2O3B	blue	boltz	4	7.12	0.0	97.57	0.0	0.98	0	0.0101	1.1449
2O3B	blue	amber_af	0	1.39	0.0	97.3	0.31	0.5	0	0.0115	1.6962
2O3B	blue	amber_af	1	1.56	0.0	96.77	0.31	0.6	0	0.0115	1.7095
2O3B	blue	amber_af	2	1.74	0.0	97.3	0.31	0.56	0	0.0116	1.6958
2O3B	blue	amber_af	3	1.04	0.0	97.3	0.31	0.44	0	0.0115	1.7054
2O3B	blue	amber_af	4	1.39	0.27	97.3	0.31	0.5	0	0.0114	1.7026
2O3B	blue	amber_boltz	0	0.52	0.27	97.3	0.0	0.31	0	0.0116	1.7225
2O3B	blue	amber_boltz	1	0.52	0.54	97.04	0.0	0.35	0	0.0116	1.7533
2O3B	blue	amber_boltz	2	0.52	0.0	97.57	0.31	0.27	0	0.0118	1.7377
2O3B	blue	amber_boltz	3	0.52	0.27	96.77	0.0	0.38	0	0.0115	1.7401
2O3B	blue	amber_boltz	4	0.69	0.0	97.84	0.0	0.26	0	0.0118	1.729
2O8V	blue	crystal	0	16.06	3.63	86.4	7.45	2.5	1	0.0069	1.5337
2O8V	blue	af_relaxed	0	1.49	0.0	98.5	0.0	0.39	0	0.0116	1.6683
2O8V	blue	af_relaxed	1	0.75	0.0	98.2	0.71	0.24	0	0.0117	1.6462
2O8V	blue	af_relaxed	2	2.99	0.3	97.9	0.0	0.61	0	0.0116	1.7143
2O8V	blue	af_relaxed	3	0.56	0.0	97.9	1.06	0.23	0	0.0116	1.6363
2O8V	blue	af_relaxed	4	4.11	0.3	98.5	0.35	0.69	0	0.0117	1.7002
2O8V	blue	af_unrelaxed	0	20.35	0.9	98.2	1.06	1.32	0	0.0224	1.804
2O8V	blue	af_unrelaxed	1	15.68	0.9	97.3	0.71	1.33	0	0.0194	1.9103
2O8V	blue	af_unrelaxed	2	16.62	0.6	97.9	0.71	1.25	0	0.0196	1.5635
2O8V	blue	af_unrelaxed	3	20.92	0.6	97.9	1.42	1.45	0	0.0182	1.63
2O8V	blue	af_unrelaxed	4	19.79	0.6	97.9	1.06	1.34	0	0.0233	1.5813
2O8V	blue	boltz	0	19.78	0.0	99.7	0.35	1.29	0	0.0111	1.0439
2O8V	blue	boltz	1	17.18	0.0	99.7	0.71	1.24	0	0.0117	1.1243
2O8V	blue	boltz	2	24.09	0.0	99.7	0.0	1.37	0	0.0123	1.0683
2O8V	blue	boltz	3	12.89	0.0	100.0	0.0	1.12	0	0.0115	1.398
2O8V	blue	boltz	4	15.12	0.0	99.7	0.0	1.18	0	0.0116	1.1244
2O8V	blue	amber_af	0	2.43	0.3	97.9	0.35	0.55	0	0.0116	1.6785
2O8V	blue	amber_af	1	3.55	0.3	98.2	0.35	0.65	0	0.0116	1.6979
2O8V	blue	amber_af	2	1.12	0.0	98.2	0.71	0.32	0	0.0116	1.6429
2O8V	blue	amber_af	3	1.87	0.0	98.5	0.0	0.45	0	0.0117	1.671
2O8V	blue	amber_af	4	1.12	0.0	97.9	1.06	0.36	0	0.0116	1.6475
2O8V	blue	amber_boltz	0	1.68	0.0	98.8	0.71	0.42	0	0.0116	1.6911
2O8V	blue	amber_boltz	1	0.75	0.0	98.2	0.35	0.24	0	0.0118	1.6935
2O8V	blue	amber_boltz	2	3.73	0.0	98.8	0.71	0.66	0	0.0117	1.7357
2O8V	blue	amber_boltz	3	2.05	0.0	98.2	0.0	0.48	0	0.0118	1.7158
2O8V	blue	amber_boltz	4	0.93	0.0	99.1	0.35	0.28	0	0.0117	1.6985
2OOB	blue	crystal	0	3.73	0.0	99.11	3.96	1.12	2	0.017	1.8083
2OOB	blue	af_relaxed	0	0.0	0.0	99.11	0.0	0.0	0	0.0113	1.6331
2OOB	blue	af_relaxed	1	0.0	0.0	100.0	0.0	0.0	0	0.0114	1.7015
2OOB	blue	af_relaxed	2	1.06	0.0	99.11	0.0	0.31	0	0.0111	1.75
2OOB	blue	af_relaxed	3	2.66	0.0	100.0	0.0	0.55	0	0.0113	1.6754
2OOB	blue	af_relaxed	4	2.13	0.0	99.11	0.0	0.49	0	0.0115	1.6847
2OOB	blue	af_unrelaxed	0	23.42	0.0	100.0	0.0	1.36	0	0.0198	1.8054
2OOB	blue	af_unrelaxed	1	10.12	0.0	100.0	0.0	1.03	0	0.0192	1.5816
2OOB	blue	af_unrelaxed	2	17.56	0.89	99.11	0.0	1.24	0	0.0215	1.8185
2OOB	blue	af_unrelaxed	3	22.35	0.0	100.0	0.99	1.34	0	0.0184	1.7174
2OOB	blue	af_unrelaxed	4	7.99	1.79	98.21	0.99	0.94	0	0.0249	1.6236
2OOB	blue	boltz	0	7.45	0.0	100.0	0.0	0.91	0	0.0114	1.0948
2OOB	blue	boltz	1	6.39	0.0	99.11	0.0	0.85	0	0.0114	1.1104
2OOB	blue	boltz	2	1.6	0.0	99.11	0.99	0.41	0	0.0113	1.1283
2OOB	blue	boltz	3	5.32	0.0	100.0	0.0	0.79	0	0.011	1.111
2OOB	blue	boltz	4	7.98	0.0	100.0	0.0	0.94	0	0.011	1.103
2OOB	blue	amber_af	0	2.13	0.0	99.11	0.0	0.49	0	0.0112	1.7406
2OOB	blue	amber_af	1	0.0	0.0	100.0	0.0	0.0	0	0.0114	1.7077
2OOB	blue	amber_af	2	2.66	0.0	100.0	0.0	0.55	0	0.0114	1.6636
2OOB	blue	amber_af	3	2.13	0.0	98.21	0.0	0.49	0	0.0115	1.6801
2OOB	blue	amber_af	4	0.0	0.0	99.11	0.0	0.0	0	0.0114	1.6292
2OOB	blue	amber_boltz	0	1.06	0.0	100.0	0.0	0.31	0	0.0115	1.7136
2OOB	blue	amber_boltz	1	0.0	0.0	99.11	0.0	0.0	0	0.0117	1.7123
2OOB	blue	amber_boltz	2	0.0	0.0	99.11	0.99	0.0	0	0.0116	1.6915
2OOB	blue	amber_boltz	3	0.0	0.0	99.11	0.0	0.0	0	0.0116	1.7109
2OOB	blue	amber_boltz	4	0.0	0.0	99.11	0.0	0.0	0	0.0117	1.705
2OOR	blue	crystal	0	0.8	0.11	95.14	5.19	1.13	4	0.0107	1.3717
2OOR	blue	af_relaxed	0	1.38	0.0	97.58	0.42	0.46	0	0.0116	1.6756
2OOR	blue	af_relaxed	1	1.02	0.0	97.36	0.56	0.42	0	0.0115	1.6799
2OOR	blue	af_relaxed	2	1.24	0.0	97.58	0.28	0.43	0	0.0114	1.6712
2OOR	blue	af_relaxed	3	1.02	0.0	97.58	2.1	0.63	0	0.0115	1.6947
2OOR	blue	af_relaxed	4	1.6	0.0	97.69	0.42	0.47	0	0.0115	1.6871
2OOR	blue	af_unrelaxed	0	12.65	0.0	97.58	3.23	1.59	0	0.0197	1.4321
2OOR	blue	af_unrelaxed	1	10.76	0.0	97.8	0.42	1.1	0	0.0184	1.4499
2OOR	blue	af_unrelaxed	2	11.12	0.0	97.47	0.7	1.17	0	0.019	1.4151
2OOR	blue	af_unrelaxed	3	10.76	0.0	97.58	0.42	1.14	0	0.0188	1.4147
2OOR	blue	af_unrelaxed	4	12.21	0.0	97.47	0.56	1.21	0	0.023	1.4769
2OOR	blue	boltz	0	12.28	0.11	98.35	0.42	1.1	0	0.0109	1.1451
2OOR	blue	boltz	1	10.9	0.0	98.13	0.28	1.06	0	0.0107	1.1561
2OOR	blue	boltz	2	12.21	0.0	98.02	0.7	1.1	0	0.0108	1.155
2OOR	blue	boltz	3	9.23	0.0	98.24	0.56	0.99	0	0.0111	1.1458
2OOR	blue	boltz	4	12.58	0.0	98.24	1.12	1.15	0	0.0114	1.1605
2OOR	blue	amber_af	0	1.09	0.0	97.58	2.24	0.67	1	0.0115	1.6983
2OOR	blue	amber_af	1	1.53	0.0	97.8	0.56	0.44	0	0.0115	1.6837
2OOR	blue	amber_af	2	1.02	0.0	97.47	0.56	0.41	0	0.0114	1.6791
2OOR	blue	amber_af	3	1.24	0.0	97.47	0.42	0.45	0	0.0115	1.676
2OOR	blue	amber_af	4	1.16	0.0	97.69	0.28	0.4	0	0.0114	1.6734
2OOR	blue	amber_boltz	0	0.87	0.11	98.13	0.7	0.27	0	0.0114	1.7256
2OOR	blue	amber_boltz	1	1.09	0.0	97.91	0.7	0.34	0	0.0114	1.7267
2OOR	blue	amber_boltz	2	1.09	0.0	98.13	0.84	0.31	0	0.0114	1.7304
2OOR	blue	amber_boltz	3	1.09	0.0	97.69	0.7	0.38	0	0.0113	1.7155
2OOR	blue	amber_boltz	4	1.31	0.0	98.13	1.12	0.39	0	0.0111	1.7344
2OT3	blue	crystal	0	6.35	0.5	97.77	2.37	1.19	1	0.0126	1.3899
2OT3	blue	af_relaxed	0	1.95	0.0	98.77	0.0	0.46	0	0.0119	1.6951
2OT3	blue	af_relaxed	1	1.95	0.25	99.01	1.08	0.49	0	0.0119	1.7106
2OT3	blue	af_relaxed	2	1.65	0.0	98.28	0.27	0.42	0	0.012	1.7018
2OT3	blue	af_relaxed	3	2.55	0.49	98.03	0.27	0.54	0	0.0119	1.7102
2OT3	blue	af_relaxed	4	2.1	0.25	98.28	0.0	0.48	0	0.0119	1.6933
2OT3	blue	af_unrelaxed	0	15.47	0.25	99.01	3.25	1.58	0	0.0184	1.3939
2OT3	blue	af_unrelaxed	1	17.12	0.74	98.03	0.0	1.23	0	0.0173	1.5329
2OT3	blue	af_unrelaxed	2	20.57	0.74	96.8	1.08	1.53	0	0.0182	1.5291
2OT3	blue	af_unrelaxed	3	15.18	0.25	98.52	0.27	1.19	0	0.0175	1.4672
2OT3	blue	af_unrelaxed	4	18.63	0.0	98.52	0.54	1.27	0	0.0217	1.4356
2OT3	blue	boltz	0	16.51	0.0	99.01	0.27	1.22	0	0.0114	1.0594
2OT3	blue	boltz	1	15.46	0.25	98.52	0.0	1.19	0	0.0137	1.0584
2OT3	blue	boltz	2	13.51	0.0	99.01	0.27	1.14	0	0.0115	1.0584
2OT3	blue	boltz	3	13.51	0.0	99.01	0.27	1.14	0	0.0117	1.0867
2OT3	blue	boltz	4	14.56	0.0	99.51	0.0	1.17	0	0.0118	1.0534
2OT3	blue	amber_af	0	1.8	0.25	98.77	0.54	0.44	0	0.012	1.712
2OT3	blue	amber_af	1	2.4	0.25	98.28	0.0	0.52	0	0.0119	1.6899
2OT3	blue	amber_af	2	2.1	0.49	98.03	0.27	0.48	0	0.0119	1.7129
2OT3	blue	amber_af	3	1.8	0.0	98.28	0.27	0.44	0	0.012	1.7006
2OT3	blue	amber_af	4	2.25	0.0	98.77	0.0	0.5	0	0.0119	1.6932
2OT3	blue	amber_boltz	0	2.7	0.0	99.51	0.0	0.56	0	0.0122	1.7288
2OT3	blue	amber_boltz	1	0.9	0.0	98.77	0.27	0.27	0	0.0121	1.7134
2OT3	blue	amber_boltz	2	1.65	0.0	99.26	0.0	0.42	0	0.0121	1.723
2OT3	blue	amber_boltz	3	1.95	0.0	99.51	0.27	0.46	0	0.0121	1.7013
2OT3	blue	amber_boltz	4	1.8	0.0	99.26	0.27	0.44	0	0.0119	1.7354
2OUL	blue	crystal	0	5.25	0.0	97.38	6.48	1.52	1	0.0173	1.6499
2OUL	blue	af_relaxed	0	0.56	0.0	97.38	0.34	0.31	0	0.0119	1.628
2OUL	blue	af_relaxed	1	1.5	0.0	96.79	0.0	0.59	0	0.0118	1.6279
2OUL	blue	af_relaxed	2	2.25	0.0	97.08	0.0	0.66	0	0.0119	1.607
2OUL	blue	af_relaxed	3	1.5	0.0	96.79	0.34	0.59	0	0.0119	1.6184
2OUL	blue	af_relaxed	4	0.94	0.0	97.38	0.0	0.4	0	0.0119	1.6198
2OUL	blue	af_unrelaxed	0	11.81	0.0	97.38	1.37	1.31	0	0.0201	1.545
2OUL	blue	af_unrelaxed	1	12.56	0.0	97.67	0.68	1.18	0	0.0181	1.5984
2OUL	blue	af_unrelaxed	2	14.82	0.0	97.96	0.0	1.19	0	0.0187	1.5879
2OUL	blue	af_unrelaxed	3	11.81	0.0	97.67	0.34	1.16	0	0.0179	1.6006
2OUL	blue	af_unrelaxed	4	14.63	0.0	97.08	0.68	1.33	0	0.0208	1.5776
2OUL	blue	boltz	0	10.31	0.0	98.54	0.0	1.03	0	0.0114	1.124
2OUL	blue	boltz	1	10.31	0.0	98.83	0.0	1.03	0	0.0125	1.1615
2OUL	blue	boltz	2	9.56	0.0	98.54	0.0	1.0	0	0.0122	1.1505
2OUL	blue	boltz	3	5.25	0.0	98.83	0.0	0.78	0	0.0112	1.1559
2OUL	blue	boltz	4	8.06	0.29	98.25	0.0	0.94	0	0.0115	1.1555
2OUL	blue	amber_af	0	0.94	0.0	97.38	0.34	0.4	0	0.0119	1.6229
2OUL	blue	amber_af	1	1.12	0.0	96.79	0.0	0.52	0	0.0119	1.6246
2OUL	blue	amber_af	2	2.25	0.0	97.08	0.0	0.66	0	0.012	1.6067
2OUL	blue	amber_af	3	1.12	0.0	97.08	0.0	0.48	0	0.0119	1.62
2OUL	blue	amber_af	4	1.5	0.0	96.79	0.68	0.59	0	0.0119	1.6249
2OUL	blue	amber_boltz	0	0.75	0.0	98.25	0.0	0.24	0	0.0121	1.6309
2OUL	blue	amber_boltz	1	0.37	0.0	97.96	0.0	0.15	0	0.0121	1.665
2OUL	blue	amber_boltz	2	0.94	0.0	97.96	0.0	0.29	0	0.0121	1.6536
2OUL	blue	amber_boltz	3	0.75	0.0	97.96	0.0	0.25	0	0.0123	1.64
2OUL	blue	amber_boltz	4	0.75	0.29	97.67	0.34	0.31	0	0.012	1.6646
2OZA	blue	crystal	0	26.48	2.56	88.08	11.0	2.8	0	0.0098	1.4064
2OZA	blue	af_relaxed	0	4.12	0.45	96.55	0.83	0.92	4	0.0121	1.8129
2OZA	blue	af_relaxed	1	5.86	0.9	95.2	1.5	1.29	5	0.0121	1.8241
2OZA	blue	af_relaxed	2	4.03	0.75	95.8	0.5	0.98	3	0.0121	1.7977
2OZA	blue	af_relaxed	3	1.74	0.75	95.05	2.0	1.0	4	0.0132	1.9399
2OZA	blue	af_relaxed	4	2.84	1.05	94.9	0.67	0.93	1	0.0119	1.7631
2OZA	blue	af_unrelaxed	0	35.3	2.85	93.7	2.17	2.2	0	0.0257	1.892
2OZA	blue	af_unrelaxed	1	31.9	2.85	93.7	0.83	1.91	0	0.0271	1.9158
2OZA	blue	af_unrelaxed	2	31.17	1.95	94.6	1.0	1.85	0	0.0211	1.7488
2OZA	blue	af_unrelaxed	3	35.39	2.55	94.3	1.5	2.05	0	0.0206	1.8337
2OZA	blue	af_unrelaxed	4	33.13	3.0	94.0	1.83	2.11	0	0.0266	1.9323
2OZA	blue	boltz	0	37.84	0.45	97.15	0.17	1.71	0	0.013	1.1055
2OZA	blue	boltz	1	34.08	0.75	96.85	0.5	1.71	0	0.0122	1.0989
2OZA	blue	boltz	2	37.21	0.3	97.3	0.5	1.68	0	0.0127	1.1229
2OZA	blue	boltz	3	33.1	0.15	97.3	0.17	1.64	0	0.0159	1.1061
2OZA	blue	boltz	4	36.19	0.3	97.15	0.33	1.69	0	0.0117	1.1121
2OZA	blue	amber_af	0	6.69	0.9	95.35	1.67	1.36	4	0.0121	1.826
2OZA	blue	amber_af	1	2.75	1.05	95.5	0.83	0.88	2	0.0119	1.7704
2OZA	blue	amber_af	2	4.03	0.75	96.25	0.67	0.94	4	0.012	1.8303
2OZA	blue	amber_af	3	4.21	0.6	96.1	0.5	0.97	4	0.0121	1.8004
2OZA	blue	amber_af	4	2.2	0.9	95.95	1.83	0.97	5	0.013	1.9285
2OZA	blue	amber_boltz	0	4.3	0.45	95.35	0.5	1.03	2	0.0119	1.8186
2OZA	blue	amber_boltz	1	3.3	0.3	95.5	1.17	0.99	1	0.0118	1.8016
2OZA	blue	amber_boltz	2	5.77	0.0	96.85	0.67	1.01	0	0.0118	1.8073
2OZA	blue	amber_boltz	3	6.78	0.45	95.5	0.33	1.19	4	0.012	1.8624
2OZA	blue	amber_boltz	4	5.4	0.9	95.95	0.67	1.07	4	0.0119	1.8076
2PCC	blue	af_relaxed	0	0.47	0.0	97.24	1.17	0.36	0	0.0124	1.6842
2PCC	blue	af_relaxed	1	0.32	0.0	97.24	0.59	0.26	0	0.0123	1.6959
2PCC	blue	af_relaxed	2	0.47	0.0	97.99	0.59	0.17	0	0.0124	1.6886
2PCC	blue	af_relaxed	3	0.47	0.0	97.49	0.88	0.27	0	0.0124	1.7015
2PCC	blue	af_relaxed	4	0.47	0.0	97.24	1.17	0.36	0	0.0123	1.7053
2PCC	blue	af_unrelaxed	0	13.13	0.0	98.49	2.35	1.41	0	0.0165	1.3345
2PCC	blue	af_unrelaxed	1	13.3	0.0	98.49	0.29	1.13	0	0.0158	1.3498
2PCC	blue	af_unrelaxed	2	12.19	0.0	97.99	1.76	1.29	0	0.017	1.3208
2PCC	blue	af_unrelaxed	3	14.88	0.0	98.49	1.17	1.23	0	0.0162	1.3147
2PCC	blue	af_unrelaxed	4	13.14	0.25	98.24	0.59	1.13	0	0.0193	1.3536
2PCC	blue	boltz	0	7.6	0.0	99.5	0.0	0.92	0	0.0103	1.0978
2PCC	blue	boltz	1	8.07	0.0	99.5	0.0	0.94	0	0.011	1.109
2PCC	blue	boltz	2	5.38	0.0	99.5	0.0	0.79	0	0.0103	1.1002
2PCC	blue	boltz	3	9.34	0.0	99.25	0.0	1.0	0	0.0107	1.0946
2PCC	blue	boltz	4	7.75	0.0	99.5	0.29	0.92	0	0.0107	1.1014
2PCC	blue	amber_af	0	0.47	0.0	97.24	1.76	0.49	0	0.0123	1.709
2PCC	blue	amber_af	1	0.63	0.0	97.99	0.59	0.21	0	0.0124	1.6838
2PCC	blue	amber_af	2	0.47	0.0	97.24	1.17	0.36	0	0.0124	1.6853
2PCC	blue	amber_af	3	0.32	0.0	97.24	0.88	0.26	1	0.0124	1.7013
2PCC	blue	amber_af	4	0.32	0.0	97.24	0.88	0.26	0	0.0123	1.6921
2PCC	blue	amber_boltz	0	0.47	0.0	98.49	0.0	0.17	0	0.0125	1.6849
2PCC	blue	amber_boltz	1	0.95	0.0	98.74	0.0	0.28	0	0.0125	1.7189
2PCC	blue	amber_boltz	2	0.47	0.0	98.74	0.0	0.17	0	0.0125	1.6902
2PCC	blue	amber_boltz	3	0.79	0.0	98.99	0.29	0.25	0	0.0124	1.7021
2PCC	blue	amber_boltz	4	0.32	0.0	98.49	0.29	0.12	0	0.0125	1.6919
2SIC	blue	af_relaxed	0	0.37	0.26	96.56	1.75	0.54	0	0.011	1.6828
2SIC	blue	af_relaxed	1	0.75	0.26	96.83	0.7	0.43	0	0.0111	1.6868
2SIC	blue	af_relaxed	2	0.56	0.53	96.83	0.7	0.38	0	0.0111	1.6951
2SIC	blue	af_relaxed	3	0.75	0.0	96.56	0.0	0.46	0	0.011	1.6873
2SIC	blue	af_relaxed	4	0.94	0.0	96.83	0.35	0.48	0	0.011	1.6856
2SIC	blue	af_unrelaxed	0	10.86	0.26	95.77	2.46	1.64	0	0.0175	1.527
2SIC	blue	af_unrelaxed	1	10.49	0.26	96.3	0.0	1.29	0	0.0159	1.5347
2SIC	blue	af_unrelaxed	2	12.17	0.53	96.03	0.35	1.37	0	0.017	1.5126
2SIC	blue	af_unrelaxed	3	11.61	0.53	96.56	0.0	1.3	0	0.0167	1.5425
2SIC	blue	af_unrelaxed	4	12.92	0.26	96.3	0.7	1.37	0	0.0214	1.5462
2SIC	blue	boltz	0	5.06	0.53	97.88	0.0	0.79	0	0.011	1.1535
2SIC	blue	boltz	1	6.74	0.0	97.35	0.0	1.0	0	0.0116	1.1367
2SIC	blue	boltz	2	5.99	0.26	97.62	0.0	0.91	0	0.0111	1.1501
2SIC	blue	boltz	3	7.12	0.53	97.62	0.35	0.97	0	0.0117	1.1503
2SIC	blue	boltz	4	4.68	0.26	97.62	0.0	0.82	0	0.0109	1.1822
2SIC	blue	amber_af	0	0.37	0.26	96.56	1.75	0.54	0	0.011	1.6935
2SIC	blue	amber_af	1	1.12	0.0	96.83	0.35	0.51	0	0.0111	1.6839
2SIC	blue	amber_af	2	0.75	0.26	96.83	0.7	0.43	0	0.0111	1.6859
2SIC	blue	amber_af	3	0.56	0.26	96.56	0.7	0.41	0	0.0111	1.697
2SIC	blue	amber_af	4	1.12	0.0	96.56	0.0	0.54	0	0.011	1.6843
2SIC	blue	amber_boltz	0	0.19	0.26	97.62	0.0	0.15	0	0.0112	1.7155
2SIC	blue	amber_boltz	1	0.0	0.0	97.62	0.0	0.08	0	0.0111	1.7251
2SIC	blue	amber_boltz	2	0.37	0.0	96.56	0.0	0.36	0	0.0112	1.6958
2SIC	blue	amber_boltz	3	0.19	0.26	97.09	0.35	0.23	0	0.0111	1.7272
2SIC	blue	amber_boltz	4	0.19	0.0	97.09	0.0	0.23	0	0.0112	1.7182
2SNI	blue	af_relaxed	0	0.2	0.3	97.01	0.76	0.25	0	0.0112	1.6876
2SNI	blue	af_relaxed	1	0.2	0.0	97.01	1.52	0.39	0	0.0113	1.7134
2SNI	blue	af_relaxed	2	0.41	0.0	97.31	0.38	0.28	0	0.0111	1.7041
2SNI	blue	af_relaxed	3	0.41	0.0	97.01	0.76	0.32	0	0.0109	1.692
2SNI	blue	af_relaxed	4	0.41	0.0	97.31	0.76	0.28	0	0.0111	1.6959
2SNI	blue	af_unrelaxed	0	9.39	0.3	96.42	2.66	1.56	0	0.0155	1.3831
2SNI	blue	af_unrelaxed	1	8.78	0.3	97.31	1.52	1.24	0	0.0158	1.4233
2SNI	blue	af_unrelaxed	2	11.23	0.3	97.01	0.76	1.24	0	0.0165	1.3838
2SNI	blue	af_unrelaxed	3	9.19	0.3	97.31	1.14	1.16	0	0.0156	1.3982
2SNI	blue	af_unrelaxed	4	11.64	0.3	97.01	0.76	1.25	0	0.0204	1.407
2SNI	blue	boltz	0	3.06	0.3	97.91	0.0	0.62	0	0.0104	1.1593
2SNI	blue	boltz	1	4.08	0.3	97.91	0.0	0.71	0	0.0106	1.146
2SNI	blue	boltz	2	4.29	0.0	97.91	0.0	0.73	0	0.0105	1.125
2SNI	blue	boltz	3	4.08	0.3	97.91	0.0	0.71	0	0.0107	1.1774
2SNI	blue	boltz	4	3.88	0.3	97.91	0.0	0.7	0	0.0105	1.1394
2SNI	blue	amber_af	0	0.2	0.0	97.01	1.52	0.39	0	0.0113	1.7093
2SNI	blue	amber_af	1	0.61	0.0	97.31	0.76	0.33	1	0.0111	1.6896
2SNI	blue	amber_af	2	0.41	0.0	97.31	0.38	0.28	0	0.011	1.7047
2SNI	blue	amber_af	3	0.2	0.0	97.31	0.76	0.21	0	0.0111	1.6852
2SNI	blue	amber_af	4	0.41	0.0	97.01	0.76	0.32	0	0.011	1.6915
2SNI	blue	amber_boltz	0	0.2	0.0	97.61	0.0	0.16	0	0.0115	1.7041
2SNI	blue	amber_boltz	1	0.2	0.0	97.91	0.0	0.1	0	0.0116	1.698
2SNI	blue	amber_boltz	2	0.41	0.0	97.31	0.0	0.28	0	0.0113	1.7134
2SNI	blue	amber_boltz	3	0.41	0.0	97.61	0.0	0.23	0	0.0113	1.6949
2SNI	blue	amber_boltz	4	0.41	0.0	97.91	0.38	0.17	0	0.0115	1.698
2UUY	blue	crystal	0	0.5	0.0	98.89	0.44	0.17	0	0.0142	1.4161
2UUY	blue	af_relaxed	0	0.75	0.0	97.79	0.88	0.29	0	0.0116	1.6605
2UUY	blue	af_relaxed	1	0.25	0.0	97.05	0.44	0.26	0	0.0117	1.6551
2UUY	blue	af_relaxed	2	1.0	0.0	96.68	0.0	0.51	0	0.0117	1.6586
2UUY	blue	af_relaxed	3	1.25	0.0	97.79	0.44	0.39	0	0.0116	1.6851
2UUY	blue	af_relaxed	4	0.5	0.0	97.42	0.0	0.29	0	0.0116	1.6855
2UUY	blue	af_unrelaxed	0	16.79	0.0	98.15	0.88	1.23	0	0.0287	1.9326
2UUY	blue	af_unrelaxed	1	6.76	0.0	98.15	0.44	0.87	0	0.0374	1.875
2UUY	blue	af_unrelaxed	2	9.26	0.0	98.52	0.0	0.99	0	0.0299	2.0454
2UUY	blue	af_unrelaxed	3	9.52	0.0	98.52	0.0	1.0	0	0.0293	1.8508
2UUY	blue	af_unrelaxed	4	8.77	0.0	98.52	0.44	0.97	0	0.0249	1.8015
2UUY	blue	boltz	0	4.51	0.0	98.52	0.0	0.73	0	0.0213	1.7171
2UUY	blue	boltz	1	4.26	0.0	98.52	0.0	0.71	0	0.0213	1.4436
2UUY	blue	boltz	2	4.51	0.0	98.52	0.0	0.73	0	0.0262	1.6638
2UUY	blue	boltz	3	6.26	0.0	98.52	0.0	0.84	0	0.0256	1.5025
2UUY	blue	boltz	4	4.51	0.0	98.15	0.0	0.73	0	0.0221	1.3878
2UUY	blue	amber_af	0	1.5	0.0	97.79	0.44	0.44	0	0.0115	1.6809
2UUY	blue	amber_af	1	1.0	0.0	96.68	0.0	0.51	0	0.0116	1.6589
2UUY	blue	amber_af	2	0.5	0.0	97.05	0.0	0.34	0	0.0117	1.6528
2UUY	blue	amber_af	3	0.25	0.0	97.42	0.0	0.21	0	0.0116	1.6849
2UUY	blue	amber_af	4	0.75	0.0	97.79	0.44	0.29	0	0.0115	1.6571
2UUY	blue	amber_boltz	0	0.25	0.0	98.15	0.0	0.1	0	0.0118	1.6835
2UUY	blue	amber_boltz	1	0.25	0.0	97.42	0.44	0.21	0	0.0117	1.6834
2UUY	blue	amber_boltz	2	0.0	0.0	97.79	0.0	0.05	0	0.0118	1.6821
2UUY	blue	amber_boltz	3	0.0	0.0	97.42	0.0	0.11	0	0.0117	1.6666
2UUY	blue	amber_boltz	4	0.0	0.37	97.42	0.44	0.11	1	0.0116	1.6895
2VDB	blue	crystal	0	16.89	1.77	89.87	7.01	2.42	0	0.0181	1.5647
2VDB	blue	af_relaxed	0	0.91	0.0	99.2	1.83	0.47	0	0.012	1.6935
2VDB	blue	af_relaxed	1	0.4	0.0	98.88	2.2	0.4	0	0.012	1.7036
2VDB	blue	af_relaxed	2	1.11	0.0	98.88	0.73	0.32	0	0.0121	1.6783
2VDB	blue	af_relaxed	3	0.91	0.0	98.72	0.37	0.27	0	0.0119	1.6755
2VDB	blue	af_relaxed	4	1.01	0.0	98.88	0.37	0.3	0	0.0119	1.6993
2VDB	blue	af_unrelaxed	0	16.83	0.0	98.56	4.95	1.75	0	0.0215	1.4708
2VDB	blue	af_unrelaxed	1	18.74	0.16	98.72	0.55	1.27	0	0.0203	1.5118
2VDB	blue	af_unrelaxed	2	19.55	0.0	98.72	0.73	1.29	0	0.0232	1.4944
2VDB	blue	af_unrelaxed	3	16.53	0.0	98.56	0.92	1.22	0	0.0201	1.4437
2VDB	blue	af_unrelaxed	4	17.13	0.0	98.56	2.01	1.47	0	0.0257	1.4849
2VDB	blue	boltz	0	10.48	0.0	98.88	0.18	1.04	0	0.016	1.1263
2VDB	blue	boltz	1	10.98	0.0	99.2	0.37	1.06	0	0.0165	1.1438
2VDB	blue	boltz	2	9.37	0.0	98.88	0.18	1.0	0	0.0169	1.1442
2VDB	blue	boltz	3	10.38	0.0	99.04	0.18	1.04	0	0.0166	1.1807
2VDB	blue	boltz	4	9.78	0.0	98.88	0.0	1.01	0	0.0164	1.1688
2VDB	blue	amber_af	0	0.3	0.0	98.88	2.01	0.34	0	0.0121	1.705
2VDB	blue	amber_af	1	1.11	0.0	98.72	0.37	0.32	0	0.0119	1.6763
2VDB	blue	amber_af	2	0.91	0.0	99.04	0.37	0.27	0	0.0119	1.6999
2VDB	blue	amber_af	3	0.91	0.0	98.88	0.92	0.27	0	0.012	1.6742
2VDB	blue	amber_af	4	1.01	0.0	99.04	1.47	0.42	0	0.0119	1.6973
2VDB	blue	amber_boltz	0	0.81	0.0	98.88	0.55	0.25	0	0.012	1.7137
2VDB	blue	amber_boltz	1	0.6	0.0	98.4	0.37	0.2	0	0.012	1.7142
2VDB	blue	amber_boltz	2	1.61	0.0	98.56	0.37	0.41	0	0.0119	1.7129
2VDB	blue	amber_boltz	3	1.21	0.0	99.04	0.55	0.34	0	0.0121	1.717
2VDB	blue	amber_boltz	4	0.91	0.0	98.72	0.37	0.27	0	0.0119	1.7155
2VIS	blue	crystal	0	23.27	2.31	86.42	12.21	2.82	3	0.0139	1.994
2VIS	blue	af_relaxed	0	2.09	0.43	97.98	0.66	0.49	0	0.0112	1.7042
2VIS	blue	af_relaxed	1	1.8	0.14	97.54	1.16	0.58	1	0.0111	1.6869
2VIS	blue	af_relaxed	2	2.85	0.43	97.4	0.5	0.69	0	0.0113	1.6988
2VIS	blue	af_relaxed	3	1.99	0.14	97.25	2.81	0.95	0	0.0112	1.7152
2VIS	blue	af_relaxed	4	2.85	0.58	97.25	1.16	0.76	2	0.0113	1.7282
2VIS	blue	af_unrelaxed	0	20.14	0.29	97.98	6.44	1.92	0	0.0241	1.8209
2VIS	blue	af_unrelaxed	1	20.81	0.29	97.69	0.66	1.38	0	0.0209	1.8316
2VIS	blue	af_unrelaxed	2	25.57	0.29	97.83	0.83	1.44	0	0.0225	1.7577
2VIS	blue	af_unrelaxed	3	21.77	0.43	97.98	1.32	1.43	0	0.0246	1.8074
2VIS	blue	af_unrelaxed	4	17.57	0.58	97.83	2.81	1.62	0	0.0241	1.7374
2VIS	blue	boltz	0	14.06	0.29	97.69	0.17	1.22	0	0.0153	1.2944
2VIS	blue	boltz	1	12.63	0.29	98.12	0.0	1.11	0	0.0154	1.2958
2VIS	blue	boltz	2	14.06	0.29	98.12	0.33	1.16	0	0.0151	1.2946
2VIS	blue	boltz	3	14.53	0.29	97.98	0.5	1.17	0	0.0148	1.2845
2VIS	blue	boltz	4	13.87	0.29	97.98	0.33	1.16	0	0.0153	1.2785
2VIS	blue	amber_af	0	2.28	0.14	97.11	2.48	0.96	0	0.0112	1.7384
2VIS	blue	amber_af	1	2.37	0.43	97.83	0.66	0.56	1	0.0112	1.7088
2VIS	blue	amber_af	2	2.18	0.43	97.54	0.5	0.59	0	0.0113	1.7052
2VIS	blue	amber_af	3	2.66	0.43	97.25	0.83	0.69	2	0.0113	1.727
2VIS	blue	amber_af	4	1.71	0.14	97.4	0.99	0.54	1	0.0111	1.6881
2VIS	blue	amber_boltz	0	1.23	0.14	97.54	0.33	0.44	1	0.0115	1.7168
2VIS	blue	amber_boltz	1	1.9	0.29	97.54	0.66	0.55	0	0.0115	1.7161
2VIS	blue	amber_boltz	2	1.23	0.14	97.25	0.66	0.48	0	0.0114	1.7001
2VIS	blue	amber_boltz	3	1.33	0.14	97.69	0.33	0.43	0	0.0114	1.6991
2VIS	blue	amber_boltz	4	2.28	0.14	97.11	1.16	0.71	0	0.0114	1.7036
2VXT	blue	crystal	0	4.07	0.0	97.71	0.58	0.75	0	0.0137	1.6082
2VXT	blue	af_relaxed	0	1.01	0.18	97.37	0.58	0.42	0	0.0114	1.646
2VXT	blue	af_relaxed	1	1.35	0.18	97.37	0.39	0.49	0	0.0113	1.666
2VXT	blue	af_relaxed	2	0.9	0.18	97.54	0.39	0.37	1	0.0113	1.6349
2VXT	blue	af_relaxed	3	1.58	0.18	97.54	0.39	0.5	0	0.0113	1.646
2VXT	blue	af_relaxed	4	1.24	0.18	97.37	0.39	0.47	1	0.0113	1.6418
2VXT	blue	af_unrelaxed	0	17.82	0.0	98.25	0.97	1.25	0	0.0191	1.5033
2VXT	blue	af_unrelaxed	1	17.37	0.18	97.72	0.19	1.3	0	0.0163	1.5971
2VXT	blue	af_unrelaxed	2	15.24	0.18	97.72	0.58	1.25	0	0.0241	1.7511
2VXT	blue	af_unrelaxed	3	19.06	0.0	98.07	0.19	1.28	0	0.02	1.5522
2VXT	blue	af_unrelaxed	4	19.07	0.18	98.07	0.0	1.28	0	0.0234	1.6532
2VXT	blue	boltz	0	5.86	0.0	98.42	0.39	0.82	0	0.0117	1.1911
2VXT	blue	boltz	1	6.88	0.0	98.25	0.39	0.88	0	0.0122	1.1978
2VXT	blue	boltz	2	6.88	0.0	98.42	0.58	0.88	0	0.0119	1.1923
2VXT	blue	boltz	3	6.43	0.0	98.6	0.19	0.85	0	0.0126	1.195
2VXT	blue	boltz	4	8.34	0.0	98.25	0.58	0.95	0	0.0131	1.2038
2VXT	blue	amber_af	0	0.9	0.18	97.54	0.58	0.37	2	0.0113	1.6416
2VXT	blue	amber_af	1	1.13	0.18	97.37	0.19	0.44	1	0.0113	1.6459
2VXT	blue	amber_af	2	1.24	0.18	97.37	0.58	0.47	0	0.0114	1.6505
2VXT	blue	amber_af	3	1.69	0.18	97.37	0.39	0.54	0	0.0114	1.6597
2VXT	blue	amber_af	4	1.13	0.18	97.54	0.39	0.42	0	0.0113	1.6438
2VXT	blue	amber_boltz	0	0.68	0.0	97.72	0.78	0.28	0	0.0116	1.6582
2VXT	blue	amber_boltz	1	0.56	0.0	97.54	0.78	0.28	0	0.0116	1.6564
2VXT	blue	amber_boltz	2	0.79	0.0	97.19	0.97	0.4	1	0.0115	1.6463
2VXT	blue	amber_boltz	3	0.68	0.0	97.37	0.78	0.34	0	0.0115	1.6502
2VXT	blue	amber_boltz	4	1.13	0.0	97.37	0.97	0.44	2	0.0114	1.6475
2W9E	blue	crystal	0	8.54	0.58	93.27	9.96	2.16	4	0.0113	1.497
2W9E	blue	af_relaxed	0	1.13	0.0	98.27	0.22	0.32	0	0.0115	1.659
2W9E	blue	af_relaxed	1	2.0	0.0	98.46	0.43	0.47	0	0.0113	1.6744
2W9E	blue	af_relaxed	2	1.75	0.19	98.08	0.43	0.43	1	0.0113	1.6935
2W9E	blue	af_relaxed	3	6.01	0.0	97.5	0.65	0.93	1	0.0114	1.7282
2W9E	blue	af_relaxed	4	7.01	0.19	97.69	0.86	0.95	3	0.0117	1.7875
2W9E	blue	af_unrelaxed	0	38.95	0.38	97.88	1.29	1.68	0	0.0238	1.7767
2W9E	blue	af_unrelaxed	1	15.03	0.19	98.27	0.43	1.18	0	0.0175	1.7105
2W9E	blue	af_unrelaxed	2	22.04	0.0	98.27	0.86	1.34	0	0.0238	1.7186
2W9E	blue	af_unrelaxed	3	36.74	0.19	98.08	0.65	1.55	0	0.0206	1.825
2W9E	blue	af_unrelaxed	4	26.18	0.19	98.27	0.65	1.41	0	0.0229	1.7494
2W9E	blue	boltz	0	13.27	0.38	98.46	0.22	1.13	0	0.0113	1.165
2W9E	blue	boltz	1	16.16	0.19	98.65	0.65	1.21	0	0.0118	1.1574
2W9E	blue	boltz	2	14.65	0.19	98.85	0.22	1.17	0	0.0117	1.1531
2W9E	blue	boltz	3	15.28	0.19	98.65	0.22	1.19	0	0.012	1.1456
2W9E	blue	boltz	4	17.3	0.0	98.85	0.43	1.24	0	0.0129	1.1527
2W9E	blue	amber_af	0	5.76	0.0	97.5	0.65	0.92	1	0.0115	1.7351
2W9E	blue	amber_af	1	1.63	0.0	98.46	0.22	0.41	0	0.0115	1.6618
2W9E	blue	amber_af	2	2.5	0.0	98.27	0.43	0.53	0	0.0113	1.6671
2W9E	blue	amber_af	3	6.51	0.19	97.69	0.86	0.93	4	0.0117	1.7833
2W9E	blue	amber_af	4	1.88	0.0	98.08	0.43	0.45	1	0.0113	1.7064
2W9E	blue	amber_boltz	0	1.25	0.38	98.27	0.22	0.35	1	0.0117	1.6921
2W9E	blue	amber_boltz	1	2.25	0.19	98.46	0.22	0.5	0	0.0116	1.7097
2W9E	blue	amber_boltz	2	1.63	0.0	98.65	0.43	0.41	1	0.0117	1.7294
2W9E	blue	amber_boltz	3	1.0	0.19	98.27	0.43	0.3	1	0.0115	1.7038
2W9E	blue	amber_boltz	4	3.0	0.0	98.46	0.65	0.59	0	0.0116	1.7166
2X9A	blue	crystal	0	13.38	0.0	96.6	5.08	1.89	0	0.0097	1.3305
2X9A	blue	af_relaxed	0	0.45	0.0	98.64	0.0	0.16	0	0.0117	1.628
2X9A	blue	af_relaxed	1	0.45	0.0	98.64	0.0	0.16	0	0.0118	1.6197
2X9A	blue	af_relaxed	2	0.89	0.0	99.32	0.0	0.27	0	0.0118	1.6277
2X9A	blue	af_relaxed	3	0.89	0.0	98.64	0.0	0.27	0	0.0116	1.6513
2X9A	blue	af_relaxed	4	0.45	0.0	97.96	0.0	0.17	0	0.0117	1.6326
2X9A	blue	af_unrelaxed	0	9.36	0.0	99.32	0.0	1.0	0	0.0203	1.5564
2X9A	blue	af_unrelaxed	1	12.48	0.0	98.64	0.0	1.11	0	0.0184	1.624
2X9A	blue	af_unrelaxed	2	9.8	0.0	98.64	0.0	1.01	0	0.0193	1.6647
2X9A	blue	af_unrelaxed	3	12.48	0.0	99.32	0.0	1.11	0	0.0194	1.5517
2X9A	blue	af_unrelaxed	4	8.92	0.68	97.96	0.0	0.99	0	0.0236	1.5939
2X9A	blue	boltz	0	6.24	0.0	99.32	0.0	0.84	0	0.0112	1.0536
2X9A	blue	boltz	1	5.35	0.0	100.0	0.0	0.79	0	0.0116	1.0585
2X9A	blue	boltz	2	5.8	0.0	100.0	0.0	0.82	0	0.0118	1.0538
2X9A	blue	boltz	3	5.8	0.0	100.0	0.0	0.82	0	0.0116	1.0474
2X9A	blue	boltz	4	10.26	0.0	100.0	0.0	1.03	0	0.0123	1.0286
2X9A	blue	amber_af	0	0.89	0.0	98.64	0.0	0.27	0	0.0117	1.6245
2X9A	blue	amber_af	1	0.45	0.0	98.64	0.0	0.16	0	0.0118	1.6202
2X9A	blue	amber_af	2	0.45	0.0	97.96	0.0	0.17	0	0.0117	1.641
2X9A	blue	amber_af	3	0.89	0.0	99.32	0.0	0.27	0	0.0118	1.6268
2X9A	blue	amber_af	4	0.89	0.0	98.64	0.0	0.27	0	0.0116	1.6517
2X9A	blue	amber_boltz	0	1.34	0.0	98.64	0.0	0.36	0	0.0116	1.6457
2X9A	blue	amber_boltz	1	0.89	0.0	98.64	0.0	0.27	0	0.0117	1.6589
2X9A	blue	amber_boltz	2	0.45	0.0	98.64	0.0	0.16	0	0.0119	1.6557
2X9A	blue	amber_boltz	3	0.45	0.0	98.64	0.0	0.16	0	0.0117	1.6689
2X9A	blue	amber_boltz	4	0.89	0.0	99.32	0.0	0.27	0	0.0117	1.6709
2YVJ	blue	crystal	0	39.73	2.58	85.52	26.34	3.31	0	0.0082	2.3653
2YVJ	blue	af_relaxed	0	0.79	0.2	96.23	1.02	0.51	0	0.0112	1.7118
2YVJ	blue	af_relaxed	1	0.39	0.0	96.23	0.51	0.4	0	0.0113	1.716
2YVJ	blue	af_relaxed	2	1.31	0.2	96.83	0.0	0.55	0	0.0112	1.7125
2YVJ	blue	af_relaxed	3	0.66	0.2	96.23	0.0	0.47	0	0.0113	1.7168
2YVJ	blue	af_relaxed	4	1.05	0.2	96.03	0.25	0.58	0	0.0111	1.7169
2YVJ	blue	af_unrelaxed	0	14.29	0.0	97.42	1.02	1.28	0	0.0203	1.505
2YVJ	blue	af_unrelaxed	1	13.9	0.0	97.62	0.76	1.23	0	0.0167	1.4765
2YVJ	blue	af_unrelaxed	2	17.44	0.0	97.82	0.51	1.28	0	0.0186	1.5071
2YVJ	blue	af_unrelaxed	3	15.86	0.0	97.62	0.25	1.28	0	0.0154	1.4628
2YVJ	blue	af_unrelaxed	4	15.6	0.0	97.62	1.02	1.28	0	0.0225	1.5529
2YVJ	blue	boltz	0	14.68	0.0	97.82	0.25	1.21	0	0.0119	1.1609
2YVJ	blue	boltz	1	14.55	0.0	97.62	0.0	1.25	0	0.0116	1.1627
2YVJ	blue	boltz	2	14.55	0.0	97.42	0.25	1.28	0	0.0135	1.1625
2YVJ	blue	boltz	3	14.16	0.0	97.62	0.0	1.24	0	0.0121	1.1534
2YVJ	blue	boltz	4	16.51	0.0	97.82	0.25	1.26	0	0.0117	1.1667
2YVJ	blue	amber_af	0	0.79	0.2	96.03	0.76	0.52	0	0.0112	1.7129
2YVJ	blue	amber_af	1	0.39	0.0	96.43	0.51	0.38	0	0.0113	1.7156
2YVJ	blue	amber_af	2	1.31	0.2	96.63	0.0	0.57	0	0.0112	1.713
2YVJ	blue	amber_af	3	0.66	0.2	96.03	0.0	0.49	0	0.0113	1.7158
2YVJ	blue	amber_af	4	1.05	0.2	95.83	0.25	0.59	0	0.0111	1.7145
2YVJ	blue	amber_boltz	0	1.31	0.0	97.02	0.25	0.53	0	0.0112	1.7676
2YVJ	blue	amber_boltz	1	1.18	0.2	97.42	0.0	0.45	0	0.0112	1.7515
2YVJ	blue	amber_boltz	2	1.18	0.0	97.42	0.0	0.45	0	0.0112	1.7596
2YVJ	blue	amber_boltz	3	1.44	0.0	97.62	0.0	0.46	0	0.0111	1.748
2YVJ	blue	amber_boltz	4	1.44	0.0	97.42	0.0	0.49	0	0.0112	1.7512
2Z0E	blue	crystal	0	7.69	0.0	97.41	0.28	1.04	0	0.0077	1.4067
2Z0E	blue	af_relaxed	0	1.44	0.23	96.73	0.52	0.59	2	0.0122	1.7406
2Z0E	blue	af_relaxed	1	1.44	0.47	96.73	1.31	0.67	0	0.0121	1.7221
2Z0E	blue	af_relaxed	2	1.15	0.23	97.2	1.04	0.49	0	0.0121	1.7218
2Z0E	blue	af_relaxed	3	1.58	0.23	97.2	0.78	0.55	0	0.0121	1.7071
2Z0E	blue	af_relaxed	4	1.73	0.0	97.2	0.78	0.58	1	0.0119	1.7109
2Z0E	blue	af_unrelaxed	0	21.76	0.47	97.66	2.61	1.72	0	0.0202	1.8211
2Z0E	blue	af_unrelaxed	1	15.56	0.47	98.83	0.26	1.2	0	0.0181	1.6318
2Z0E	blue	af_unrelaxed	2	21.33	0.93	98.13	1.04	1.34	0	0.0194	1.6819
2Z0E	blue	af_unrelaxed	3	17.58	0.47	97.9	2.09	1.51	0	0.0185	1.736
2Z0E	blue	af_unrelaxed	4	16.43	0.23	97.66	1.83	1.49	0	0.0238	1.7042
2Z0E	blue	boltz	0	16.43	0.23	98.83	0.0	1.22	0	0.0121	1.1462
2Z0E	blue	boltz	1	17.44	0.23	98.83	0.0	1.24	0	0.012	1.1688
2Z0E	blue	boltz	2	10.95	0.47	98.36	0.0	1.06	0	0.0114	1.114
2Z0E	blue	boltz	3	15.27	0.47	98.13	0.26	1.19	0	0.0121	1.3589
2Z0E	blue	boltz	4	16.14	0.23	98.13	0.26	1.21	0	0.0116	1.1233
2Z0E	blue	amber_af	0	1.3	0.23	97.2	1.04	0.52	0	0.0121	1.7231
2Z0E	blue	amber_af	1	1.44	0.23	96.96	0.52	0.56	2	0.0122	1.7426
2Z0E	blue	amber_af	2	1.44	0.23	97.2	0.78	0.53	0	0.0121	1.7038
2Z0E	blue	amber_af	3	1.44	0.47	96.73	1.04	0.6	0	0.0121	1.7217
2Z0E	blue	amber_af	4	1.73	0.0	97.2	0.78	0.58	1	0.0119	1.7084
2Z0E	blue	amber_boltz	0	1.73	0.0	97.43	0.0	0.54	0	0.012	1.7192
2Z0E	blue	amber_boltz	1	1.3	0.0	98.13	0.26	0.35	1	0.0119	1.7182
2Z0E	blue	amber_boltz	2	1.15	0.47	97.43	0.26	0.44	0	0.0122	1.6975
2Z0E	blue	amber_boltz	3	1.58	0.23	97.2	0.0	0.55	1	0.0121	1.7401
2Z0E	blue	amber_boltz	4	1.58	0.23	97.43	0.26	0.52	0	0.012	1.726
3A4S	blue	crystal	0	16.64	0.49	91.22	3.17	2.12	0	0.0073	1.1764
3A4S	blue	af_relaxed	0	0.86	0.47	96.24	0.0	0.52	0	0.0121	1.751
3A4S	blue	af_relaxed	1	2.29	0.47	94.37	1.59	1.04	0	0.0121	1.7846
3A4S	blue	af_relaxed	2	0.29	0.47	97.18	0.53	0.26	0	0.0121	1.8073
3A4S	blue	af_relaxed	3	0.57	0.47	97.18	2.12	0.59	0	0.0121	1.7758
3A4S	blue	af_relaxed	4	1.43	1.41	95.77	1.06	0.69	1	0.0122	1.8184
3A4S	blue	af_unrelaxed	0	32.7	2.82	95.77	2.12	2.04	0	0.0249	2.0219
3A4S	blue	af_unrelaxed	1	30.38	1.88	94.84	2.65	2.15	0	0.021	1.8271
3A4S	blue	af_unrelaxed	2	21.79	2.35	95.77	2.12	1.87	0	0.0225	1.9263
3A4S	blue	af_unrelaxed	3	31.53	1.41	96.71	1.59	1.84	0	0.0234	2.1763
3A4S	blue	af_unrelaxed	4	33.26	2.35	95.31	2.65	2.15	0	0.026	2.1493
3A4S	blue	boltz	0	12.04	0.0	98.59	0.53	1.09	0	0.0117	1.1739
3A4S	blue	boltz	1	16.06	0.0	99.06	0.0	1.21	0	0.0117	1.1036
3A4S	blue	boltz	2	15.19	0.47	98.12	0.0	1.19	0	0.0118	1.1178
3A4S	blue	boltz	3	16.05	0.47	97.18	0.0	1.36	0	0.0129	1.2318
3A4S	blue	boltz	4	14.9	0.47	97.65	0.0	1.25	0	0.0127	1.1605
3A4S	blue	amber_af	0	1.72	0.47	94.84	1.06	0.8	0	0.0121	1.7808
3A4S	blue	amber_af	1	2.01	0.47	96.24	0.0	0.72	0	0.0121	1.7448
3A4S	blue	amber_af	2	1.15	0.47	97.18	2.12	0.72	0	0.0122	1.7712
3A4S	blue	amber_af	3	0.57	0.47	97.18	1.06	0.36	0	0.0122	1.8143
3A4S	blue	amber_af	4	1.43	0.94	95.31	1.06	0.72	1	0.0122	1.8125
3A4S	blue	amber_boltz	0	0.0	0.0	98.12	0.53	0.0	0	0.0135	1.8557
3A4S	blue	amber_boltz	1	2.01	0.47	98.12	0.0	0.47	0	0.0124	1.7322
3A4S	blue	amber_boltz	2	1.72	0.47	97.65	0.0	0.5	0	0.0125	1.7407
3A4S	blue	amber_boltz	3	1.72	1.41	97.18	0.53	0.58	0	0.0124	1.7421
3A4S	blue	amber_boltz	4	1.43	0.47	97.18	0.0	0.53	0	0.0124	1.7698
3AAA	blue	crystal	0	3.41	0.16	96.5	1.81	1.06	2	0.0161	1.4885
3AAA	blue	af_relaxed	0	0.5	0.16	98.73	0.36	0.17	0	0.0116	1.6919
3AAA	blue	af_relaxed	1	0.6	0.0	98.09	0.36	0.2	0	0.0116	1.6804
3AAA	blue	af_relaxed	2	0.9	0.0	98.25	0.72	0.27	0	0.0116	1.6857
3AAA	blue	af_relaxed	3	0.8	0.16	98.57	0.18	0.25	0	0.0116	1.698
3AAA	blue	af_relaxed	4	1.2	0.0	98.41	0.18	0.34	0	0.0116	1.6852
3AAA	blue	af_unrelaxed	0	13.74	0.0	97.93	0.91	1.16	0	0.018	1.4357
3AAA	blue	af_unrelaxed	1	14.24	0.0	98.25	0.36	1.16	0	0.017	1.4865
3AAA	blue	af_unrelaxed	2	19.86	0.0	98.57	0.36	1.29	0	0.017	1.429
3AAA	blue	af_unrelaxed	3	13.04	0.0	97.77	0.18	1.18	0	0.0184	1.4339
3AAA	blue	af_unrelaxed	4	17.65	0.0	97.77	0.72	1.3	0	0.0227	1.4259
3AAA	blue	boltz	0	9.23	0.0	98.57	0.54	0.99	0	0.0142	1.0934
3AAA	blue	boltz	1	11.84	0.0	98.73	0.0	1.09	0	0.0149	1.0809
3AAA	blue	boltz	2	11.14	0.0	98.89	0.36	1.06	0	0.0111	1.085
3AAA	blue	boltz	3	11.13	0.0	99.04	0.54	1.06	0	0.0117	1.081
3AAA	blue	boltz	4	11.03	0.0	98.89	0.18	1.06	0	0.0113	1.071
3AAA	blue	amber_af	0	0.7	0.0	98.41	0.91	0.23	0	0.0116	1.6919
3AAA	blue	amber_af	1	1.2	0.0	98.25	0.18	0.34	0	0.0116	1.6858
3AAA	blue	amber_af	2	1.2	0.16	98.41	0.18	0.34	0	0.0115	1.6986
3AAA	blue	amber_af	3	0.4	0.0	98.09	0.18	0.14	0	0.0116	1.6782
3AAA	blue	amber_af	4	0.4	0.0	98.57	0.36	0.14	0	0.0116	1.6964
3AAA	blue	amber_boltz	0	0.9	0.0	98.73	0.36	0.27	0	0.0118	1.6979
3AAA	blue	amber_boltz	1	1.2	0.16	98.73	0.36	0.34	0	0.0116	1.6954
3AAA	blue	amber_boltz	2	0.8	0.0	98.89	0.36	0.25	0	0.0117	1.6875
3AAA	blue	amber_boltz	3	1.0	0.0	98.73	0.54	0.3	0	0.0117	1.6983
3AAA	blue	amber_boltz	4	0.9	0.0	98.73	0.36	0.27	1	0.0117	1.684
3AAD	blue	crystal	0	19.26	4.38	83.21	16.49	2.9	2	0.0168	1.8478
3AAD	blue	af_relaxed	0	1.48	0.73	95.64	0.77	0.69	1	0.0119	1.7319
3AAD	blue	af_relaxed	1	0.59	0.0	98.31	1.03	0.21	0	0.0118	1.6759
3AAD	blue	af_relaxed	2	0.15	0.0	98.06	0.77	0.06	1	0.0119	1.7106
3AAD	blue	af_relaxed	3	1.48	0.97	95.64	0.77	0.69	0	0.0117	1.7423
3AAD	blue	af_relaxed	4	3.4	0.97	94.92	1.03	0.99	3	0.012	1.7864
3AAD	blue	af_unrelaxed	0	22.51	2.91	94.92	1.8	1.89	0	0.0184	1.9476
3AAD	blue	af_unrelaxed	1	16.58	2.18	95.88	1.03	1.52	0	0.0169	1.9838
3AAD	blue	af_unrelaxed	2	17.48	3.15	94.92	1.03	1.6	0	0.0186	1.7759
3AAD	blue	af_unrelaxed	3	10.66	2.91	95.88	0.77	1.33	0	0.0163	2.0515
3AAD	blue	af_unrelaxed	4	19.56	3.15	95.4	1.03	1.62	0	0.0248	1.8234
3AAD	blue	boltz	0	16.14	0.0	99.52	0.26	1.21	0	0.0106	1.0575
3AAD	blue	boltz	1	39.41	0.0	99.52	0.0	1.58	0	0.0104	1.4642
3AAD	blue	boltz	2	16.43	0.0	99.52	0.0	1.22	0	0.0122	1.042
3AAD	blue	boltz	3	26.23	0.0	99.03	0.0	1.41	1	0.0156	1.9226
3AAD	blue	boltz	4	24.46	0.0	99.51	0.77	1.38	1	0.0252	1.4393
3AAD	blue	amber_af	0	1.63	0.73	95.88	1.03	0.71	0	0.0117	1.7439
3AAD	blue	amber_af	1	0.3	0.0	98.06	0.77	0.11	0	0.0119	1.7062
3AAD	blue	amber_af	2	2.07	0.97	95.64	1.03	0.79	2	0.0119	1.7509
3AAD	blue	amber_af	3	0.59	0.0	98.55	1.03	0.21	0	0.0119	1.6884
3AAD	blue	amber_af	4	3.55	0.97	94.92	1.55	1.14	2	0.0119	1.751
3AAD	blue	amber_boltz	0	2.66	0.0	98.31	0.52	0.55	1	0.012	1.7298
3AAD	blue	amber_boltz	1	3.26	0.0	97.58	1.55	0.85	4	0.0142	2.146
3AAD	blue	amber_boltz	2	2.22	0.0	99.03	0.0	0.5	0	0.0119	1.72
3AAD	blue	amber_boltz	3	7.7	0.73	96.37	1.03	1.17	6	0.0208	2.4838
3AAD	blue	amber_boltz	4	10.36	0.97	96.13	2.32	1.58	13	0.0232	2.7003
3BIW	blue	crystal	0	20.92	4.43	83.43	5.02	2.53	0	0.0108	1.6358
3BIW	blue	af_relaxed	0	0.55	0.14	96.03	0.5	0.46	0	0.0118	1.6933
3BIW	blue	af_relaxed	1	0.82	0.28	95.75	0.17	0.55	0	0.0118	1.7179
3BIW	blue	af_relaxed	2	0.64	0.28	95.61	2.01	0.75	0	0.0119	1.7001
3BIW	blue	af_relaxed	3	0.46	0.14	95.75	0.5	0.45	0	0.0119	1.6958
3BIW	blue	af_relaxed	4	0.55	0.42	94.62	0.84	0.56	1	0.0127	1.8264
3BIW	blue	af_unrelaxed	0	20.0	0.14	95.33	4.01	2.08	0	0.0207	1.6136
3BIW	blue	af_unrelaxed	1	17.81	0.42	94.76	0.84	1.61	0	0.0187	1.7863
3BIW	blue	af_unrelaxed	2	15.89	0.71	95.47	0.17	1.52	0	0.0224	2.0034
3BIW	blue	af_unrelaxed	3	18.63	0.28	95.74	0.5	1.56	0	0.0203	1.6316
3BIW	blue	af_unrelaxed	4	15.35	0.71	95.61	0.5	1.5	0	0.025	1.6641
3BIW	blue	boltz	0	16.44	0.0	96.32	0.17	1.46	0	0.0148	1.2464
3BIW	blue	boltz	1	18.17	0.0	97.31	0.0	1.39	0	0.0155	1.2161
3BIW	blue	boltz	2	17.07	0.14	97.45	0.17	1.34	0	0.0175	1.1872
3BIW	blue	boltz	3	16.53	0.0	97.31	0.17	1.35	0	0.0112	1.0912
3BIW	blue	boltz	4	22.28	0.28	97.17	0.0	1.49	0	0.0118	1.1308
3BIW	blue	amber_af	0	0.64	0.28	95.61	2.01	0.75	0	0.0119	1.705
3BIW	blue	amber_af	1	0.46	0.14	95.75	0.67	0.45	0	0.0119	1.6946
3BIW	blue	amber_af	2	0.73	0.28	96.03	0.17	0.51	0	0.0118	1.7153
3BIW	blue	amber_af	3	0.37	0.42	94.48	1.0	0.51	1	0.0126	1.8262
3BIW	blue	amber_af	4	0.55	0.14	95.89	0.5	0.47	0	0.0118	1.6971
3BIW	blue	amber_boltz	0	1.46	0.0	96.46	0.17	0.62	0	0.0119	1.7054
3BIW	blue	amber_boltz	1	1.1	0.0	96.46	0.33	0.55	0	0.0119	1.7205
3BIW	blue	amber_boltz	2	1.37	0.14	96.6	0.33	0.59	0	0.0118	1.7014
3BIW	blue	amber_boltz	3	1.55	0.28	96.46	0.17	0.63	1	0.0118	1.7096
3BIW	blue	amber_boltz	4	2.19	0.14	95.89	0.17	0.78	0	0.0117	1.7194
3BP8	blue	crystal	0	25.43	4.02	83.31	5.9	2.67	0	0.011	1.6662
3BP8	blue	af_relaxed	0	0.77	0.24	96.98	0.72	0.42	0	0.0112	1.7062
3BP8	blue	af_relaxed	1	1.78	0.12	96.26	0.43	0.69	1	0.0111	1.7324
3BP8	blue	af_relaxed	2	2.4	0.24	96.5	1.44	0.87	2	0.0113	1.7974
3BP8	blue	af_relaxed	3	1.39	0.12	96.62	1.01	0.59	1	0.0112	1.7468
3BP8	blue	af_relaxed	4	2.32	0.24	96.62	0.43	0.73	1	0.0111	1.7419
3BP8	blue	af_unrelaxed	0	16.59	0.36	97.1	2.59	1.7	0	0.0222	1.5739
3BP8	blue	af_unrelaxed	1	21.56	0.48	97.1	1.01	1.49	0	0.0202	1.7481
3BP8	blue	af_unrelaxed	2	26.75	0.6	96.98	1.73	1.77	0	0.0197	1.717
3BP8	blue	af_unrelaxed	3	25.04	0.36	97.35	1.58	1.67	0	0.0208	1.7212
3BP8	blue	af_unrelaxed	4	25.2	0.36	97.23	1.15	1.58	0	0.0263	1.6925
3BP8	blue	boltz	0	14.96	0.12	98.19	1.44	1.3	0	0.0117	1.1313
3BP8	blue	boltz	1	18.37	0.0	97.95	0.86	1.27	0	0.012	1.1349
3BP8	blue	boltz	2	17.91	0.0	97.95	1.29	1.35	0	0.012	1.1603
3BP8	blue	boltz	3	15.42	0.12	98.07	1.01	1.19	0	0.0119	1.1188
3BP8	blue	boltz	4	20.38	0.24	98.31	1.29	1.39	0	0.0122	1.131
3BP8	blue	amber_af	0	0.7	0.12	96.86	0.86	0.42	0	0.0112	1.7073
3BP8	blue	amber_af	1	2.01	0.12	96.5	0.43	0.7	1	0.0111	1.7373
3BP8	blue	amber_af	2	2.32	0.24	96.5	1.29	0.83	1	0.0114	1.7924
3BP8	blue	amber_af	3	1.63	0.12	96.5	0.86	0.64	1	0.0112	1.7478
3BP8	blue	amber_af	4	2.48	0.24	96.62	0.43	0.75	1	0.0111	1.7416
3BP8	blue	amber_boltz	0	1.08	0.12	98.31	0.86	0.31	0	0.0111	1.7517
3BP8	blue	amber_boltz	1	1.39	0.0	98.19	1.01	0.37	0	0.0111	1.769
3BP8	blue	amber_boltz	2	1.01	0.0	98.07	1.15	0.34	0	0.0111	1.7514
3BP8	blue	amber_boltz	3	1.08	0.0	97.83	1.44	0.47	0	0.0111	1.7355
3BP8	blue	amber_boltz	4	1.55	0.12	98.07	1.87	0.61	0	0.0111	1.7441
3BX7	blue	crystal	0	4.9	1.04	96.89	1.18	1.0	0	0.0079	1.4756
3BX7	blue	af_relaxed	0	1.76	0.35	97.92	0.0	0.45	0	0.0116	1.6505
3BX7	blue	af_relaxed	1	1.54	0.35	97.23	0.79	0.54	0	0.0116	1.6854
3BX7	blue	af_relaxed	2	1.54	0.0	97.92	0.0	0.42	1	0.0116	1.679
3BX7	blue	af_relaxed	3	3.97	0.0	96.89	0.0	0.87	0	0.0118	1.734
3BX7	blue	af_relaxed	4	8.16	1.04	95.85	1.18	1.29	2	0.0411	1.931
3BX7	blue	af_unrelaxed	0	27.83	0.69	95.85	1.97	1.94	0	0.0238	1.8176
3BX7	blue	af_unrelaxed	1	15.89	0.69	96.19	0.0	1.46	0	0.0197	1.788
3BX7	blue	af_unrelaxed	2	45.97	0.69	97.23	0.39	1.78	0	0.0284	1.9042
3BX7	blue	af_unrelaxed	3	24.28	0.35	96.54	0.39	1.6	0	0.0203	1.7668
3BX7	blue	af_unrelaxed	4	20.32	0.69	95.85	0.0	1.59	0	0.0292	1.9082
3BX7	blue	boltz	0	24.72	0.0	98.27	0.39	1.38	0	0.012	1.2478
3BX7	blue	boltz	1	24.96	0.0	97.58	0.39	1.48	0	0.0127	1.1852
3BX7	blue	boltz	2	28.04	0.0	97.58	0.39	1.52	0	0.014	1.166
3BX7	blue	boltz	3	22.29	0.0	98.62	0.79	1.34	0	0.0131	1.2481
3BX7	blue	boltz	4	20.97	0.35	97.58	0.39	1.4	0	0.012	1.1775
3BX7	blue	amber_af	0	1.54	0.69	97.23	0.39	0.54	0	0.0116	1.6815
3BX7	blue	amber_af	1	1.32	0.35	97.92	0.39	0.38	0	0.0116	1.6462
3BX7	blue	amber_af	2	7.94	0.69	95.85	0.79	1.22	2	0.0412	1.9464
3BX7	blue	amber_af	3	1.76	0.0	97.92	0.0	0.45	1	0.0116	1.6801
3BX7	blue	amber_af	4	4.63	0.35	96.54	0.79	0.96	0	0.0118	1.7276
3BX7	blue	amber_boltz	0	3.31	0.0	97.92	0.39	0.64	0	0.0117	1.6858
3BX7	blue	amber_boltz	1	5.07	0.0	96.54	1.18	1.05	0	0.0115	1.714
3BX7	blue	amber_boltz	2	5.29	0.0	96.19	1.18	1.1	1	0.0116	1.7644
3BX7	blue	amber_boltz	3	2.65	0.0	97.58	0.0	0.64	0	0.0116	1.6837
3BX7	blue	amber_boltz	4	4.41	0.0	96.54	0.79	0.94	0	0.0117	1.711
3CPH	blue	crystal	0	5.51	0.65	96.07	3.33	1.46	0	0.0112	1.2983
3CPH	blue	af_relaxed	0	4.39	0.0	99.35	2.59	1.03	0	0.0118	1.7368
3CPH	blue	af_relaxed	1	2.14	0.33	97.87	1.48	0.65	0	0.0117	1.7217
3CPH	blue	af_relaxed	2	6.63	0.0	98.2	1.3	0.95	1	0.0118	1.764
3CPH	blue	af_relaxed	3	4.18	0.0	97.38	1.67	0.99	4	0.0265	1.9506
3CPH	blue	af_relaxed	4	4.49	0.16	98.36	1.67	0.89	1	0.0117	1.7367
3CPH	blue	af_unrelaxed	0	26.24	0.0	98.85	3.33	1.81	0	0.0202	1.5773
3CPH	blue	af_unrelaxed	1	32.18	0.16	98.53	0.56	1.49	0	0.0206	1.6861
3CPH	blue	af_unrelaxed	2	32.27	0.49	98.2	1.67	1.66	0	0.0207	1.6703
3CPH	blue	af_unrelaxed	3	30.02	0.65	98.04	1.3	1.55	0	0.0203	1.6349
3CPH	blue	af_unrelaxed	4	33.2	0.33	99.02	2.22	1.77	0	0.0229	1.6338
3CPH	blue	boltz	0	22.97	0.0	99.02	0.0	1.35	0	0.0126	1.083
3CPH	blue	boltz	1	18.17	0.0	99.02	0.0	1.26	0	0.0108	1.0653
3CPH	blue	boltz	2	22.78	0.0	99.18	0.0	1.35	0	0.0122	1.0869
3CPH	blue	boltz	3	20.51	0.0	99.18	0.0	1.31	0	0.0116	1.0877
3CPH	blue	boltz	4	19.91	0.0	99.51	0.37	1.3	0	0.0112	1.0864
3CPH	blue	amber_af	0	4.69	0.0	99.02	2.59	1.06	0	0.0118	1.7514
3CPH	blue	amber_af	1	6.84	0.0	98.2	1.11	0.91	1	0.0118	1.7659
3CPH	blue	amber_af	2	4.39	0.0	98.53	1.48	0.85	1	0.0117	1.7336
3CPH	blue	amber_af	3	2.35	0.33	98.04	1.48	0.64	0	0.0118	1.7298
3CPH	blue	amber_af	4	3.98	0.0	97.55	1.67	0.95	4	0.0265	1.9642
3CPH	blue	amber_boltz	0	1.63	0.16	98.85	0.0	0.41	0	0.0116	1.7213
3CPH	blue	amber_boltz	1	1.94	0.0	98.85	0.56	0.46	0	0.0119	1.6887
3CPH	blue	amber_boltz	2	2.35	0.0	98.36	0.56	0.51	1	0.0118	1.7507
3CPH	blue	amber_boltz	3	2.35	0.16	98.53	0.93	0.51	1	0.0118	1.745
3CPH	blue	amber_boltz	4	2.96	0.0	99.18	0.56	0.59	0	0.0119	1.7072
3D5S	blue	crystal	0	12.72	0.28	96.08	6.31	1.99	0	0.0096	1.446
3D5S	blue	af_relaxed	0	0.35	0.0	98.6	0.66	0.13	0	0.012	1.6577
3D5S	blue	af_relaxed	1	0.69	0.0	98.04	0.99	0.22	0	0.012	1.6578
3D5S	blue	af_relaxed	2	0.35	0.0	98.6	0.99	0.13	0	0.012	1.6561
3D5S	blue	af_relaxed	3	0.35	0.0	98.88	0.33	0.13	0	0.012	1.6566
3D5S	blue	af_relaxed	4	0.52	0.0	99.16	0.66	0.18	0	0.012	1.6683
3D5S	blue	af_unrelaxed	0	9.03	0.28	98.6	1.32	1.08	0	0.0171	1.3026
3D5S	blue	af_unrelaxed	1	8.86	0.28	98.88	0.33	0.97	0	0.0164	1.2697
3D5S	blue	af_unrelaxed	2	8.51	0.0	98.32	0.66	0.96	0	0.0166	1.2997
3D5S	blue	af_unrelaxed	3	8.69	0.28	98.6	0.99	0.97	0	0.018	1.3578
3D5S	blue	af_unrelaxed	4	9.21	0.28	98.6	1.32	1.08	0	0.0211	1.3276
3D5S	blue	boltz	0	14.43	0.0	98.88	0.0	1.17	0	0.0103	1.0524
3D5S	blue	boltz	1	10.08	0.0	98.88	0.33	1.02	0	0.0103	1.0616
3D5S	blue	boltz	2	14.77	0.28	98.32	0.0	1.18	0	0.0104	1.052
3D5S	blue	boltz	3	11.99	0.0	98.88	0.66	1.09	0	0.01	1.0418
3D5S	blue	boltz	4	11.29	0.0	98.88	0.0	1.07	0	0.0103	1.0433
3D5S	blue	amber_af	0	0.35	0.0	99.16	0.66	0.13	0	0.012	1.6653
3D5S	blue	amber_af	1	0.52	0.0	98.88	0.33	0.18	0	0.012	1.6585
3D5S	blue	amber_af	2	0.35	0.0	98.6	0.66	0.13	0	0.012	1.6569
3D5S	blue	amber_af	3	0.17	0.0	98.6	0.66	0.07	0	0.012	1.6586
3D5S	blue	amber_af	4	0.52	0.0	98.32	1.32	0.27	0	0.0119	1.6575
3D5S	blue	amber_boltz	0	1.74	0.0	99.16	0.0	0.43	0	0.0121	1.7209
3D5S	blue	amber_boltz	1	0.87	0.0	99.16	0.33	0.27	0	0.0121	1.6945
3D5S	blue	amber_boltz	2	1.74	0.28	98.88	0.33	0.43	1	0.0121	1.7094
3D5S	blue	amber_boltz	3	1.39	0.0	99.44	0.99	0.37	0	0.0121	1.6912
3D5S	blue	amber_boltz	4	1.04	0.0	99.16	0.33	0.3	0	0.012	1.6991
3DAW	blue	crystal	0	14.74	0.39	93.5	9.26	2.33	4	0.0136	1.5989
3DAW	blue	af_relaxed	0	0.74	0.0	97.24	0.67	0.38	3	0.0126	1.7735
3DAW	blue	af_relaxed	1	1.73	0.2	98.62	0.45	0.43	0	0.0118	1.6814
3DAW	blue	af_relaxed	2	1.61	0.2	98.43	0.0	0.41	0	0.0119	1.6691
3DAW	blue	af_relaxed	3	1.24	0.0	98.23	1.12	0.38	0	0.0119	1.6683
3DAW	blue	af_relaxed	4	1.24	0.2	98.03	0.45	0.34	0	0.0119	1.6659
3DAW	blue	af_unrelaxed	0	13.84	0.39	98.62	2.7	1.48	0	0.0162	1.4711
3DAW	blue	af_unrelaxed	1	14.21	0.39	98.43	0.45	1.16	0	0.0164	1.5475
3DAW	blue	af_unrelaxed	2	12.73	0.39	98.82	0.22	1.12	0	0.0159	1.4926
3DAW	blue	af_unrelaxed	3	15.57	0.79	98.23	0.45	1.2	0	0.0158	1.5913
3DAW	blue	af_unrelaxed	4	14.21	0.39	98.43	0.67	1.16	0	0.0195	1.5438
3DAW	blue	boltz	0	10.63	0.0	99.61	0.22	1.05	0	0.0105	1.0618
3DAW	blue	boltz	1	10.75	0.2	99.02	0.22	1.05	0	0.0104	1.067
3DAW	blue	boltz	2	8.52	0.0	99.02	0.0	0.96	0	0.0103	1.0504
3DAW	blue	boltz	3	13.47	0.0	99.21	0.22	1.14	0	0.0102	1.0704
3DAW	blue	boltz	4	9.27	0.0	99.02	0.0	0.99	0	0.0106	1.0425
3DAW	blue	amber_af	0	0.86	0.0	98.43	0.67	0.27	0	0.0118	1.6642
3DAW	blue	amber_af	1	1.24	0.2	98.03	0.45	0.34	0	0.0119	1.6653
3DAW	blue	amber_af	2	0.62	0.0	97.24	0.67	0.35	3	0.0126	1.7795
3DAW	blue	amber_af	3	1.48	0.2	98.43	0.0	0.39	0	0.0118	1.6674
3DAW	blue	amber_af	4	1.61	0.2	98.62	0.22	0.41	0	0.0118	1.6717
3DAW	blue	amber_boltz	0	0.49	0.0	98.82	0.0	0.17	0	0.0121	1.6771
3DAW	blue	amber_boltz	1	1.11	0.2	98.23	0.0	0.32	2	0.012	1.6917
3DAW	blue	amber_boltz	2	0.49	0.0	98.23	0.0	0.17	0	0.012	1.6838
3DAW	blue	amber_boltz	3	1.24	0.0	99.02	0.0	0.34	0	0.0121	1.6937
3DAW	blue	amber_boltz	4	0.49	0.0	98.82	0.0	0.17	0	0.012	1.6882
3EO1	blue	crystal	0	25.46	1.31	83.74	8.7	2.79	0	0.009	1.707
3EO1	blue	af_relaxed	0	4.53	0.56	95.34	2.34	1.33	2	0.0112	1.773
3EO1	blue	af_relaxed	1	2.94	0.37	96.65	1.49	0.93	1	0.0112	1.7321
3EO1	blue	af_relaxed	2	4.28	0.74	95.9	2.55	1.3	2	0.0114	1.8007
3EO1	blue	af_relaxed	3	5.51	1.12	94.23	2.34	1.47	3	0.012	1.9649
3EO1	blue	af_relaxed	4	15.17	0.37	95.9	2.76	1.8	4	0.0122	1.9962
3EO1	blue	af_unrelaxed	0	45.72	0.56	96.46	2.55	2.18	0	0.0319	2.3043
3EO1	blue	af_unrelaxed	1	42.19	0.93	96.46	1.7	2.01	0	0.031	2.3141
3EO1	blue	af_unrelaxed	2	35.4	0.93	96.65	1.49	1.88	0	0.028	2.0497
3EO1	blue	af_unrelaxed	3	28.03	0.56	96.83	1.27	1.71	0	0.0255	1.9314
3EO1	blue	af_unrelaxed	4	29.9	0.93	96.46	2.12	1.94	0	0.0279	1.947
3EO1	blue	boltz	0	10.65	0.0	98.14	0.0	1.05	0	0.0163	1.3059
3EO1	blue	boltz	1	17.38	0.19	97.77	0.0	1.29	0	0.0151	1.2804
3EO1	blue	boltz	2	11.99	0.19	97.77	0.0	1.15	0	0.0152	1.2731
3EO1	blue	boltz	3	12.36	0.0	98.32	0.0	1.1	0	0.0152	1.2795
3EO1	blue	boltz	4	14.43	0.19	97.95	0.42	1.18	0	0.0205	1.3498
3EO1	blue	amber_af	0	2.94	1.12	94.6	2.55	1.26	3	0.0121	1.9444
3EO1	blue	amber_af	1	14.44	0.74	95.9	2.76	1.78	3	0.0125	2.0271
3EO1	blue	amber_af	2	5.14	0.37	95.34	2.12	1.35	2	0.0112	1.7662
3EO1	blue	amber_af	3	3.3	0.19	96.65	1.91	1.05	0	0.0112	1.7234
3EO1	blue	amber_af	4	5.75	0.56	95.9	2.12	1.34	1	0.0115	1.8111
3EO1	blue	amber_boltz	0	1.96	0.19	98.14	1.06	0.48	0	0.0114	1.6832
3EO1	blue	amber_boltz	1	1.96	0.37	97.95	0.42	0.47	0	0.0114	1.7074
3EO1	blue	amber_boltz	2	0.73	0.19	98.32	0.42	0.23	0	0.0113	1.683
3EO1	blue	amber_boltz	3	1.1	0.19	98.14	0.42	0.32	0	0.0115	1.6687
3EO1	blue	amber_boltz	4	1.59	0.56	97.58	0.85	0.49	2	0.0114	1.7142
3EOA	blue	crystal	0	8.11	1.5	94.0	11.13	2.14	4	0.0107	1.3617
3EOA	blue	af_relaxed	0	3.52	0.0	97.01	0.75	0.81	2	0.0115	1.7357
3EOA	blue	af_relaxed	1	2.99	0.17	97.51	0.94	0.69	2	0.0115	1.7024
3EOA	blue	af_relaxed	2	3.73	0.17	96.68	1.32	0.96	1	0.0281	1.8631
3EOA	blue	af_relaxed	3	3.09	0.17	97.34	1.7	0.9	1	0.0114	1.7043
3EOA	blue	af_relaxed	4	3.09	0.0	97.34	0.38	0.73	3	0.0114	1.7144
3EOA	blue	af_unrelaxed	0	24.97	0.0	97.34	2.64	1.83	0	0.0197	1.7049
3EOA	blue	af_unrelaxed	1	23.47	0.0	97.67	0.57	1.43	0	0.0184	1.7759
3EOA	blue	af_unrelaxed	2	23.04	0.0	98.01	0.57	1.35	0	0.0199	1.6847
3EOA	blue	af_unrelaxed	3	21.76	0.0	98.01	0.57	1.33	0	0.0199	1.6313
3EOA	blue	af_unrelaxed	4	24.1	0.0	98.01	1.7	1.55	0	0.0237	1.678
3EOA	blue	boltz	0	10.67	0.17	97.67	0.38	1.12	0	0.0107	1.1893
3EOA	blue	boltz	1	10.67	0.33	97.51	0.38	1.15	0	0.0123	1.3004
3EOA	blue	boltz	2	12.91	0.33	98.01	0.19	1.12	0	0.0114	1.1452
3EOA	blue	boltz	3	12.69	0.17	97.84	0.38	1.15	0	0.0107	1.1457
3EOA	blue	boltz	4	15.04	0.5	97.51	0.19	1.28	0	0.0107	1.1608
3EOA	blue	amber_af	0	3.31	0.0	97.51	1.7	0.9	2	0.0114	1.7033
3EOA	blue	amber_af	1	3.63	0.0	97.18	0.38	0.8	3	0.0114	1.7143
3EOA	blue	amber_af	2	4.05	0.0	96.84	0.57	0.88	2	0.0115	1.7092
3EOA	blue	amber_af	3	2.77	0.0	97.67	0.75	0.64	1	0.0115	1.6946
3EOA	blue	amber_af	4	4.69	0.17	97.34	0.75	0.87	1	0.0114	1.7327
3EOA	blue	amber_boltz	0	1.39	0.17	97.51	0.75	0.47	0	0.0119	1.7111
3EOA	blue	amber_boltz	1	0.85	0.33	97.84	0.38	0.3	0	0.0116	1.6835
3EOA	blue	amber_boltz	2	1.81	0.33	97.84	0.38	0.48	1	0.0116	1.7133
3EOA	blue	amber_boltz	3	1.6	0.17	97.51	0.57	0.51	0	0.0116	1.6884
3EOA	blue	amber_boltz	4	1.71	0.17	97.34	0.57	0.55	1	0.0117	1.7302
3F1P	blue	crystal	0	2.19	0.0	99.55	2.87	0.84	4	0.0221	1.9222
3F1P	blue	af_relaxed	0	2.19	0.45	98.19	1.44	0.61	0	0.0122	1.6655
3F1P	blue	af_relaxed	1	1.1	0.0	98.19	0.96	0.32	0	0.0122	1.6738
3F1P	blue	af_relaxed	2	1.64	0.0	97.74	1.44	0.59	0	0.0122	1.6928
3F1P	blue	af_relaxed	3	1.92	0.0	98.19	1.44	0.58	0	0.0121	1.6697
3F1P	blue	af_relaxed	4	1.1	0.0	97.74	0.48	0.37	0	0.0122	1.6946
3F1P	blue	af_unrelaxed	0	18.12	1.36	93.67	1.44	1.79	0	0.016	1.7158
3F1P	blue	af_unrelaxed	1	18.66	1.81	94.57	1.44	1.76	0	0.017	1.8624
3F1P	blue	af_unrelaxed	2	20.58	1.36	96.38	0.48	1.55	0	0.017	1.5834
3F1P	blue	af_unrelaxed	3	21.96	1.81	95.93	0.96	1.62	0	0.0177	1.7984
3F1P	blue	af_unrelaxed	4	18.4	1.81	96.38	0.96	1.5	0	0.0239	1.7518
3F1P	blue	boltz	0	12.07	0.0	99.55	0.0	1.09	0	0.012	1.0965
3F1P	blue	boltz	1	6.31	0.0	98.64	0.0	0.85	0	0.013	1.3778
3F1P	blue	boltz	2	9.05	0.0	99.1	0.0	0.98	0	0.0119	1.0877
3F1P	blue	boltz	3	8.23	0.0	99.1	0.0	0.95	0	0.0105	1.119
3F1P	blue	boltz	4	8.23	0.0	99.55	0.0	0.95	0	0.0114	1.0923
3F1P	blue	amber_af	0	2.47	0.0	98.19	0.96	0.53	0	0.0122	1.671
3F1P	blue	amber_af	1	1.92	0.0	97.74	1.44	0.63	0	0.0122	1.6661
3F1P	blue	amber_af	2	1.92	0.0	98.64	0.96	0.46	0	0.0122	1.6784
3F1P	blue	amber_af	3	1.37	0.0	97.74	0.48	0.43	0	0.0122	1.6932
3F1P	blue	amber_af	4	1.37	0.0	97.74	0.96	0.43	0	0.0122	1.6879
3F1P	blue	amber_boltz	0	0.55	0.0	99.1	0.0	0.19	0	0.0121	1.7087
3F1P	blue	amber_boltz	1	0.55	0.0	98.64	0.0	0.19	0	0.0123	2.1964
3F1P	blue	amber_boltz	2	0.27	0.0	98.19	0.0	0.1	0	0.0122	1.6832
3F1P	blue	amber_boltz	3	0.55	0.0	97.74	0.0	0.24	0	0.0124	1.6762
3F1P	blue	amber_boltz	4	0.55	0.0	97.74	0.0	0.24	0	0.0122	1.6786
3FN1	blue	af_relaxed	0	0.99	0.0	98.39	0.0	0.29	0	0.0115	1.7143
3FN1	blue	af_relaxed	1	0.5	0.0	98.39	0.0	0.17	0	0.0116	1.6963
3FN1	blue	af_relaxed	2	0.74	0.0	98.39	0.44	0.24	0	0.0116	1.7052
3FN1	blue	af_relaxed	3	0.5	0.0	98.39	0.87	0.17	0	0.0115	1.7205
3FN1	blue	af_relaxed	4	0.74	0.0	97.98	0.44	0.24	0	0.0116	1.7143
3FN1	blue	af_unrelaxed	0	10.16	0.4	98.79	1.31	1.12	0	0.0178	1.5719
3FN1	blue	af_unrelaxed	1	9.42	0.4	97.18	0.44	1.15	0	0.0161	1.703
3FN1	blue	af_unrelaxed	2	12.14	0.4	98.79	0.0	1.1	0	0.0181	1.5357
3FN1	blue	af_unrelaxed	3	9.17	0.4	98.79	0.44	0.99	0	0.0176	1.5629
3FN1	blue	af_unrelaxed	4	9.17	0.4	98.79	0.0	0.99	0	0.0214	1.5176
3FN1	blue	boltz	0	7.43	0.0	98.79	0.0	0.91	0	0.0107	1.1352
3FN1	blue	boltz	1	6.44	0.0	98.79	0.0	0.86	0	0.0102	1.1345
3FN1	blue	boltz	2	9.66	0.0	98.79	0.0	1.01	0	0.0104	1.1421
3FN1	blue	boltz	3	8.92	0.0	98.39	0.0	0.98	0	0.0109	1.1308
3FN1	blue	boltz	4	8.92	0.0	98.39	0.0	0.98	0	0.0109	1.1258
3FN1	blue	amber_af	0	0.74	0.0	98.39	0.87	0.24	0	0.0115	1.7131
3FN1	blue	amber_af	1	0.25	0.0	97.98	0.44	0.1	0	0.0116	1.7078
3FN1	blue	amber_af	2	0.5	0.0	98.39	0.0	0.17	0	0.0116	1.7073
3FN1	blue	amber_af	3	0.5	0.0	98.39	0.0	0.17	0	0.0116	1.7095
3FN1	blue	amber_af	4	0.74	0.0	98.39	0.0	0.24	0	0.0115	1.7244
3FN1	blue	amber_boltz	0	0.99	0.0	98.39	0.44	0.29	1	0.0117	1.783
3FN1	blue	amber_boltz	1	0.25	0.0	98.79	0.0	0.09	0	0.0119	1.7181
3FN1	blue	amber_boltz	2	0.25	0.0	98.79	0.44	0.09	0	0.0119	1.7459
3FN1	blue	amber_boltz	3	0.5	0.0	97.98	0.0	0.18	0	0.0118	1.7391
3FN1	blue	amber_boltz	4	0.74	0.0	98.39	0.0	0.24	0	0.0118	1.7419
3G6D	blue	crystal	0	9.62	0.94	92.31	9.71	2.23	1	0.0098	1.4786
3G6D	blue	af_relaxed	0	1.87	0.0	97.56	0.88	0.54	1	0.0112	1.6977
3G6D	blue	af_relaxed	1	1.99	0.38	97.56	0.88	0.56	0	0.0112	1.6947
3G6D	blue	af_relaxed	2	2.61	0.38	97.0	1.1	0.75	0	0.0112	1.6955
3G6D	blue	af_relaxed	3	6.84	0.19	97.0	0.88	1.05	1	0.0114	1.7704
3G6D	blue	af_relaxed	4	9.08	0.38	96.62	1.76	1.39	6	0.012	1.9194
3G6D	blue	af_unrelaxed	0	44.21	1.31	96.06	2.42	2.18	0	0.0347	2.2488
3G6D	blue	af_unrelaxed	1	26.14	1.13	96.25	0.88	1.66	0	0.0182	1.8319
3G6D	blue	af_unrelaxed	2	45.84	1.13	96.44	1.54	2.02	0	0.0238	1.8844
3G6D	blue	af_unrelaxed	3	30.87	0.56	97.19	1.32	1.71	0	0.0208	1.7772
3G6D	blue	af_unrelaxed	4	24.52	0.75	96.62	1.54	1.74	0	0.0222	1.767
3G6D	blue	boltz	0	13.57	0.19	98.31	0.22	1.14	0	0.0112	1.1976
3G6D	blue	boltz	1	8.96	0.0	98.31	0.0	0.98	0	0.0112	1.1874
3G6D	blue	boltz	2	9.71	0.19	98.31	0.22	1.01	0	0.0121	1.2106
3G6D	blue	boltz	3	8.22	0.19	98.69	0.22	0.95	0	0.0116	1.2176
3G6D	blue	boltz	4	12.32	0.0	98.31	0.0	1.1	0	0.0115	1.1941
3G6D	blue	amber_af	0	10.08	0.75	96.62	1.98	1.47	5	0.0118	1.8995
3G6D	blue	amber_af	1	2.24	0.38	97.75	0.66	0.56	0	0.0112	1.6874
3G6D	blue	amber_af	2	7.09	0.19	96.62	0.88	1.11	1	0.0114	1.7741
3G6D	blue	amber_af	3	2.49	0.19	97.0	1.1	0.74	0	0.0112	1.6989
3G6D	blue	amber_af	4	2.24	0.0	97.56	0.88	0.59	1	0.0111	1.6935
3G6D	blue	amber_boltz	0	1.74	0.19	97.75	0.22	0.49	1	0.0116	1.6907
3G6D	blue	amber_boltz	1	0.75	0.19	98.31	0.22	0.24	0	0.0115	1.683
3G6D	blue	amber_boltz	2	1.0	0.0	97.94	0.22	0.31	1	0.0116	1.6899
3G6D	blue	amber_boltz	3	0.75	0.0	98.31	0.44	0.24	0	0.0115	1.6812
3G6D	blue	amber_boltz	4	1.24	0.0	97.94	0.66	0.36	0	0.0115	1.6981
3H11	blue	crystal	0	11.78	0.46	94.47	1.5	1.6	0	0.0116	1.633
3H11	blue	af_relaxed	0	8.09	0.91	96.14	1.24	1.27	7	0.0375	2.2446
3H11	blue	af_relaxed	1	4.88	1.14	96.14	0.99	1.02	4	0.0369	2.0996
3H11	blue	af_relaxed	2	1.95	1.36	96.36	2.48	1.0	6	0.0141	2.0804
3H11	blue	af_relaxed	3	4.74	1.14	96.14	2.72	1.34	9	0.0139	2.0826
3H11	blue	af_relaxed	4	2.09	1.59	96.14	1.24	0.81	5	0.0144	2.0568
3H11	blue	af_unrelaxed	0	48.03	1.61	94.24	3.71	2.48	0	0.0454	2.8237
3H11	blue	af_unrelaxed	1	43.77	1.38	94.24	1.24	2.08	0	0.0504	2.8235
3H11	blue	af_unrelaxed	2	45.44	1.38	94.47	0.99	2.01	0	0.0511	2.8597
3H11	blue	af_unrelaxed	3	41.85	1.39	94.92	1.24	2.02	0	0.0606	2.9681
3H11	blue	af_unrelaxed	4	50.92	0.92	94.24	1.24	2.14	0	0.0511	2.6039
3H11	blue	boltz	0	53.37	0.0	98.41	0.5	1.7	0	0.013	1.1425
3H11	blue	boltz	1	44.69	0.45	97.5	0.5	1.73	0	0.016	1.1254
3H11	blue	boltz	2	34.33	0.0	97.95	0.5	1.53	0	0.0113	1.102
3H11	blue	boltz	3	29.57	0.0	97.5	0.0	1.56	0	0.0116	1.0923
3H11	blue	boltz	4	41.48	0.45	97.05	0.99	1.76	0	0.0134	1.1397
3H11	blue	amber_af	0	4.46	1.14	96.14	1.73	1.17	11	0.0139	2.0899
3H11	blue	amber_af	1	1.81	1.36	96.59	2.48	0.96	6	0.0141	2.07
3H11	blue	amber_af	2	2.23	1.59	95.91	0.99	0.78	6	0.0143	2.0606
3H11	blue	amber_af	3	4.88	1.36	96.36	0.99	1.0	4	0.0369	2.0875
3H11	blue	amber_af	4	9.2	1.14	95.91	1.98	1.5	5	0.0376	2.2398
3H11	blue	amber_boltz	0	9.06	0.45	97.5	1.49	1.22	3	0.0126	1.9537
3H11	blue	amber_boltz	1	7.95	0.45	97.05	0.74	1.1	3	0.0123	1.8913
3H11	blue	amber_boltz	2	0.7	0.68	96.82	0.99	0.42	1	0.0131	1.9141
3H11	blue	amber_boltz	3	3.76	0.23	97.95	0.5	0.68	2	0.0125	1.8643
3H11	blue	amber_boltz	4	2.65	0.45	95.68	0.99	0.85	1	0.013	1.9322
3H2V	blue	crystal	0	32.28	1.65	92.15	26.07	3.05	6	0.0286	1.8924
3H2V	blue	af_relaxed	0	7.29	1.23	97.54	0.0	1.0	1	0.0116	1.8999
3H2V	blue	af_relaxed	1	4.02	0.41	97.54	1.89	0.99	1	0.0111	1.7776
3H2V	blue	af_relaxed	2	6.28	0.41	97.54	0.47	0.94	0	0.0111	1.8341
3H2V	blue	af_relaxed	3	22.12	1.64	96.31	1.89	1.79	8	0.0127	2.2253
3H2V	blue	af_relaxed	4	9.05	0.82	97.54	1.89	1.29	0	0.0117	1.8363
3H2V	blue	af_unrelaxed	0	26.19	0.82	97.95	3.77	1.86	0	0.0239	1.8502
3H2V	blue	af_unrelaxed	1	61.32	1.64	97.54	0.94	1.85	0	0.0321	2.233
3H2V	blue	af_unrelaxed	2	21.44	1.64	97.13	1.42	1.6	0	0.0258	2.0634
3H2V	blue	af_unrelaxed	3	34.56	0.82	97.95	0.94	1.53	0	0.0235	1.8138
3H2V	blue	af_unrelaxed	4	40.81	2.05	96.72	1.89	2.01	0	0.0244	1.741
3H2V	blue	boltz	0	12.83	0.0	100.0	0.47	1.12	0	0.011	1.0726
3H2V	blue	boltz	1	20.37	0.0	99.59	0.0	1.3	0	0.0111	1.063
3H2V	blue	boltz	2	26.91	0.0	99.18	0.0	1.42	0	0.0117	1.065
3H2V	blue	boltz	3	21.13	0.0	99.18	0.0	1.32	0	0.0115	1.0688
3H2V	blue	boltz	4	11.58	0.0	99.18	0.0	1.08	0	0.0111	1.0687
3H2V	blue	amber_af	0	4.78	0.41	97.95	1.42	0.87	2	0.0112	1.8224
3H2V	blue	amber_af	1	20.86	1.64	96.72	2.36	1.8	8	0.0125	2.2279
3H2V	blue	amber_af	2	7.54	1.23	97.13	0.47	1.07	2	0.0116	1.9235
3H2V	blue	amber_af	3	6.54	0.82	97.54	1.42	1.07	1	0.0111	1.8377
3H2V	blue	amber_af	4	8.3	0.82	97.54	1.89	1.25	1	0.0116	1.861
3H2V	blue	amber_boltz	0	1.01	0.0	98.36	0.0	0.3	0	0.0113	1.7058
3H2V	blue	amber_boltz	1	1.76	0.0	98.77	0.0	0.43	0	0.0115	1.7177
3H2V	blue	amber_boltz	2	3.27	0.0	97.95	0.0	0.63	0	0.0112	1.7609
3H2V	blue	amber_boltz	3	3.27	0.41	98.77	0.47	0.62	0	0.0114	1.733
3H2V	blue	amber_boltz	4	2.01	0.41	98.36	0.0	0.47	0	0.0113	1.7066
3HI6	blue	crystal	0	3.24	0.0	95.99	1.33	0.99	0	0.0103	1.2303
3HI6	blue	af_relaxed	0	4.09	0.17	97.17	0.95	0.85	2	0.0113	1.7244
3HI6	blue	af_relaxed	1	8.4	0.33	96.17	2.09	1.46	5	0.0116	1.847
3HI6	blue	af_relaxed	2	4.95	0.5	96.0	1.33	1.13	1	0.0113	1.7287
3HI6	blue	af_relaxed	3	5.06	0.83	97.17	0.76	0.92	2	0.0112	1.7403
3HI6	blue	af_relaxed	4	5.6	0.33	96.17	2.28	1.34	1	0.0112	1.775
3HI6	blue	af_unrelaxed	0	37.83	0.17	97.5	2.66	1.98	0	0.0221	1.8627
3HI6	blue	af_unrelaxed	1	31.7	0.17	97.33	0.95	1.61	0	0.0223	1.9034
3HI6	blue	af_unrelaxed	2	31.02	0.17	97.5	0.95	1.58	0	0.0201	1.7354
3HI6	blue	af_unrelaxed	3	26.62	0.33	97.67	0.76	1.49	0	0.02	1.7845
3HI6	blue	af_unrelaxed	4	32.76	0.33	96.83	2.28	1.96	0	0.0245	1.7764
3HI6	blue	boltz	0	17.13	0.17	97.67	0.19	1.31	0	0.0105	1.147
3HI6	blue	boltz	1	16.59	0.0	97.67	0.19	1.29	0	0.012	1.1385
3HI6	blue	boltz	2	14.76	0.17	97.5	0.19	1.28	0	0.0122	1.1379
3HI6	blue	boltz	3	17.99	0.0	98.17	0.19	1.25	0	0.0106	1.1302
3HI6	blue	boltz	4	17.02	0.17	97.83	0.19	1.27	0	0.0102	1.129
3HI6	blue	amber_af	0	6.25	0.33	96.0	2.28	1.39	1	0.0112	1.7709
3HI6	blue	amber_af	1	5.82	0.83	96.67	0.76	1.03	2	0.0113	1.7621
3HI6	blue	amber_af	2	4.09	0.17	96.33	0.76	0.94	2	0.0113	1.7347
3HI6	blue	amber_af	3	8.94	0.33	95.83	1.14	1.31	3	0.0115	1.8158
3HI6	blue	amber_af	4	4.63	0.33	96.0	1.14	1.05	1	0.0113	1.7291
3HI6	blue	amber_boltz	0	2.05	0.0	97.67	0.57	0.55	0	0.0116	1.6833
3HI6	blue	amber_boltz	1	2.15	0.17	97.33	0.57	0.62	0	0.0115	1.6823
3HI6	blue	amber_boltz	2	1.29	0.0	97.5	0.76	0.45	0	0.0116	1.6778
3HI6	blue	amber_boltz	3	1.62	0.0	97.83	0.19	0.45	0	0.0115	1.668
3HI6	blue	amber_boltz	4	1.18	0.17	97.67	0.57	0.4	0	0.0116	1.6903
3HMX	blue	crystal	0	19.92	3.06	84.47	10.13	2.73	0	0.0077	1.548
3HMX	blue	af_relaxed	0	1.36	0.78	94.3	3.22	1.14	6	0.0124	1.9058
3HMX	blue	af_relaxed	1	3.36	0.78	95.3	1.49	1.09	5	0.0225	1.9261
3HMX	blue	af_relaxed	2	8.94	0.22	95.75	2.11	1.52	11	0.0119	1.9147
3HMX	blue	af_relaxed	3	2.0	0.45	96.98	1.36	0.75	0	0.0113	1.7193
3HMX	blue	af_relaxed	4	4.94	0.89	93.85	1.98	1.39	3	0.0238	1.9072
3HMX	blue	af_unrelaxed	0	27.27	1.23	96.64	3.97	2.09	0	0.0213	1.9519
3HMX	blue	af_unrelaxed	1	27.29	1.34	95.86	1.98	1.94	0	0.0253	2.2011
3HMX	blue	af_unrelaxed	2	35.06	1.9	95.08	2.11	2.11	0	0.0232	2.1327
3HMX	blue	af_unrelaxed	3	40.14	2.13	94.85	2.73	2.27	0	0.0228	2.236
3HMX	blue	af_unrelaxed	4	41.79	1.9	94.74	5.2	2.51	0	0.0291	2.4689
3HMX	blue	boltz	0	18.97	0.11	97.43	0.37	1.39	0	0.0157	1.2972
3HMX	blue	boltz	1	24.05	0.11	98.1	0.74	1.37	0	0.0182	1.3763
3HMX	blue	boltz	2	25.13	0.11	97.87	0.5	1.42	0	0.0152	1.3168
3HMX	blue	boltz	3	17.4	0.22	97.65	0.37	1.32	0	0.0217	1.2522
3HMX	blue	boltz	4	20.47	0.0	97.99	0.37	1.31	0	0.0197	1.2485
3HMX	blue	amber_af	0	2.08	0.45	96.64	1.36	0.79	1	0.0113	1.7252
3HMX	blue	amber_af	1	3.86	1.01	94.74	1.49	1.17	4	0.0225	1.9204
3HMX	blue	amber_af	2	9.23	0.22	95.64	1.86	1.5	9	0.012	1.9186
3HMX	blue	amber_af	3	5.3	0.78	94.18	2.11	1.42	4	0.0238	1.9215
3HMX	blue	amber_af	4	1.65	0.89	94.97	3.59	1.19	5	0.0122	1.8809
3HMX	blue	amber_boltz	0	2.29	0.22	96.64	0.62	0.72	1	0.0115	1.692
3HMX	blue	amber_boltz	1	0.93	0.45	95.75	0.74	0.57	2	0.0121	1.8091
3HMX	blue	amber_boltz	2	3.43	0.45	96.31	0.87	0.88	4	0.0116	1.833
3HMX	blue	amber_boltz	3	2.36	0.22	96.53	0.87	0.74	1	0.0116	1.7301
3HMX	blue	amber_boltz	4	2.36	0.0	97.43	0.25	0.63	2	0.0114	1.7119
3K75	blue	crystal	0	15.8	0.51	92.62	3.71	2.1	1	0.0092	1.3203
3K75	blue	af_relaxed	0	0.47	0.25	96.96	0.28	0.34	0	0.0118	1.6746
3K75	blue	af_relaxed	1	0.79	0.51	96.71	0.56	0.46	0	0.0117	1.6768
3K75	blue	af_relaxed	2	0.79	0.0	96.96	0.0	0.43	0	0.0117	1.6783
3K75	blue	af_relaxed	3	0.79	0.25	97.47	0.0	0.35	0	0.0118	1.6752
3K75	blue	af_relaxed	4	0.63	0.25	97.22	0.28	0.35	0	0.0117	1.6679
3K75	blue	af_unrelaxed	0	10.91	1.01	96.46	0.56	1.29	0	0.0164	1.7137
3K75	blue	af_unrelaxed	1	9.33	1.52	95.95	0.56	1.27	0	0.0153	1.841
3K75	blue	af_unrelaxed	2	10.12	1.01	96.46	0.28	1.26	0	0.0169	1.6502
3K75	blue	af_unrelaxed	3	10.59	0.25	97.22	0.56	1.19	0	0.0165	1.6243
3K75	blue	af_unrelaxed	4	10.91	0.76	96.96	0.28	1.23	0	0.0207	1.717
3K75	blue	boltz	0	9.8	0.25	97.47	0.0	1.12	0	0.0111	1.0993
3K75	blue	boltz	1	12.17	0.25	97.72	0.28	1.16	0	0.0114	1.1383
3K75	blue	boltz	2	7.75	0.25	97.72	0.28	0.99	0	0.0116	1.1072
3K75	blue	boltz	3	10.28	0.25	97.72	0.28	1.09	0	0.0108	1.1112
3K75	blue	boltz	4	8.7	0.0	97.97	0.0	0.97	0	0.0107	1.1026
3K75	blue	amber_af	0	0.79	0.51	96.71	0.56	0.46	0	0.0117	1.6824
3K75	blue	amber_af	1	0.63	0.25	97.22	0.28	0.35	0	0.0118	1.6652
3K75	blue	amber_af	2	0.63	0.25	97.47	0.28	0.32	0	0.0118	1.6662
3K75	blue	amber_af	3	0.63	0.25	96.96	0.28	0.39	0	0.0118	1.674
3K75	blue	amber_af	4	0.47	0.0	96.96	0.0	0.34	0	0.0117	1.6759
3K75	blue	amber_boltz	0	0.0	0.25	97.47	0.0	0.11	0	0.0119	1.7017
3K75	blue	amber_boltz	1	0.32	0.25	96.71	0.28	0.32	0	0.0117	1.6976
3K75	blue	amber_boltz	2	0.32	0.25	97.72	0.28	0.18	0	0.0118	1.7016
3K75	blue	amber_boltz	3	0.16	0.0	97.22	0.28	0.21	0	0.0119	1.7267
3K75	blue	amber_boltz	4	0.32	0.0	96.96	0.0	0.29	0	0.0118	1.6781
3L5W	blue	crystal	0	7.38	0.76	94.9	7.13	1.91	3	0.0123	1.4991
3L5W	blue	af_relaxed	0	2.82	0.0	97.36	0.65	0.69	0	0.0113	1.6644
3L5W	blue	af_relaxed	1	5.65	0.38	97.36	1.29	1.01	1	0.0113	1.7497
3L5W	blue	af_relaxed	2	6.26	0.19	96.61	2.37	1.35	2	0.0115	1.7871
3L5W	blue	af_relaxed	3	6.87	0.19	96.99	1.29	1.14	2	0.0114	1.7795
3L5W	blue	af_relaxed	4	3.07	0.56	95.67	2.37	1.18	0	0.0119	1.8787
3L5W	blue	af_unrelaxed	0	37.47	0.38	97.18	1.94	1.92	0	0.0212	1.7744
3L5W	blue	af_unrelaxed	1	41.69	0.19	96.23	1.51	1.99	0	0.023	1.8603
3L5W	blue	af_unrelaxed	2	29.24	0.56	96.99	1.51	1.76	0	0.0229	1.7604
3L5W	blue	af_unrelaxed	3	37.11	0.38	96.99	1.72	1.9	0	0.0223	1.8762
3L5W	blue	af_unrelaxed	4	17.69	0.19	97.36	0.86	1.37	0	0.0221	1.5755
3L5W	blue	boltz	0	11.91	0.0	98.87	0.22	1.09	0	0.0135	1.1982
3L5W	blue	boltz	1	9.83	0.0	98.87	0.43	1.01	0	0.0137	1.201
3L5W	blue	boltz	2	7.86	0.0	98.87	0.22	0.93	0	0.0132	1.2031
3L5W	blue	boltz	3	10.93	0.0	98.68	0.0	1.06	0	0.0137	1.1801
3L5W	blue	boltz	4	10.19	0.0	98.87	0.43	1.03	0	0.0125	1.2026
3L5W	blue	amber_af	0	4.42	0.19	97.18	1.72	1.05	2	0.0114	1.788
3L5W	blue	amber_af	1	1.96	0.56	95.1	2.15	1.06	3	0.0119	1.8793
3L5W	blue	amber_af	2	5.28	0.56	96.8	1.51	1.11	2	0.0113	1.7562
3L5W	blue	amber_af	3	5.77	0.19	96.99	2.15	1.24	2	0.0115	1.7644
3L5W	blue	amber_af	4	2.7	0.0	97.18	0.86	0.71	0	0.0114	1.6737
3L5W	blue	amber_boltz	0	1.96	0.0	98.12	0.0	0.46	1	0.0114	1.6755
3L5W	blue	amber_boltz	1	0.49	0.0	98.68	0.65	0.17	1	0.0115	1.6707
3L5W	blue	amber_boltz	2	0.49	0.0	98.49	0.22	0.17	0	0.0115	1.6684
3L5W	blue	amber_boltz	3	0.98	0.0	98.49	0.43	0.29	1	0.0114	1.6921
3L5W	blue	amber_boltz	4	0.86	0.0	99.06	0.0	0.26	0	0.0116	1.6906
3L89	blue	crystal	0	11.97	0.91	92.73	3.58	1.97	0	0.0075	1.3441
3L89	blue	af_relaxed	0	0.38	0.45	98.2	0.33	0.14	1	0.0115	1.6751
3L89	blue	af_relaxed	1	1.8	0.75	97.75	0.16	0.49	0	0.0116	1.701
3L89	blue	af_relaxed	2	3.6	0.0	97.75	0.65	0.7	1	0.0116	1.7311
3L89	blue	af_relaxed	3	4.55	0.75	95.05	1.95	1.29	3	0.0254	1.9449
3L89	blue	af_relaxed	4	5.68	0.6	96.56	1.14	1.08	4	0.0116	1.7615
3L89	blue	af_unrelaxed	0	12.79	0.6	97.75	0.81	1.17	0	0.0178	1.782
3L89	blue	af_unrelaxed	1	30.62	0.9	98.05	0.98	1.47	0	0.0194	2.0263
3L89	blue	af_unrelaxed	2	21.24	1.05	98.5	0.33	1.32	0	0.0216	1.9712
3L89	blue	af_unrelaxed	3	35.84	1.05	96.71	0.98	1.74	0	0.0209	1.8898
3L89	blue	af_unrelaxed	4	38.78	1.2	97.01	1.46	1.87	0	0.025	1.9959
3L89	blue	boltz	0	21.42	0.3	98.05	0.0	1.32	0	0.0122	1.1861
3L89	blue	boltz	1	18.48	0.15	98.05	0.0	1.26	0	0.0124	1.181
3L89	blue	boltz	2	21.32	0.15	98.2	0.0	1.32	0	0.013	1.1735
3L89	blue	boltz	3	23.12	0.15	98.35	0.0	1.36	0	0.0122	1.1835
3L89	blue	boltz	4	20.66	0.0	98.2	0.33	1.31	0	0.0121	1.1997
3L89	blue	amber_af	0	0.38	0.15	98.2	0.33	0.14	1	0.0115	1.6718
3L89	blue	amber_af	1	3.5	0.0	97.75	0.65	0.7	2	0.0116	1.7432
3L89	blue	amber_af	2	1.8	0.75	97.75	0.16	0.49	0	0.0116	1.7019
3L89	blue	amber_af	3	5.4	0.45	96.41	1.14	1.07	3	0.0116	1.7431
3L89	blue	amber_af	4	4.64	0.75	95.35	1.46	1.19	3	0.0254	1.9637
3L89	blue	amber_boltz	0	2.08	0.45	97.6	0.16	0.56	1	0.0116	1.7067
3L89	blue	amber_boltz	1	1.23	0.15	97.9	0.0	0.36	0	0.0116	1.6918
3L89	blue	amber_boltz	2	2.27	0.0	98.2	0.16	0.51	0	0.0116	1.7044
3L89	blue	amber_boltz	3	1.8	0.0	97.9	0.16	0.46	0	0.0115	1.6955
3L89	blue	amber_boltz	4	1.42	0.0	98.35	0.16	0.38	0	0.0115	1.7095
3LVK	blue	crystal	0	14.94	0.22	93.01	10.62	2.41	0	0.0229	1.5072
3LVK	blue	af_relaxed	0	0.68	0.43	98.26	0.26	0.22	0	0.0117	1.6616
3LVK	blue	af_relaxed	1	1.09	0.22	98.7	0.26	0.31	0	0.0118	1.6591
3LVK	blue	af_relaxed	2	0.55	0.22	98.48	0.26	0.19	0	0.0116	1.6663
3LVK	blue	af_relaxed	3	0.55	0.22	98.7	1.28	0.27	0	0.0117	1.6744
3LVK	blue	af_relaxed	4	0.82	0.43	98.7	0.0	0.26	0	0.0117	1.6572
3LVK	blue	af_unrelaxed	0	13.82	0.43	98.26	2.81	1.49	0	0.0172	1.3498
3LVK	blue	af_unrelaxed	1	10.26	0.65	98.7	0.26	1.03	0	0.0169	1.3993
3LVK	blue	af_unrelaxed	2	13.41	0.22	98.04	1.02	1.14	0	0.0171	1.4252
3LVK	blue	af_unrelaxed	3	13.14	0.65	98.48	0.77	1.13	0	0.0185	1.4072
3LVK	blue	af_unrelaxed	4	12.32	0.43	98.04	0.51	1.1	0	0.0221	1.4456
3LVK	blue	boltz	0	13.97	0.0	99.35	0.0	1.15	0	0.0126	1.0887
3LVK	blue	boltz	1	16.43	0.0	99.57	0.51	1.22	0	0.0116	1.1091
3LVK	blue	boltz	2	14.51	0.0	99.35	0.51	1.17	0	0.0119	1.132
3LVK	blue	boltz	3	15.61	0.0	99.57	0.0	1.2	0	0.011	1.1071
3LVK	blue	boltz	4	13.83	0.0	98.48	0.26	1.15	0	0.0122	1.2475
3LVK	blue	amber_af	0	0.96	0.22	98.7	1.79	0.48	0	0.0117	1.6763
3LVK	blue	amber_af	1	0.82	0.43	98.7	0.0	0.26	0	0.0117	1.6602
3LVK	blue	amber_af	2	1.37	0.22	98.7	0.26	0.37	0	0.0118	1.6657
3LVK	blue	amber_af	3	0.41	0.43	98.04	0.26	0.15	0	0.0117	1.6607
3LVK	blue	amber_af	4	0.68	0.22	98.48	0.26	0.22	0	0.0116	1.6616
3LVK	blue	amber_boltz	0	1.23	0.0	98.7	0.0	0.34	0	0.0117	1.7038
3LVK	blue	amber_boltz	1	1.23	0.0	98.7	0.0	0.34	0	0.0118	1.703
3LVK	blue	amber_boltz	2	1.23	0.0	98.7	0.26	0.34	0	0.0116	1.7134
3LVK	blue	amber_boltz	3	1.23	0.0	98.91	0.0	0.34	0	0.0118	1.707
3LVK	blue	amber_boltz	4	1.64	0.0	98.26	0.26	0.41	0	0.0116	1.7159
3MJ9	blue	crystal	0	21.65	0.62	92.97	4.22	2.25	0	0.0084	1.4619
3MJ9	blue	af_relaxed	0	5.76	1.09	94.08	1.93	1.43	8	0.0131	2.1752
3MJ9	blue	af_relaxed	1	7.69	1.25	94.24	1.93	1.53	10	0.0317	2.1286
3MJ9	blue	af_relaxed	2	4.25	0.62	96.88	0.7	0.89	1	0.0111	1.761
3MJ9	blue	af_relaxed	3	1.92	0.93	95.64	2.11	1.01	8	0.0122	1.972
3MJ9	blue	af_relaxed	4	4.05	0.31	95.79	3.34	1.38	3	0.0303	1.9503
3MJ9	blue	af_unrelaxed	0	30.38	0.62	96.26	3.69	2.15	0	0.0289	1.9974
3MJ9	blue	af_unrelaxed	1	28.75	0.62	96.73	0.88	1.65	0	0.0276	1.9259
3MJ9	blue	af_unrelaxed	2	31.37	1.09	96.57	1.05	1.72	0	0.0377	2.5004
3MJ9	blue	af_unrelaxed	3	42.25	0.78	96.73	1.58	1.96	0	0.0333	2.4083
3MJ9	blue	af_unrelaxed	4	38.71	1.09	96.73	1.76	1.96	0	0.0291	2.3278
3MJ9	blue	boltz	0	16.7	0.16	98.6	0.0	1.22	0	0.0129	1.1494
3MJ9	blue	boltz	1	16.9	0.0	98.6	0.7	1.23	0	0.014	1.168
3MJ9	blue	boltz	2	18.31	0.0	99.07	0.35	1.26	0	0.0134	1.161
3MJ9	blue	boltz	3	17.5	0.0	98.6	0.18	1.24	0	0.0125	1.1756
3MJ9	blue	boltz	4	13.25	0.0	98.6	0.53	1.13	0	0.0131	1.1678
3MJ9	blue	amber_af	0	4.35	0.31	96.11	2.99	1.34	3	0.0303	1.9451
3MJ9	blue	amber_af	1	4.96	0.78	97.04	0.7	0.93	0	0.0111	1.7521
3MJ9	blue	amber_af	2	5.16	1.4	94.24	2.46	1.46	5	0.0131	2.0469
3MJ9	blue	amber_af	3	6.27	1.56	94.24	2.28	1.51	10	0.0127	2.1183
3MJ9	blue	amber_af	4	3.14	1.4	95.02	2.46	1.25	11	0.0123	2.0174
3MJ9	blue	amber_boltz	0	2.12	0.16	98.91	0.18	0.49	1	0.0113	1.7315
3MJ9	blue	amber_boltz	1	1.31	0.16	98.6	0.53	0.36	0	0.0113	1.7135
3MJ9	blue	amber_boltz	2	1.21	0.16	99.07	0.53	0.34	0	0.0112	1.7008
3MJ9	blue	amber_boltz	3	1.21	0.16	98.91	1.05	0.36	0	0.0112	1.7349
3MJ9	blue	amber_boltz	4	1.21	0.16	98.75	0.88	0.34	0	0.0112	1.7249
3MXW	blue	crystal	0	3.13	0.17	97.41	1.19	0.78	1	0.0117	1.3272
3MXW	blue	af_relaxed	0	2.01	0.35	97.58	0.79	0.56	3	0.0115	1.7628
3MXW	blue	af_relaxed	1	1.67	0.35	97.75	0.39	0.47	0	0.0115	1.7236
3MXW	blue	af_relaxed	2	1.79	0.0	97.75	0.0	0.49	1	0.0114	1.7408
3MXW	blue	af_relaxed	3	2.9	0.0	96.03	0.99	0.85	0	0.0321	1.9432
3MXW	blue	af_relaxed	4	0.78	0.35	96.37	0.99	0.49	1	0.0122	1.8636
3MXW	blue	af_unrelaxed	0	17.89	0.17	97.58	1.18	1.39	0	0.0238	1.5824
3MXW	blue	af_unrelaxed	1	18.43	0.17	97.93	0.39	1.28	0	0.0174	1.6344
3MXW	blue	af_unrelaxed	2	19.65	0.17	97.58	0.39	1.38	0	0.0221	1.5718
3MXW	blue	af_unrelaxed	3	19.76	0.17	97.93	0.2	1.31	0	0.0182	1.5116
3MXW	blue	af_unrelaxed	4	21.56	0.52	97.41	1.18	1.5	0	0.0255	1.5976
3MXW	blue	boltz	0	16.64	0.0	98.1	0.39	1.22	0	0.0118	1.1472
3MXW	blue	boltz	1	19.31	0.0	98.45	0.39	1.28	0	0.0112	1.1463
3MXW	blue	boltz	2	12.51	0.0	98.27	0.39	1.11	0	0.011	1.1319
3MXW	blue	boltz	3	12.28	0.0	98.27	0.2	1.1	0	0.0102	1.1327
3MXW	blue	boltz	4	14.74	0.35	98.27	0.2	1.17	0	0.0106	1.1653
3MXW	blue	amber_af	0	2.9	0.0	95.68	0.79	0.88	0	0.0321	1.9481
3MXW	blue	amber_af	1	0.56	0.35	96.2	0.79	0.45	1	0.0122	1.8651
3MXW	blue	amber_af	2	1.79	0.35	97.75	0.39	0.49	1	0.0115	1.7425
3MXW	blue	amber_af	3	1.9	0.17	97.75	0.39	0.51	0	0.0115	1.7213
3MXW	blue	amber_af	4	1.56	0.35	97.93	0.2	0.42	1	0.0114	1.7406
3MXW	blue	amber_boltz	0	2.12	0.35	98.1	0.39	0.48	1	0.0115	1.7203
3MXW	blue	amber_boltz	1	2.57	0.17	98.27	0.2	0.54	2	0.0116	1.7398
3MXW	blue	amber_boltz	2	1.12	0.17	97.58	0.39	0.41	0	0.0117	1.7141
3MXW	blue	amber_boltz	3	0.78	0.0	97.75	0.39	0.3	0	0.0117	1.7196
3MXW	blue	amber_boltz	4	1.56	0.35	98.1	0.0	0.4	0	0.0117	1.7401
3P57	blue	crystal	0	12.75	0.0	94.18	7.73	2.18	0	0.0111	1.6924
3P57	blue	af_relaxed	0	3.72	0.0	96.86	0.55	0.85	0	0.0121	1.8259
3P57	blue	af_relaxed	1	6.52	0.0	95.29	1.66	1.35	0	0.0121	1.8604
3P57	blue	af_relaxed	2	5.9	1.05	96.34	3.31	1.46	1	0.0121	1.8862
3P57	blue	af_relaxed	3	1.24	0.0	95.29	0.55	0.67	1	0.0132	1.966
3P57	blue	af_relaxed	4	2.48	0.52	97.38	2.76	0.99	0	0.0118	1.7838
3P57	blue	af_unrelaxed	0	18.67	0.53	97.88	2.21	1.56	0	0.0244	1.974
3P57	blue	af_unrelaxed	1	31.4	0.52	96.34	2.21	1.99	0	0.0233	2.1426
3P57	blue	af_unrelaxed	2	30.15	1.05	95.81	1.66	1.92	0	0.0302	2.0869
3P57	blue	af_unrelaxed	3	13.99	0.0	95.29	3.87	1.93	0	0.0234	1.9333
3P57	blue	af_unrelaxed	4	34.83	1.57	96.34	4.97	2.3	0	0.0258	2.0998
3P57	blue	boltz	0	29.2	0.0	97.91	0.0	1.47	0	0.0169	1.0321
3P57	blue	boltz	1	21.12	0.0	96.34	0.0	1.56	0	0.0126	1.048
3P57	blue	boltz	2	33.23	0.0	97.38	0.55	1.63	0	0.0172	1.0297
3P57	blue	boltz	3	16.77	0.0	96.86	0.0	1.42	0	0.0246	1.945
3P57	blue	boltz	4	18.65	0.0	96.86	0.0	1.46	0	0.0141	1.0441
3P57	blue	amber_af	0	0.93	0.0	94.76	0.55	0.64	1	0.0132	1.9609
3P57	blue	amber_af	1	3.41	0.0	96.86	1.1	0.86	0	0.0121	1.8241
3P57	blue	amber_af	2	6.83	0.0	95.29	1.66	1.37	0	0.0121	1.8724
3P57	blue	amber_af	3	1.55	0.52	96.86	2.76	0.92	0	0.0118	1.7875
3P57	blue	amber_af	4	5.28	1.05	96.34	4.42	1.52	1	0.0121	1.8658
3P57	blue	amber_boltz	0	1.86	0.0	96.34	0.0	0.69	1	0.0119	1.8047
3P57	blue	amber_boltz	1	2.79	0.52	96.34	0.0	0.81	0	0.0118	1.7977
3P57	blue	amber_boltz	2	2.48	0.0	96.86	0.55	0.72	2	0.0119	1.8636
3P57	blue	amber_boltz	3	1.55	0.0	97.91	0.0	0.42	0	0.0121	1.841
3P57	blue	amber_boltz	4	3.72	0.0	96.86	0.55	0.85	0	0.0121	1.769
3PC8	blue	crystal	0	3.6	0.59	97.06	0.68	0.82	0	0.007	1.1257
3PC8	blue	af_relaxed	0	0.7	0.0	98.24	0.0	0.23	0	0.0121	1.6887
3PC8	blue	af_relaxed	1	2.1	0.0	98.82	0.64	0.48	0	0.012	1.6733
3PC8	blue	af_relaxed	2	2.45	0.0	98.82	0.64	0.53	0	0.0122	1.6846
3PC8	blue	af_relaxed	3	1.75	0.0	98.82	0.64	0.43	0	0.0122	1.6675
3PC8	blue	af_relaxed	4	1.05	0.0	98.82	1.92	0.52	0	0.0121	1.659
3PC8	blue	af_unrelaxed	0	22.03	0.59	98.24	2.56	1.65	0	0.0176	1.4397
3PC8	blue	af_unrelaxed	1	20.28	0.59	98.24	0.64	1.3	0	0.0165	1.431
3PC8	blue	af_unrelaxed	2	34.29	0.59	98.24	1.28	1.6	0	0.0238	1.4548
3PC8	blue	af_unrelaxed	3	19.93	0.0	98.24	0.64	1.3	0	0.0168	1.4397
3PC8	blue	af_unrelaxed	4	27.64	0.59	98.24	0.64	1.43	0	0.0272	1.4593
3PC8	blue	boltz	0	10.49	0.0	99.41	0.0	1.04	0	0.0103	1.0822
3PC8	blue	boltz	1	12.24	0.0	99.41	0.0	1.1	0	0.0102	1.0845
3PC8	blue	boltz	2	12.59	0.0	99.41	0.64	1.11	0	0.0153	1.0813
3PC8	blue	boltz	3	8.04	0.0	99.41	0.0	0.94	0	0.0103	1.0885
3PC8	blue	boltz	4	8.04	0.0	99.41	0.0	0.94	0	0.0099	1.0668
3PC8	blue	amber_af	0	1.4	0.0	98.82	1.92	0.59	0	0.0121	1.6609
3PC8	blue	amber_af	1	1.4	0.0	98.82	0.64	0.37	0	0.0121	1.6804
3PC8	blue	amber_af	2	2.1	0.0	98.82	0.64	0.48	0	0.0122	1.694
3PC8	blue	amber_af	3	1.05	0.0	98.82	0.64	0.31	0	0.0122	1.6689
3PC8	blue	amber_af	4	2.8	0.0	98.82	0.64	0.57	0	0.012	1.677
3PC8	blue	amber_boltz	0	0.35	0.0	98.24	0.0	0.13	0	0.0122	1.6617
3PC8	blue	amber_boltz	1	1.4	0.0	98.24	0.0	0.37	0	0.0123	1.6716
3PC8	blue	amber_boltz	2	1.05	0.0	98.82	0.0	0.31	0	0.0124	1.6754
3PC8	blue	amber_boltz	3	1.4	0.0	98.24	0.0	0.37	0	0.0124	1.7037
3PC8	blue	amber_boltz	4	0.35	0.0	98.24	0.0	0.13	0	0.0125	1.6628
3R9A	blue	af_relaxed	0	0.47	0.45	97.02	0.18	0.34	1	0.0118	1.6611
3R9A	blue	af_relaxed	1	1.33	0.3	97.17	1.07	0.53	0	0.0117	1.6677
3R9A	blue	af_relaxed	2	1.42	0.15	97.62	1.25	0.53	0	0.0116	1.6737
3R9A	blue	af_relaxed	3	1.52	0.3	97.02	0.18	0.56	1	0.0116	1.6639
3R9A	blue	af_relaxed	4	1.42	0.15	97.32	0.53	0.51	0	0.0116	1.6794
3R9A	blue	af_unrelaxed	0	18.15	0.3	97.92	3.74	1.71	0	0.0201	1.4797
3R9A	blue	af_unrelaxed	1	14.15	0.3	97.32	0.89	1.29	0	0.0182	1.46
3R9A	blue	af_unrelaxed	2	14.44	0.74	96.88	0.89	1.35	0	0.0201	1.487
3R9A	blue	af_unrelaxed	3	12.54	0.3	97.62	0.71	1.19	0	0.0165	1.3808
3R9A	blue	af_unrelaxed	4	14.06	0.3	97.62	1.78	1.43	0	0.0219	1.3638
3R9A	blue	boltz	0	10.07	0.0	98.07	0.36	1.02	0	0.0109	1.0255
3R9A	blue	boltz	1	11.78	0.3	97.92	0.18	1.11	0	0.0152	1.0367
3R9A	blue	boltz	2	12.35	0.0	98.07	0.0	1.1	0	0.0108	1.0298
3R9A	blue	boltz	3	11.59	0.0	98.21	0.18	1.08	0	0.0108	1.0335
3R9A	blue	boltz	4	10.64	0.15	98.21	0.18	1.05	0	0.0106	1.0345
3R9A	blue	amber_af	0	1.23	0.15	97.47	1.25	0.52	0	0.0116	1.6724
3R9A	blue	amber_af	1	1.23	0.3	97.02	0.53	0.51	2	0.0116	1.6692
3R9A	blue	amber_af	2	1.14	0.15	97.17	0.71	0.47	0	0.0116	1.6816
3R9A	blue	amber_af	3	0.66	0.45	97.02	0.0	0.39	2	0.0118	1.6796
3R9A	blue	amber_af	4	1.23	0.15	97.17	0.71	0.49	0	0.0117	1.6603
3R9A	blue	amber_boltz	0	0.57	0.0	98.07	0.0	0.19	0	0.0117	1.687
3R9A	blue	amber_boltz	1	1.8	0.15	97.62	0.18	0.52	0	0.0118	1.7283
3R9A	blue	amber_boltz	2	0.95	0.0	97.62	0.0	0.37	1	0.0117	1.7079
3R9A	blue	amber_boltz	3	0.85	0.0	98.21	0.0	0.26	0	0.0117	1.7107
3R9A	blue	amber_boltz	4	0.85	0.0	97.92	0.18	0.28	0	0.0118	1.6911
3RJQ	blue	crystal	0	26.23	0.99	91.6	7.48	2.57	0	0.0073	2.0694
3RJQ	blue	af_relaxed	0	6.06	1.45	94.7	1.66	1.36	1	0.0115	1.7984
3RJQ	blue	af_relaxed	1	6.21	1.45	93.73	2.21	1.52	2	0.0353	1.9679
3RJQ	blue	af_relaxed	2	9.63	1.2	94.94	1.38	1.46	2	0.0117	1.912
3RJQ	blue	af_relaxed	3	10.1	2.41	93.73	2.49	1.74	3	0.0118	1.8915
3RJQ	blue	af_relaxed	4	7.15	1.69	93.98	3.31	1.69	3	0.0126	2.0956
3RJQ	blue	af_unrelaxed	0	57.19	3.61	93.25	3.31	2.56	0	0.0264	2.4129
3RJQ	blue	af_unrelaxed	1	68.22	3.61	91.57	2.49	2.61	0	0.0265	2.5119
3RJQ	blue	af_unrelaxed	2	53.02	3.86	92.29	1.66	2.34	0	0.0237	2.2235
3RJQ	blue	af_unrelaxed	3	56.77	2.89	92.05	2.76	2.55	0	0.0329	2.4133
3RJQ	blue	af_unrelaxed	4	43.21	3.13	92.29	2.49	2.39	0	0.0261	2.1698
3RJQ	blue	boltz	0	34.8	0.0	97.83	0.0	1.56	0	0.0198	1.3301
3RJQ	blue	boltz	1	39.21	0.24	97.59	0.0	1.66	0	0.0318	1.3465
3RJQ	blue	boltz	2	43.69	0.0	97.83	0.0	1.66	0	0.0211	1.3829
3RJQ	blue	boltz	3	31.39	0.24	98.07	0.0	1.48	0	0.0194	1.2691
3RJQ	blue	boltz	4	36.52	0.0	97.35	0.0	1.67	0	0.0183	1.3962
3RJQ	blue	amber_af	0	8.39	0.96	94.7	2.49	1.62	2	0.0117	1.9266
3RJQ	blue	amber_af	1	9.94	2.17	94.22	2.76	1.75	3	0.0118	1.8942
3RJQ	blue	amber_af	2	6.52	1.45	93.73	1.93	1.49	2	0.0353	1.9671
3RJQ	blue	amber_af	3	12.74	2.89	93.98	2.49	1.82	6	0.0124	2.084
3RJQ	blue	amber_af	4	5.75	1.45	94.7	1.93	1.4	1	0.0115	1.7991
3RJQ	blue	amber_boltz	0	3.57	0.0	97.35	0.55	0.77	2	0.0115	1.7672
3RJQ	blue	amber_boltz	1	6.68	0.24	95.42	0.0	1.19	1	0.0118	1.8027
3RJQ	blue	amber_boltz	2	5.28	0.0	97.11	0.28	0.94	0	0.0118	1.8
3RJQ	blue	amber_boltz	3	4.51	0.48	97.11	0.0	0.89	0	0.0116	1.748
3RJQ	blue	amber_boltz	4	4.82	0.24	96.14	0.83	1.01	3	0.0117	1.7934
3RVW	blue	crystal	0	3.42	0.16	96.73	3.03	1.2	1	0.0188	1.5567
3RVW	blue	af_relaxed	0	2.8	0.62	96.43	0.71	0.8	0	0.0115	1.7263
3RVW	blue	af_relaxed	1	0.9	0.16	95.97	0.88	0.55	3	0.012	1.819
3RVW	blue	af_relaxed	2	7.59	0.62	95.81	1.59	1.36	6	0.0117	1.8562
3RVW	blue	af_relaxed	3	4.0	0.31	97.05	3.0	1.21	1	0.0114	1.7417
3RVW	blue	af_relaxed	4	6.09	0.16	96.28	2.12	1.33	5	0.0116	1.8262
3RVW	blue	af_unrelaxed	0	29.32	0.16	96.74	4.23	2.13	0	0.0219	1.805
3RVW	blue	af_unrelaxed	1	43.94	1.09	96.74	0.71	1.82	0	0.0254	1.979
3RVW	blue	af_unrelaxed	2	29.81	0.31	96.9	1.06	1.66	0	0.0247	1.7804
3RVW	blue	af_unrelaxed	3	34.31	0.78	97.05	0.71	1.68	0	0.0207	2.143
3RVW	blue	af_unrelaxed	4	31.24	0.47	96.9	0.53	1.67	0	0.0292	1.8829
3RVW	blue	boltz	0	16.19	0.31	97.83	0.18	1.25	0	0.0119	1.1649
3RVW	blue	boltz	1	19.89	0.47	97.83	0.18	1.33	0	0.012	1.1915
3RVW	blue	boltz	2	14.19	0.31	98.14	0.18	1.16	0	0.0114	1.2045
3RVW	blue	boltz	3	17.39	0.31	97.98	0.18	1.24	0	0.0115	1.1759
3RVW	blue	boltz	4	14.19	0.31	97.98	0.35	1.16	0	0.0117	1.1794
3RVW	blue	amber_af	0	4.2	0.16	97.05	2.47	1.17	2	0.0113	1.7496
3RVW	blue	amber_af	1	7.49	0.62	95.97	1.94	1.41	6	0.0117	1.8525
3RVW	blue	amber_af	2	2.6	0.62	96.43	0.71	0.78	0	0.0115	1.7243
3RVW	blue	amber_af	3	4.3	0.47	96.9	1.06	0.91	3	0.0117	1.806
3RVW	blue	amber_af	4	6.29	0.31	96.12	1.94	1.33	4	0.0117	1.8289
3RVW	blue	amber_boltz	0	2.0	0.0	97.83	0.35	0.51	0	0.0116	1.6812
3RVW	blue	amber_boltz	1	2.9	0.16	97.05	0.0	0.75	0	0.0116	1.7124
3RVW	blue	amber_boltz	2	2.2	0.0	97.36	0.18	0.62	1	0.0118	1.7079
3RVW	blue	amber_boltz	3	2.0	0.0	97.36	0.35	0.59	0	0.0117	1.6938
3RVW	blue	amber_boltz	4	1.4	0.0	97.36	0.18	0.5	0	0.0116	1.6961
3S9D	blue	crystal	0	2.87	0.0	99.65	2.54	0.88	1	0.0157	1.3633
3S9D	blue	af_relaxed	0	3.01	0.66	97.68	0.7	0.66	0	0.0116	1.671
3S9D	blue	af_relaxed	1	3.21	0.0	98.68	0.7	0.61	0	0.0116	1.6751
3S9D	blue	af_relaxed	2	5.82	0.33	96.36	1.4	1.17	1	0.0116	1.6888
3S9D	blue	af_relaxed	3	4.01	0.0	98.68	1.05	0.7	0	0.0116	1.6763
3S9D	blue	af_relaxed	4	5.62	0.0	97.02	2.45	1.27	0	0.0115	1.7027
3S9D	blue	af_unrelaxed	0	40.34	0.99	95.7	2.45	2.18	0	0.0222	1.8296
3S9D	blue	af_unrelaxed	1	39.34	0.66	94.7	2.1	2.18	0	0.0216	1.7745
3S9D	blue	af_unrelaxed	2	26.68	1.32	96.03	1.4	1.8	0	0.024	1.6924
3S9D	blue	af_unrelaxed	3	35.31	0.66	97.35	2.1	1.9	0	0.0245	1.6976
3S9D	blue	af_unrelaxed	4	35.71	0.66	96.69	2.1	1.99	0	0.0271	1.6855
3S9D	blue	boltz	0	18.88	0.33	98.34	0.35	1.27	0	0.0153	1.1841
3S9D	blue	boltz	1	14.86	0.33	98.68	0.7	1.18	0	0.0147	1.1751
3S9D	blue	boltz	2	19.27	0.33	98.68	0.0	1.28	0	0.0166	1.186
3S9D	blue	boltz	3	19.88	0.0	99.34	0.7	1.29	0	0.0152	1.1817
3S9D	blue	boltz	4	18.07	0.0	98.68	0.35	1.26	0	0.0145	1.1525
3S9D	blue	amber_af	0	5.42	0.0	97.02	1.75	1.15	0	0.0115	1.7115
3S9D	blue	amber_af	1	5.62	0.33	96.36	1.05	1.06	1	0.0117	1.688
3S9D	blue	amber_af	2	3.41	0.66	97.68	0.7	0.7	0	0.0116	1.6713
3S9D	blue	amber_af	3	4.42	0.0	98.68	1.05	0.74	0	0.0117	1.6804
3S9D	blue	amber_af	4	3.41	0.0	99.01	0.7	0.63	0	0.0117	1.6692
3S9D	blue	amber_boltz	0	2.01	0.0	98.34	0.35	0.47	0	0.0117	1.6627
3S9D	blue	amber_boltz	1	1.0	0.0	98.34	1.05	0.31	0	0.0117	1.6745
3S9D	blue	amber_boltz	2	2.01	0.33	97.68	0.0	0.54	0	0.0118	1.6787
3S9D	blue	amber_boltz	3	2.41	0.0	99.01	0.0	0.52	0	0.0119	1.6669
3S9D	blue	amber_boltz	4	1.4	0.0	98.68	0.7	0.37	0	0.0117	1.6811
3SE8	blue	crystal	0	4.94	0.0	96.87	0.73	0.95	0	0.0078	1.2943
3SE8	blue	af_relaxed	0	1.76	0.13	97.67	1.17	0.56	0	0.0116	1.6913
3SE8	blue	af_relaxed	1	2.51	0.13	97.15	0.29	0.69	2	0.0115	1.702
3SE8	blue	af_relaxed	2	1.92	0.13	97.15	0.29	0.61	2	0.0117	1.7163
3SE8	blue	af_relaxed	3	1.76	0.13	97.28	0.88	0.57	3	0.0115	1.7274
3SE8	blue	af_relaxed	4	1.17	0.13	97.28	0.15	0.47	1	0.0116	1.6798
3SE8	blue	af_unrelaxed	0	19.08	0.13	98.06	3.23	1.66	0	0.0217	1.6917
3SE8	blue	af_unrelaxed	1	20.24	0.13	97.93	0.29	1.32	0	0.0228	1.6775
3SE8	blue	af_unrelaxed	2	20.16	0.52	97.28	0.29	1.44	0	0.021	1.8543
3SE8	blue	af_unrelaxed	3	19.07	0.26	97.28	0.15	1.41	0	0.022	1.6213
3SE8	blue	af_unrelaxed	4	19.07	0.39	97.67	0.88	1.35	0	0.0233	1.6793
3SE8	blue	boltz	0	12.8	0.26	97.67	0.15	1.19	0	0.015	1.3096
3SE8	blue	boltz	1	11.88	0.13	97.93	0.15	1.11	0	0.016	1.39
3SE8	blue	boltz	2	11.88	0.13	98.19	0.0	1.09	0	0.0168	1.3185
3SE8	blue	boltz	3	11.63	0.0	97.93	0.15	1.1	0	0.016	1.214
3SE8	blue	boltz	4	12.38	0.39	97.8	0.15	1.15	0	0.02	1.3211
3SE8	blue	amber_af	0	2.09	0.13	97.93	1.32	0.59	1	0.0115	1.6916
3SE8	blue	amber_af	1	0.92	0.13	97.41	0.0	0.39	1	0.0117	1.6854
3SE8	blue	amber_af	2	2.51	0.13	97.28	0.29	0.67	2	0.0115	1.7051
3SE8	blue	amber_af	3	1.76	0.13	97.15	0.44	0.59	3	0.0117	1.7175
3SE8	blue	amber_af	4	1.67	0.13	96.9	0.73	0.6	3	0.0115	1.7242
3SE8	blue	amber_boltz	0	1.25	0.13	97.93	0.15	0.36	0	0.0116	1.6747
3SE8	blue	amber_boltz	1	0.84	0.0	97.93	0.29	0.28	1	0.0117	1.6787
3SE8	blue	amber_boltz	2	1.34	0.0	97.93	0.29	0.38	0	0.0117	1.6772
3SE8	blue	amber_boltz	3	0.92	0.13	97.93	0.0	0.29	1	0.0116	1.6721
3SE8	blue	amber_boltz	4	1.92	0.26	97.67	0.15	0.53	0	0.0115	1.7032
3SGQ	blue	crystal	0	8.57	0.0	96.54	4.4	1.68	12	0.0236	2.6103
3SGQ	blue	af_relaxed	0	0.0	0.0	95.67	0.0	0.3	0	0.0114	1.7002
3SGQ	blue	af_relaxed	1	0.31	0.0	95.67	0.0	0.41	0	0.0114	1.7083
3SGQ	blue	af_relaxed	2	0.61	0.0	96.1	0.0	0.47	0	0.0113	1.6983
3SGQ	blue	af_relaxed	3	0.31	0.0	96.54	0.0	0.34	0	0.0113	1.7004
3SGQ	blue	af_relaxed	4	0.31	0.0	96.54	0.0	0.34	0	0.0113	1.6915
3SGQ	blue	af_unrelaxed	0	7.04	0.0	95.24	0.55	1.22	0	0.0202	1.5462
3SGQ	blue	af_unrelaxed	1	5.51	0.0	96.1	0.0	1.06	0	0.0193	1.5953
3SGQ	blue	af_unrelaxed	2	7.04	0.0	96.1	0.0	1.15	0	0.02	1.589
3SGQ	blue	af_unrelaxed	3	7.65	0.0	95.67	0.0	1.22	0	0.0186	1.6011
3SGQ	blue	af_unrelaxed	4	5.82	0.0	96.54	0.0	1.04	0	0.0218	1.611
3SGQ	blue	boltz	0	4.59	0.0	97.4	0.55	0.85	0	0.0136	1.2749
3SGQ	blue	boltz	1	4.29	0.0	97.4	0.0	0.83	0	0.0133	1.2723
3SGQ	blue	boltz	2	3.06	0.0	97.4	0.0	0.71	0	0.0133	1.2526
3SGQ	blue	boltz	3	3.37	0.0	97.4	0.0	0.75	0	0.0138	1.2617
3SGQ	blue	boltz	4	2.75	0.0	97.4	0.0	0.68	0	0.0131	1.2861
3SGQ	blue	amber_af	0	0.31	0.0	96.1	0.0	0.38	0	0.0113	1.6943
3SGQ	blue	amber_af	1	0.61	0.0	96.54	0.0	0.43	0	0.0113	1.6907
3SGQ	blue	amber_af	2	0.31	0.0	95.67	0.0	0.41	0	0.0114	1.7124
3SGQ	blue	amber_af	3	0.31	0.0	96.1	0.0	0.38	0	0.0114	1.7109
3SGQ	blue	amber_af	4	0.61	0.0	96.54	0.0	0.43	0	0.0113	1.6989
3SGQ	blue	amber_boltz	0	0.31	0.0	96.54	0.0	0.34	0	0.0116	1.7124
3SGQ	blue	amber_boltz	1	0.31	0.0	96.54	0.55	0.34	0	0.0115	1.7314
3SGQ	blue	amber_boltz	2	0.31	0.0	96.54	0.0	0.34	0	0.0116	1.704
3SGQ	blue	amber_boltz	3	0.61	0.0	96.54	0.0	0.43	0	0.0115	1.7093
3SGQ	blue	amber_boltz	4	0.31	0.0	96.54	0.0	0.34	0	0.0117	1.707
3SZK	blue	crystal	0	5.64	0.0	93.18	0.6	1.25	0	0.0077	1.1157
3SZK	blue	af_relaxed	0	3.51	0.5	95.98	0.59	0.92	0	0.0119	1.7254
3SZK	blue	af_relaxed	1	3.51	0.0	95.98	1.76	1.11	2	0.012	1.7959
3SZK	blue	af_relaxed	2	5.58	1.01	96.73	0.88	1.01	2	0.0122	1.8267
3SZK	blue	af_relaxed	3	6.54	1.51	93.47	1.76	1.48	2	0.033	2.0336
3SZK	blue	af_relaxed	4	6.22	1.01	96.23	2.65	1.42	3	0.0119	1.8669
3SZK	blue	af_unrelaxed	0	30.2	1.01	97.49	3.53	1.99	0	0.0298	1.9046
3SZK	blue	af_unrelaxed	1	34.17	0.5	97.24	1.18	1.71	0	0.0211	1.7789
3SZK	blue	af_unrelaxed	2	20.29	0.5	97.74	0.0	1.36	0	0.0206	1.6599
3SZK	blue	af_unrelaxed	3	21.55	0.75	97.24	1.47	1.6	0	0.02	1.5138
3SZK	blue	af_unrelaxed	4	41.38	0.5	96.98	5.0	2.3	0	0.0273	1.7678
3SZK	blue	boltz	0	17.88	0.25	97.74	0.0	1.31	0	0.0103	1.0447
3SZK	blue	boltz	1	19.95	0.25	98.24	0.0	1.3	0	0.0106	1.0318
3SZK	blue	boltz	2	19.15	0.25	98.49	0.0	1.28	0	0.0107	1.0579
3SZK	blue	boltz	3	18.52	0.5	98.24	0.0	1.27	0	0.0104	1.0418
3SZK	blue	boltz	4	22.83	0.25	98.74	0.0	1.35	0	0.0189	1.0632
3SZK	blue	amber_af	0	6.38	1.51	92.96	2.35	1.58	2	0.0329	2.0309
3SZK	blue	amber_af	1	5.26	1.01	96.48	0.88	1.01	2	0.0122	1.8253
3SZK	blue	amber_af	2	3.51	0.5	95.73	0.0	0.94	0	0.0119	1.7224
3SZK	blue	amber_af	3	3.83	0.25	95.73	1.47	1.09	3	0.0121	1.82
3SZK	blue	amber_af	4	2.23	0.0	95.98	0.88	0.78	1	0.0126	1.9258
3SZK	blue	amber_boltz	0	1.91	0.25	97.49	0.0	0.56	0	0.0123	1.7568
3SZK	blue	amber_boltz	1	1.6	0.25	97.99	0.0	0.41	0	0.0122	1.7587
3SZK	blue	amber_boltz	2	2.71	0.5	97.49	0.29	0.66	0	0.0125	1.7893
3SZK	blue	amber_boltz	3	1.44	0.25	96.98	0.0	0.55	0	0.0125	1.8139
3SZK	blue	amber_boltz	4	2.55	0.5	97.49	0.29	0.64	1	0.0122	1.8022
3U7Y	blue	crystal	0	11.29	0.66	95.11	4.18	1.88	0	0.0068	1.4407
3U7Y	blue	af_relaxed	0	1.19	0.0	97.9	0.6	0.36	0	0.0117	1.6795
3U7Y	blue	af_relaxed	1	1.36	0.0	97.9	0.45	0.39	1	0.0117	1.6736
3U7Y	blue	af_relaxed	2	1.1	0.13	97.77	0.45	0.37	0	0.0117	1.6637
3U7Y	blue	af_relaxed	3	1.44	0.0	97.64	0.45	0.46	0	0.0116	1.666
3U7Y	blue	af_relaxed	4	1.1	0.0	98.03	1.19	0.38	0	0.0116	1.6695
3U7Y	blue	af_unrelaxed	0	17.31	0.13	98.56	3.43	1.65	0	0.0203	1.703
3U7Y	blue	af_unrelaxed	1	15.1	0.13	98.3	0.6	1.18	0	0.0206	1.8291
3U7Y	blue	af_unrelaxed	2	18.66	0.26	98.43	0.45	1.27	0	0.0209	1.6433
3U7Y	blue	af_unrelaxed	3	16.71	0.13	98.3	0.9	1.22	0	0.0233	1.7481
3U7Y	blue	af_unrelaxed	4	15.78	0.13	97.9	0.75	1.22	0	0.0253	1.6081
3U7Y	blue	boltz	0	11.28	0.0	98.69	0.45	1.07	0	0.0148	1.3188
3U7Y	blue	boltz	1	11.28	0.0	98.17	0.15	1.07	0	0.0147	1.1904
3U7Y	blue	boltz	2	10.26	0.0	98.3	0.15	1.03	0	0.0167	1.3294
3U7Y	blue	boltz	3	13.15	0.0	98.17	0.45	1.13	0	0.017	1.302
3U7Y	blue	boltz	4	10.86	0.0	98.17	0.3	1.05	0	0.0134	1.2655
3U7Y	blue	amber_af	0	1.1	0.0	98.03	1.19	0.38	0	0.0116	1.6689
3U7Y	blue	amber_af	1	1.02	0.0	97.77	0.3	0.35	0	0.0117	1.67
3U7Y	blue	amber_af	2	1.44	0.0	98.03	0.6	0.38	1	0.0117	1.6687
3U7Y	blue	amber_af	3	1.19	0.0	98.03	0.45	0.33	0	0.0117	1.6796
3U7Y	blue	amber_af	4	1.19	0.0	97.51	0.45	0.43	0	0.0116	1.6711
3U7Y	blue	amber_boltz	0	1.02	0.0	98.56	0.3	0.3	0	0.0116	1.6795
3U7Y	blue	amber_boltz	1	0.76	0.0	98.03	0.0	0.24	0	0.0116	1.6669
3U7Y	blue	amber_boltz	2	0.51	0.0	97.9	0.0	0.2	0	0.0117	1.6845
3U7Y	blue	amber_boltz	3	0.93	0.0	98.03	0.15	0.28	0	0.0116	1.6828
3U7Y	blue	amber_boltz	4	0.42	0.0	98.17	0.0	0.15	0	0.0116	1.6776
3V6Z	blue	crystal	0	8.29	0.17	95.34	10.12	2.04	13	0.0117	1.8571
3V6Z	blue	af_relaxed	0	4.14	0.0	98.28	0.97	0.7	0	0.0114	1.7283
3V6Z	blue	af_relaxed	1	2.58	0.52	98.11	2.14	0.79	4	0.0121	1.8661
3V6Z	blue	af_relaxed	2	4.48	0.69	98.11	0.97	0.72	1	0.0115	1.7507
3V6Z	blue	af_relaxed	3	4.25	0.0	97.94	0.58	0.72	2	0.0115	1.7621
3V6Z	blue	af_relaxed	4	5.82	0.34	96.56	2.53	1.35	4	0.0283	1.9763
3V6Z	blue	af_unrelaxed	0	33.17	0.69	96.56	3.11	2.1	0	0.0309	2.0207
3V6Z	blue	af_unrelaxed	1	30.48	0.52	96.91	1.56	1.8	0	0.0296	2.1585
3V6Z	blue	af_unrelaxed	2	31.93	0.52	97.08	0.78	1.65	0	0.0294	1.9998
3V6Z	blue	af_unrelaxed	3	28.46	0.52	97.94	2.53	1.76	0	0.0249	2.0173
3V6Z	blue	af_unrelaxed	4	56.05	0.86	96.74	2.33	2.21	0	0.0345	2.1821
3V6Z	blue	boltz	0	16.35	0.34	98.45	0.78	1.22	0	0.0138	1.2803
3V6Z	blue	boltz	1	14.67	0.34	98.11	0.39	1.17	0	0.0174	1.2018
3V6Z	blue	boltz	2	12.54	0.17	98.63	0.78	1.11	0	0.0134	1.276
3V6Z	blue	boltz	3	18.37	0.17	98.28	0.0	1.26	0	0.0179	1.1824
3V6Z	blue	boltz	4	15.79	0.17	98.63	0.58	1.2	0	0.0144	1.1906
3V6Z	blue	amber_af	0	6.61	0.69	97.59	2.33	1.23	1	0.0116	1.8237
3V6Z	blue	amber_af	1	4.81	0.34	97.77	0.78	0.8	2	0.0115	1.7683
3V6Z	blue	amber_af	2	3.69	0.0	98.28	0.97	0.66	0	0.0114	1.7199
3V6Z	blue	amber_af	3	5.37	0.86	97.94	0.97	0.8	1	0.0115	1.7669
3V6Z	blue	amber_af	4	7.05	0.52	96.74	1.75	1.28	4	0.0283	1.9855
3V6Z	blue	amber_boltz	0	1.79	0.34	98.45	0.97	0.44	0	0.0116	1.6768
3V6Z	blue	amber_boltz	1	2.46	0.69	97.77	0.78	0.58	0	0.0115	1.6796
3V6Z	blue	amber_boltz	2	1.46	0.17	98.63	0.78	0.38	0	0.0116	1.672
3V6Z	blue	amber_boltz	3	2.13	0.34	97.77	0.58	0.54	0	0.0115	1.6804
3V6Z	blue	amber_boltz	4	1.79	0.17	98.11	0.97	0.44	0	0.0117	1.6782
3VLB	blue	crystal	0	14.62	0.81	93.65	3.43	2.0	0	0.0154	1.6821
3VLB	blue	af_relaxed	0	1.32	0.0	97.41	0.95	0.47	0	0.0113	1.673
3VLB	blue	af_relaxed	1	0.55	0.0	97.09	0.95	0.35	0	0.0112	1.6604
3VLB	blue	af_relaxed	2	1.1	0.0	97.41	0.76	0.43	0	0.0112	1.6752
3VLB	blue	af_relaxed	3	1.1	0.0	97.41	1.33	0.53	2	0.0112	1.6773
3VLB	blue	af_relaxed	4	1.21	0.0	96.93	0.19	0.52	1	0.0113	1.6754
3VLB	blue	af_unrelaxed	0	14.29	0.32	97.9	2.29	1.46	0	0.0229	2.1433
3VLB	blue	af_unrelaxed	1	13.74	0.49	97.25	0.57	1.29	0	0.0184	1.8494
3VLB	blue	af_unrelaxed	2	16.27	0.32	97.41	0.95	1.33	0	0.0203	1.8745
3VLB	blue	af_unrelaxed	3	16.48	0.32	97.9	1.33	1.34	0	0.0244	1.7601
3VLB	blue	af_unrelaxed	4	16.71	0.49	97.9	1.14	1.29	0	0.0245	1.9732
3VLB	blue	boltz	0	9.89	0.32	97.9	0.38	1.04	0	0.0143	1.3881
3VLB	blue	boltz	1	11.54	0.49	97.73	0.19	1.14	0	0.013	1.2694
3VLB	blue	boltz	2	12.08	0.49	97.73	0.19	1.15	0	0.023	1.4479
3VLB	blue	boltz	3	9.56	0.49	97.57	0.38	1.09	0	0.0193	1.3064
3VLB	blue	boltz	4	9.89	0.49	97.9	0.19	1.04	0	0.0189	1.4987
3VLB	blue	amber_af	0	1.1	0.0	97.09	1.33	0.57	2	0.0112	1.6795
3VLB	blue	amber_af	1	1.21	0.0	96.93	0.19	0.52	2	0.0113	1.6754
3VLB	blue	amber_af	2	1.32	0.0	97.25	0.95	0.5	0	0.0112	1.6719
3VLB	blue	amber_af	3	1.1	0.0	97.41	0.57	0.43	0	0.0112	1.6747
3VLB	blue	amber_af	4	1.1	0.0	96.93	0.95	0.5	0	0.0112	1.6666
3VLB	blue	amber_boltz	0	0.55	0.16	97.25	0.57	0.33	2	0.0112	1.6891
3VLB	blue	amber_boltz	1	0.66	0.16	97.09	0.38	0.38	3	0.0109	1.6863
3VLB	blue	amber_boltz	2	0.22	0.16	97.09	0.38	0.25	2	0.0112	1.6808
3VLB	blue	amber_boltz	3	0.22	0.16	96.93	0.19	0.27	2	0.0111	1.677
3VLB	blue	amber_boltz	4	1.21	0.32	97.09	0.19	0.5	1	0.0112	1.689
3WD5	blue	crystal	0	13.43	4.3	89.78	14.34	2.57	7	0.0257	2.2639
3WD5	blue	af_relaxed	0	4.25	0.18	97.0	1.02	0.89	2	0.0112	1.731
3WD5	blue	af_relaxed	1	1.95	0.53	97.35	0.82	0.59	0	0.011	1.6643
3WD5	blue	af_relaxed	2	1.72	0.53	97.53	1.02	0.53	0	0.011	1.6925
3WD5	blue	af_relaxed	3	1.84	0.18	97.17	1.43	0.71	0	0.0109	1.669
3WD5	blue	af_relaxed	4	4.36	0.18	96.64	1.43	1.05	1	0.0112	1.7495
3WD5	blue	af_unrelaxed	0	22.64	0.88	97.53	2.87	1.79	0	0.0226	1.9089
3WD5	blue	af_unrelaxed	1	19.53	0.71	97.35	1.02	1.42	0	0.018	1.8976
3WD5	blue	af_unrelaxed	2	19.43	0.88	97.0	1.43	1.58	0	0.0227	1.8087
3WD5	blue	af_unrelaxed	3	25.64	0.35	96.82	1.02	1.6	0	0.021	1.7644
3WD5	blue	af_unrelaxed	4	22.98	0.88	97.17	1.02	1.51	0	0.0222	1.8122
3WD5	blue	boltz	0	10.57	0.0	98.41	0.0	1.04	0	0.0111	1.1661
3WD5	blue	boltz	1	15.98	0.0	98.41	0.0	1.21	0	0.0111	1.1653
3WD5	blue	boltz	2	10.46	0.18	97.88	0.0	1.07	0	0.013	1.1907
3WD5	blue	boltz	3	11.38	0.0	98.06	0.0	1.07	0	0.0111	1.1489
3WD5	blue	boltz	4	12.64	0.0	97.88	0.41	1.14	0	0.0109	1.1535
3WD5	blue	amber_af	0	1.95	0.18	97.17	1.43	0.73	0	0.011	1.6741
3WD5	blue	amber_af	1	1.95	0.35	97.35	1.02	0.59	0	0.011	1.6704
3WD5	blue	amber_af	2	4.14	0.35	97.0	1.43	0.99	2	0.0112	1.7219
3WD5	blue	amber_af	3	4.94	0.18	96.47	1.23	1.06	1	0.0112	1.7425
3WD5	blue	amber_af	4	2.07	0.35	97.53	0.82	0.57	0	0.011	1.6866
3WD5	blue	amber_boltz	0	1.26	0.35	96.82	0.82	0.54	0	0.0113	1.6807
3WD5	blue	amber_boltz	1	2.3	0.35	97.35	0.2	0.63	1	0.0113	1.7125
3WD5	blue	amber_boltz	2	1.15	0.71	96.11	0.41	0.59	5	0.0122	1.8024
3WD5	blue	amber_boltz	3	1.38	0.0	97.88	0.2	0.4	0	0.0112	1.6881
3WD5	blue	amber_boltz	4	1.38	0.0	97.53	0.2	0.47	0	0.0113	1.6865
4CPA	blue	crystal	0	43.94	3.24	87.02	23.89	3.29	41	0.0263	4.7268
4CPA	blue	af_relaxed	0	1.32	0.29	96.46	0.68	0.59	1	0.0122	1.7031
4CPA	blue	af_relaxed	1	1.7	0.29	96.46	0.0	0.66	0	0.0122	1.6842
4CPA	blue	af_relaxed	2	1.13	0.29	96.46	0.0	0.56	0	0.0121	1.6786
4CPA	blue	af_relaxed	3	2.26	0.59	95.87	0.34	0.79	0	0.0122	1.6976
4CPA	blue	af_relaxed	4	1.32	0.29	95.87	0.0	0.64	0	0.0121	1.6902
4CPA	blue	af_unrelaxed	0	15.28	0.29	97.05	2.05	1.59	0	0.0182	1.5098
4CPA	blue	af_unrelaxed	1	13.2	0.29	96.46	0.34	1.36	0	0.0171	1.5794
4CPA	blue	af_unrelaxed	2	12.82	0.29	96.76	0.0	1.32	0	0.0181	1.489
4CPA	blue	af_unrelaxed	3	14.51	0.29	96.76	0.0	1.37	0	0.0182	1.5194
4CPA	blue	af_unrelaxed	4	14.33	0.29	96.76	0.34	1.37	0	0.0232	1.5726
4CPA	blue	boltz	0	9.05	0.29	97.05	2.05	1.39	0	0.015	1.2618
4CPA	blue	boltz	1	8.86	0.29	97.35	1.71	1.28	0	0.0154	1.2528
4CPA	blue	boltz	2	6.41	0.29	97.05	1.02	1.03	0	0.0142	1.2443
4CPA	blue	boltz	3	5.47	0.29	97.35	2.05	1.16	0	0.0152	1.2865
4CPA	blue	boltz	4	4.15	0.29	97.64	2.05	1.01	0	0.0139	1.2622
4CPA	blue	amber_af	0	0.94	0.29	96.17	0.68	0.54	1	0.0123	1.6939
4CPA	blue	amber_af	1	1.7	0.29	95.87	0.0	0.71	0	0.0122	1.6921
4CPA	blue	amber_af	2	1.51	0.29	96.46	0.0	0.62	0	0.0122	1.6822
4CPA	blue	amber_af	3	2.07	0.59	95.87	0.34	0.76	0	0.0122	1.6946
4CPA	blue	amber_af	4	1.51	0.29	96.46	0.0	0.62	0	0.012	1.6854
4CPA	blue	amber_boltz	0	0.75	0.29	95.87	2.05	0.76	0	0.0121	1.7386
4CPA	blue	amber_boltz	1	0.94	0.29	96.17	1.37	0.65	0	0.0119	1.7346
4CPA	blue	amber_boltz	2	0.75	0.29	96.76	0.68	0.44	0	0.0122	1.7275
4CPA	blue	amber_boltz	3	0.75	0.29	96.76	1.02	0.45	0	0.0122	1.7341
4CPA	blue	amber_boltz	4	0.75	0.29	96.76	1.71	0.62	0	0.0124	1.7321
4DN4	blue	crystal	0	3.68	0.42	94.58	3.61	1.45	1	0.0081	1.2943
4DN4	blue	af_relaxed	0	1.22	0.21	97.93	0.48	0.36	0	0.0113	1.6368
4DN4	blue	af_relaxed	1	0.95	0.62	97.93	0.48	0.3	0	0.0112	1.6461
4DN4	blue	af_relaxed	2	1.49	0.21	98.13	0.48	0.39	0	0.0113	1.6435
4DN4	blue	af_relaxed	3	1.08	0.21	97.93	0.24	0.33	0	0.0112	1.6603
4DN4	blue	af_relaxed	4	0.81	0.62	97.72	0.48	0.32	0	0.0113	1.6675
4DN4	blue	af_unrelaxed	0	16.24	0.0	98.34	0.48	1.21	0	0.0203	1.6123
4DN4	blue	af_unrelaxed	1	18.14	0.0	97.72	0.0	1.32	0	0.0186	1.6402
4DN4	blue	af_unrelaxed	2	17.86	0.0	97.93	0.48	1.27	0	0.0193	1.5447
4DN4	blue	af_unrelaxed	3	18.01	0.0	97.72	0.24	1.32	0	0.0195	1.5761
4DN4	blue	af_unrelaxed	4	16.38	0.0	97.93	0.48	1.23	0	0.0217	1.5806
4DN4	blue	boltz	0	3.93	0.0	99.17	0.0	0.68	0	0.0107	1.1309
4DN4	blue	boltz	1	4.2	0.0	99.17	0.48	0.7	0	0.0102	1.1252
4DN4	blue	boltz	2	4.33	0.0	98.55	0.24	0.71	0	0.0107	1.1291
4DN4	blue	boltz	3	5.96	0.0	98.96	0.24	0.83	0	0.0118	1.1259
4DN4	blue	boltz	4	4.6	0.0	98.76	0.0	0.73	0	0.0108	1.1471
4DN4	blue	amber_af	0	1.35	0.41	97.72	0.48	0.43	0	0.0112	1.6425
4DN4	blue	amber_af	1	0.81	0.21	97.93	0.48	0.27	0	0.0112	1.6598
4DN4	blue	amber_af	2	1.62	0.21	98.13	0.48	0.41	0	0.0113	1.6413
4DN4	blue	amber_af	3	1.08	0.21	97.93	0.95	0.33	0	0.0113	1.6394
4DN4	blue	amber_af	4	0.81	0.62	97.72	0.24	0.32	0	0.0113	1.6569
4DN4	blue	amber_boltz	0	0.27	0.21	98.55	0.0	0.1	0	0.0116	1.6515
4DN4	blue	amber_boltz	1	0.68	0.21	98.34	0.24	0.22	0	0.0115	1.6574
4DN4	blue	amber_boltz	2	0.81	0.21	98.76	0.24	0.25	0	0.0116	1.6654
4DN4	blue	amber_boltz	3	0.54	0.21	98.13	0.0	0.18	0	0.0114	1.6462
4DN4	blue	amber_boltz	4	0.81	0.21	98.55	0.24	0.25	0	0.0116	1.655
4DW2	blue	crystal	0	103.93	1.91	89.47	24.82	3.61	10	0.0166	2.0482
4DW2	blue	af_relaxed	0	6.78	0.63	96.4	1.77	1.3	3	0.0116	1.7996
4DW2	blue	af_relaxed	1	8.6	0.16	96.71	2.66	1.49	7	0.0117	1.8645
4DW2	blue	af_relaxed	2	5.06	0.47	97.03	2.13	1.19	1	0.0114	1.7429
4DW2	blue	af_relaxed	3	5.36	0.63	96.56	1.6	1.17	2	0.0294	1.8986
4DW2	blue	af_relaxed	4	5.47	1.1	95.15	2.48	1.43	3	0.0123	1.9963
4DW2	blue	af_unrelaxed	0	36.18	0.16	97.18	3.72	2.12	0	0.0302	1.8805
4DW2	blue	af_unrelaxed	1	42.8	0.16	97.49	0.89	1.71	0	0.0313	1.877
4DW2	blue	af_unrelaxed	2	27.26	0.16	97.34	1.24	1.62	0	0.0279	1.8112
4DW2	blue	af_unrelaxed	3	30.29	0.16	97.18	1.42	1.73	0	0.0245	1.8791
4DW2	blue	af_unrelaxed	4	30.49	0.31	97.65	1.6	1.7	0	0.028	1.7974
4DW2	blue	boltz	0	18.33	0.16	97.81	0.89	1.31	0	0.0128	1.2302
4DW2	blue	boltz	1	14.28	0.47	97.81	0.35	1.21	0	0.013	1.2609
4DW2	blue	boltz	2	12.65	0.16	98.12	0.71	1.11	0	0.0128	1.2797
4DW2	blue	boltz	3	13.97	0.0	98.28	0.89	1.15	0	0.0131	1.2636
4DW2	blue	boltz	4	14.68	0.16	98.28	1.24	1.24	0	0.0127	1.2607
4DW2	blue	amber_af	0	4.96	0.63	96.24	1.6	1.17	2	0.0294	1.9186
4DW2	blue	amber_af	1	5.26	0.94	95.15	2.66	1.44	3	0.0124	1.9995
4DW2	blue	amber_af	2	6.48	0.47	96.56	1.77	1.27	3	0.0116	1.7959
4DW2	blue	amber_af	3	5.06	0.47	97.03	1.77	1.13	1	0.0114	1.7391
4DW2	blue	amber_af	4	7.29	0.16	96.4	2.84	1.48	8	0.0118	1.8607
4DW2	blue	amber_boltz	0	1.62	0.0	96.71	0.71	0.62	0	0.0114	1.7026
4DW2	blue	amber_boltz	1	2.02	0.31	96.4	0.53	0.71	1	0.0115	1.7041
4DW2	blue	amber_boltz	2	1.82	0.47	97.65	1.42	0.63	1	0.0115	1.7072
4DW2	blue	amber_boltz	3	1.11	0.16	97.81	0.89	0.36	1	0.0115	1.6885
4DW2	blue	amber_boltz	4	1.01	0.0	97.5	1.42	0.52	1	0.0115	1.7131
4ETQ	blue	crystal	0	2.62	0.31	96.57	1.41	0.88	0	0.0093	1.274
4ETQ	blue	af_relaxed	0	4.65	0.46	97.06	0.68	0.9	2	0.0115	1.6979
4ETQ	blue	af_relaxed	1	3.46	0.15	97.06	1.03	0.81	1	0.0114	1.7197
4ETQ	blue	af_relaxed	2	3.76	0.31	96.75	0.51	0.87	2	0.0115	1.7216
4ETQ	blue	af_relaxed	3	5.24	0.15	97.06	0.34	0.95	1	0.0114	1.7243
4ETQ	blue	af_relaxed	4	4.65	0.31	96.44	0.51	0.97	2	0.0114	1.7157
4ETQ	blue	af_unrelaxed	0	29.73	0.31	97.21	3.77	2.04	0	0.0224	1.6835
4ETQ	blue	af_unrelaxed	1	28.03	0.62	97.21	0.51	1.58	0	0.0214	1.7584
4ETQ	blue	af_unrelaxed	2	24.27	0.62	96.75	0.68	1.58	0	0.02	1.9141
4ETQ	blue	af_unrelaxed	3	22.69	0.77	96.59	0.86	1.57	0	0.024	1.7337
4ETQ	blue	af_unrelaxed	4	21.3	0.46	96.75	0.68	1.53	0	0.0251	1.6105
4ETQ	blue	boltz	0	12.17	0.31	98.3	0.17	1.1	0	0.0108	1.1147
4ETQ	blue	boltz	1	11.68	0.15	98.45	0.17	1.08	0	0.0107	1.1207
4ETQ	blue	boltz	2	10.59	0.15	98.45	0.17	1.04	0	0.0106	1.1252
4ETQ	blue	boltz	3	9.21	0.15	98.45	0.51	0.99	0	0.0105	1.1328
4ETQ	blue	boltz	4	14.85	0.31	97.99	0.0	1.18	0	0.0108	1.1126
4ETQ	blue	amber_af	0	3.56	0.15	97.21	1.37	0.9	1	0.0114	1.7229
4ETQ	blue	amber_af	1	5.64	0.46	97.06	0.34	0.97	2	0.0114	1.7277
4ETQ	blue	amber_af	2	3.96	0.46	96.75	0.34	0.88	2	0.0115	1.6947
4ETQ	blue	amber_af	3	5.34	0.46	96.13	0.86	1.05	2	0.0114	1.7285
4ETQ	blue	amber_af	4	3.86	0.46	97.06	0.68	0.84	1	0.0114	1.7031
4ETQ	blue	amber_boltz	0	0.89	0.31	97.52	0.17	0.37	0	0.0117	1.6747
4ETQ	blue	amber_boltz	1	0.79	0.31	98.14	0.51	0.25	0	0.0117	1.6854
4ETQ	blue	amber_boltz	2	0.89	0.31	97.83	0.51	0.31	2	0.0118	1.7039
4ETQ	blue	amber_boltz	3	0.79	0.31	98.3	0.34	0.25	0	0.0118	1.6989
4ETQ	blue	amber_boltz	4	1.19	0.31	97.68	0.34	0.4	1	0.0116	1.6978
4FP8	blue	crystal	0	3.79	0.42	97.47	2.74	1.11	0	0.008	1.4858
4FP8	blue	af_relaxed	0	4.16	0.56	94.8	1.94	1.28	1	0.0259	1.8834
4FP8	blue	af_relaxed	1	4.25	0.7	96.35	1.13	0.99	2	0.0112	1.7376
4FP8	blue	af_relaxed	2	4.99	0.56	96.49	0.81	0.99	4	0.0113	1.7526
4FP8	blue	af_relaxed	3	3.6	0.56	96.91	1.29	0.92	2	0.0113	1.7355
4FP8	blue	af_relaxed	4	2.77	1.26	96.07	1.29	0.92	2	0.0114	1.7318
4FP8	blue	af_unrelaxed	0	30.89	1.26	96.21	4.35	2.22	0	0.0242	2.1938
4FP8	blue	af_unrelaxed	1	34.11	2.25	95.65	0.81	1.82	0	0.0217	2.0955
4FP8	blue	af_unrelaxed	2	31.28	1.83	95.79	0.48	1.77	0	0.0235	2.0723
4FP8	blue	af_unrelaxed	3	26.55	1.83	95.51	0.65	1.73	0	0.0246	2.074
4FP8	blue	af_unrelaxed	4	31.43	1.97	95.79	1.77	1.96	0	0.0245	1.9465
4FP8	blue	boltz	0	14.52	0.28	98.46	0.48	1.17	0	0.0138	1.2166
4FP8	blue	boltz	1	16.54	0.14	98.46	0.16	1.22	0	0.0129	1.2063
4FP8	blue	boltz	2	20.71	0.14	98.46	0.16	1.31	0	0.0137	1.238
4FP8	blue	boltz	3	19.42	0.14	98.31	0.16	1.28	0	0.0143	1.2304
4FP8	blue	boltz	4	21.07	0.14	98.03	0.32	1.32	0	0.0133	1.2171
4FP8	blue	amber_af	0	3.97	0.56	96.77	1.61	1.04	3	0.0113	1.7533
4FP8	blue	amber_af	1	4.34	1.12	96.35	0.81	0.96	1	0.0112	1.7366
4FP8	blue	amber_af	2	5.08	0.56	96.21	0.81	1.03	3	0.0113	1.7617
4FP8	blue	amber_af	3	4.07	0.56	95.37	1.61	1.17	2	0.0259	1.8807
4FP8	blue	amber_af	4	2.68	1.12	96.21	0.97	0.81	2	0.0114	1.733
4FP8	blue	amber_boltz	0	1.48	0.14	98.31	0.32	0.39	0	0.0114	1.6894
4FP8	blue	amber_boltz	1	2.96	0.14	98.6	0.16	0.59	2	0.0114	1.7031
4FP8	blue	amber_boltz	2	1.66	0.28	97.75	0.16	0.47	1	0.0114	1.7044
4FP8	blue	amber_boltz	3	1.85	0.28	97.05	0.32	0.61	0	0.0113	1.6984
4FP8	blue	amber_boltz	4	1.48	0.14	97.47	0.32	0.49	0	0.0114	1.702
4FQI	blue	crystal	0	2.77	0.0	97.93	1.64	0.75	0	0.0193	1.7235
4FQI	blue	af_relaxed	0	2.49	0.0	96.62	1.89	0.96	0	0.0114	1.6778
4FQI	blue	af_relaxed	1	1.99	0.11	97.06	0.76	0.63	1	0.0114	1.6813
4FQI	blue	af_relaxed	2	1.49	0.0	97.17	0.25	0.54	1	0.0115	1.6787
4FQI	blue	af_relaxed	3	2.91	0.11	97.17	1.39	0.84	0	0.0115	1.7045
4FQI	blue	af_relaxed	4	1.56	0.22	96.62	0.88	0.62	0	0.0114	1.6825
4FQI	blue	af_unrelaxed	0	18.93	0.0	97.71	2.9	1.69	0	0.0206	1.6658
4FQI	blue	af_unrelaxed	1	17.92	0.11	97.6	0.63	1.34	0	0.0186	1.7437
4FQI	blue	af_unrelaxed	2	21.06	0.33	96.84	0.88	1.51	0	0.0212	1.6985
4FQI	blue	af_unrelaxed	3	19.91	0.65	96.95	1.76	1.66	0	0.0201	1.7126
4FQI	blue	af_unrelaxed	4	21.27	0.44	96.95	2.52	1.81	0	0.0228	1.7596
4FQI	blue	boltz	0	18.28	0.0	98.26	0.0	1.26	0	0.0138	1.193
4FQI	blue	boltz	1	20.14	0.11	98.47	0.13	1.3	0	0.0148	1.1927
4FQI	blue	boltz	2	17.43	0.11	97.82	0.0	1.28	0	0.0156	1.1993
4FQI	blue	boltz	3	20.07	0.22	98.37	0.13	1.3	0	0.0135	1.201
4FQI	blue	boltz	4	23.9	0.0	98.47	0.5	1.37	0	0.0141	1.209
4FQI	blue	amber_af	0	2.35	0.0	96.73	2.02	0.95	0	0.0114	1.6789
4FQI	blue	amber_af	1	1.42	0.0	97.17	0.25	0.53	1	0.0115	1.6789
4FQI	blue	amber_af	2	1.99	0.11	96.95	1.01	0.65	1	0.0114	1.6944
4FQI	blue	amber_af	3	2.99	0.22	96.84	1.39	0.89	1	0.0115	1.7156
4FQI	blue	amber_af	4	1.71	0.22	96.84	0.76	0.62	0	0.0114	1.6796
4FQI	blue	amber_boltz	0	3.7	0.11	97.71	0.25	0.72	2	0.0116	1.7168
4FQI	blue	amber_boltz	1	1.92	0.11	98.04	0.25	0.46	0	0.0115	1.6746
4FQI	blue	amber_boltz	2	1.07	0.0	97.06	0.5	0.48	4	0.0123	1.8101
4FQI	blue	amber_boltz	3	2.2	0.0	97.6	0.5	0.58	0	0.0116	1.7111
4FQI	blue	amber_boltz	4	2.06	0.0	97.82	0.76	0.52	2	0.0115	1.7048
4FZA	blue	crystal	0	11.39	2.5	88.98	10.55	2.43	3	0.0107	1.5305
4FZA	blue	af_relaxed	0	0.81	0.17	97.84	0.55	0.29	0	0.0119	1.671
4FZA	blue	af_relaxed	1	0.71	0.33	97.17	0.92	0.38	0	0.012	1.6904
4FZA	blue	af_relaxed	2	1.01	0.17	97.84	0.0	0.34	0	0.012	1.6631
4FZA	blue	af_relaxed	3	1.11	0.17	97.84	0.55	0.36	0	0.012	1.6683
4FZA	blue	af_relaxed	4	2.12	0.5	97.34	0.37	0.61	0	0.012	1.6949
4FZA	blue	af_unrelaxed	0	12.15	1.0	96.17	2.77	1.69	0	0.0191	1.5489
4FZA	blue	af_unrelaxed	1	16.49	0.83	97.0	0.18	1.39	0	0.0165	1.4655
4FZA	blue	af_unrelaxed	2	15.18	0.0	98.17	0.18	1.19	0	0.0187	1.4022
4FZA	blue	af_unrelaxed	3	12.24	0.0	98.67	0.74	1.1	0	0.0169	1.4078
4FZA	blue	af_unrelaxed	4	14.47	0.0	98.17	0.55	1.17	0	0.0232	1.4187
4FZA	blue	boltz	0	17.2	0.0	98.5	0.0	1.24	0	0.0104	1.0407
4FZA	blue	boltz	1	11.23	0.17	98.17	0.0	1.07	0	0.0103	1.0554
4FZA	blue	boltz	2	11.53	0.33	98.17	0.0	1.08	0	0.0103	1.0239
4FZA	blue	boltz	3	15.89	0.0	98.34	0.0	1.2	0	0.0103	1.0263
4FZA	blue	boltz	4	16.59	0.17	98.5	0.18	1.22	0	0.0107	1.0366
4FZA	blue	amber_af	0	1.31	0.5	97.17	0.92	0.51	0	0.012	1.6848
4FZA	blue	amber_af	1	1.72	0.5	97.34	0.55	0.55	0	0.012	1.6903
4FZA	blue	amber_af	2	0.91	0.17	98.0	0.0	0.28	0	0.012	1.667
4FZA	blue	amber_af	3	1.01	0.17	98.17	0.55	0.3	0	0.012	1.662
4FZA	blue	amber_af	4	0.91	0.17	98.0	0.55	0.28	0	0.0119	1.6754
4FZA	blue	amber_boltz	0	1.92	0.17	97.5	0.37	0.56	0	0.0121	1.7011
4FZA	blue	amber_boltz	1	0.91	0.17	98.17	0.37	0.28	0	0.0121	1.698
4FZA	blue	amber_boltz	2	1.42	0.17	97.67	0.0	0.45	0	0.0121	1.6841
4FZA	blue	amber_boltz	3	2.43	0.0	97.67	0.0	0.6	1	0.0122	1.7382
4FZA	blue	amber_boltz	4	1.11	0.17	98.0	0.18	0.32	0	0.012	1.7213
4G6J	blue	crystal	0	3.0	0.36	96.27	2.78	1.18	10	0.0102	1.5584
4G6J	blue	af_relaxed	0	23.85	0.35	97.54	1.59	1.62	0	0.0308	2.4819
4G6J	blue	af_relaxed	1	3.31	0.53	95.96	1.79	1.09	2	0.0112	1.7535
4G6J	blue	af_relaxed	2	2.74	1.23	96.31	1.19	0.87	3	0.0114	1.7319
4G6J	blue	af_relaxed	3	3.08	0.88	96.49	1.59	0.98	2	0.0114	1.7485
4G6J	blue	af_relaxed	4	4.33	0.7	96.13	2.19	1.23	2	0.0115	1.8299
4G6J	blue	af_unrelaxed	0	27.03	0.88	97.36	1.99	1.77	0	0.0198	1.7856
4G6J	blue	af_unrelaxed	1	25.78	0.88	97.01	0.99	1.57	0	0.0195	1.8264
4G6J	blue	af_unrelaxed	2	23.18	0.53	97.19	1.59	1.66	0	0.0214	1.6695
4G6J	blue	af_unrelaxed	3	22.49	0.7	97.19	1.39	1.6	0	0.0245	1.7449
4G6J	blue	af_unrelaxed	4	26.36	0.7	97.19	2.58	1.87	0	0.0246	1.7121
4G6J	blue	boltz	0	8.78	0.35	97.89	0.2	1.0	0	0.011	1.164
4G6J	blue	boltz	1	9.46	0.0	97.89	0.2	1.03	0	0.0112	1.1426
4G6J	blue	boltz	2	11.18	0.0	98.24	0.4	1.06	0	0.012	1.2635
4G6J	blue	boltz	3	10.72	0.53	97.89	0.2	1.07	0	0.0116	1.1638
4G6J	blue	boltz	4	12.77	0.35	97.89	0.6	1.14	0	0.0111	1.1589
4G6J	blue	amber_af	0	2.74	0.53	95.96	1.99	1.07	1	0.0112	1.7403
4G6J	blue	amber_af	1	3.88	0.53	95.78	1.59	1.12	2	0.0114	1.8308
4G6J	blue	amber_af	2	23.85	0.35	97.54	1.59	1.62	0	0.0305	2.4807
4G6J	blue	amber_af	3	2.62	1.05	96.49	1.19	0.84	2	0.0114	1.7251
4G6J	blue	amber_af	4	2.62	0.88	96.31	1.39	0.9	2	0.0114	1.7383
4G6J	blue	amber_boltz	0	0.11	0.35	97.19	0.8	0.19	0	0.0116	1.6534
4G6J	blue	amber_boltz	1	0.57	0.0	97.19	0.6	0.34	0	0.0115	1.6623
4G6J	blue	amber_boltz	2	0.57	0.35	96.66	0.8	0.4	3	0.0122	1.797
4G6J	blue	amber_boltz	3	0.57	0.53	96.84	0.4	0.39	0	0.0113	1.6767
4G6J	blue	amber_boltz	4	1.82	0.53	96.84	0.8	0.64	2	0.0116	1.6874
4G6M	blue	crystal	0	1.27	0.0	97.06	1.79	0.71	0	0.0117	1.5343
4G6M	blue	af_relaxed	0	4.25	0.36	96.96	1.19	0.94	1	0.0112	1.7384
4G6M	blue	af_relaxed	1	3.22	0.72	95.71	1.79	1.1	4	0.012	1.8673
4G6M	blue	af_relaxed	2	2.76	1.61	94.28	2.19	1.21	7	0.0124	1.919
4G6M	blue	af_relaxed	3	3.91	0.18	96.78	0.8	0.88	1	0.0113	1.7292
4G6M	blue	af_relaxed	4	1.95	0.54	95.89	1.39	0.85	2	0.012	1.8278
4G6M	blue	af_unrelaxed	0	31.78	0.36	97.31	2.78	1.96	0	0.0222	1.8883
4G6M	blue	af_unrelaxed	1	31.09	0.36	97.67	0.8	1.55	0	0.021	1.8987
4G6M	blue	af_unrelaxed	2	32.11	0.54	97.5	0.99	1.59	0	0.0227	1.7394
4G6M	blue	af_unrelaxed	3	35.35	0.18	96.23	1.39	1.89	0	0.0231	1.9265
4G6M	blue	af_unrelaxed	4	29.81	0.36	97.5	1.19	1.62	0	0.022	1.8047
4G6M	blue	boltz	0	15.53	0.0	98.57	0.4	1.2	0	0.0135	1.1655
4G6M	blue	boltz	1	14.72	0.18	97.67	0.6	1.24	0	0.014	1.1648
4G6M	blue	boltz	2	14.73	0.36	98.03	0.2	1.17	0	0.0122	1.1551
4G6M	blue	boltz	3	13.23	0.18	97.5	0.2	1.23	0	0.0111	1.1349
4G6M	blue	boltz	4	14.27	0.36	97.5	0.2	1.26	0	0.0113	1.1502
4G6M	blue	amber_af	0	2.99	0.89	95.71	2.39	1.17	3	0.0121	1.848
4G6M	blue	amber_af	1	1.49	0.54	95.89	1.79	0.87	3	0.012	1.8295
4G6M	blue	amber_af	2	4.48	0.36	96.96	0.99	0.9	1	0.0112	1.7402
4G6M	blue	amber_af	3	3.22	1.79	93.38	2.19	1.3	7	0.0124	1.9393
4G6M	blue	amber_af	4	4.02	0.18	96.78	0.99	0.89	1	0.0112	1.7244
4G6M	blue	amber_boltz	0	2.07	0.0	98.39	0.8	0.48	2	0.0114	1.7183
4G6M	blue	amber_boltz	1	1.61	0.36	97.5	0.8	0.51	1	0.0113	1.6853
4G6M	blue	amber_boltz	2	1.61	0.36	97.85	0.2	0.44	1	0.0116	1.6978
4G6M	blue	amber_boltz	3	1.72	0.36	97.85	0.4	0.46	0	0.0115	1.6872
4G6M	blue	amber_boltz	4	2.41	0.36	97.67	0.4	0.59	1	0.0115	1.7176
4GAM	blue	crystal	0	9.03	0.34	92.75	7.72	2.11	1	0.0068	1.2278
4GAM	blue	af_relaxed	0	1.35	0.17	96.97	1.58	0.69	0	0.0123	1.7158
4GAM	blue	af_relaxed	1	1.77	0.08	97.22	0.59	0.58	1	0.0123	1.7198
4GAM	blue	af_relaxed	2	1.51	0.17	96.97	0.59	0.57	0	0.0122	1.7138
4GAM	blue	af_relaxed	3	2.24	0.17	96.97	0.39	0.68	0	0.0122	1.7199
4GAM	blue	af_relaxed	4	1.93	0.25	97.06	0.49	0.62	1	0.0124	1.7161
4GAM	blue	af_unrelaxed	0	22.63	0.25	97.73	3.36	1.81	0	0.0178	1.3133
4GAM	blue	af_unrelaxed	1	17.16	0.34	97.81	0.59	1.28	0	0.0153	1.3439
4GAM	blue	af_unrelaxed	2	17.52	0.34	97.14	0.79	1.4	0	0.0175	1.3447
4GAM	blue	af_unrelaxed	3	17.26	0.17	97.48	0.79	1.34	0	0.0179	1.3372
4GAM	blue	af_unrelaxed	4	22.53	0.42	96.97	1.48	1.65	0	0.0217	1.3658
4GAM	blue	boltz	0	18.92	0.17	97.9	0.3	1.3	0	0.0127	1.0995
4GAM	blue	boltz	1	21.16	0.08	98.15	0.39	1.32	0	0.0132	1.0986
4GAM	blue	boltz	2	20.69	0.25	98.15	0.49	1.31	0	0.0132	1.1003
4GAM	blue	boltz	3	19.86	0.17	98.07	0.3	1.29	0	0.0132	1.1061
4GAM	blue	boltz	4	19.91	0.17	97.98	0.39	1.3	0	0.0133	1.112
4GAM	blue	amber_af	0	1.46	0.17	96.97	1.68	0.73	0	0.0124	1.7168
4GAM	blue	amber_af	1	1.88	0.25	96.89	0.39	0.64	2	0.0124	1.7287
4GAM	blue	amber_af	2	2.34	0.17	96.97	0.39	0.69	1	0.0122	1.7347
4GAM	blue	amber_af	3	1.41	0.17	97.22	0.59	0.52	2	0.0123	1.7346
4GAM	blue	amber_af	4	1.56	0.17	96.97	0.69	0.58	0	0.0122	1.7142
4GAM	blue	amber_boltz	0	2.5	0.17	97.14	0.39	0.69	0	0.012	1.7417
4GAM	blue	amber_boltz	1	2.19	0.08	97.06	0.99	0.66	0	0.0119	1.7497
4GAM	blue	amber_boltz	2	2.97	0.08	96.55	0.49	0.81	1	0.0119	1.7578
4GAM	blue	amber_boltz	3	2.55	0.08	96.97	0.49	0.72	0	0.012	1.7609
4GAM	blue	amber_boltz	4	2.55	0.08	96.97	0.49	0.72	0	0.012	1.7376
4GXU	blue	crystal	0	4.88	0.11	97.63	2.01	1.06	0	0.0076	1.5742
4GXU	blue	af_relaxed	0	1.34	0.22	96.98	1.25	0.61	1	0.0115	1.6803
4GXU	blue	af_relaxed	1	1.7	0.32	96.23	1.38	0.78	5	0.0123	1.8385
4GXU	blue	af_relaxed	2	2.05	0.65	94.29	1.38	0.97	7	0.0127	1.9199
4GXU	blue	af_relaxed	3	7.56	0.54	96.77	1.38	1.22	8	0.0117	1.8023
4GXU	blue	af_relaxed	4	9.97	1.19	94.18	2.76	1.75	13	0.0254	2.2415
4GXU	blue	af_unrelaxed	0	22.92	0.22	97.31	3.51	1.9	0	0.0196	1.6566
4GXU	blue	af_unrelaxed	1	29.1	0.32	97.52	1.88	1.76	0	0.026	1.8254
4GXU	blue	af_unrelaxed	2	28.94	0.43	97.84	1.51	1.62	0	0.0227	1.6968
4GXU	blue	af_unrelaxed	3	17.75	0.32	97.31	1.38	1.49	0	0.02	1.7347
4GXU	blue	af_unrelaxed	4	22.79	0.75	97.2	2.51	1.8	0	0.0226	1.6977
4GXU	blue	boltz	0	18.88	0.22	97.84	0.5	1.31	0	0.0153	1.2685
4GXU	blue	boltz	1	19.31	0.11	98.17	0.5	1.28	0	0.0139	1.2522
4GXU	blue	boltz	2	20.3	0.22	98.17	0.38	1.3	0	0.0133	1.2574
4GXU	blue	boltz	3	22.7	0.22	98.28	0.0	1.35	0	0.0146	1.2641
4GXU	blue	boltz	4	20.58	0.11	98.49	0.5	1.31	0	0.0143	1.2573
4GXU	blue	amber_af	0	2.4	0.65	94.29	1.13	0.95	8	0.0127	1.9572
4GXU	blue	amber_af	1	9.47	1.08	93.64	2.51	1.72	14	0.0254	2.2275
4GXU	blue	amber_af	2	3.6	0.32	96.12	1.63	1.08	9	0.0123	1.8691
4GXU	blue	amber_af	3	1.2	0.22	97.2	1.38	0.59	1	0.0115	1.6834
4GXU	blue	amber_af	4	1.98	0.32	96.01	1.13	0.78	3	0.0123	1.8224
4GXU	blue	amber_boltz	0	1.48	0.11	97.63	0.38	0.47	2	0.0116	1.6966
4GXU	blue	amber_boltz	1	1.63	0.22	97.41	0.75	0.53	3	0.0116	1.7094
4GXU	blue	amber_boltz	2	2.26	0.43	97.09	0.63	0.67	5	0.0117	1.7169
4GXU	blue	amber_boltz	3	2.12	0.32	96.77	0.25	0.69	3	0.0115	1.7237
4GXU	blue	amber_boltz	4	1.91	0.22	97.74	0.75	0.51	0	0.0116	1.6894
4H03	blue	crystal	0	3.34	0.13	97.38	4.12	1.21	0	0.0084	1.3371
4H03	blue	af_relaxed	0	1.63	0.0	98.7	0.59	0.41	0	0.0118	1.6658
4H03	blue	af_relaxed	1	0.24	0.0	98.04	0.74	0.09	1	0.0127	1.7687
4H03	blue	af_relaxed	2	1.3	0.13	98.17	0.74	0.36	1	0.0117	1.6704
4H03	blue	af_relaxed	3	0.81	0.0	97.91	0.59	0.27	1	0.0125	1.7958
4H03	blue	af_relaxed	4	6.02	0.26	96.87	2.5	1.32	8	0.0121	1.9014
4H03	blue	af_unrelaxed	0	27.13	0.13	98.31	4.41	1.91	0	0.0273	1.5897
4H03	blue	af_unrelaxed	1	21.58	0.0	98.3	0.74	1.33	0	0.0188	1.5698
4H03	blue	af_unrelaxed	2	14.09	0.0	98.57	0.44	1.16	0	0.0168	1.4561
4H03	blue	af_unrelaxed	3	11.89	0.0	98.43	0.59	1.09	0	0.016	1.4322
4H03	blue	af_unrelaxed	4	13.68	0.26	98.17	1.18	1.2	0	0.0215	1.524
4H03	blue	boltz	0	12.13	0.13	98.57	0.29	1.1	0	0.0106	1.0779
4H03	blue	boltz	1	11.8	0.13	98.44	0.15	1.09	0	0.0107	1.0896
4H03	blue	boltz	2	20.19	0.13	98.44	0.0	1.3	0	0.0118	1.0712
4H03	blue	boltz	3	13.76	0.13	98.44	0.0	1.15	0	0.0111	1.0744
4H03	blue	boltz	4	14.33	0.13	98.57	0.15	1.16	0	0.0116	1.0799
4H03	blue	amber_af	0	6.51	0.39	96.74	2.5	1.37	7	0.0122	1.9058
4H03	blue	amber_af	1	0.73	0.0	97.78	0.59	0.28	1	0.0125	1.7872
4H03	blue	amber_af	2	1.3	0.0	98.7	0.59	0.36	0	0.0118	1.667
4H03	blue	amber_af	3	0.24	0.0	98.17	0.74	0.09	1	0.0127	1.7687
4H03	blue	amber_af	4	1.14	0.13	98.31	0.74	0.32	1	0.0118	1.6716
4H03	blue	amber_boltz	0	1.55	0.13	98.04	0.29	0.4	0	0.0119	1.6827
4H03	blue	amber_boltz	1	1.06	0.13	98.31	0.0	0.31	1	0.0119	1.7039
4H03	blue	amber_boltz	2	2.36	0.13	98.04	0.15	0.52	1	0.0116	1.7197
4H03	blue	amber_boltz	3	1.63	0.13	98.44	0.15	0.41	1	0.0117	1.6943
4H03	blue	amber_boltz	4	1.46	0.13	98.57	0.15	0.38	0	0.0117	1.7133
4HX3	blue	crystal	0	1.75	0.29	97.7	3.53	0.91	1	0.0137	1.7324
4HX3	blue	af_relaxed	0	9.31	0.29	96.0	2.12	1.52	2	0.0119	1.9197
4HX3	blue	af_relaxed	1	7.18	0.57	97.43	2.47	1.31	2	0.0118	1.9503
4HX3	blue	af_relaxed	2	4.85	0.0	96.29	0.71	1.0	0	0.0116	1.8043
4HX3	blue	af_relaxed	3	4.27	0.57	94.57	2.83	1.42	2	0.0125	2.071
4HX3	blue	af_relaxed	4	9.31	0.0	96.0	2.83	1.61	1	0.0116	1.9271
4HX3	blue	af_unrelaxed	0	37.27	0.86	95.71	3.89	2.3	0	0.027	1.8044
4HX3	blue	af_unrelaxed	1	30.68	1.43	95.14	0.71	1.81	0	0.0301	1.9957
4HX3	blue	af_unrelaxed	2	26.8	0.86	96.0	0.35	1.69	0	0.0242	1.7611
4HX3	blue	af_unrelaxed	3	42.9	0.86	95.71	1.77	2.1	0	0.028	1.848
4HX3	blue	af_unrelaxed	4	42.32	1.14	95.14	1.41	2.06	0	0.0284	1.8355
4HX3	blue	boltz	0	16.31	0.0	97.43	0.0	1.33	0	0.0127	1.1828
4HX3	blue	boltz	1	12.62	0.0	97.43	0.0	1.23	0	0.0116	1.1651
4HX3	blue	boltz	2	24.27	0.0	97.14	0.0	1.53	0	0.0168	1.1646
4HX3	blue	boltz	3	16.5	0.29	97.71	0.35	1.28	0	0.015	1.2779
4HX3	blue	boltz	4	22.52	0.29	96.86	0.0	1.54	0	0.0149	1.1825
4HX3	blue	amber_af	0	5.82	0.57	97.43	2.83	1.27	2	0.0117	1.906
4HX3	blue	amber_af	1	0.97	0.86	96.0	2.83	0.91	1	0.0125	2.0354
4HX3	blue	amber_af	2	5.43	0.0	96.86	0.71	0.98	2	0.0115	1.7867
4HX3	blue	amber_af	3	9.31	0.29	96.29	1.77	1.43	3	0.012	1.9508
4HX3	blue	amber_af	4	9.9	0.0	96.0	2.12	1.54	0	0.0116	1.9368
4HX3	blue	amber_boltz	0	0.78	0.0	96.86	0.0	0.44	0	0.0115	1.7418
4HX3	blue	amber_boltz	1	0.78	0.0	97.14	0.0	0.4	0	0.0117	1.7438
4HX3	blue	amber_boltz	2	2.33	0.0	96.86	0.35	0.7	0	0.0116	1.756
4HX3	blue	amber_boltz	3	0.78	0.0	97.14	0.0	0.4	1	0.0118	2.1175
4HX3	blue	amber_boltz	4	2.72	0.0	96.57	0.0	0.78	0	0.0117	1.7702
4IZ7	blue	crystal	0	1.6	0.7	96.26	1.58	0.81	2	0.0142	1.4238
4IZ7	blue	af_relaxed	0	1.41	0.23	97.21	0.25	0.52	0	0.012	1.6584
4IZ7	blue	af_relaxed	1	1.27	0.23	96.98	0.0	0.53	1	0.012	1.6781
4IZ7	blue	af_relaxed	2	1.83	0.23	96.98	0.51	0.62	0	0.012	1.6814
4IZ7	blue	af_relaxed	3	2.54	0.23	97.44	0.25	0.65	0	0.0119	1.6744
4IZ7	blue	af_relaxed	4	1.83	0.47	96.74	0.51	0.65	1	0.012	1.6747
4IZ7	blue	af_unrelaxed	0	21.72	0.23	98.37	1.01	1.33	0	0.0193	1.4575
4IZ7	blue	af_unrelaxed	1	22.58	0.47	97.91	0.25	1.37	0	0.017	1.4423
4IZ7	blue	af_unrelaxed	2	17.2	0.23	97.44	0.51	1.35	0	0.0172	1.4285
4IZ7	blue	af_unrelaxed	3	18.89	0.47	97.44	0.25	1.38	0	0.0167	1.4121
4IZ7	blue	af_unrelaxed	4	18.49	0.47	97.44	0.25	1.38	0	0.0237	1.5171
4IZ7	blue	boltz	0	12.27	0.0	98.37	0.25	1.1	0	0.0103	1.0489
4IZ7	blue	boltz	1	15.23	0.23	98.6	0.0	1.19	0	0.01	1.063
4IZ7	blue	boltz	2	16.21	0.0	98.14	0.25	1.21	0	0.0105	1.0949
4IZ7	blue	boltz	3	12.83	0.0	98.6	0.51	1.12	0	0.0102	1.0729
4IZ7	blue	boltz	4	12.27	0.23	98.37	1.01	1.1	0	0.0119	1.059
4IZ7	blue	amber_af	0	1.97	0.23	97.21	0.25	0.61	0	0.0119	1.683
4IZ7	blue	amber_af	1	1.83	0.23	96.98	0.51	0.62	0	0.012	1.6677
4IZ7	blue	amber_af	2	1.83	0.23	97.67	0.25	0.51	0	0.012	1.6598
4IZ7	blue	amber_af	3	2.11	0.23	96.98	0.51	0.66	0	0.0121	1.6874
4IZ7	blue	amber_af	4	1.41	0.23	97.21	0.25	0.52	1	0.0119	1.6838
4IZ7	blue	amber_boltz	0	0.85	0.0	97.91	0.25	0.28	0	0.0122	1.684
4IZ7	blue	amber_boltz	1	1.69	0.47	97.91	0.25	0.44	1	0.0121	1.7179
4IZ7	blue	amber_boltz	2	0.7	0.23	97.67	0.25	0.3	0	0.0119	1.7146
4IZ7	blue	amber_boltz	3	0.56	0.23	98.14	0.0	0.19	1	0.0122	1.7133
4IZ7	blue	amber_boltz	4	0.85	0.47	97.91	1.01	0.29	2	0.0123	1.7326
4JCV	blue	crystal	0	39.77	0.0	89.51	4.3	2.62	0	0.0118	1.6039
4JCV	blue	af_relaxed	0	2.93	0.0	97.14	1.23	0.81	0	0.0113	1.7419
4JCV	blue	af_relaxed	1	0.76	0.5	96.3	1.23	0.56	3	0.0121	1.8437
4JCV	blue	af_relaxed	2	3.58	0.0	97.31	0.41	0.78	0	0.0113	1.7454
4JCV	blue	af_relaxed	3	1.85	0.17	96.47	0.82	0.68	6	0.0122	1.8885
4JCV	blue	af_relaxed	4	4.02	0.84	94.96	1.64	1.2	9	0.0125	2.0765
4JCV	blue	af_unrelaxed	0	20.67	0.0	98.99	2.05	1.55	0	0.026	1.9217
4JCV	blue	af_unrelaxed	1	25.98	0.17	98.49	2.46	1.7	0	0.021	1.7802
4JCV	blue	af_unrelaxed	2	27.6	0.0	98.82	1.43	1.55	0	0.0213	1.6617
4JCV	blue	af_unrelaxed	3	29.66	0.17	98.66	2.87	1.81	0	0.0198	1.6895
4JCV	blue	af_unrelaxed	4	45.54	0.0	98.49	3.28	2.03	0	0.0334	2.0239
4JCV	blue	boltz	0	25.21	0.0	98.99	0.61	1.39	0	0.0147	1.1241
4JCV	blue	boltz	1	24.45	0.0	99.16	0.82	1.38	0	0.0142	1.1683
4JCV	blue	boltz	2	15.97	0.0	98.99	0.2	1.21	0	0.0129	1.1416
4JCV	blue	boltz	3	20.21	0.17	98.32	0.0	1.3	0	0.013	1.1364
4JCV	blue	boltz	4	43.9	0.34	98.82	0.41	1.62	0	0.0134	1.1595
4JCV	blue	amber_af	0	0.76	0.5	95.8	1.02	0.54	3	0.0121	1.8398
4JCV	blue	amber_af	1	2.39	0.17	96.47	1.02	0.76	5	0.0122	1.8874
4JCV	blue	amber_af	2	3.04	0.0	97.31	0.82	0.73	0	0.0112	1.7489
4JCV	blue	amber_af	3	3.04	0.0	97.14	1.23	0.82	0	0.0113	1.7385
4JCV	blue	amber_af	4	4.13	1.18	95.13	2.66	1.36	10	0.0124	2.0958
4JCV	blue	amber_boltz	0	5.65	0.17	97.65	0.82	0.88	4	0.0115	1.839
4JCV	blue	amber_boltz	1	2.61	0.0	98.15	0.41	0.55	1	0.0113	1.7872
4JCV	blue	amber_boltz	2	0.76	0.0	97.98	0.61	0.25	1	0.0113	1.7398
4JCV	blue	amber_boltz	3	2.28	0.17	97.98	0.2	0.51	2	0.0113	1.7401
4JCV	blue	amber_boltz	4	5.97	0.34	97.48	0.2	0.93	2	0.0115	1.856
4LW4	blue	crystal	0	6.51	0.11	96.98	3.42	1.44	3	0.0242	1.8289
4LW4	blue	af_relaxed	0	2.69	0.54	97.2	0.41	0.7	1	0.0115	1.726
4LW4	blue	af_relaxed	1	2.62	0.54	96.56	2.33	1.05	2	0.0115	1.7489
4LW4	blue	af_relaxed	2	2.05	0.32	97.42	0.27	0.59	0	0.0115	1.7052
4LW4	blue	af_relaxed	3	2.55	0.43	97.2	0.55	0.69	0	0.0114	1.7059
4LW4	blue	af_relaxed	4	2.55	0.65	96.66	0.68	0.75	0	0.0115	1.7128
4LW4	blue	af_unrelaxed	0	24.82	0.86	97.2	6.58	2.15	0	0.0207	1.5318
4LW4	blue	af_unrelaxed	1	22.71	0.54	97.2	0.41	1.5	0	0.0171	1.5151
4LW4	blue	af_unrelaxed	2	19.81	0.54	97.42	0.55	1.41	0	0.0183	1.4976
4LW4	blue	af_unrelaxed	3	19.38	0.65	97.31	0.41	1.42	0	0.0183	1.5171
4LW4	blue	af_unrelaxed	4	21.08	0.43	96.99	1.1	1.52	0	0.02	1.5998
4LW4	blue	boltz	0	12.09	0.32	97.85	0.14	1.13	0	0.0102	1.0631
4LW4	blue	boltz	1	10.82	0.11	97.95	0.14	1.06	0	0.01	1.0721
4LW4	blue	boltz	2	13.44	0.11	97.85	0.14	1.17	0	0.0103	1.066
4LW4	blue	boltz	3	14.08	0.11	97.42	0.14	1.27	0	0.0106	1.0605
4LW4	blue	boltz	4	15.49	0.11	97.63	0.14	1.27	0	0.0104	1.0746
4LW4	blue	amber_af	0	2.62	0.54	96.56	2.6	1.09	1	0.0115	1.727
4LW4	blue	amber_af	1	2.62	0.65	96.77	0.55	0.75	0	0.0115	1.7069
4LW4	blue	amber_af	2	2.62	0.43	97.31	0.55	0.68	0	0.0114	1.7037
4LW4	blue	amber_af	3	2.83	0.54	97.2	0.41	0.72	1	0.0115	1.7301
4LW4	blue	amber_af	4	2.19	0.32	97.52	0.41	0.59	0	0.0115	1.7065
4LW4	blue	amber_boltz	0	1.2	0.32	97.2	0.14	0.48	1	0.0115	1.7188
4LW4	blue	amber_boltz	1	0.85	0.22	97.09	0.0	0.42	0	0.0117	1.7139
4LW4	blue	amber_boltz	2	0.71	0.11	97.31	0.0	0.36	0	0.0115	1.717
4LW4	blue	amber_boltz	3	1.48	0.32	96.66	0.27	0.6	0	0.0114	1.724
4LW4	blue	amber_boltz	4	1.56	0.32	96.56	0.14	0.62	1	0.0115	1.7302
4M3K	blue	crystal	0	1.21	0.27	98.38	0.32	0.34	0	0.0157	1.6873
4M3K	blue	af_relaxed	0	4.5	0.27	97.31	0.96	0.86	1	0.0114	1.7904
4M3K	blue	af_relaxed	1	5.54	0.27	96.51	1.28	1.11	3	0.0113	1.8043
4M3K	blue	af_relaxed	2	2.94	0.27	97.04	0.64	0.75	2	0.0114	1.8053
4M3K	blue	af_relaxed	3	16.45	1.61	92.2	4.79	2.21	18	0.0352	2.5095
4M3K	blue	af_relaxed	4	7.96	0.54	96.51	0.64	1.16	2	0.0115	1.8565
4M3K	blue	af_unrelaxed	0	65.43	0.54	97.85	4.79	2.34	0	0.0337	1.7993
4M3K	blue	af_unrelaxed	1	27.72	0.27	98.66	0.32	1.43	0	0.03	1.7541
4M3K	blue	af_unrelaxed	2	34.53	1.08	98.12	0.64	1.52	0	0.0194	1.8573
4M3K	blue	af_unrelaxed	3	31.55	0.54	98.12	1.6	1.64	0	0.0187	1.7692
4M3K	blue	af_unrelaxed	4	32.75	1.08	97.31	0.32	1.63	0	0.0218	1.7676
4M3K	blue	boltz	0	11.6	0.54	97.58	0.32	1.17	0	0.0106	1.1478
4M3K	blue	boltz	1	11.09	0.54	97.85	0.0	1.1	0	0.0115	1.1275
4M3K	blue	boltz	2	16.11	0.27	97.58	0.0	1.3	0	0.0113	1.1214
4M3K	blue	boltz	3	12.13	0.54	97.31	0.32	1.23	0	0.0113	1.1451
4M3K	blue	boltz	4	9.88	0.27	98.39	0.0	1.02	0	0.0111	1.1176
4M3K	blue	amber_af	0	15.58	1.34	91.4	5.43	2.26	17	0.0352	2.496
4M3K	blue	amber_af	1	7.96	0.54	96.51	0.32	1.16	1	0.0115	1.8631
4M3K	blue	amber_af	2	3.81	0.27	97.58	0.96	0.76	1	0.0115	1.793
4M3K	blue	amber_af	3	5.54	0.27	96.77	1.6	1.15	3	0.0114	1.8059
4M3K	blue	amber_af	4	2.42	0.27	96.77	0.64	0.72	0	0.0114	1.766
4M3K	blue	amber_boltz	0	0.87	0.27	96.51	0.32	0.49	1	0.0116	1.7306
4M3K	blue	amber_boltz	1	0.52	0.27	97.58	0.0	0.27	1	0.0114	1.7382
4M3K	blue	amber_boltz	2	1.21	0.27	96.77	0.0	0.54	0	0.0114	1.7482
4M3K	blue	amber_boltz	3	2.25	0.27	96.24	0.0	0.76	1	0.0115	1.7443
4M3K	blue	amber_boltz	4	0.69	0.54	96.77	0.0	0.42	1	0.0114	1.7655
4M5Z	blue	crystal	0	4.23	0.32	96.03	4.01	1.43	1	0.0117	1.7487
4M5Z	blue	af_relaxed	0	0.41	0.0	96.54	0.55	0.37	3	0.0121	1.7807
4M5Z	blue	af_relaxed	1	1.55	0.0	97.48	0.55	0.5	0	0.0115	1.6729
4M5Z	blue	af_relaxed	2	2.16	0.0	97.64	2.0	0.8	0	0.0114	1.7032
4M5Z	blue	af_relaxed	3	1.85	0.0	97.48	0.55	0.55	0	0.0114	1.6858
4M5Z	blue	af_relaxed	4	7.73	0.47	96.7	1.46	1.26	4	0.0117	1.8314
4M5Z	blue	af_unrelaxed	0	21.65	0.16	98.11	3.1	1.7	0	0.0191	1.6076
4M5Z	blue	af_unrelaxed	1	22.88	0.0	97.8	0.55	1.4	0	0.0177	1.7112
4M5Z	blue	af_unrelaxed	2	23.5	0.0	97.96	0.73	1.37	0	0.0192	1.5984
4M5Z	blue	af_unrelaxed	3	38.57	0.31	97.17	0.73	1.72	0	0.0205	1.7839
4M5Z	blue	af_unrelaxed	4	26.9	0.16	97.17	1.09	1.6	0	0.0219	1.5974
4M5Z	blue	boltz	0	12.36	0.0	98.27	0.0	1.1	0	0.0148	1.1714
4M5Z	blue	boltz	1	12.26	0.0	98.58	0.0	1.1	0	0.0142	1.1751
4M5Z	blue	boltz	2	15.04	0.0	98.43	0.0	1.18	0	0.0138	1.1764
4M5Z	blue	boltz	3	12.88	0.0	98.43	0.0	1.12	0	0.0158	1.1977
4M5Z	blue	boltz	4	14.74	0.0	98.11	0.18	1.17	0	0.0146	1.1747
4M5Z	blue	amber_af	0	1.75	0.0	97.64	2.0	0.74	0	0.0114	1.6927
4M5Z	blue	amber_af	1	1.75	0.0	97.48	0.55	0.54	0	0.0115	1.6745
4M5Z	blue	amber_af	2	1.13	0.0	97.33	0.73	0.45	0	0.0115	1.6853
4M5Z	blue	amber_af	3	7.83	0.31	96.86	1.28	1.2	3	0.0117	1.8136
4M5Z	blue	amber_af	4	1.96	0.0	97.48	0.55	0.57	0	0.0114	1.6867
4M5Z	blue	amber_boltz	0	1.24	0.0	98.27	0.36	0.34	0	0.0116	1.6923
4M5Z	blue	amber_boltz	1	1.75	0.0	97.64	0.18	0.51	0	0.0117	1.7004
4M5Z	blue	amber_boltz	2	1.34	0.0	97.96	0.36	0.37	0	0.0117	1.6904
4M5Z	blue	amber_boltz	3	0.72	0.0	97.96	0.18	0.24	0	0.0118	1.7014
4M5Z	blue	amber_boltz	4	1.24	0.0	97.48	0.18	0.45	0	0.0117	1.6949
4M76	blue	crystal	0	7.01	0.42	96.39	1.49	1.26	0	0.0063	1.1852
4M76	blue	af_relaxed	0	1.45	0.21	97.66	1.49	0.59	0	0.0119	1.7144
4M76	blue	af_relaxed	1	1.32	0.21	97.03	0.5	0.53	1	0.0119	1.706
4M76	blue	af_relaxed	2	3.57	0.64	95.75	0.74	0.94	3	0.0129	1.9507
4M76	blue	af_relaxed	3	13.09	1.49	94.27	3.47	1.93	12	0.0314	2.2664
4M76	blue	af_relaxed	4	3.04	0.21	96.39	0.5	0.83	0	0.0119	1.7571
4M76	blue	af_unrelaxed	0	12.29	0.0	97.45	3.23	1.6	0	0.0186	1.4074
4M76	blue	af_unrelaxed	1	23.55	0.21	97.88	0.5	1.39	0	0.0171	1.5179
4M76	blue	af_unrelaxed	2	58.16	0.0	97.66	0.99	1.81	0	0.0317	1.7623
4M76	blue	af_unrelaxed	3	13.35	0.0	97.66	0.99	1.21	0	0.0168	1.3841
4M76	blue	af_unrelaxed	4	23.94	0.21	97.66	0.74	1.44	0	0.0235	1.4899
4M76	blue	boltz	0	14.42	0.21	97.45	0.25	1.27	0	0.0117	1.0796
4M76	blue	boltz	1	14.68	0.42	97.45	0.0	1.28	0	0.0107	1.0938
4M76	blue	boltz	2	15.87	0.21	97.66	0.0	1.28	0	0.0108	1.0935
4M76	blue	boltz	3	16.79	0.0	97.45	0.0	1.34	0	0.0107	1.0871
4M76	blue	boltz	4	16.13	0.0	97.88	0.0	1.24	0	0.0104	1.0806
4M76	blue	amber_af	0	1.19	0.0	97.24	1.74	0.66	0	0.0119	1.7113
4M76	blue	amber_af	1	3.7	0.42	95.54	0.74	0.97	3	0.0128	1.9457
4M76	blue	amber_af	2	10.97	1.7	93.84	3.23	1.85	11	0.0315	2.3032
4M76	blue	amber_af	3	1.45	0.21	97.24	0.74	0.52	0	0.012	1.6874
4M76	blue	amber_af	4	24.46	0.0	97.66	0.74	1.45	0	0.0305	2.2782
4M76	blue	amber_boltz	0	2.12	0.0	97.03	0.74	0.65	0	0.012	1.7226
4M76	blue	amber_boltz	1	1.59	0.0	97.45	0.25	0.51	0	0.0121	1.7349
4M76	blue	amber_boltz	2	1.98	0.21	97.88	0.25	0.49	0	0.0121	1.7373
4M76	blue	amber_boltz	3	2.78	0.0	97.88	0.74	0.6	0	0.0121	1.7534
4M76	blue	amber_boltz	4	1.72	0.0	96.6	0.5	0.64	0	0.0121	1.7192
4POU	blue	crystal	0	3.94	0.0	96.55	2.56	1.21	0	0.0158	1.6089
4POU	blue	af_relaxed	0	4.74	0.0	97.03	1.01	0.92	0	0.0115	1.7182
4POU	blue	af_relaxed	1	7.53	0.85	95.76	0.51	1.21	1	0.0118	1.7772
4POU	blue	af_relaxed	2	5.3	0.0	96.19	1.01	1.05	0	0.0116	1.7549
4POU	blue	af_relaxed	3	4.19	0.0	97.88	2.02	0.96	2	0.0116	1.7443
4POU	blue	af_relaxed	4	11.44	0.42	95.34	0.51	1.4	2	0.0117	1.872
4POU	blue	af_unrelaxed	0	43.58	0.0	97.03	4.04	2.25	0	0.0233	2.139
4POU	blue	af_unrelaxed	1	38.54	0.0	97.03	1.01	1.74	0	0.021	2.2367
4POU	blue	af_unrelaxed	2	35.47	1.27	97.03	0.51	1.7	0	0.028	2.0456
4POU	blue	af_unrelaxed	3	44.97	0.85	97.46	1.52	1.88	0	0.0243	2.1614
4POU	blue	af_unrelaxed	4	34.12	0.85	97.03	2.02	1.92	0	0.0355	2.2228
4POU	blue	boltz	0	11.73	0.42	97.46	0.0	1.19	0	0.0122	1.176
4POU	blue	boltz	1	14.52	0.42	98.31	0.0	1.17	0	0.0129	1.1617
4POU	blue	boltz	2	13.4	0.42	97.88	0.51	1.16	0	0.0129	1.1462
4POU	blue	boltz	3	13.12	0.42	97.88	0.0	1.16	0	0.013	1.1766
4POU	blue	boltz	4	8.38	0.0	98.73	0.0	0.95	0	0.0126	1.1524
4POU	blue	amber_af	0	4.46	0.0	97.46	2.02	1.06	2	0.0116	1.7416
4POU	blue	amber_af	1	5.58	0.42	96.19	1.01	1.06	1	0.0117	1.7714
4POU	blue	amber_af	2	7.25	0.85	95.34	0.51	1.22	0	0.0118	1.7743
4POU	blue	amber_af	3	3.91	0.0	97.03	1.01	0.85	0	0.0115	1.7225
4POU	blue	amber_af	4	11.72	0.42	94.49	1.52	1.6	2	0.0117	1.8666
4POU	blue	amber_boltz	0	0.84	0.0	96.61	0.0	0.48	0	0.0119	1.6998
4POU	blue	amber_boltz	1	1.95	0.42	98.31	0.0	0.46	0	0.0116	1.711
4POU	blue	amber_boltz	2	1.4	0.42	97.46	1.01	0.48	0	0.0118	1.6703
4POU	blue	amber_boltz	3	1.4	0.42	97.88	0.0	0.4	0	0.0117	1.706
4POU	blue	amber_boltz	4	0.28	0.0	98.73	0.0	0.1	0	0.0117	1.6819
4Y7M	blue	crystal	0	2.17	0.0	97.81	2.08	0.78	1	0.0127	1.5038
4Y7M	blue	af_relaxed	0	3.54	0.82	95.36	2.01	1.2	3	0.0126	2.0145
4Y7M	blue	af_relaxed	1	7.43	0.82	96.72	1.68	1.28	5	0.0116	1.89
4Y7M	blue	af_relaxed	2	5.31	0.55	93.99	1.01	1.19	4	0.0135	2.324
4Y7M	blue	af_relaxed	3	5.13	1.37	93.99	1.01	1.18	3	0.0136	2.3366
4Y7M	blue	af_relaxed	4	6.37	0.82	94.81	2.35	1.49	2	0.0339	1.9849
4Y7M	blue	af_unrelaxed	0	45.48	1.09	96.17	1.68	2.07	0	0.022	2.0559
4Y7M	blue	af_unrelaxed	1	46.24	0.55	96.17	0.67	1.9	0	0.0215	2.1196
4Y7M	blue	af_unrelaxed	2	39.88	0.55	96.72	2.35	2.07	0	0.0423	2.4684
4Y7M	blue	af_unrelaxed	3	35.26	0.82	95.63	1.01	1.84	0	0.027	2.0348
4Y7M	blue	af_unrelaxed	4	35.81	0.0	96.99	3.36	2.11	0	0.0238	1.8361
4Y7M	blue	boltz	0	11.68	0.0	98.91	0.0	1.08	0	0.0128	1.1113
4Y7M	blue	boltz	1	15.22	0.0	98.91	0.0	1.19	0	0.0117	1.1191
4Y7M	blue	boltz	2	15.92	0.0	98.63	0.0	1.2	0	0.0125	1.1064
4Y7M	blue	boltz	3	16.45	0.0	98.63	0.0	1.22	0	0.0146	1.0919
4Y7M	blue	boltz	4	18.23	0.0	98.91	0.34	1.26	0	0.0117	1.1203
4Y7M	blue	amber_af	0	6.9	0.55	96.72	2.01	1.32	5	0.0115	1.8758
4Y7M	blue	amber_af	1	5.84	1.37	93.44	1.01	1.25	3	0.0136	2.3472
4Y7M	blue	amber_af	2	2.83	1.09	94.81	2.01	1.16	3	0.0126	2.0126
4Y7M	blue	amber_af	3	6.01	0.82	93.99	1.34	1.33	3	0.0133	2.3291
4Y7M	blue	amber_af	4	5.84	0.82	94.81	1.68	1.35	2	0.034	2.0051
4Y7M	blue	amber_boltz	0	0.71	0.0	97.54	0.0	0.32	0	0.0115	1.6518
4Y7M	blue	amber_boltz	1	1.41	0.0	97.81	0.34	0.42	0	0.0114	1.6577
4Y7M	blue	amber_boltz	2	1.24	0.0	97.54	0.0	0.44	0	0.0115	1.6486
4Y7M	blue	amber_boltz	3	2.12	0.0	97.27	0.34	0.62	0	0.0115	1.6625
4Y7M	blue	amber_boltz	4	1.59	0.27	97.27	0.34	0.54	0	0.0114	1.6849
5C7X	blue	crystal	0	0.92	0.57	95.24	2.67	0.93	0	0.0109	1.3167
5C7X	blue	af_relaxed	0	1.74	0.38	98.11	0.89	0.43	1	0.0114	1.7071
5C7X	blue	af_relaxed	1	2.86	0.38	98.68	0.89	0.58	0	0.0114	1.7407
5C7X	blue	af_relaxed	2	4.6	0.38	98.11	0.67	0.73	3	0.0115	1.8187
5C7X	blue	af_relaxed	3	5.34	0.0	97.73	1.33	0.94	1	0.0114	1.7808
5C7X	blue	af_relaxed	4	9.19	0.38	96.41	0.89	1.23	3	0.0415	1.9761
5C7X	blue	af_unrelaxed	0	42.08	0.0	97.73	2.0	1.89	0	0.0261	2.3124
5C7X	blue	af_unrelaxed	1	35.21	0.57	97.73	1.56	1.73	0	0.0256	1.9632
5C7X	blue	af_unrelaxed	2	30.24	0.57	98.3	1.33	1.56	0	0.0209	1.7801
5C7X	blue	af_unrelaxed	3	36.31	0.57	98.3	1.78	1.73	0	0.0195	1.7792
5C7X	blue	af_unrelaxed	4	20.77	0.19	97.92	1.33	1.43	0	0.0224	1.7643
5C7X	blue	boltz	0	7.21	0.19	98.3	0.0	0.9	0	0.0107	1.1706
5C7X	blue	boltz	1	8.2	0.0	98.3	0.0	0.95	0	0.0113	1.1605
5C7X	blue	boltz	2	9.08	0.19	98.87	0.0	0.98	0	0.0109	1.1563
5C7X	blue	boltz	3	8.83	0.38	98.68	0.44	0.97	0	0.0112	1.1643
5C7X	blue	boltz	4	7.83	0.19	98.49	0.22	0.93	0	0.0108	1.1675
5C7X	blue	amber_af	0	8.45	0.38	96.22	0.89	1.21	2	0.0414	1.9689
5C7X	blue	amber_af	1	5.34	0.0	97.73	1.33	0.94	1	0.0114	1.7787
5C7X	blue	amber_af	2	3.73	0.38	98.68	0.89	0.66	0	0.0114	1.7307
5C7X	blue	amber_af	3	4.1	0.76	97.16	0.89	0.85	2	0.0115	1.7727
5C7X	blue	amber_af	4	1.86	0.38	97.92	0.89	0.47	1	0.0114	1.7058
5C7X	blue	amber_boltz	0	0.5	0.19	98.49	0.22	0.17	1	0.0116	1.7052
5C7X	blue	amber_boltz	1	0.37	0.0	98.87	0.0	0.13	1	0.0117	1.6958
5C7X	blue	amber_boltz	2	0.62	0.19	98.87	0.22	0.21	1	0.0115	1.6865
5C7X	blue	amber_boltz	3	0.99	0.19	99.05	0.22	0.29	1	0.0115	1.7027
5C7X	blue	amber_boltz	4	0.62	0.0	98.68	0.0	0.21	1	0.0117	1.694
5CBA	blue	crystal	0	3.35	0.0	96.6	4.82	1.36	0	0.0118	1.635
5CBA	blue	af_relaxed	0	1.53	0.0	97.62	0.39	0.48	0	0.0112	1.6353
5CBA	blue	af_relaxed	1	2.85	0.0	97.96	0.39	0.58	0	0.0112	1.6441
5CBA	blue	af_relaxed	2	3.29	0.0	96.94	1.18	0.86	0	0.0111	1.6423
5CBA	blue	af_relaxed	3	3.94	0.0	97.62	0.39	0.76	0	0.0113	1.6396
5CBA	blue	af_relaxed	4	4.38	0.0	97.96	1.18	0.78	0	0.0113	1.6576
5CBA	blue	af_unrelaxed	0	33.33	0.34	97.28	0.0	1.64	0	0.0213	1.6842
5CBA	blue	af_unrelaxed	1	26.32	0.0	97.28	0.0	1.54	0	0.019	1.6848
5CBA	blue	af_unrelaxed	2	24.34	0.0	97.62	0.39	1.46	0	0.0196	1.7226
5CBA	blue	af_unrelaxed	3	24.78	0.34	98.98	0.0	1.38	0	0.0184	1.7329
5CBA	blue	af_unrelaxed	4	28.27	0.34	98.64	0.0	1.44	0	0.0221	1.624
5CBA	blue	boltz	0	16.22	0.0	98.3	0.79	1.21	0	0.0158	1.4624
5CBA	blue	boltz	1	20.4	0.0	98.98	0.0	1.31	0	0.0159	1.1877
5CBA	blue	boltz	2	15.57	0.0	98.3	0.79	1.2	0	0.013	1.1547
5CBA	blue	boltz	3	16.67	0.0	98.3	0.79	1.22	0	0.0145	1.2092
5CBA	blue	boltz	4	19.07	0.0	98.3	0.39	1.28	0	0.0131	1.1964
5CBA	blue	amber_af	0	2.19	0.0	97.28	0.79	0.63	0	0.0111	1.6347
5CBA	blue	amber_af	1	2.85	0.0	97.96	0.39	0.58	0	0.0111	1.6486
5CBA	blue	amber_af	2	1.53	0.0	97.62	0.39	0.48	0	0.0112	1.6429
5CBA	blue	amber_af	3	2.85	0.0	97.96	1.18	0.64	0	0.0112	1.6622
5CBA	blue	amber_af	4	2.41	0.0	97.96	0.39	0.53	0	0.0112	1.6404
5CBA	blue	amber_boltz	0	1.1	0.0	97.28	0.0	0.45	1	0.0115	2.1309
5CBA	blue	amber_boltz	1	1.1	0.0	97.28	0.39	0.45	0	0.0114	1.6668
5CBA	blue	amber_boltz	2	1.53	0.0	97.62	0.79	0.48	0	0.0114	1.6541
5CBA	blue	amber_boltz	3	0.66	0.0	97.62	0.39	0.3	0	0.0114	1.6668
5CBA	blue	amber_boltz	4	1.75	0.0	97.96	0.0	0.44	0	0.0116	1.6698
5E5M	blue	crystal	0	4.7	0.0	97.31	3.09	1.25	0	0.0096	1.3745
5E5M	blue	af_relaxed	0	1.47	0.9	96.41	0.52	0.62	0	0.0111	1.7125
5E5M	blue	af_relaxed	1	7.34	0.9	96.41	5.15	1.68	1	0.0117	1.9665
5E5M	blue	af_relaxed	2	12.34	0.9	96.86	3.61	1.72	3	0.0119	2.0483
5E5M	blue	af_relaxed	3	15.57	1.79	95.52	2.06	1.75	7	0.0121	2.1253
5E5M	blue	af_relaxed	4	4.7	1.79	93.27	3.61	1.6	1	0.0118	2.0174
5E5M	blue	af_unrelaxed	0	57.98	1.79	95.52	4.64	2.56	0	0.0345	2.407
5E5M	blue	af_unrelaxed	1	60.71	1.35	95.96	2.06	2.27	0	0.0354	2.4843
5E5M	blue	af_unrelaxed	2	61.86	2.24	95.96	3.09	2.41	0	0.0329	2.2669
5E5M	blue	af_unrelaxed	3	27.92	1.79	95.52	0.52	1.75	0	0.0248	2.0375
5E5M	blue	af_unrelaxed	4	52.09	2.69	94.62	3.09	2.43	0	0.0311	2.2047
5E5M	blue	boltz	0	12.64	0.0	98.65	0.0	1.11	0	0.017	1.2051
5E5M	blue	boltz	1	12.06	0.0	98.21	0.0	1.09	0	0.0146	1.234
5E5M	blue	boltz	2	16.45	0.45	98.65	0.52	1.22	0	0.0145	1.2668
5E5M	blue	boltz	3	14.39	0.0	99.55	0.0	1.16	0	0.0162	1.1933
5E5M	blue	boltz	4	15.57	0.0	98.65	0.0	1.2	0	0.0154	1.1814
5E5M	blue	amber_af	0	8.81	0.45	95.96	5.15	1.79	0	0.0117	1.9599
5E5M	blue	amber_af	1	16.45	1.79	95.52	2.58	1.84	6	0.0121	2.1135
5E5M	blue	amber_af	2	13.22	0.9	95.52	3.61	1.87	3	0.0119	2.0338
5E5M	blue	amber_af	3	1.47	1.35	96.41	0.52	0.62	0	0.0111	1.7057
5E5M	blue	amber_af	4	5.29	1.79	93.27	3.61	1.64	2	0.0118	2.0259
5E5M	blue	amber_boltz	0	1.47	0.0	98.21	0.0	0.39	0	0.0112	1.6671
5E5M	blue	amber_boltz	1	1.18	0.0	98.21	1.03	0.34	1	0.0116	1.7909
5E5M	blue	amber_boltz	2	0.59	0.9	97.76	0.52	0.25	1	0.0115	1.6906
5E5M	blue	amber_boltz	3	1.76	0.0	98.21	0.0	0.43	0	0.0113	1.6644
5E5M	blue	amber_boltz	4	0.88	0.45	98.21	1.03	0.28	0	0.0113	1.654
5GRJ	blue	crystal	0	27.91	0.23	95.82	2.37	2.01	0	0.012	1.4147
5GRJ	blue	af_relaxed	0	6.53	0.23	95.38	1.85	1.38	0	0.0113	1.7383
5GRJ	blue	af_relaxed	1	7.42	0.23	95.84	0.79	1.19	1	0.0114	1.7753
5GRJ	blue	af_relaxed	2	5.93	0.46	95.61	0.79	1.13	0	0.0115	1.7394
5GRJ	blue	af_relaxed	3	9.5	1.15	94.46	2.9	1.73	4	0.0116	1.8777
5GRJ	blue	af_relaxed	4	11.57	0.69	95.61	1.32	1.47	3	0.0115	1.8091
5GRJ	blue	af_unrelaxed	0	46.54	1.39	96.3	6.86	2.53	0	0.0243	1.9645
5GRJ	blue	af_unrelaxed	1	45.33	1.39	96.07	1.06	1.92	0	0.0225	2.0056
5GRJ	blue	af_unrelaxed	2	33.42	1.15	95.84	0.79	1.79	0	0.0211	1.8726
5GRJ	blue	af_unrelaxed	3	45.32	1.62	95.84	1.06	1.94	0	0.0212	1.8689
5GRJ	blue	af_unrelaxed	4	33.15	1.62	95.61	2.9	2.16	0	0.0279	2.043
5GRJ	blue	boltz	0	8.76	0.0	97.69	0.26	1.04	0	0.0133	1.1945
5GRJ	blue	boltz	1	10.54	0.0	97.69	1.06	1.13	0	0.0128	1.174
5GRJ	blue	boltz	2	9.95	0.0	98.38	0.53	1.02	0	0.0126	1.1678
5GRJ	blue	boltz	3	8.16	0.0	98.15	0.26	0.94	0	0.0123	1.1829
5GRJ	blue	boltz	4	12.91	0.0	97.69	0.53	1.19	0	0.0136	1.1825
5GRJ	blue	amber_af	0	9.35	1.15	94.0	2.64	1.72	4	0.0116	1.8798
5GRJ	blue	amber_af	1	11.28	0.46	95.38	1.06	1.41	3	0.0115	1.8201
5GRJ	blue	amber_af	2	5.64	0.46	95.38	0.79	1.13	0	0.0115	1.7382
5GRJ	blue	amber_af	3	6.68	0.23	95.84	1.06	1.17	0	0.0113	1.7497
5GRJ	blue	amber_af	4	5.93	0.23	94.92	1.85	1.38	0	0.0113	1.7398
5GRJ	blue	amber_boltz	0	0.3	0.0	96.54	0.26	0.34	0	0.0115	1.6692
5GRJ	blue	amber_boltz	1	0.89	0.0	96.3	0.0	0.52	0	0.0115	1.6682
5GRJ	blue	amber_boltz	2	0.74	0.0	96.54	0.26	0.46	0	0.0115	1.6801
5GRJ	blue	amber_boltz	3	0.74	0.0	97.0	0.26	0.41	0	0.0116	1.6731
5GRJ	blue	amber_boltz	4	1.48	0.0	96.3	0.26	0.64	0	0.0113	1.6833
5HGG	blue	crystal	0	0.7	0.0	98.1	0.64	0.23	0	0.0145	1.46
5HGG	blue	af_relaxed	0	5.97	0.54	95.93	1.27	1.19	1	0.0115	1.7984
5HGG	blue	af_relaxed	1	8.08	0.81	96.48	2.23	1.44	0	0.0115	1.7707
5HGG	blue	af_relaxed	2	9.66	1.9	94.58	0.96	1.38	2	0.0119	2.0049
5HGG	blue	af_relaxed	3	2.11	1.08	94.04	2.23	1.15	2	0.0123	1.9046
5HGG	blue	af_relaxed	4	7.73	1.08	94.85	1.59	1.43	2	0.0118	1.8683
5HGG	blue	af_unrelaxed	0	41.15	1.08	95.93	3.18	2.26	0	0.0275	2.1688
5HGG	blue	af_unrelaxed	1	37.87	1.63	95.66	0.64	1.86	0	0.0324	2.4529
5HGG	blue	af_unrelaxed	2	36.74	1.63	96.75	0.96	1.75	0	0.0286	1.8839
5HGG	blue	af_unrelaxed	3	43.97	1.9	95.93	0.96	1.9	0	0.0411	2.4104
5HGG	blue	af_unrelaxed	4	32.03	1.36	96.21	1.59	1.9	0	0.0372	1.9772
5HGG	blue	boltz	0	11.77	0.0	98.64	0.32	1.08	0	0.0316	1.2127
5HGG	blue	boltz	1	8.78	0.0	98.64	0.0	0.97	0	0.0154	1.4359
5HGG	blue	boltz	2	11.42	0.0	98.64	0.0	1.07	0	0.0317	1.178
5HGG	blue	boltz	3	13.88	0.0	98.92	0.96	1.15	0	0.0235	1.3329
5HGG	blue	boltz	4	11.76	0.0	98.37	0.96	1.08	0	0.0193	1.2319
5HGG	blue	amber_af	0	8.78	1.36	94.58	2.55	1.65	2	0.012	1.9107
5HGG	blue	amber_af	1	10.01	1.08	95.12	1.59	1.51	3	0.0118	1.9971
5HGG	blue	amber_af	2	6.85	0.81	96.21	2.55	1.44	0	0.0115	1.8285
5HGG	blue	amber_af	3	2.63	1.36	94.85	1.91	1.12	2	0.0121	1.8817
5HGG	blue	amber_af	4	5.97	0.81	95.39	1.27	1.23	2	0.0115	1.811
5HGG	blue	amber_boltz	0	1.23	0.0	97.29	0.32	0.48	1	0.0117	1.7092
5HGG	blue	amber_boltz	1	0.7	0.0	97.83	1.27	0.35	0	0.0119	1.7263
5HGG	blue	amber_boltz	2	2.11	0.0	97.83	0.32	0.52	1	0.0116	1.7277
5HGG	blue	amber_boltz	3	1.93	0.0	97.56	0.96	0.55	0	0.0116	1.7411
5HGG	blue	amber_boltz	4	0.88	0.0	97.29	0.96	0.4	0	0.0116	1.7292
5HYS	blue	crystal	0	1.31	0.31	97.37	0.88	0.48	0	0.007	1.2306
5HYS	blue	af_relaxed	0	2.82	0.15	97.84	1.94	0.83	1	0.0113	1.7396
5HYS	blue	af_relaxed	1	2.82	0.77	96.45	0.71	0.81	4	0.0123	1.8985
5HYS	blue	af_relaxed	2	2.42	0.15	97.22	1.41	0.78	1	0.012	1.8136
5HYS	blue	af_relaxed	3	1.71	0.31	97.99	1.59	0.58	3	0.0119	1.7971
5HYS	blue	af_relaxed	4	6.34	0.15	97.37	1.41	1.08	1	0.0116	1.7633
5HYS	blue	af_unrelaxed	0	29.01	0.46	97.68	2.47	1.82	0	0.0217	1.8264
5HYS	blue	af_unrelaxed	1	24.39	0.93	97.68	0.88	1.45	0	0.0256	1.9469
5HYS	blue	af_unrelaxed	2	27.7	0.77	97.84	1.06	1.49	0	0.0211	1.7415
5HYS	blue	af_unrelaxed	3	35.36	0.46	97.68	1.41	1.71	0	0.0201	1.8495
5HYS	blue	af_unrelaxed	4	28.83	0.62	96.75	1.94	1.87	0	0.0238	1.7786
5HYS	blue	boltz	0	16.31	0.0	98.45	0.18	1.21	0	0.0113	1.1533
5HYS	blue	boltz	1	17.22	0.62	98.15	0.0	1.24	0	0.0128	1.1722
5HYS	blue	boltz	2	15.0	0.15	98.3	0.0	1.18	0	0.0114	1.1552
5HYS	blue	boltz	3	14.29	0.46	97.84	0.18	1.2	0	0.0111	1.1691
5HYS	blue	boltz	4	15.81	0.31	98.45	0.35	1.2	0	0.0114	1.1721
5HYS	blue	amber_af	0	2.92	0.15	97.99	1.94	0.8	2	0.0113	1.7368
5HYS	blue	amber_af	1	6.04	0.31	97.53	1.23	1.0	2	0.0115	1.7603
5HYS	blue	amber_af	2	2.01	0.15	97.53	1.23	0.64	2	0.0119	1.8091
5HYS	blue	amber_af	3	2.42	0.77	96.75	0.71	0.73	4	0.0123	1.889
5HYS	blue	amber_af	4	2.82	0.31	97.99	1.76	0.76	4	0.012	1.812
5HYS	blue	amber_boltz	0	1.91	0.31	97.84	0.18	0.49	1	0.0116	1.7225
5HYS	blue	amber_boltz	1	2.62	0.31	97.06	0.0	0.71	3	0.0117	1.73
5HYS	blue	amber_boltz	2	1.81	0.15	97.84	0.35	0.48	2	0.0115	1.7127
5HYS	blue	amber_boltz	3	1.31	0.77	97.84	0.0	0.39	3	0.0116	1.6974
5HYS	blue	amber_boltz	4	3.42	0.62	96.29	0.71	0.88	4	0.0273	1.8894
5JMO	blue	crystal	0	2.11	0.0	96.92	1.68	0.84	0	0.009	1.3009
5JMO	blue	af_relaxed	0	0.34	0.0	96.75	1.26	0.41	0	0.0115	1.7304
5JMO	blue	af_relaxed	1	6.18	0.17	95.72	0.84	1.14	1	0.0117	1.8309
5JMO	blue	af_relaxed	2	6.07	0.51	95.03	1.47	1.31	4	0.0116	1.8522
5JMO	blue	af_relaxed	3	6.07	0.17	95.89	0.42	1.12	0	0.0116	1.7861
5JMO	blue	af_relaxed	4	7.32	0.68	95.03	1.47	1.38	2	0.0117	1.8839
5JMO	blue	af_unrelaxed	0	12.48	0.34	97.09	2.95	1.63	0	0.0188	1.5286
5JMO	blue	af_unrelaxed	1	36.07	1.37	95.55	0.42	1.85	0	0.0243	1.8651
5JMO	blue	af_unrelaxed	2	34.15	1.03	95.38	0.63	1.84	0	0.0213	1.7578
5JMO	blue	af_unrelaxed	3	31.61	0.17	96.92	1.05	1.68	0	0.0239	1.6541
5JMO	blue	af_unrelaxed	4	27.41	1.37	95.72	1.47	1.85	0	0.0304	1.7448
5JMO	blue	boltz	0	15.12	0.34	96.75	0.42	1.39	0	0.0179	1.3415
5JMO	blue	boltz	1	17.52	0.17	96.92	0.42	1.43	0	0.0166	1.2916
5JMO	blue	boltz	2	17.4	0.17	97.26	0.42	1.38	0	0.0174	1.3112
5JMO	blue	boltz	3	12.02	0.34	97.26	0.84	1.23	0	0.0163	1.3122
5JMO	blue	boltz	4	11.22	0.34	97.43	0.42	1.18	0	0.0175	1.3401
5JMO	blue	amber_af	0	0.34	0.0	96.58	1.26	0.42	0	0.0115	1.7301
5JMO	blue	amber_af	1	7.1	0.86	95.03	1.68	1.41	4	0.0117	1.8837
5JMO	blue	amber_af	2	5.95	0.34	95.38	0.63	1.15	1	0.0117	1.8404
5JMO	blue	amber_af	3	5.84	0.17	95.72	0.63	1.12	0	0.0116	1.79
5JMO	blue	amber_af	4	5.72	0.34	95.03	1.05	1.17	2	0.0115	1.8553
5JMO	blue	amber_boltz	0	2.17	0.17	96.4	0.0	0.73	0	0.0117	1.7785
5JMO	blue	amber_boltz	1	2.52	0.34	96.75	0.21	0.74	0	0.0116	1.7855
5JMO	blue	amber_boltz	2	2.06	0.0	96.23	0.21	0.73	0	0.0117	1.7841
5JMO	blue	amber_boltz	3	1.49	0.17	96.58	0.42	0.61	0	0.0117	1.7605
5JMO	blue	amber_boltz	4	1.26	0.17	96.75	0.0	0.55	0	0.0117	1.7698
5KOV	blue	crystal	0	11.04	0.0	96.15	0.0	1.32	0	0.0071	1.0256
5KOV	blue	af_relaxed	0	3.48	0.31	95.69	0.34	0.94	2	0.0115	1.6992
5KOV	blue	af_relaxed	1	4.65	0.31	95.99	2.04	1.25	2	0.0116	1.7493
5KOV	blue	af_relaxed	2	0.87	0.62	94.76	0.85	0.63	2	0.0122	1.8043
5KOV	blue	af_relaxed	3	3.1	0.15	95.53	0.34	0.91	6	0.0253	1.8989
5KOV	blue	af_relaxed	4	2.23	0.0	95.53	0.51	0.81	4	0.0297	1.842
5KOV	blue	af_unrelaxed	0	24.12	0.31	95.84	2.39	1.95	0	0.0219	1.7485
5KOV	blue	af_unrelaxed	1	25.37	0.31	96.15	0.68	1.66	0	0.018	1.9096
5KOV	blue	af_unrelaxed	2	28.77	0.0	96.15	0.17	1.71	0	0.0202	1.6207
5KOV	blue	af_unrelaxed	3	28.09	0.15	95.99	0.51	1.71	0	0.0197	1.7716
5KOV	blue	af_unrelaxed	4	25.57	0.46	96.76	0.17	1.6	0	0.0224	1.7345
5KOV	blue	boltz	0	23.34	0.15	97.23	0.0	1.5	0	0.012	1.1266
5KOV	blue	boltz	1	22.37	0.31	97.69	0.0	1.41	0	0.012	1.1874
5KOV	blue	boltz	2	26.43	0.15	98.0	0.0	1.41	0	0.0113	1.1422
5KOV	blue	boltz	3	25.18	0.31	98.15	0.34	1.39	0	0.0118	1.1618
5KOV	blue	boltz	4	21.79	0.46	97.53	0.0	1.43	0	0.0112	1.1419
5KOV	blue	amber_af	0	4.45	0.31	96.15	2.04	1.22	2	0.0116	1.7481
5KOV	blue	amber_af	1	3.19	0.31	95.99	0.17	0.89	2	0.0115	1.7004
5KOV	blue	amber_af	2	2.32	0.15	95.69	0.51	0.81	0	0.0116	1.6919
5KOV	blue	amber_af	3	3.0	0.15	95.53	0.51	0.9	1	0.0116	1.7146
5KOV	blue	amber_af	4	3.0	0.15	95.84	0.68	0.88	5	0.0253	1.8953
5KOV	blue	amber_boltz	0	3.97	0.31	96.76	0.17	0.88	3	0.0115	1.7401
5KOV	blue	amber_boltz	1	3.29	0.0	96.61	0.17	0.84	0	0.0116	1.7382
5KOV	blue	amber_boltz	2	3.48	0.0	96.92	0.34	0.82	2	0.0116	1.7225
5KOV	blue	amber_boltz	3	2.23	0.31	96.76	0.68	0.7	2	0.0115	1.736
5KOV	blue	amber_boltz	4	3.0	0.46	96.61	0.17	0.81	1	0.0116	1.7467
5O14	blue	crystal	0	6.6	0.0	97.08	2.26	1.3	0	0.008	1.2852
5O14	blue	af_relaxed	0	4.0	0.3	97.26	0.9	0.82	3	0.0114	1.7588
5O14	blue	af_relaxed	1	2.6	0.3	97.1	0.9	0.71	1	0.0111	1.7067
5O14	blue	af_relaxed	2	1.8	0.0	97.71	1.44	0.62	1	0.0111	1.7068
5O14	blue	af_relaxed	3	10.69	0.76	97.26	1.8	1.38	9	0.0119	1.9607
5O14	blue	af_relaxed	4	11.69	2.59	92.53	2.34	1.83	19	0.0141	2.4386
5O14	blue	af_unrelaxed	0	19.9	0.76	96.95	3.6	1.9	0	0.0198	1.6954
5O14	blue	af_unrelaxed	1	51.13	0.46	97.26	1.08	1.85	0	0.0345	2.1116
5O14	blue	af_unrelaxed	2	24.8	0.46	97.56	0.54	1.48	0	0.0229	1.6989
5O14	blue	af_unrelaxed	3	25.79	0.3	97.41	1.44	1.64	0	0.021	1.6705
5O14	blue	af_unrelaxed	4	36.93	0.61	96.95	1.26	1.8	0	0.0298	1.7156
5O14	blue	boltz	0	5.9	0.3	98.17	0.0	0.82	0	0.0106	1.1309
5O14	blue	boltz	1	5.9	0.15	98.17	0.0	0.82	0	0.0107	1.1471
5O14	blue	boltz	2	6.39	0.15	98.48	0.0	0.85	0	0.0105	1.1335
5O14	blue	boltz	3	6.99	0.15	98.48	0.18	0.89	0	0.011	1.1433
5O14	blue	boltz	4	6.7	0.15	98.32	0.36	0.87	0	0.0113	1.1299
5O14	blue	amber_af	0	1.7	0.0	97.71	1.62	0.65	1	0.0111	1.7028
5O14	blue	amber_af	1	10.89	1.68	92.68	2.7	1.84	21	0.014	2.3837
5O14	blue	amber_af	2	4.0	0.15	97.41	0.9	0.8	2	0.0113	1.7399
5O14	blue	amber_af	3	2.6	0.61	96.95	0.72	0.72	1	0.0111	1.7026
5O14	blue	amber_af	4	9.99	0.76	96.65	1.98	1.46	6	0.0119	1.9667
5O14	blue	amber_boltz	0	0.6	0.15	97.26	0.18	0.34	1	0.0114	1.6743
5O14	blue	amber_boltz	1	0.4	0.15	97.71	0.18	0.21	0	0.0116	1.682
5O14	blue	amber_boltz	2	0.6	0.46	98.02	0.54	0.2	1	0.0115	1.6708
5O14	blue	amber_boltz	3	0.7	0.46	97.87	0.36	0.26	0	0.0115	1.6645
5O14	blue	amber_boltz	4	0.7	0.15	97.56	0.18	0.32	0	0.0113	1.678
5O1R	blue	crystal	0	5.15	0.55	96.14	11.5	1.84	6	0.0138	1.8665
5O1R	blue	af_relaxed	0	0.86	0.0	98.17	0.65	0.26	1	0.0113	1.6845
5O1R	blue	af_relaxed	1	1.59	0.0	97.8	0.22	0.45	0	0.0112	1.6667
5O1R	blue	af_relaxed	2	1.22	0.0	98.35	0.43	0.34	0	0.0113	1.6571
5O1R	blue	af_relaxed	3	0.73	0.0	97.8	0.22	0.28	0	0.0112	1.6557
5O1R	blue	af_relaxed	4	2.08	0.18	97.99	0.22	0.48	1	0.0112	1.6728
5O1R	blue	af_unrelaxed	0	15.18	0.55	97.07	0.87	1.35	0	0.0187	1.6344
5O1R	blue	af_unrelaxed	1	15.3	0.55	97.44	0.22	1.3	0	0.0184	1.8076
5O1R	blue	af_unrelaxed	2	16.64	0.73	97.07	0.22	1.39	0	0.0193	1.7807
5O1R	blue	af_unrelaxed	3	17.38	0.18	97.25	0.22	1.38	0	0.0185	1.7249
5O1R	blue	af_unrelaxed	4	15.54	0.55	97.25	0.65	1.33	0	0.0208	1.6635
5O1R	blue	boltz	0	10.89	0.0	98.72	0.0	1.05	0	0.0109	1.1704
5O1R	blue	boltz	1	9.18	0.0	98.53	0.0	0.99	0	0.0107	1.1851
5O1R	blue	boltz	2	9.06	0.37	98.53	0.0	0.98	0	0.0124	1.1801
5O1R	blue	boltz	3	9.42	0.0	98.35	0.0	1.0	0	0.0107	1.1785
5O1R	blue	boltz	4	10.16	0.0	98.35	0.22	1.03	0	0.0105	1.2051
5O1R	blue	amber_af	0	0.98	0.0	97.99	0.22	0.29	0	0.0112	1.654
5O1R	blue	amber_af	1	1.71	0.18	98.17	0.22	0.43	1	0.0112	1.6695
5O1R	blue	amber_af	2	1.22	0.0	98.17	0.22	0.34	0	0.0113	1.6584
5O1R	blue	amber_af	3	1.47	0.0	98.17	0.22	0.38	0	0.0112	1.6662
5O1R	blue	amber_af	4	0.86	0.0	98.53	0.65	0.26	1	0.0113	1.681
5O1R	blue	amber_boltz	0	1.1	0.0	98.9	0.0	0.32	0	0.0114	1.689
5O1R	blue	amber_boltz	1	0.24	0.0	99.08	0.22	0.09	0	0.0115	1.6899
5O1R	blue	amber_boltz	2	0.86	0.37	98.72	0.0	0.26	0	0.0115	1.6898
5O1R	blue	amber_boltz	3	0.49	0.0	98.72	0.0	0.17	0	0.0115	1.6813
5O1R	blue	amber_boltz	4	0.49	0.0	98.53	0.22	0.17	0	0.0116	1.7083
5SV3	blue	crystal	0	0.9	0.0	98.61	0.83	0.27	0	0.0085	1.2801
5SV3	blue	af_relaxed	0	2.02	0.0	97.92	0.42	0.49	0	0.0114	1.6369
5SV3	blue	af_relaxed	1	0.9	0.0	97.57	0.42	0.36	0	0.0114	1.6281
5SV3	blue	af_relaxed	2	0.9	0.35	97.57	0.42	0.36	0	0.0116	1.6452
5SV3	blue	af_relaxed	3	3.36	0.35	97.92	1.25	0.72	1	0.0114	1.6731
5SV3	blue	af_relaxed	4	8.52	0.69	94.79	3.33	1.72	3	0.0118	1.8265
5SV3	blue	af_unrelaxed	0	16.82	0.69	97.57	0.42	1.32	0	0.0173	1.4672
5SV3	blue	af_unrelaxed	1	26.92	0.69	96.88	0.83	1.61	0	0.0184	1.6005
5SV3	blue	af_unrelaxed	2	18.39	0.35	97.92	0.42	1.28	0	0.0169	1.3829
5SV3	blue	af_unrelaxed	3	16.82	0.35	97.92	0.42	1.25	0	0.0169	1.386
5SV3	blue	af_unrelaxed	4	30.52	0.69	97.22	2.08	1.86	0	0.0227	1.7274
5SV3	blue	boltz	0	13.01	0.0	99.31	0.0	1.12	0	0.0187	1.0484
5SV3	blue	boltz	1	10.32	0.0	98.96	0.42	1.03	0	0.0106	1.0812
5SV3	blue	boltz	2	7.63	0.0	98.96	0.0	0.92	0	0.0102	1.0853
5SV3	blue	boltz	3	12.34	0.0	99.31	0.0	1.1	0	0.011	1.0247
5SV3	blue	boltz	4	12.78	0.0	99.31	0.0	1.12	0	0.01	1.0276
5SV3	blue	amber_af	0	0.9	0.0	97.92	0.42	0.29	0	0.0113	1.6225
5SV3	blue	amber_af	1	3.81	0.35	97.92	1.25	0.76	0	0.0114	1.6687
5SV3	blue	amber_af	2	2.02	0.0	97.92	0.42	0.49	0	0.0114	1.6377
5SV3	blue	amber_af	3	1.12	0.0	97.57	0.42	0.41	0	0.0116	1.6438
5SV3	blue	amber_af	4	8.29	1.04	95.83	2.5	1.54	3	0.0118	1.8353
5SV3	blue	amber_boltz	0	1.79	0.0	98.96	0.0	0.44	0	0.0116	1.6366
5SV3	blue	amber_boltz	1	1.12	0.0	98.96	0.0	0.32	0	0.0118	1.6459
5SV3	blue	amber_boltz	2	0.67	0.69	98.26	0.42	0.22	1	0.0117	1.6492
5SV3	blue	amber_boltz	3	1.12	0.0	98.61	0.0	0.32	0	0.0116	1.6477
5SV3	blue	amber_boltz	4	0.45	0.0	98.61	0.0	0.16	0	0.0115	1.6345
5VNW	blue	crystal	0	5.12	0.0	97.71	1.34	0.93	0	0.0053	0.7596
5VNW	blue	af_relaxed	0	1.27	0.0	98.43	1.65	0.51	0	0.0118	1.7053
5VNW	blue	af_relaxed	1	19.04	1.72	93.26	4.28	2.19	17	0.0517	2.4523
5VNW	blue	af_relaxed	2	3.35	0.14	95.28	2.31	1.23	6	0.0132	2.1318
5VNW	blue	af_relaxed	3	8.88	0.57	95.42	2.47	1.59	9	0.0273	2.2096
5VNW	blue	af_relaxed	4	5.98	0.29	96.28	1.48	1.21	3	0.0372	1.9272
5VNW	blue	af_unrelaxed	0	57.31	0.72	97.57	3.46	2.23	0	0.0285	1.7415
5VNW	blue	af_unrelaxed	1	43.14	0.29	98.0	0.49	1.61	0	0.0335	1.7369
5VNW	blue	af_unrelaxed	2	33.95	0.29	97.85	0.66	1.55	0	0.0253	1.7299
5VNW	blue	af_unrelaxed	3	31.14	0.57	97.42	1.32	1.68	0	0.0275	1.6779
5VNW	blue	af_unrelaxed	4	26.21	0.0	98.28	2.47	1.71	0	0.0258	1.602
5VNW	blue	boltz	0	15.78	0.0	99.0	0.33	1.2	0	0.0135	1.0852
5VNW	blue	boltz	1	12.69	0.0	99.14	0.0	1.11	0	0.0149	1.1546
5VNW	blue	boltz	2	12.33	0.0	99.0	0.49	1.1	0	0.0157	1.1697
5VNW	blue	boltz	3	15.32	0.0	98.86	0.33	1.19	0	0.0161	1.1659
5VNW	blue	boltz	4	13.15	0.0	99.0	0.16	1.13	0	0.0161	1.2062
5VNW	blue	amber_af	0	21.03	2.15	93.4	4.94	2.28	17	0.0518	2.5237
5VNW	blue	amber_af	1	6.89	0.72	94.85	2.47	1.53	7	0.0271	2.1337
5VNW	blue	amber_af	2	2.36	0.29	95.71	2.14	1.07	8	0.0132	1.9524
5VNW	blue	amber_af	3	5.89	0.43	96.28	1.48	1.2	3	0.0372	1.9226
5VNW	blue	amber_af	4	0.91	0.0	98.28	1.48	0.4	0	0.0118	1.7012
5VNW	blue	amber_boltz	0	1.72	0.14	98.28	0.33	0.43	0	0.012	1.715
5VNW	blue	amber_boltz	1	1.36	0.0	98.43	0.33	0.37	0	0.012	1.7087
5VNW	blue	amber_boltz	2	1.18	0.0	98.43	0.33	0.33	0	0.012	1.7178
5VNW	blue	amber_boltz	3	1.63	0.0	98.71	0.16	0.41	1	0.012	1.7209
5VNW	blue	amber_boltz	4	0.82	0.0	98.57	0.66	0.25	0	0.012	1.706
5WHK	blue	crystal	0	3.35	0.0	97.24	2.25	1.04	0	0.0085	1.0837
5WHK	blue	af_relaxed	0	1.37	0.13	97.4	0.61	0.49	0	0.0115	1.6677
5WHK	blue	af_relaxed	1	1.97	0.26	97.53	1.54	0.7	1	0.0114	1.6869
5WHK	blue	af_relaxed	2	10.51	0.13	97.01	1.84	1.42	3	0.012	1.8328
5WHK	blue	af_relaxed	3	7.35	0.13	97.14	3.07	1.43	6	0.0118	1.8329
5WHK	blue	af_relaxed	4	4.36	1.04	94.79	2.15	1.33	5	0.0254	1.9516
5WHK	blue	af_unrelaxed	0	35.37	0.26	97.66	4.45	2.1	0	0.0224	1.9525
5WHK	blue	af_unrelaxed	1	42.55	0.26	97.4	1.69	1.9	0	0.0246	1.9351
5WHK	blue	af_unrelaxed	2	22.15	0.39	97.53	1.38	1.54	0	0.0221	1.8852
5WHK	blue	af_unrelaxed	3	22.23	0.65	97.01	1.23	1.58	0	0.0193	1.8683
5WHK	blue	af_unrelaxed	4	36.82	0.65	96.61	2.15	2.02	0	0.0338	1.9462
5WHK	blue	boltz	0	12.39	0.0	98.57	0.15	1.11	0	0.0117	1.1292
5WHK	blue	boltz	1	11.2	0.0	98.57	0.15	1.07	0	0.0118	1.1209
5WHK	blue	boltz	2	12.39	0.26	98.31	0.15	1.11	0	0.0123	1.1335
5WHK	blue	boltz	3	11.37	0.13	98.57	0.0	1.07	0	0.0121	1.1289
5WHK	blue	boltz	4	11.88	0.13	98.44	0.0	1.09	0	0.0116	1.1344
5WHK	blue	amber_af	0	7.09	0.13	97.14	3.07	1.42	5	0.0117	1.8348
5WHK	blue	amber_af	1	10.17	0.39	96.61	1.38	1.35	3	0.0119	1.8756
5WHK	blue	amber_af	2	1.97	0.26	97.53	1.38	0.67	1	0.0114	1.6927
5WHK	blue	amber_af	3	1.45	0.13	97.27	0.77	0.52	0	0.0115	1.6791
5WHK	blue	amber_af	4	4.7	1.04	94.79	1.84	1.3	6	0.0254	1.9649
5WHK	blue	amber_boltz	0	0.94	0.0	97.92	0.31	0.3	0	0.0117	1.682
5WHK	blue	amber_boltz	1	0.85	0.0	98.44	0.31	0.26	1	0.0117	1.686
5WHK	blue	amber_boltz	2	1.2	0.0	97.53	0.15	0.43	0	0.0116	1.6959
5WHK	blue	amber_boltz	3	0.85	0.13	97.92	0.31	0.28	0	0.0118	1.6964
5WHK	blue	amber_boltz	4	1.28	0.0	97.79	0.15	0.4	0	0.0117	1.6831
5WK3	blue	crystal	0	2.95	0.2	97.97	0.95	0.59	2	0.0102	1.3432
5WK3	blue	af_relaxed	0	2.25	0.2	98.37	0.23	0.5	0	0.0112	1.6578
5WK3	blue	af_relaxed	1	2.12	0.41	96.95	0.92	0.66	1	0.0112	1.6563
5WK3	blue	af_relaxed	2	1.19	0.2	97.97	0.92	0.34	1	0.0112	1.6312
5WK3	blue	af_relaxed	3	1.98	0.2	98.17	0.46	0.47	0	0.0112	1.6528
5WK3	blue	af_relaxed	4	7.94	0.2	96.14	0.46	1.2	2	0.0115	1.7902
5WK3	blue	af_unrelaxed	0	18.79	0.2	98.78	0.69	1.27	0	0.0187	1.5775
5WK3	blue	af_unrelaxed	1	20.65	0.41	98.37	0.69	1.31	0	0.0189	1.6804
5WK3	blue	af_unrelaxed	2	21.18	0.61	97.97	0.46	1.33	0	0.0217	1.7158
5WK3	blue	af_unrelaxed	3	17.87	0.41	97.97	0.69	1.26	0	0.0192	1.5971
5WK3	blue	af_unrelaxed	4	36.55	1.02	97.36	0.69	1.67	0	0.0242	1.6541
5WK3	blue	boltz	0	10.98	0.0	98.78	0.0	1.06	0	0.0116	1.1374
5WK3	blue	boltz	1	12.17	0.0	98.78	0.69	1.1	0	0.0128	1.1418
5WK3	blue	boltz	2	9.92	0.0	98.37	0.46	1.02	0	0.0118	1.1327
5WK3	blue	boltz	3	16.68	0.0	98.37	0.23	1.22	0	0.0141	1.1105
5WK3	blue	boltz	4	13.1	0.2	98.58	0.23	1.13	0	0.0115	1.1279
5WK3	blue	amber_af	0	2.12	0.41	98.17	0.23	0.48	0	0.0112	1.6621
5WK3	blue	amber_af	1	1.59	0.2	98.17	0.46	0.4	0	0.0112	1.6568
5WK3	blue	amber_af	2	2.65	0.2	97.56	1.15	0.69	1	0.0112	1.6698
5WK3	blue	amber_af	3	1.32	0.0	97.76	0.69	0.41	1	0.0112	1.6369
5WK3	blue	amber_af	4	7.01	0.41	96.75	1.15	1.14	2	0.0116	1.8108
5WK3	blue	amber_boltz	0	2.25	0.0	97.76	0.0	0.55	0	0.0114	1.664
5WK3	blue	amber_boltz	1	1.72	0.2	97.76	0.23	0.48	0	0.0114	1.6707
5WK3	blue	amber_boltz	2	0.93	0.2	97.76	0.0	0.33	0	0.0115	1.6425
5WK3	blue	amber_boltz	3	3.17	0.2	98.17	0.23	0.61	1	0.0113	1.676
5WK3	blue	amber_boltz	4	1.32	0.2	97.97	0.69	0.37	1	0.0114	1.6656
5WUX	blue	crystal	0	13.44	0.15	95.48	15.46	2.36	0	0.0085	1.6092
5WUX	blue	af_relaxed	0	2.89	1.15	96.4	1.34	0.92	3	0.0247	1.8573
5WUX	blue	af_relaxed	1	5.22	1.15	96.11	1.01	1.05	6	0.0265	1.9539
5WUX	blue	af_relaxed	2	8.49	0.72	96.69	1.34	1.27	5	0.0115	1.8317
5WUX	blue	af_relaxed	3	5.87	0.72	96.83	2.35	1.3	4	0.0113	1.8094
5WUX	blue	af_relaxed	4	4.01	0.86	97.41	1.01	0.81	2	0.0112	1.7345
5WUX	blue	af_unrelaxed	0	37.36	1.01	96.25	3.7	2.24	0	0.0263	2.1558
5WUX	blue	af_unrelaxed	1	40.43	0.72	96.54	1.01	1.81	0	0.0244	2.2504
5WUX	blue	af_unrelaxed	2	30.61	0.72	97.55	1.34	1.66	0	0.0241	2.0067
5WUX	blue	af_unrelaxed	3	26.5	0.72	97.69	0.84	1.48	0	0.0227	1.9847
5WUX	blue	af_unrelaxed	4	35.86	1.01	96.83	2.02	1.96	0	0.0287	2.1157
5WUX	blue	boltz	0	14.93	0.14	98.56	0.0	1.18	0	0.0135	1.2236
5WUX	blue	boltz	1	19.3	0.14	97.84	0.17	1.32	0	0.0152	1.136
5WUX	blue	boltz	2	16.79	0.14	98.27	0.0	1.23	0	0.0116	1.129
5WUX	blue	boltz	3	19.69	0.0	98.56	0.17	1.29	0	0.0114	1.1195
5WUX	blue	boltz	4	16.97	0.14	98.27	0.17	1.23	0	0.0139	1.2287
5WUX	blue	amber_af	0	5.22	0.43	97.12	1.85	1.14	7	0.0114	1.828
5WUX	blue	amber_af	1	3.08	0.29	95.97	1.18	0.93	5	0.0119	1.8673
5WUX	blue	amber_af	2	4.2	1.01	97.26	0.84	0.84	2	0.0112	1.7369
5WUX	blue	amber_af	3	1.4	1.15	96.83	1.18	0.62	3	0.012	1.8079
5WUX	blue	amber_af	4	4.1	0.72	96.97	1.34	0.97	5	0.0122	1.9125
5WUX	blue	amber_boltz	0	1.4	0.0	97.98	0.67	0.38	1	0.0116	1.6994
5WUX	blue	amber_boltz	1	2.42	0.0	98.27	0.17	0.52	2	0.0112	1.6869
5WUX	blue	amber_boltz	2	1.86	0.0	98.27	0.17	0.45	0	0.0113	1.6695
5WUX	blue	amber_boltz	3	2.05	0.14	97.84	0.5	0.51	0	0.0114	1.6973
5WUX	blue	amber_boltz	4	2.24	0.0	98.41	0.17	0.5	0	0.0112	1.6598
5X0T	blue	crystal	0	9.01	0.4	94.4	0.67	1.36	0	0.0065	1.1102
5X0T	blue	af_relaxed	0	2.22	0.2	97.8	0.22	0.54	0	0.0112	1.664
5X0T	blue	af_relaxed	1	1.96	0.2	98.0	0.22	0.46	0	0.0112	1.6674
5X0T	blue	af_relaxed	2	1.83	0.2	98.0	0.45	0.44	0	0.0112	1.688
5X0T	blue	af_relaxed	3	3.13	0.2	98.0	0.9	0.6	0	0.0113	1.6962
5X0T	blue	af_relaxed	4	5.61	0.2	98.2	1.12	0.84	0	0.0114	1.7364
5X0T	blue	af_unrelaxed	0	38.4	0.2	98.4	2.02	1.8	0	0.0265	1.8434
5X0T	blue	af_unrelaxed	1	20.64	0.4	97.8	0.45	1.36	0	0.0183	1.8103
5X0T	blue	af_unrelaxed	2	16.84	0.4	97.8	0.45	1.27	0	0.0209	1.6079
5X0T	blue	af_unrelaxed	3	19.99	0.6	98.0	0.67	1.3	0	0.0207	1.7327
5X0T	blue	af_unrelaxed	4	18.42	0.4	98.2	0.22	1.26	0	0.0214	1.6496
5X0T	blue	boltz	0	5.61	0.2	98.8	0.22	0.8	0	0.0123	1.194
5X0T	blue	boltz	1	8.62	0.2	98.6	0.22	0.96	0	0.0127	1.1823
5X0T	blue	boltz	2	7.05	0.2	98.6	0.45	0.89	0	0.0126	1.1824
5X0T	blue	boltz	3	5.88	0.2	98.8	0.67	0.82	0	0.0127	1.1895
5X0T	blue	boltz	4	9.53	0.2	98.6	0.45	1.0	0	0.013	1.1605
5X0T	blue	amber_af	0	5.35	0.2	97.6	1.57	1.02	1	0.0114	1.7441
5X0T	blue	amber_af	1	2.09	0.2	98.0	0.45	0.48	0	0.0112	1.6862
5X0T	blue	amber_af	2	1.96	0.4	97.6	0.22	0.55	0	0.0112	1.6702
5X0T	blue	amber_af	3	2.48	0.2	98.0	0.9	0.53	0	0.0113	1.6956
5X0T	blue	amber_af	4	1.83	0.2	97.6	0.0	0.53	0	0.0112	1.6605
5X0T	blue	amber_boltz	0	0.26	0.2	98.4	0.45	0.1	0	0.0115	1.6711
5X0T	blue	amber_boltz	1	0.39	0.2	98.6	0.45	0.14	0	0.0114	1.6629
5X0T	blue	amber_boltz	2	0.52	0.2	98.2	0.22	0.18	0	0.0114	1.6698
5X0T	blue	amber_boltz	3	1.04	0.2	98.4	0.9	0.3	1	0.0114	1.6968
5X0T	blue	amber_boltz	4	0.78	0.2	98.2	0.45	0.25	0	0.0114	1.6712
5Y9J	blue	crystal	0	0.93	0.0	97.7	1.25	0.42	0	0.0091	1.4241
5Y9J	blue	af_relaxed	0	2.56	0.18	98.23	2.7	0.87	0	0.011	1.6894
5Y9J	blue	af_relaxed	1	3.03	0.53	97.17	1.25	0.82	0	0.011	1.6817
5Y9J	blue	af_relaxed	2	3.5	0.18	97.7	1.87	0.91	1	0.0112	1.7289
5Y9J	blue	af_relaxed	3	3.26	0.35	97.35	2.29	1.02	5	0.0113	1.7504
5Y9J	blue	af_relaxed	4	3.96	0.53	96.29	1.25	1.0	2	0.0281	1.8461
5Y9J	blue	af_unrelaxed	0	22.05	0.35	98.59	3.74	1.77	0	0.0203	1.6948
5Y9J	blue	af_unrelaxed	1	27.86	0.71	97.7	1.25	1.57	0	0.0207	1.8519
5Y9J	blue	af_unrelaxed	2	30.07	0.18	97.35	2.7	1.92	0	0.0225	1.8204
5Y9J	blue	af_unrelaxed	3	26.36	0.18	98.23	2.7	1.74	0	0.0221	1.7828
5Y9J	blue	af_unrelaxed	4	26.48	0.53	97.35	2.49	1.84	0	0.03	1.7961
5Y9J	blue	boltz	0	17.59	0.0	98.94	0.42	1.25	0	0.0141	1.2215
5Y9J	blue	boltz	1	14.68	0.18	98.41	0.0	1.17	0	0.0151	1.235
5Y9J	blue	boltz	2	12.59	0.0	98.41	0.21	1.11	0	0.0149	1.2353
5Y9J	blue	boltz	3	16.55	0.0	98.41	0.0	1.22	0	0.0157	1.22
5Y9J	blue	boltz	4	12.94	0.18	98.41	0.21	1.12	0	0.0154	1.2144
5Y9J	blue	amber_af	0	2.1	0.18	98.23	2.49	0.78	0	0.011	1.6854
5Y9J	blue	amber_af	1	2.21	0.53	96.82	1.66	0.86	1	0.011	1.6924
5Y9J	blue	amber_af	2	3.96	0.35	97.7	2.29	1.02	2	0.0111	1.7213
5Y9J	blue	amber_af	3	3.38	0.35	97.53	2.08	0.97	5	0.0113	1.7457
5Y9J	blue	amber_af	4	4.66	0.53	96.47	1.25	1.04	2	0.0281	1.8441
5Y9J	blue	amber_boltz	0	0.82	0.0	98.59	0.21	0.25	0	0.0114	1.6759
5Y9J	blue	amber_boltz	1	1.05	0.18	98.41	0.62	0.31	1	0.0114	1.6808
5Y9J	blue	amber_boltz	2	1.05	0.0	98.41	0.0	0.31	1	0.0113	1.9203
5Y9J	blue	amber_boltz	3	1.63	0.0	98.41	0.21	0.41	0	0.0114	1.6876
5Y9J	blue	amber_boltz	4	1.63	0.0	98.06	0.42	0.41	0	0.0112	1.6694
6A0Z	blue	crystal	0	1.58	0.14	95.28	0.98	0.73	0	0.0055	0.8501
6A0Z	blue	af_relaxed	0	4.18	0.29	97.0	1.79	1.07	2	0.0114	1.7378
6A0Z	blue	af_relaxed	1	2.14	0.43	97.14	0.33	0.64	2	0.0114	1.7139
6A0Z	blue	af_relaxed	2	5.67	0.57	96.42	0.33	1.05	4	0.0116	1.7813
6A0Z	blue	af_relaxed	3	4.0	0.29	96.85	2.6	1.19	2	0.0115	1.7819
6A0Z	blue	af_relaxed	4	2.79	0.43	97.14	1.3	0.81	2	0.0114	1.7369
6A0Z	blue	af_unrelaxed	0	29.78	0.29	97.42	5.2	2.12	0	0.0203	1.7271
6A0Z	blue	af_unrelaxed	1	29.15	0.72	96.14	0.33	1.71	0	0.0265	1.8645
6A0Z	blue	af_unrelaxed	2	29.3	0.86	97.0	0.65	1.63	0	0.0207	1.6787
6A0Z	blue	af_unrelaxed	3	29.59	0.57	97.14	0.98	1.61	0	0.0242	1.7084
6A0Z	blue	af_unrelaxed	4	21.68	0.72	96.57	0.81	1.55	0	0.0221	1.8308
6A0Z	blue	boltz	0	12.27	0.0	98.14	0.49	1.1	0	0.013	1.2228
6A0Z	blue	boltz	1	11.16	0.0	98.57	0.16	1.06	0	0.0129	1.2249
6A0Z	blue	boltz	2	14.51	0.0	97.71	0.49	1.23	0	0.0126	1.224
6A0Z	blue	boltz	3	14.69	0.0	98.71	0.33	1.17	0	0.0127	1.2116
6A0Z	blue	boltz	4	8.56	0.0	98.14	0.33	0.96	0	0.0126	1.229
6A0Z	blue	amber_af	0	4.09	0.43	97.0	2.76	1.2	2	0.0115	1.7811
6A0Z	blue	amber_af	1	6.23	0.57	96.42	0.49	1.08	4	0.0115	1.7927
6A0Z	blue	amber_af	2	3.81	0.29	97.28	1.3	0.89	2	0.0114	1.7406
6A0Z	blue	amber_af	3	2.97	0.43	97.14	0.98	0.74	0	0.0114	1.7423
6A0Z	blue	amber_af	4	2.23	0.29	97.14	0.33	0.65	0	0.0114	1.7046
6A0Z	blue	amber_boltz	0	1.12	0.0	97.42	0.81	0.43	0	0.0114	1.7043
6A0Z	blue	amber_boltz	1	1.21	0.0	98.28	0.33	0.34	0	0.0115	1.676
6A0Z	blue	amber_boltz	2	1.77	0.14	97.0	0.33	0.61	1	0.0115	1.7092
6A0Z	blue	amber_boltz	3	1.67	0.14	97.85	0.49	0.45	0	0.0115	1.6909
6A0Z	blue	amber_boltz	4	1.39	0.14	98.0	0.49	0.37	0	0.0117	1.689
6A77	blue	crystal	0	5.66	0.98	95.5	10.27	1.89	10	0.0198	2.1021
6A77	blue	af_relaxed	0	1.8	0.19	97.66	0.22	0.51	1	0.0112	1.6457
6A77	blue	af_relaxed	1	2.19	0.0	98.25	0.67	0.49	0	0.0111	1.6676
6A77	blue	af_relaxed	2	1.8	0.19	97.86	0.22	0.47	0	0.0112	1.6537
6A77	blue	af_relaxed	3	1.8	0.0	98.25	2.01	0.67	0	0.011	1.6686
6A77	blue	af_relaxed	4	6.43	0.39	97.27	1.34	1.09	1	0.0115	1.7737
6A77	blue	af_unrelaxed	0	20.72	0.19	98.25	3.12	1.69	0	0.0189	1.7988
6A77	blue	af_unrelaxed	1	19.82	0.0	98.83	0.45	1.29	0	0.0193	1.8352
6A77	blue	af_unrelaxed	2	15.19	0.39	98.05	0.22	1.19	0	0.0216	1.8453
6A77	blue	af_unrelaxed	3	16.85	0.0	98.64	0.22	1.23	0	0.0198	1.8234
6A77	blue	af_unrelaxed	4	34.11	0.0	97.66	1.79	1.78	0	0.0284	1.9869
6A77	blue	boltz	0	10.03	0.39	98.44	0.0	1.02	0	0.0133	1.2912
6A77	blue	boltz	1	11.19	0.39	98.05	0.22	1.07	0	0.0142	1.4442
6A77	blue	boltz	2	9.39	0.39	98.64	0.67	1.0	0	0.0132	1.2745
6A77	blue	boltz	3	9.26	0.39	98.44	0.0	0.99	0	0.0126	1.2826
6A77	blue	boltz	4	9.39	0.19	99.03	0.0	1.0	0	0.0125	1.3041
6A77	blue	amber_af	0	1.8	0.0	98.44	1.34	0.54	0	0.011	1.6633
6A77	blue	amber_af	1	1.67	0.0	98.25	0.45	0.42	1	0.0111	1.67
6A77	blue	amber_af	2	2.19	0.19	97.66	0.45	0.57	0	0.0112	1.6458
6A77	blue	amber_af	3	1.8	0.0	98.05	0.45	0.44	0	0.0111	1.6601
6A77	blue	amber_af	4	6.56	0.0	96.88	1.34	1.15	1	0.0114	1.7532
6A77	blue	amber_boltz	0	1.16	0.39	97.47	0.45	0.43	1	0.0112	1.6535
6A77	blue	amber_boltz	1	1.03	0.39	97.86	0.67	0.34	0	0.0112	1.6633
6A77	blue	amber_boltz	2	0.9	0.58	96.88	0.67	0.46	0	0.0112	1.6656
6A77	blue	amber_boltz	3	1.29	0.39	97.86	0.45	0.39	0	0.0114	1.658
6A77	blue	amber_boltz	4	0.9	0.19	98.25	0.0	0.27	0	0.0113	1.6458
6AL0	blue	crystal	0	3.41	0.0	96.36	2.48	1.18	0	0.0077	1.2474
6AL0	blue	af_relaxed	0	1.71	0.17	97.85	0.76	0.46	0	0.0113	1.6998
6AL0	blue	af_relaxed	1	1.71	0.66	97.36	1.34	0.64	0	0.0111	1.6942
6AL0	blue	af_relaxed	2	2.77	0.0	97.03	1.15	0.78	1	0.0113	1.7047
6AL0	blue	af_relaxed	3	2.99	0.33	97.36	0.76	0.71	1	0.0112	1.7139
6AL0	blue	af_relaxed	4	3.2	0.33	96.86	3.24	1.19	3	0.0113	1.7478
6AL0	blue	af_unrelaxed	0	32.58	0.66	98.18	4.96	2.03	0	0.0225	1.8672
6AL0	blue	af_unrelaxed	1	21.89	0.5	97.69	0.95	1.4	0	0.018	1.8928
6AL0	blue	af_unrelaxed	2	21.88	0.17	98.18	0.76	1.33	0	0.0213	1.7018
6AL0	blue	af_unrelaxed	3	25.83	0.33	98.18	1.53	1.54	0	0.02	1.7391
6AL0	blue	af_unrelaxed	4	22.31	1.16	97.85	1.72	1.55	0	0.0225	1.747
6AL0	blue	boltz	0	12.06	0.5	98.18	0.19	1.09	0	0.0119	1.1889
6AL0	blue	boltz	1	9.71	0.66	98.51	0.0	1.01	0	0.0118	1.1776
6AL0	blue	boltz	2	9.39	0.33	98.68	0.38	1.0	0	0.0118	1.18
6AL0	blue	boltz	3	13.01	0.5	98.35	0.0	1.12	0	0.0125	1.1789
6AL0	blue	boltz	4	6.93	0.17	98.35	0.19	0.88	0	0.0115	1.1682
6AL0	blue	amber_af	0	3.73	0.0	97.19	3.24	1.2	2	0.0113	1.746
6AL0	blue	amber_af	1	2.67	0.17	97.19	0.76	0.7	1	0.0113	1.7173
6AL0	blue	amber_af	2	2.45	0.17	97.85	0.57	0.56	0	0.0113	1.7091
6AL0	blue	amber_af	3	2.77	0.0	97.03	1.15	0.78	1	0.0113	1.7071
6AL0	blue	amber_af	4	1.71	0.66	97.36	0.76	0.55	0	0.0111	1.6936
6AL0	blue	amber_boltz	0	0.64	0.17	97.69	0.19	0.28	0	0.0115	1.684
6AL0	blue	amber_boltz	1	0.53	0.17	98.18	0.38	0.18	0	0.0115	1.6885
6AL0	blue	amber_boltz	2	1.07	0.0	97.69	0.95	0.38	0	0.0115	1.7041
6AL0	blue	amber_boltz	3	0.64	0.17	97.69	0.19	0.28	0	0.0114	1.6924
6AL0	blue	amber_boltz	4	0.64	0.0	97.69	0.19	0.28	0	0.0116	1.6801
6B0S	blue	crystal	0	1.1	0.0	97.73	0.72	0.38	0	0.0061	0.9226
6B0S	blue	af_relaxed	0	0.68	0.0	98.15	0.24	0.22	0	0.0112	1.6686
6B0S	blue	af_relaxed	1	0.96	0.21	97.94	0.24	0.3	0	0.0112	1.6729
6B0S	blue	af_relaxed	2	0.96	0.21	97.53	0.48	0.38	0	0.0112	1.6811
6B0S	blue	af_relaxed	3	6.55	0.41	96.71	0.95	1.07	1	0.0116	1.8245
6B0S	blue	af_relaxed	4	10.23	0.41	96.71	1.43	1.36	3	0.0117	1.932
6B0S	blue	af_unrelaxed	0	43.57	0.82	96.09	1.43	2.0	0	0.0245	2.0891
6B0S	blue	af_unrelaxed	1	45.91	0.41	97.33	1.43	1.89	0	0.0223	2.1084
6B0S	blue	af_unrelaxed	2	20.89	0.21	98.15	0.24	1.31	0	0.0223	1.704
6B0S	blue	af_unrelaxed	3	15.7	0.0	98.35	0.0	1.2	0	0.0197	1.6995
6B0S	blue	af_unrelaxed	4	20.2	0.21	97.94	1.19	1.37	0	0.0231	1.6982
6B0S	blue	boltz	0	7.23	0.0	98.77	0.48	0.9	0	0.0117	1.2153
6B0S	blue	boltz	1	6.96	0.0	98.56	0.0	0.88	0	0.0112	1.2092
6B0S	blue	boltz	2	10.1	0.0	98.15	0.0	1.03	0	0.0149	1.588
6B0S	blue	boltz	3	8.6	0.0	98.35	0.24	0.96	0	0.0114	1.3781
6B0S	blue	boltz	4	8.46	0.0	98.15	0.0	0.96	0	0.0166	1.2407
6B0S	blue	amber_af	0	7.1	0.21	96.71	1.19	1.16	2	0.0116	1.8063
6B0S	blue	amber_af	1	9.42	0.82	96.71	0.95	1.21	3	0.0117	1.9474
6B0S	blue	amber_af	2	0.68	0.21	97.53	0.24	0.32	0	0.0112	1.6776
6B0S	blue	amber_af	3	0.55	0.0	97.94	0.24	0.2	0	0.0111	1.6706
6B0S	blue	amber_af	4	0.68	0.21	97.53	0.48	0.32	0	0.0112	1.6681
6B0S	blue	amber_boltz	0	0.55	0.21	98.15	0.24	0.19	0	0.0115	1.6684
6B0S	blue	amber_boltz	1	0.55	0.0	98.15	0.24	0.19	0	0.0116	1.6584
6B0S	blue	amber_boltz	2	0.68	0.0	98.56	0.24	0.22	0	0.0115	1.6683
6B0S	blue	amber_boltz	3	0.82	0.0	97.74	0.24	0.31	0	0.0115	1.6862
6B0S	blue	amber_boltz	4	0.55	0.0	97.94	0.48	0.2	0	0.0115	1.6635
6BPC	blue	crystal	0	13.09	0.14	96.57	1.09	1.38	0	0.0087	0.9477
6BPC	blue	af_relaxed	0	1.42	0.14	98.44	0.62	0.38	3	0.0118	1.7073
6BPC	blue	af_relaxed	1	4.27	0.85	95.73	1.4	1.12	1	0.026	1.8735
6BPC	blue	af_relaxed	2	5.97	0.71	98.01	0.94	0.83	7	0.012	1.8207
6BPC	blue	af_relaxed	3	3.92	0.28	97.87	1.72	0.89	2	0.0119	1.7657
6BPC	blue	af_relaxed	4	0.45	0.28	96.73	1.56	0.51	2	0.0126	1.8527
6BPC	blue	af_unrelaxed	0	25.5	0.14	97.72	4.68	1.97	0	0.021	1.6386
6BPC	blue	af_unrelaxed	1	27.53	0.14	97.72	0.47	1.49	0	0.0219	1.7323
6BPC	blue	af_unrelaxed	2	26.63	0.0	97.44	0.31	1.53	0	0.0193	1.6555
6BPC	blue	af_unrelaxed	3	25.84	0.43	97.72	0.31	1.46	0	0.0231	1.7623
6BPC	blue	af_unrelaxed	4	25.69	0.0	97.58	0.94	1.49	0	0.0216	1.5648
6BPC	blue	boltz	0	14.97	0.0	98.86	0.16	1.18	0	0.0112	1.096
6BPC	blue	boltz	1	12.74	0.0	98.58	0.0	1.12	0	0.0109	1.0774
6BPC	blue	boltz	2	13.63	0.0	98.44	0.31	1.14	0	0.0111	1.0822
6BPC	blue	boltz	3	13.36	0.14	98.58	0.0	1.14	0	0.0112	1.0732
6BPC	blue	boltz	4	13.54	0.0	98.44	0.0	1.14	0	0.011	1.0759
6BPC	blue	amber_af	0	3.65	0.28	98.15	2.03	0.89	3	0.0119	1.74
6BPC	blue	amber_af	1	3.56	0.0	98.01	0.94	0.65	2	0.0119	1.7371
6BPC	blue	amber_af	2	2.23	0.14	98.29	0.78	0.5	2	0.0118	1.7117
6BPC	blue	amber_af	3	5.61	0.57	98.15	0.94	0.8	5	0.012	1.8305
6BPC	blue	amber_af	4	4.36	1.0	95.73	1.25	1.08	0	0.026	1.8738
6BPC	blue	amber_boltz	0	1.6	0.14	98.15	0.62	0.41	1	0.0118	1.6823
6BPC	blue	amber_boltz	1	1.69	0.14	98.15	0.78	0.42	0	0.0119	1.6893
6BPC	blue	amber_boltz	2	2.32	0.14	98.15	0.31	0.51	0	0.0118	1.6887
6BPC	blue	amber_boltz	3	2.05	0.43	97.87	0.78	0.51	0	0.0118	1.7021
6BPC	blue	amber_boltz	4	1.6	0.0	97.58	0.0	0.49	0	0.0119	1.7127
6CWG	blue	crystal	0	8.55	0.0	95.3	1.57	1.44	0	0.0057	0.965
6CWG	blue	af_relaxed	0	1.01	0.26	98.7	0.0	0.3	0	0.0117	1.652
6CWG	blue	af_relaxed	1	1.01	0.26	98.18	0.0	0.3	0	0.0116	1.6415
6CWG	blue	af_relaxed	2	1.01	0.52	98.18	0.0	0.3	0	0.0116	1.6412
6CWG	blue	af_relaxed	3	4.36	1.04	97.14	0.94	0.87	2	0.0115	1.7627
6CWG	blue	af_relaxed	4	17.09	1.82	94.55	3.13	1.98	8	0.0328	2.508
6CWG	blue	af_unrelaxed	0	52.75	0.52	97.66	4.39	2.26	0	0.0243	1.6504
6CWG	blue	af_unrelaxed	1	18.26	0.52	98.18	0.0	1.26	0	0.0206	1.6405
6CWG	blue	af_unrelaxed	2	18.6	0.52	97.92	0.63	1.29	0	0.02	1.6304
6CWG	blue	af_unrelaxed	3	19.61	0.52	97.92	0.94	1.31	0	0.018	1.5247
6CWG	blue	af_unrelaxed	4	22.47	0.52	97.66	1.25	1.49	0	0.0222	1.6559
6CWG	blue	boltz	0	16.76	0.52	98.18	0.0	1.23	0	0.0162	1.3341
6CWG	blue	boltz	1	20.96	0.26	98.7	0.63	1.32	0	0.0215	1.2527
6CWG	blue	boltz	2	13.58	0.0	99.22	0.0	1.14	0	0.0179	1.2851
6CWG	blue	boltz	3	16.6	0.0	98.96	0.31	1.22	0	0.0116	1.1022
6CWG	blue	boltz	4	22.3	0.0	99.22	0.0	1.34	0	0.0113	1.1124
6CWG	blue	amber_af	0	12.9	2.08	94.03	4.08	1.99	8	0.0325	2.4849
6CWG	blue	amber_af	1	1.01	0.26	98.96	0.0	0.3	0	0.0117	1.6473
6CWG	blue	amber_af	2	1.17	0.26	98.18	0.0	0.33	0	0.0116	1.6459
6CWG	blue	amber_af	3	1.17	0.52	97.66	0.0	0.4	0	0.0116	1.6388
6CWG	blue	amber_af	4	4.19	1.04	96.88	0.94	0.89	2	0.0115	1.7363
6CWG	blue	amber_boltz	0	1.51	0.26	97.92	0.63	0.41	0	0.0119	1.7084
6CWG	blue	amber_boltz	1	3.52	0.0	98.7	0.63	0.64	0	0.0118	1.6967
6CWG	blue	amber_boltz	2	1.68	0.0	99.22	0.63	0.42	0	0.0117	1.6844
6CWG	blue	amber_boltz	3	1.68	0.0	98.96	0.31	0.42	0	0.0117	1.6951
6CWG	blue	amber_boltz	4	1.51	0.0	98.7	0.31	0.39	0	0.0116	1.6912
6DBG	blue	crystal	0	1.47	0.0	97.74	1.46	0.57	0	0.0123	1.2407
6DBG	blue	af_relaxed	0	5.98	0.5	95.25	0.83	1.16	0	0.0112	1.8171
6DBG	blue	af_relaxed	1	4.41	0.25	93.5	0.83	1.15	2	0.0367	1.9154
6DBG	blue	af_relaxed	2	5.82	0.0	96.0	0.55	1.09	3	0.0115	1.8405
6DBG	blue	af_relaxed	3	6.14	0.5	94.0	1.66	1.41	1	0.0359	1.9749
6DBG	blue	af_relaxed	4	8.81	0.5	95.5	1.93	1.5	3	0.0116	1.8988
6DBG	blue	af_unrelaxed	0	31.05	0.5	96.25	1.38	1.84	0	0.0314	2.0225
6DBG	blue	af_unrelaxed	1	34.97	1.25	95.75	0.28	1.82	0	0.0271	2.2282
6DBG	blue	af_unrelaxed	2	33.44	1.25	95.5	0.83	1.82	0	0.0279	1.9563
6DBG	blue	af_unrelaxed	3	39.32	1.0	95.5	1.38	1.99	0	0.0355	2.1295
6DBG	blue	af_unrelaxed	4	43.18	1.25	96.0	3.31	2.28	0	0.0327	2.0393
6DBG	blue	boltz	0	25.51	0.5	98.0	0.0	1.4	0	0.0124	1.2776
6DBG	blue	boltz	1	31.64	0.0	97.5	0.0	1.59	0	0.0134	1.7461
6DBG	blue	boltz	2	22.98	0.0	97.5	0.0	1.45	0	0.0187	1.218
6DBG	blue	boltz	3	27.72	0.0	97.75	0.0	1.49	0	0.0227	1.3413
6DBG	blue	boltz	4	27.1	0.25	98.5	0.0	1.42	0	0.0117	1.2453
6DBG	blue	amber_af	0	5.67	0.25	96.25	0.55	1.06	1	0.0114	1.7516
6DBG	blue	amber_af	1	7.24	0.0	95.75	0.55	1.19	3	0.0116	1.8468
6DBG	blue	amber_af	2	5.82	0.5	94.75	0.83	1.18	0	0.0113	1.8234
6DBG	blue	amber_af	3	8.97	0.75	94.75	1.66	1.51	2	0.0117	1.9179
6DBG	blue	amber_af	4	6.14	0.5	93.5	1.38	1.37	1	0.0359	1.9756
6DBG	blue	amber_boltz	0	2.36	0.25	97.25	0.28	0.66	0	0.0112	1.7325
6DBG	blue	amber_boltz	1	3.15	0.0	97.25	0.0	0.75	0	0.0113	1.7556
6DBG	blue	amber_boltz	2	2.05	0.25	96.25	0.55	0.73	0	0.0115	1.7872
6DBG	blue	amber_boltz	3	3.62	0.0	97.5	1.1	0.79	0	0.0113	1.7526
6DBG	blue	amber_boltz	4	2.36	0.25	97.0	0.28	0.69	0	0.0113	1.7024
6EY6	blue	crystal	0	3.37	0.39	98.03	2.13	0.88	3	0.014	1.6953
6EY6	blue	af_relaxed	0	1.5	0.0	97.86	0.71	0.42	1	0.011	1.6392
6EY6	blue	af_relaxed	1	4.37	0.58	96.3	1.18	1.02	0	0.0286	1.9131
6EY6	blue	af_relaxed	2	3.12	0.0	98.64	1.89	0.81	0	0.0111	1.6902
6EY6	blue	af_relaxed	3	5.49	0.39	96.87	2.13	1.24	2	0.0288	2.0048
6EY6	blue	af_relaxed	4	6.37	1.56	94.15	2.6	1.56	8	0.0124	2.004
6EY6	blue	af_unrelaxed	0	27.6	0.0	98.44	3.07	1.8	0	0.0205	1.7232
6EY6	blue	af_unrelaxed	1	29.76	0.39	97.66	1.65	1.7	0	0.018	1.9369
6EY6	blue	af_unrelaxed	2	30.61	0.78	97.27	1.89	1.82	0	0.0289	1.7536
6EY6	blue	af_unrelaxed	3	50.08	1.17	97.86	2.84	2.05	0	0.0291	2.0029
6EY6	blue	af_unrelaxed	4	22.48	0.39	98.83	1.65	1.51	0	0.0203	1.6988
6EY6	blue	boltz	0	11.99	0.19	99.42	0.0	1.09	0	0.0106	1.1221
6EY6	blue	boltz	1	18.1	0.39	99.42	0.0	1.26	0	0.0114	1.1154
6EY6	blue	boltz	2	14.87	0.0	99.22	0.47	1.18	0	0.0109	1.1104
6EY6	blue	boltz	3	13.24	0.19	99.03	0.0	1.13	0	0.0106	1.1036
6EY6	blue	boltz	4	19.98	0.0	99.42	0.0	1.3	0	0.0128	1.111
6EY6	blue	amber_af	0	2.75	0.0	98.44	1.89	0.77	1	0.0111	1.7018
6EY6	blue	amber_af	1	4.49	0.39	96.3	0.95	0.97	0	0.0286	1.9263
6EY6	blue	amber_af	2	5.37	0.39	97.06	1.65	1.12	2	0.0288	2.0006
6EY6	blue	amber_af	3	6.86	1.56	93.37	2.13	1.56	6	0.0126	2.0519
6EY6	blue	amber_af	4	2.0	0.0	97.86	0.95	0.5	1	0.011	1.6361
6EY6	blue	amber_boltz	0	0.5	0.19	98.64	0.24	0.17	0	0.0114	1.6554
6EY6	blue	amber_boltz	1	1.0	0.19	98.44	0.0	0.29	1	0.0113	1.6666
6EY6	blue	amber_boltz	2	1.25	0.0	98.25	0.24	0.35	0	0.0116	1.6654
6EY6	blue	amber_boltz	3	1.0	0.0	99.03	0.0	0.29	2	0.0115	1.6768
6EY6	blue	amber_boltz	4	2.0	0.0	98.64	0.24	0.47	1	0.0116	1.6992
6OC3	blue	crystal	0	10.22	0.47	96.26	1.76	1.47	4	0.0144	1.7594
6OC3	blue	af_relaxed	0	2.02	0.16	97.51	0.7	0.57	2	0.0115	1.6907
6OC3	blue	af_relaxed	1	4.65	0.0	97.2	0.7	0.88	2	0.0116	1.7797
6OC3	blue	af_relaxed	2	6.07	0.16	97.05	1.76	1.19	3	0.0117	1.8167
6OC3	blue	af_relaxed	3	4.05	0.16	96.89	1.23	0.95	3	0.0116	1.7399
6OC3	blue	af_relaxed	4	6.07	0.31	97.05	1.06	1.02	4	0.0116	1.7736
6OC3	blue	af_unrelaxed	0	27.75	0.0	97.98	2.64	1.76	0	0.0244	1.7926
6OC3	blue	af_unrelaxed	1	26.95	0.47	97.98	0.18	1.42	0	0.0192	1.9477
6OC3	blue	af_unrelaxed	2	23.1	0.47	98.13	0.53	1.36	0	0.0255	1.9362
6OC3	blue	af_unrelaxed	3	19.43	0.31	97.82	0.7	1.33	0	0.0195	1.8247
6OC3	blue	af_unrelaxed	4	28.74	0.47	97.82	0.53	1.49	0	0.0311	1.9054
6OC3	blue	boltz	0	14.57	0.16	98.44	0.0	1.17	0	0.016	1.4284
6OC3	blue	boltz	1	20.45	0.31	98.6	0.18	1.31	0	0.0122	1.2159
6OC3	blue	boltz	2	14.78	0.16	98.6	0.0	1.18	0	0.0134	1.2162
6OC3	blue	boltz	3	13.06	0.0	98.6	0.18	1.13	0	0.0113	1.3166
6OC3	blue	boltz	4	8.8	0.0	98.6	0.18	0.97	0	0.011	1.2118
6OC3	blue	amber_af	0	3.84	0.0	97.51	1.76	0.96	2	0.0116	1.7472
6OC3	blue	amber_af	1	6.07	0.47	97.2	1.23	1.05	5	0.0115	1.7852
6OC3	blue	amber_af	2	4.55	0.16	97.51	0.88	0.83	2	0.0116	1.7591
6OC3	blue	amber_af	3	2.02	0.16	97.51	0.53	0.57	2	0.0116	1.6951
6OC3	blue	amber_af	4	5.36	0.16	97.05	1.23	1.02	5	0.0117	1.8289
6OC3	blue	amber_boltz	0	1.11	0.31	97.05	0.35	0.49	1	0.0117	1.7223
6OC3	blue	amber_boltz	1	3.64	0.62	97.67	0.53	0.73	2	0.0117	1.7491
6OC3	blue	amber_boltz	2	1.72	0.62	97.36	0.18	0.55	1	0.0116	1.7156
6OC3	blue	amber_boltz	3	1.72	0.16	97.98	0.18	0.43	1	0.0118	1.712
6OC3	blue	amber_boltz	4	1.42	0.0	97.51	0.0	0.48	1	0.0116	1.7028
7CEI	blue	crystal	0	20.42	2.38	92.38	17.28	2.72	0	0.0082	1.3781
7CEI	blue	af_relaxed	0	1.46	0.0	97.62	0.0	0.46	0	0.0124	1.7339
7CEI	blue	af_relaxed	1	1.46	0.0	97.62	0.0	0.46	0	0.0123	1.7419
7CEI	blue	af_relaxed	2	1.75	0.0	98.57	0.0	0.43	0	0.0124	1.7449
7CEI	blue	af_relaxed	3	1.46	0.0	98.1	0.0	0.38	0	0.0124	1.7564
7CEI	blue	af_relaxed	4	1.17	0.0	98.1	0.52	0.33	0	0.0124	1.7489
7CEI	blue	af_unrelaxed	0	18.68	0.0	98.57	0.0	1.27	0	0.0168	1.4256
7CEI	blue	af_unrelaxed	1	21.02	0.0	98.57	0.52	1.32	0	0.0163	1.4856
7CEI	blue	af_unrelaxed	2	14.61	0.0	98.57	0.0	1.17	0	0.0183	1.4045
7CEI	blue	af_unrelaxed	3	21.61	0.0	99.05	0.0	1.33	0	0.0172	1.4189
7CEI	blue	af_unrelaxed	4	16.34	0.0	98.57	0.52	1.22	0	0.0208	1.4229
7CEI	blue	boltz	0	7.3	0.0	99.05	0.52	0.9	0	0.0106	1.124
7CEI	blue	boltz	1	4.67	0.0	98.57	0.52	0.74	0	0.0107	1.1448
7CEI	blue	boltz	2	7.88	0.0	98.57	0.0	0.93	0	0.0101	1.0913
7CEI	blue	boltz	3	9.34	0.0	99.05	0.0	1.0	0	0.0106	1.1027
7CEI	blue	boltz	4	6.71	0.0	98.57	0.0	0.87	0	0.0105	1.1267
7CEI	blue	amber_af	0	2.33	0.0	97.62	0.0	0.59	0	0.0122	1.743
7CEI	blue	amber_af	1	1.17	0.0	97.62	0.0	0.41	0	0.0124	1.7352
7CEI	blue	amber_af	2	1.17	0.0	98.1	0.0	0.33	0	0.0124	1.7421
7CEI	blue	amber_af	3	1.75	0.0	98.57	0.0	0.43	0	0.0124	1.7402
7CEI	blue	amber_af	4	1.17	0.0	98.1	0.52	0.33	0	0.0124	1.7496
7CEI	blue	amber_boltz	0	0.0	0.0	97.62	0.52	0.08	0	0.0124	1.7592
7CEI	blue	amber_boltz	1	0.58	0.0	98.57	0.52	0.2	0	0.0125	1.7619
7CEI	blue	amber_boltz	2	0.29	0.0	97.14	0.0	0.26	0	0.0126	1.7717
7CEI	blue	amber_boltz	3	0.58	0.0	98.1	0.0	0.2	0	0.0125	1.7649
7CEI	blue	amber_boltz	4	0.29	0.0	97.62	0.0	0.19	0	0.0126	1.7526
BAAD	blue	crystal	0	16.65	3.17	83.66	13.18	2.76	2	0.0137	1.6511
BAAD	blue	af_relaxed	0	0.45	0.0	98.54	1.29	0.24	0	0.0119	1.6939
BAAD	blue	af_relaxed	1	1.34	0.97	95.63	1.29	0.75	0	0.0119	1.7346
BAAD	blue	af_relaxed	2	1.04	0.24	96.36	0.52	0.55	0	0.012	1.7327
BAAD	blue	af_relaxed	3	1.34	0.97	96.12	1.03	0.64	1	0.0118	1.7043
BAAD	blue	af_relaxed	4	1.04	0.73	96.6	1.03	0.53	0	0.0117	1.7295
BAAD	blue	af_unrelaxed	0	21.4	2.91	94.66	1.81	1.89	0	0.0182	1.9583
BAAD	blue	af_unrelaxed	1	18.28	3.4	94.42	1.55	1.79	0	0.0183	2.0121
BAAD	blue	af_unrelaxed	2	18.13	3.4	95.39	1.29	1.66	0	0.0176	1.7882
BAAD	blue	af_unrelaxed	3	14.12	1.94	96.36	1.03	1.41	0	0.0163	2.0187
BAAD	blue	af_unrelaxed	4	17.69	2.43	95.87	1.55	1.68	0	0.0228	1.8748
BAAD	blue	boltz	0	21.12	0.0	99.51	0.52	1.32	1	0.0245	1.7599
BAAD	blue	boltz	1	18.28	0.24	99.27	0.0	1.26	0	0.0154	1.048
BAAD	blue	boltz	2	23.33	0.0	99.03	0.0	1.36	0	0.0123	1.0661
BAAD	blue	boltz	3	20.66	0.0	99.27	0.0	1.31	0	0.0101	1.0649
BAAD	blue	boltz	4	16.5	0.0	99.51	0.0	1.22	0	0.01	1.029
BAAD	blue	amber_af	0	0.89	0.73	96.6	1.03	0.5	0	0.0117	1.729
BAAD	blue	amber_af	1	0.89	0.24	95.87	0.26	0.56	0	0.012	1.7305
BAAD	blue	amber_af	2	1.78	0.97	95.63	0.78	0.74	0	0.0119	1.7352
BAAD	blue	amber_af	3	0.59	0.0	98.06	1.29	0.28	0	0.0119	1.6996
BAAD	blue	amber_af	4	1.34	0.97	96.12	0.78	0.63	1	0.0118	1.7066
BAAD	blue	amber_boltz	0	12.63	0.97	95.15	3.1	1.82	9	0.0249	2.8922
BAAD	blue	amber_boltz	1	3.27	0.0	97.57	0.52	0.71	2	0.0125	1.8594
BAAD	blue	amber_boltz	2	1.93	0.0	99.03	0.52	0.46	0	0.012	1.7317
BAAD	blue	amber_boltz	3	1.63	0.0	98.79	0.26	0.41	0	0.012	1.7083
BAAD	blue	amber_boltz	4	2.08	0.0	99.03	0.26	0.48	0	0.012	1.7021
BOYV	blue	crystal	0	13.99	1.34	90.59	3.86	2.13	0	0.0088	1.5689
BOYV	blue	af_relaxed	0	3.97	1.07	95.99	0.35	0.96	0	0.0114	1.7516
BOYV	blue	af_relaxed	1	3.59	0.8	95.72	0.35	0.95	0	0.0113	1.7523
BOYV	blue	af_relaxed	2	3.4	0.53	95.72	0.0	0.93	0	0.0114	1.7834
BOYV	blue	af_relaxed	3	6.05	0.27	95.72	1.05	1.15	1	0.0114	1.7801
BOYV	blue	af_relaxed	4	7.75	0.27	94.92	0.35	1.28	2	0.0115	1.7798
BOYV	blue	af_unrelaxed	0	36.17	1.07	95.19	1.4	1.99	0	0.0367	2.6511
BOYV	blue	af_unrelaxed	1	42.93	1.34	94.92	1.05	1.98	0	0.0303	2.5405
BOYV	blue	af_unrelaxed	2	27.42	1.87	94.92	0.35	1.78	0	0.0299	2.1741
BOYV	blue	af_unrelaxed	3	37.8	1.07	95.99	0.7	1.83	0	0.045	2.1415
BOYV	blue	af_unrelaxed	4	31.76	1.87	95.19	0.7	1.82	0	0.0328	2.3132
BOYV	blue	boltz	0	11.52	0.0	97.86	0.0	1.11	0	0.0306	1.619
BOYV	blue	boltz	1	10.96	0.0	98.13	0.0	1.06	0	0.0244	1.7513
BOYV	blue	boltz	2	13.22	0.0	97.59	0.0	1.22	0	0.0279	1.7015
BOYV	blue	boltz	3	11.71	0.0	98.4	0.0	1.08	0	0.025	1.7711
BOYV	blue	boltz	4	9.82	0.0	98.4	0.0	1.01	0	0.0296	1.7149
BOYV	blue	amber_af	0	6.05	0.27	95.99	1.05	1.12	2	0.0115	1.8049
BOYV	blue	amber_af	1	7.18	0.27	94.65	0.35	1.26	2	0.0115	1.7813
BOYV	blue	amber_af	2	3.78	1.07	95.99	0.35	0.94	0	0.0115	1.7489
BOYV	blue	amber_af	3	3.59	0.8	95.72	0.0	0.95	0	0.0115	1.7903
BOYV	blue	amber_af	4	3.4	0.8	95.99	0.7	0.91	1	0.0113	1.7508
BOYV	blue	amber_boltz	0	0.57	0.0	96.79	0.0	0.39	0	0.0116	1.7229
BOYV	blue	amber_boltz	1	0.76	0.0	97.86	0.0	0.27	0	0.0118	1.736
BOYV	blue	amber_boltz	2	0.95	0.0	97.33	0.0	0.41	0	0.0117	1.7436
BOYV	blue	amber_boltz	3	0.76	0.0	97.59	0.35	0.33	0	0.0116	1.7343
BOYV	blue	amber_boltz	4	0.19	0.0	97.59	0.0	0.16	0	0.0117	1.721
BP57	blue	crystal	0	13.37	0.0	93.12	7.73	2.25	0	0.0101	1.6602
BP57	blue	af_relaxed	0	4.35	0.52	96.86	1.66	1.07	0	0.0118	1.8237
BP57	blue	af_relaxed	1	9.0	1.05	95.29	3.31	1.7	3	0.0125	1.934
BP57	blue	af_relaxed	2	5.28	0.0	96.86	1.1	1.01	0	0.012	1.8335
BP57	blue	af_relaxed	3	0.93	0.0	93.72	1.66	0.86	0	0.0135	2.0275
BP57	blue	af_relaxed	4	2.17	0.0	95.29	0.0	0.82	3	0.0132	1.9726
BP57	blue	af_unrelaxed	0	21.45	0.0	98.41	1.66	1.49	0	0.0242	1.9674
BP57	blue	af_unrelaxed	1	44.48	0.52	96.86	2.21	2.08	0	0.0232	2.1496
BP57	blue	af_unrelaxed	2	24.55	0.52	96.34	1.66	1.79	0	0.0245	2.0901
BP57	blue	af_unrelaxed	3	21.17	0.0	96.83	2.21	1.78	0	0.0228	1.7036
BP57	blue	af_unrelaxed	4	30.78	1.57	94.76	5.52	2.4	0	0.0334	2.2851
BP57	blue	boltz	0	27.65	0.52	97.38	0.0	1.55	0	0.0118	1.0162
BP57	blue	boltz	1	22.05	0.0	98.43	0.0	1.34	0	0.0119	1.0054
BP57	blue	boltz	2	36.96	0.0	97.91	0.0	1.57	0	0.0126	1.0569
BP57	blue	boltz	3	20.81	0.0	97.91	0.0	1.34	0	0.0131	1.0719
BP57	blue	boltz	4	19.89	0.0	97.38	0.0	1.42	0	0.0127	1.0313
BP57	blue	amber_af	0	0.93	0.0	95.81	1.1	0.6	1	0.0132	1.9759
BP57	blue	amber_af	1	4.66	0.52	96.34	1.66	1.15	1	0.0119	1.8531
BP57	blue	amber_af	2	4.03	0.52	96.86	1.1	0.91	0	0.0118	1.8331
BP57	blue	amber_af	3	0.93	0.0	93.19	1.66	0.89	0	0.0134	2.029
BP57	blue	amber_af	4	2.48	1.05	94.76	2.76	1.23	3	0.013	1.9216
BP57	blue	amber_boltz	0	2.48	0.0	96.86	1.1	0.75	0	0.012	1.8217
BP57	blue	amber_boltz	1	3.41	0.0	97.38	0.0	0.75	0	0.0122	1.8257
BP57	blue	amber_boltz	2	4.35	0.0	96.86	0.0	0.9	1	0.012	1.828
BP57	blue	amber_boltz	3	4.35	0.0	96.86	0.0	0.9	1	0.012	1.7728
BP57	blue	amber_boltz	4	4.66	0.0	96.86	0.0	0.93	0	0.012	1.8473
CP57	blue	crystal	0	13.99	0.0	92.06	9.39	2.38	0	0.0103	1.6711
CP57	blue	af_relaxed	0	4.97	0.0	97.38	1.66	1.05	0	0.0121	1.8207
CP57	blue	af_relaxed	1	3.41	2.09	91.62	2.21	1.39	3	0.0133	1.9433
CP57	blue	af_relaxed	2	8.07	1.05	94.76	2.76	1.64	3	0.0123	1.9867
CP57	blue	af_relaxed	3	1.86	0.52	94.76	2.21	1.07	0	0.0134	2.0041
CP57	blue	af_relaxed	4	2.48	0.0	96.34	1.1	0.81	0	0.0121	1.812
CP57	blue	af_unrelaxed	0	16.47	1.05	97.38	2.21	1.6	0	0.0365	1.8652
CP57	blue	af_unrelaxed	1	30.78	0.52	97.38	2.21	1.86	0	0.0248	2.1086
CP57	blue	af_unrelaxed	2	23.64	1.57	96.86	2.76	1.89	0	0.0282	2.2876
CP57	blue	af_unrelaxed	3	27.05	0.0	97.35	0.55	1.54	0	0.0226	1.6872
CP57	blue	af_unrelaxed	4	28.94	1.05	94.76	5.52	2.37	0	0.0275	2.4419
CP57	blue	boltz	0	18.02	0.0	96.86	0.0	1.45	0	0.0121	1.0301
CP57	blue	boltz	1	23.29	0.0	97.91	0.55	1.38	0	0.0115	1.0194
CP57	blue	boltz	2	12.42	0.0	97.91	0.0	1.13	0	0.0124	1.0385
CP57	blue	boltz	3	17.71	0.52	97.38	0.0	1.37	0	0.0119	1.0373
CP57	blue	boltz	4	22.07	0.0	97.38	0.0	1.46	0	0.0225	2.0175
CP57	blue	amber_af	0	2.48	0.0	96.34	1.1	0.81	0	0.0121	1.8078
CP57	blue	amber_af	1	4.97	0.0	97.38	1.66	1.05	0	0.0121	1.8281
CP57	blue	amber_af	2	2.17	1.05	93.19	1.1	0.96	1	0.0133	2.0004
CP57	blue	amber_af	3	1.86	0.52	94.24	1.1	0.87	0	0.0134	2.0025
CP57	blue	amber_af	4	7.76	1.05	95.29	2.21	1.51	3	0.0124	2.0102
CP57	blue	amber_boltz	0	0.93	0.0	95.81	0.55	0.57	0	0.0121	1.7731
CP57	blue	amber_boltz	1	2.79	0.0	96.86	0.0	0.76	0	0.012	1.738
CP57	blue	amber_boltz	2	1.24	0.52	96.86	0.0	0.53	0	0.0119	1.724
CP57	blue	amber_boltz	3	1.86	0.0	97.38	1.1	0.6	0	0.0119	1.7619
CP57	blue	amber_boltz	4	3.73	0.52	96.34	0.0	0.91	0	0.0123	1.8247
1A2K	green	crystal	0	8.04	0.63	94.94	12.0	2.11	6	0.0136	2.8233
1A2K	green	af_relaxed	0	0.58	0.0	97.47	0.0	0.3	0	0.0122	1.6438
1A2K	green	af_relaxed	1	0.97	0.32	96.84	0.0	0.48	0	0.0123	1.6686
1A2K	green	af_relaxed	2	2.14	0.0	96.84	0.0	0.68	0	0.0122	1.6879
1A2K	green	af_relaxed	3	1.17	0.0	97.78	0.0	0.38	0	0.0123	1.6581
1A2K	green	af_relaxed	4	6.22	0.63	94.62	0.0	1.21	1	0.0121	1.7834
1A2K	green	af_unrelaxed	0	12.85	0.0	97.78	0.0	1.17	0	0.0165	1.5825
1A2K	green	af_unrelaxed	1	14.21	1.27	96.52	0.0	1.39	0	0.0166	1.6104
1A2K	green	af_unrelaxed	2	22.39	0.95	96.52	0.0	1.57	0	0.0224	1.6592
1A2K	green	af_unrelaxed	3	13.23	0.32	98.73	0.0	1.13	0	0.016	1.6418
1A2K	green	af_unrelaxed	4	37.98	1.9	96.2	0.36	1.82	0	0.0276	1.8891
1A2K	green	boltz	0	7.2	0.0	99.37	0.36	0.9	0	0.0122	1.2323
1A2K	green	boltz	1	10.31	0.0	99.68	0.36	1.03	0	0.0111	1.06
1A2K	green	boltz	2	9.34	0.0	99.68	0.0	1.0	0	0.0116	1.0903
1A2K	green	boltz	3	7.78	0.0	98.73	0.0	0.93	0	0.0107	1.0975
1A2K	green	boltz	4	8.56	0.0	99.37	0.36	0.96	0	0.0111	1.0826
1A2K	green	amber_af	0	0.78	0.0	97.47	0.0	0.35	0	0.0122	1.6479
1A2K	green	amber_af	1	0.58	0.32	96.84	0.0	0.39	0	0.0123	1.669
1A2K	green	amber_af	2	1.56	0.0	96.84	0.36	0.59	1	0.0122	1.687
1A2K	green	amber_af	3	1.17	0.0	97.78	0.0	0.38	0	0.0123	1.6622
1A2K	green	amber_af	4	6.42	0.32	94.94	0.36	1.2	1	0.0121	1.7883
1A2K	green	amber_boltz	0	0.39	0.0	97.15	0.0	0.29	1	0.0123	1.7028
1A2K	green	amber_boltz	1	0.78	0.0	98.1	0.72	0.25	0	0.0125	1.6775
1A2K	green	amber_boltz	2	1.36	0.0	98.42	0.0	0.37	0	0.0122	1.7005
1A2K	green	amber_boltz	3	1.36	0.0	97.78	0.0	0.41	0	0.0123	1.6757
1A2K	green	amber_boltz	4	0.39	0.0	97.15	0.36	0.29	0	0.0124	1.692
1ACB	green	af_relaxed	0	1.33	0.0	97.98	2.38	0.65	0	0.0115	1.6825
1ACB	green	af_relaxed	1	0.44	0.0	97.31	0.0	0.29	0	0.0115	1.6908
1ACB	green	af_relaxed	2	2.22	0.0	97.64	1.98	0.8	2	0.012	1.788
1ACB	green	af_relaxed	3	3.78	0.0	97.98	0.79	0.67	0	0.0118	1.7419
1ACB	green	af_relaxed	4	0.22	0.67	96.3	0.79	0.33	3	0.0127	1.8688
1ACB	green	af_unrelaxed	0	17.12	1.35	95.96	3.17	1.89	0	0.0227	1.8364
1ACB	green	af_unrelaxed	1	18.46	1.68	95.96	1.19	1.6	0	0.0249	1.7468
1ACB	green	af_unrelaxed	2	24.02	1.35	96.3	1.19	1.68	0	0.0252	2.2968
1ACB	green	af_unrelaxed	3	26.25	1.35	96.63	0.4	1.62	0	0.0228	2.2213
1ACB	green	af_unrelaxed	4	26.23	1.35	96.97	0.4	1.58	0	0.0241	1.9531
1ACB	green	boltz	0	5.33	0.0	97.64	0.4	0.86	0	0.0115	1.2029
1ACB	green	boltz	1	8.45	0.0	97.31	0.0	1.09	0	0.0121	1.214
1ACB	green	boltz	2	5.78	0.0	97.64	0.0	0.89	0	0.0126	1.2534
1ACB	green	boltz	3	6.22	0.34	97.64	0.0	0.92	0	0.0123	1.2202
1ACB	green	boltz	4	5.11	0.0	97.98	0.0	0.78	0	0.0116	1.2225
1ACB	green	amber_af	0	1.33	0.0	97.64	2.38	0.72	0	0.0115	1.6851
1ACB	green	amber_af	1	1.11	0.0	97.64	0.79	0.39	0	0.0115	1.6923
1ACB	green	amber_af	2	2.44	0.0	97.64	1.19	0.66	2	0.0121	1.7997
1ACB	green	amber_af	3	3.78	0.0	97.64	0.4	0.74	0	0.0119	1.7476
1ACB	green	amber_af	4	0.89	0.34	96.63	0.4	0.49	3	0.0128	1.8749
1ACB	green	amber_boltz	0	0.44	0.0	97.98	0.0	0.16	0	0.0116	1.6687
1ACB	green	amber_boltz	1	0.67	0.0	97.64	0.0	0.29	0	0.0117	1.6932
1ACB	green	amber_boltz	2	0.22	0.0	97.98	0.0	0.09	0	0.0117	1.7015
1ACB	green	amber_boltz	3	0.22	0.34	97.64	0.4	0.16	0	0.0116	1.708
1ACB	green	amber_boltz	4	0.0	0.0	97.98	0.0	0.01	0	0.0118	1.6815
1AHW	green	crystal	0	33.98	3.71	82.42	18.51	3.18	3	0.0191	2.2973
1AHW	green	af_relaxed	0	1.86	0.0	97.59	1.25	0.61	3	0.0114	1.7619
1AHW	green	af_relaxed	1	2.59	0.16	97.75	0.53	0.6	0	0.0112	1.7004
1AHW	green	af_relaxed	2	4.76	0.16	96.78	0.89	0.95	3	0.0115	1.8041
1AHW	green	af_relaxed	3	3.83	0.8	95.66	0.53	0.97	4	0.0275	1.8915
1AHW	green	af_relaxed	4	3.21	0.32	97.11	1.6	0.93	2	0.0112	1.7333
1AHW	green	af_unrelaxed	0	21.46	0.32	98.07	1.25	1.4	0	0.0194	1.6709
1AHW	green	af_unrelaxed	1	20.01	0.48	98.23	0.89	1.3	0	0.0194	1.6753
1AHW	green	af_unrelaxed	2	24.59	0.48	98.07	0.71	1.38	0	0.0225	1.7758
1AHW	green	af_unrelaxed	3	22.82	0.32	97.59	1.42	1.55	0	0.0214	1.6557
1AHW	green	af_unrelaxed	4	28.0	0.32	98.23	3.02	1.8	0	0.0205	1.7201
1AHW	green	boltz	0	10.57	0.0	98.87	0.36	1.04	0	0.0111	1.1744
1AHW	green	boltz	1	13.48	0.0	99.04	0.36	1.14	0	0.0117	1.1883
1AHW	green	boltz	2	14.72	0.32	98.87	0.53	1.17	0	0.0112	1.1911
1AHW	green	boltz	3	13.78	0.16	99.04	0.18	1.15	0	0.0112	1.1823
1AHW	green	boltz	4	16.27	0.16	98.87	0.36	1.21	0	0.0138	1.1944
1AHW	green	amber_af	0	1.76	0.0	97.59	1.25	0.59	4	0.0114	1.7626
1AHW	green	amber_af	1	2.49	0.0	97.43	0.53	0.65	0	0.0112	1.6927
1AHW	green	amber_af	2	5.08	0.16	96.95	0.89	0.95	1	0.0116	1.7833
1AHW	green	amber_af	3	3.63	0.48	97.11	0.53	0.81	2	0.0113	1.7637
1AHW	green	amber_af	4	3.11	0.32	96.95	1.78	0.97	1	0.0112	1.7413
1AHW	green	amber_boltz	0	1.04	0.0	98.55	0.53	0.3	2	0.0116	1.7202
1AHW	green	amber_boltz	1	1.35	0.16	98.23	0.36	0.36	0	0.0115	1.6998
1AHW	green	amber_boltz	2	0.93	0.16	97.91	0.53	0.3	0	0.0115	1.7066
1AHW	green	amber_boltz	3	1.04	0.16	98.23	0.18	0.3	0	0.0116	1.7181
1AHW	green	amber_boltz	4	1.86	0.32	97.43	0.71	0.56	1	0.0114	1.7195
1AK4	green	crystal	0	4.92	0.36	97.84	3.75	1.23	0	0.008	1.2304
1AK4	green	af_relaxed	0	2.01	0.0	97.9	0.42	0.49	0	0.0121	1.6792
1AK4	green	af_relaxed	1	1.79	0.35	97.2	0.0	0.58	0	0.0121	1.6904
1AK4	green	af_relaxed	2	1.34	0.35	95.45	0.83	0.68	0	0.0131	1.852
1AK4	green	af_relaxed	3	1.12	0.35	96.85	0.0	0.51	0	0.0121	1.6804
1AK4	green	af_relaxed	4	1.34	0.35	96.85	0.42	0.55	0	0.0121	1.7098
1AK4	green	af_unrelaxed	0	17.21	0.0	97.2	1.67	1.55	0	0.0216	1.666
1AK4	green	af_unrelaxed	1	24.59	1.05	96.15	0.0	1.64	0	0.0191	1.6673
1AK4	green	af_unrelaxed	2	15.65	0.35	96.83	0.0	1.39	0	0.0212	1.6895
1AK4	green	af_unrelaxed	3	22.13	0.35	97.2	0.42	1.48	0	0.0192	1.625
1AK4	green	af_unrelaxed	4	21.91	1.05	95.45	0.83	1.65	0	0.0237	1.8145
1AK4	green	boltz	0	13.19	0.0	98.25	0.42	1.13	0	0.0111	1.1366
1AK4	green	boltz	1	6.26	0.35	97.2	0.0	0.99	0	0.0108	1.1353
1AK4	green	boltz	2	10.51	0.0	98.25	0.0	1.04	0	0.0104	1.1425
1AK4	green	boltz	3	9.61	0.0	97.55	0.0	1.1	0	0.011	1.1379
1AK4	green	boltz	4	14.98	0.0	97.9	0.0	1.2	0	0.0142	1.1465
1AK4	green	amber_af	0	2.01	0.0	97.9	0.42	0.49	0	0.012	1.6757
1AK4	green	amber_af	1	1.56	0.35	97.55	0.0	0.49	0	0.0121	1.6958
1AK4	green	amber_af	2	1.34	0.35	95.8	0.83	0.65	0	0.0132	1.8575
1AK4	green	amber_af	3	1.12	0.35	97.2	0.0	0.47	0	0.0121	1.6898
1AK4	green	amber_af	4	0.89	0.35	96.85	0.83	0.46	0	0.0121	1.7172
1AK4	green	amber_boltz	0	2.23	0.0	98.6	0.0	0.5	0	0.0124	1.7101
1AK4	green	amber_boltz	1	0.22	0.0	97.55	0.0	0.18	0	0.0124	1.7054
1AK4	green	amber_boltz	2	0.67	0.0	98.25	0.0	0.22	0	0.0125	1.6864
1AK4	green	amber_boltz	3	1.34	0.0	96.5	0.0	0.59	0	0.0123	1.6865
1AK4	green	amber_boltz	4	1.56	0.35	97.2	0.0	0.55	0	0.0123	1.7145
1AKJ	green	crystal	0	5.42	0.0	94.81	1.65	1.31	0	0.0078	1.42
1AKJ	green	af_relaxed	0	0.9	0.0	97.93	0.24	0.29	1	0.0118	1.6688
1AKJ	green	af_relaxed	1	3.87	0.21	98.34	0.71	0.67	3	0.0122	1.8102
1AKJ	green	af_relaxed	2	5.16	0.0	96.89	0.94	0.96	4	0.0121	1.7905
1AKJ	green	af_relaxed	3	4.51	0.21	96.68	1.18	0.99	2	0.0298	1.9423
1AKJ	green	af_relaxed	4	3.87	0.41	97.1	0.94	0.84	1	0.0122	1.7822
1AKJ	green	af_unrelaxed	0	12.78	0.62	97.72	0.24	1.18	0	0.0172	1.649
1AKJ	green	af_unrelaxed	1	29.1	0.21	98.55	1.18	1.5	0	0.0358	2.7239
1AKJ	green	af_unrelaxed	2	28.4	0.0	98.55	1.41	1.55	0	0.0249	1.6027
1AKJ	green	af_unrelaxed	3	37.07	0.62	98.13	1.41	1.66	0	0.0247	1.9261
1AKJ	green	af_unrelaxed	4	30.75	0.0	98.13	1.18	1.53	0	0.0215	1.6991
1AKJ	green	boltz	0	9.29	0.0	98.13	0.24	0.99	0	0.0116	1.1303
1AKJ	green	boltz	1	13.17	0.0	98.55	0.47	1.13	0	0.0117	1.1403
1AKJ	green	boltz	2	9.16	0.0	98.96	0.94	0.99	0	0.0115	1.1454
1AKJ	green	boltz	3	13.16	0.0	98.34	0.24	1.13	0	0.0121	1.1574
1AKJ	green	boltz	4	14.84	0.0	98.76	0.0	1.18	0	0.0118	1.1201
1AKJ	green	amber_af	0	0.9	0.0	97.93	0.24	0.29	1	0.0119	1.6719
1AKJ	green	amber_af	1	3.35	0.21	98.34	1.18	0.68	1	0.0121	1.8033
1AKJ	green	amber_af	2	4.77	0.0	96.47	1.18	1.03	2	0.0121	1.7517
1AKJ	green	amber_af	3	4.51	0.41	96.47	1.65	1.12	2	0.0298	1.9365
1AKJ	green	amber_af	4	3.87	0.41	97.1	1.41	0.95	1	0.0121	1.7783
1AKJ	green	amber_boltz	0	0.64	0.0	98.34	0.24	0.21	0	0.012	1.6821
1AKJ	green	amber_boltz	1	2.06	0.0	98.55	0.47	0.48	0	0.0119	1.7019
1AKJ	green	amber_boltz	2	1.68	0.0	98.55	0.47	0.42	0	0.012	1.6983
1AKJ	green	amber_boltz	3	1.03	0.0	97.93	0.24	0.32	0	0.0119	1.701
1AKJ	green	amber_boltz	4	1.81	0.0	98.34	0.0	0.44	0	0.012	1.7028
1ATN	green	af_relaxed	0	1.53	0.0	97.6	0.37	0.48	0	0.0117	1.6949
1ATN	green	af_relaxed	1	1.33	0.0	97.76	0.18	0.41	1	0.0118	1.6958
1ATN	green	af_relaxed	2	0.72	0.0	97.6	0.0	0.31	1	0.0117	1.6803
1ATN	green	af_relaxed	3	0.82	0.0	97.76	1.29	0.39	0	0.0117	1.6984
1ATN	green	af_relaxed	4	0.92	0.16	97.12	0.0	0.44	0	0.0117	1.681
1ATN	green	af_unrelaxed	0	13.29	0.48	98.24	0.74	1.13	0	0.0211	1.5423
1ATN	green	af_unrelaxed	1	10.02	0.48	98.08	0.37	1.02	0	0.0187	1.5294
1ATN	green	af_unrelaxed	2	10.84	0.48	97.6	0.37	1.14	0	0.0153	1.5364
1ATN	green	af_unrelaxed	3	12.07	0.48	97.92	2.95	1.47	0	0.0186	1.5101
1ATN	green	af_unrelaxed	4	9.51	0.48	98.08	0.0	1.0	0	0.0201	1.5482
1ATN	green	boltz	0	10.74	0.16	98.72	0.37	1.05	0	0.0111	1.0837
1ATN	green	boltz	1	9.0	0.16	98.72	0.0	0.98	0	0.012	1.1479
1ATN	green	boltz	2	8.79	0.16	98.56	0.0	0.97	0	0.0119	1.0854
1ATN	green	boltz	3	9.92	0.0	98.4	0.0	1.02	0	0.0114	1.0774
1ATN	green	boltz	4	12.48	0.16	98.56	0.0	1.11	0	0.0118	1.0834
1ATN	green	amber_af	0	1.53	0.0	97.44	0.37	0.51	0	0.0117	1.6943
1ATN	green	amber_af	1	1.02	0.0	97.6	0.18	0.38	0	0.0118	1.6925
1ATN	green	amber_af	2	0.72	0.0	97.6	0.0	0.31	1	0.0117	1.6763
1ATN	green	amber_af	3	1.12	0.0	97.76	0.92	0.37	0	0.0117	1.7018
1ATN	green	amber_af	4	0.92	0.16	97.12	0.18	0.44	0	0.0117	1.6884
1ATN	green	amber_boltz	0	0.61	0.16	98.08	0.0	0.2	1	0.0118	1.7129
1ATN	green	amber_boltz	1	1.02	0.16	98.08	0.37	0.3	1	0.0118	1.7154
1ATN	green	amber_boltz	2	0.61	0.0	98.08	0.0	0.2	1	0.0116	1.7093
1ATN	green	amber_boltz	3	0.82	0.0	97.92	0.18	0.27	0	0.0118	1.7112
1ATN	green	amber_boltz	4	1.12	0.0	97.92	0.0	0.34	0	0.0117	1.7174
1AVX	green	crystal	0	23.55	0.77	86.12	10.41	2.78	0	0.0119	1.8172
1AVX	green	af_relaxed	0	1.02	0.26	96.68	0.3	0.51	0	0.0113	1.6455
1AVX	green	af_relaxed	1	1.19	0.26	97.19	0.6	0.48	0	0.0113	1.6411
1AVX	green	af_relaxed	2	1.02	0.26	96.93	0.9	0.48	1	0.0114	1.6838
1AVX	green	af_relaxed	3	0.17	0.26	97.19	0.3	0.22	0	0.0114	1.6502
1AVX	green	af_relaxed	4	1.02	0.26	96.93	0.3	0.48	0	0.0112	1.646
1AVX	green	af_unrelaxed	0	15.43	0.26	97.95	0.3	1.2	0	0.0173	1.5602
1AVX	green	af_unrelaxed	1	10.51	0.26	97.95	1.2	1.11	0	0.0179	1.5964
1AVX	green	af_unrelaxed	2	9.67	0.51	97.7	0.6	1.07	0	0.0181	1.631
1AVX	green	af_unrelaxed	3	7.8	0.26	97.7	0.0	0.99	0	0.0165	1.6216
1AVX	green	af_unrelaxed	4	10.01	0.51	97.95	0.3	1.03	0	0.0207	1.6406
1AVX	green	boltz	0	9.66	0.26	97.44	0.6	1.12	0	0.0126	1.2238
1AVX	green	boltz	1	5.59	0.0	97.95	0.0	0.81	0	0.0114	1.2142
1AVX	green	boltz	2	10.85	0.0	96.93	0.0	1.23	0	0.0136	1.2143
1AVX	green	boltz	3	8.81	0.0	97.19	0.3	1.12	0	0.0132	1.2044
1AVX	green	boltz	4	5.76	0.0	96.93	0.0	1.0	0	0.0114	1.2176
1AVX	green	amber_af	0	1.02	0.26	96.68	0.9	0.51	1	0.0113	1.6522
1AVX	green	amber_af	1	1.19	0.26	97.44	0.6	0.44	0	0.0113	1.6459
1AVX	green	amber_af	2	0.85	0.26	96.68	0.9	0.47	0	0.0114	1.661
1AVX	green	amber_af	3	0.51	0.26	96.93	0.6	0.36	1	0.0114	1.6646
1AVX	green	amber_af	4	0.51	0.26	96.68	0.0	0.39	0	0.0113	1.6488
1AVX	green	amber_boltz	0	1.19	0.26	97.19	0.6	0.48	0	0.0113	1.695
1AVX	green	amber_boltz	1	0.85	0.0	97.44	0.6	0.37	0	0.0114	1.654
1AVX	green	amber_boltz	2	0.51	0.0	96.68	0.6	0.39	0	0.0114	1.6791
1AVX	green	amber_boltz	3	0.51	0.0	96.68	0.3	0.39	1	0.0113	1.6872
1AVX	green	amber_boltz	4	0.34	0.0	97.19	0.6	0.27	0	0.0117	1.6633
1AY7	green	crystal	0	5.22	0.55	96.13	3.75	1.48	19	0.0253	3.5535
1AY7	green	af_relaxed	0	0.35	0.0	98.9	0.0	0.13	0	0.0115	1.6853
1AY7	green	af_relaxed	1	0.0	0.0	98.9	0.0	0.0	0	0.0115	1.6699
1AY7	green	af_relaxed	2	0.0	0.0	98.9	0.62	0.0	0	0.0116	1.691
1AY7	green	af_relaxed	3	0.0	0.0	98.9	0.62	0.0	0	0.0114	1.6867
1AY7	green	af_relaxed	4	0.35	0.0	98.34	0.0	0.13	0	0.0115	1.6741
1AY7	green	af_unrelaxed	0	7.31	0.0	97.79	0.0	0.95	0	0.0181	1.4196
1AY7	green	af_unrelaxed	1	9.75	0.0	97.79	0.0	1.06	0	0.019	1.4323
1AY7	green	af_unrelaxed	2	8.35	0.0	97.79	0.0	1.0	0	0.0196	1.4656
1AY7	green	af_unrelaxed	3	10.45	0.0	97.79	0.62	1.09	0	0.0262	1.535
1AY7	green	af_unrelaxed	4	7.66	0.0	97.79	0.0	0.97	0	0.0189	1.415
1AY7	green	boltz	0	3.83	0.0	98.9	0.0	0.67	0	0.01	1.0957
1AY7	green	boltz	1	3.13	0.0	98.34	0.0	0.6	0	0.0098	1.1336
1AY7	green	boltz	2	4.52	0.0	98.9	0.0	0.73	0	0.0103	1.1431
1AY7	green	boltz	3	3.48	0.0	98.34	0.0	0.64	0	0.0099	1.1006
1AY7	green	boltz	4	3.48	0.0	98.9	0.0	0.64	0	0.0103	1.1169
1AY7	green	amber_af	0	0.35	0.0	98.34	0.0	0.13	0	0.0115	1.6808
1AY7	green	amber_af	1	0.0	0.0	98.9	0.0	0.0	0	0.0115	1.6661
1AY7	green	amber_af	2	0.35	0.0	98.9	0.62	0.13	0	0.0116	1.6851
1AY7	green	amber_af	3	0.35	0.0	98.34	0.62	0.13	0	0.0114	1.7023
1AY7	green	amber_af	4	0.7	0.0	98.34	0.0	0.22	0	0.0115	1.6729
1AY7	green	amber_boltz	0	0.0	0.0	98.9	0.0	0.0	0	0.0117	1.7022
1AY7	green	amber_boltz	1	0.0	0.0	98.9	0.62	0.0	0	0.0121	1.7178
1AY7	green	amber_boltz	2	0.35	0.0	98.9	0.62	0.13	0	0.0117	1.7097
1AY7	green	amber_boltz	3	0.35	0.0	98.9	0.0	0.13	0	0.0117	1.7101
1AY7	green	amber_boltz	4	0.7	0.0	97.79	0.62	0.27	0	0.0118	1.7333
1AZS	green	crystal	0	7.19	0.56	95.34	1.91	1.43	0	0.0092	1.3741
1AZS	green	af_relaxed	0	1.14	0.14	97.75	0.48	0.38	0	0.012	1.6321
1AZS	green	af_relaxed	1	1.14	0.0	97.47	0.64	0.43	0	0.0118	1.6344
1AZS	green	af_relaxed	2	1.23	0.0	97.61	0.32	0.42	0	0.0119	1.6251
1AZS	green	af_relaxed	3	1.49	0.0	98.17	0.16	0.39	0	0.0119	1.6164
1AZS	green	af_relaxed	4	2.45	0.14	98.03	1.75	0.71	0	0.0119	1.6803
1AZS	green	af_unrelaxed	0	16.48	0.84	97.89	0.48	1.24	0	0.0164	1.551
1AZS	green	af_unrelaxed	1	15.51	0.42	98.17	0.64	1.19	0	0.021	1.5266
1AZS	green	af_unrelaxed	2	15.25	0.28	98.17	0.64	1.19	0	0.0165	1.5202
1AZS	green	af_unrelaxed	3	19.72	0.42	98.31	0.32	1.29	0	0.0159	1.506
1AZS	green	af_unrelaxed	4	20.95	0.84	98.17	3.83	1.76	0	0.019	1.8609
1AZS	green	boltz	0	13.5	0.28	98.6	0.16	1.14	0	0.0121	1.1011
1AZS	green	boltz	1	13.06	0.14	98.88	0.0	1.13	0	0.0115	1.0688
1AZS	green	boltz	2	15.86	0.28	98.6	0.16	1.2	0	0.0117	1.0723
1AZS	green	boltz	3	17.44	0.28	99.02	0.64	1.24	0	0.012	1.0901
1AZS	green	boltz	4	16.74	0.42	98.88	0.48	1.23	0	0.0122	1.0731
1AZS	green	amber_af	0	0.88	0.14	97.61	0.48	0.35	0	0.012	1.6348
1AZS	green	amber_af	1	1.31	0.0	97.61	0.64	0.44	0	0.0118	1.6355
1AZS	green	amber_af	2	1.05	0.0	97.89	0.32	0.33	0	0.0119	1.6233
1AZS	green	amber_af	3	2.02	0.0	98.03	0.16	0.47	0	0.0119	1.6226
1AZS	green	amber_af	4	2.54	0.14	97.89	1.91	0.78	0	0.0119	1.6773
1AZS	green	amber_boltz	0	0.96	0.14	97.61	0.32	0.37	0	0.0119	1.6917
1AZS	green	amber_boltz	1	0.7	0.0	98.88	0.16	0.23	0	0.012	1.6853
1AZS	green	amber_boltz	2	1.23	0.14	97.61	0.32	0.42	0	0.0119	1.6989
1AZS	green	amber_boltz	3	1.23	0.14	97.61	0.48	0.42	0	0.0118	1.6909
1AZS	green	amber_boltz	4	1.4	0.42	97.61	0.8	0.46	0	0.0118	1.692
1B6C	green	crystal	0	20.52	0.0	94.41	5.43	2.25	0	0.0146	1.8144
1B6C	green	af_relaxed	0	11.35	1.17	96.27	2.45	1.62	3	0.0122	1.9789
1B6C	green	af_relaxed	1	6.11	0.7	95.57	1.09	1.17	1	0.0301	2.0119
1B6C	green	af_relaxed	2	5.38	1.17	96.04	1.63	1.22	0	0.0117	1.7861
1B6C	green	af_relaxed	3	7.56	0.93	96.04	1.9	1.4	2	0.0118	1.8389
1B6C	green	af_relaxed	4	5.82	0.93	95.8	0.82	1.11	6	0.0301	2.0318
1B6C	green	af_unrelaxed	0	41.63	2.33	95.1	3.8	2.38	0	0.0192	2.0205
1B6C	green	af_unrelaxed	1	36.38	2.56	95.8	1.36	1.93	0	0.0191	1.8837
1B6C	green	af_unrelaxed	2	37.11	2.33	95.1	1.63	2.05	0	0.0169	1.7539
1B6C	green	af_unrelaxed	3	37.41	2.1	95.57	2.45	2.16	0	0.0194	1.9028
1B6C	green	af_unrelaxed	4	32.62	1.17	96.74	2.99	2.06	0	0.0221	1.8332
1B6C	green	boltz	0	11.06	0.0	98.14	0.0	1.06	0	0.0102	1.0968
1B6C	green	boltz	1	11.35	0.0	98.6	0.27	1.07	0	0.0103	1.1534
1B6C	green	boltz	2	14.99	0.0	97.9	0.27	1.2	0	0.0106	1.0914
1B6C	green	boltz	3	11.06	0.0	98.6	0.0	1.06	0	0.0105	1.0796
1B6C	green	boltz	4	8.15	0.0	98.6	0.0	0.94	0	0.0101	1.094
1B6C	green	amber_af	0	11.2	1.17	95.8	2.72	1.69	3	0.0121	1.9677
1B6C	green	amber_af	1	6.11	0.47	95.57	0.82	1.14	1	0.0301	2.003
1B6C	green	amber_af	2	5.53	1.17	95.8	1.36	1.19	0	0.0117	1.7819
1B6C	green	amber_af	3	7.56	0.93	95.8	1.63	1.37	2	0.0118	1.8412
1B6C	green	amber_af	4	5.67	0.7	95.57	0.82	1.12	4	0.0301	2.0202
1B6C	green	amber_boltz	0	0.15	0.0	97.67	0.0	0.13	0	0.0119	1.7113
1B6C	green	amber_boltz	1	0.58	0.23	97.9	0.0	0.22	0	0.0119	1.7109
1B6C	green	amber_boltz	2	1.6	0.0	97.9	0.27	0.43	0	0.0117	1.7273
1B6C	green	amber_boltz	3	0.15	0.0	98.14	0.0	0.06	0	0.0119	1.7158
1B6C	green	amber_boltz	4	0.58	0.0	98.6	0.0	0.2	0	0.012	1.7022
1BKD	green	crystal	0	7.39	0.5	94.45	3.41	1.69	1	0.0088	1.4682
1BKD	green	af_relaxed	0	1.8	0.17	96.84	0.72	0.63	0	0.0125	1.7507
1BKD	green	af_relaxed	1	2.0	0.17	98.0	0.72	0.47	0	0.0121	1.7048
1BKD	green	af_relaxed	2	2.11	0.5	97.5	0.54	0.58	2	0.0125	1.7524
1BKD	green	af_relaxed	3	2.51	0.5	97.34	0.9	0.66	0	0.0125	1.7641
1BKD	green	af_relaxed	4	1.7	0.5	97.0	0.72	0.6	0	0.0126	1.7432
1BKD	green	af_unrelaxed	0	19.87	1.0	96.67	1.8	1.7	0	0.0243	1.7645
1BKD	green	af_unrelaxed	1	23.16	0.67	97.5	0.72	1.46	0	0.02	1.4866
1BKD	green	af_unrelaxed	2	21.48	0.83	97.17	1.44	1.6	0	0.0272	1.9382
1BKD	green	af_unrelaxed	3	23.58	0.83	96.84	1.26	1.63	0	0.0227	1.8104
1BKD	green	af_unrelaxed	4	18.06	0.67	96.67	0.9	1.47	0	0.0209	2.1828
1BKD	green	boltz	0	10.43	0.0	98.0	0.36	1.04	0	0.0108	1.0945
1BKD	green	boltz	1	7.92	0.0	98.5	0.36	0.93	0	0.0112	1.2004
1BKD	green	boltz	2	8.22	0.17	97.84	0.36	0.98	0	0.0106	1.0754
1BKD	green	boltz	3	8.32	0.0	98.17	0.36	0.95	0	0.0107	1.075
1BKD	green	boltz	4	11.83	0.0	98.34	0.54	1.09	0	0.0124	1.0831
1BKD	green	amber_af	0	2.31	0.33	97.0	1.08	0.71	0	0.0126	1.7455
1BKD	green	amber_af	1	1.9	0.33	97.84	0.72	0.49	0	0.0121	1.7071
1BKD	green	amber_af	2	1.9	0.5	97.67	0.54	0.53	2	0.0125	1.7484
1BKD	green	amber_af	3	2.31	0.5	97.17	0.9	0.66	0	0.0125	1.7657
1BKD	green	amber_af	4	1.4	0.67	96.84	0.72	0.57	0	0.0126	1.7439
1BKD	green	amber_boltz	0	1.2	0.0	97.34	0.18	0.46	0	0.0123	1.7018
1BKD	green	amber_boltz	1	0.8	0.0	97.67	0.36	0.32	0	0.0122	1.9077
1BKD	green	amber_boltz	2	1.3	0.17	97.17	0.54	0.51	0	0.0122	1.6912
1BKD	green	amber_boltz	3	1.0	0.0	98.17	0.54	0.3	0	0.0124	1.6868
1BKD	green	amber_boltz	4	0.9	0.0	97.84	0.54	0.31	0	0.0123	1.702
1BUH	green	crystal	0	12.28	1.42	92.88	9.06	2.28	2	0.0131	1.8084
1BUH	green	af_relaxed	0	1.19	0.57	97.73	0.94	0.39	0	0.012	1.6935
1BUH	green	af_relaxed	1	1.19	0.28	97.45	0.62	0.44	0	0.0119	1.697
1BUH	green	af_relaxed	2	1.87	0.28	97.17	1.25	0.67	0	0.0119	1.7163
1BUH	green	af_relaxed	3	1.02	0.28	97.45	0.62	0.41	0	0.0119	1.6892
1BUH	green	af_relaxed	4	2.22	0.57	98.02	0.62	0.5	0	0.012	1.7023
1BUH	green	af_unrelaxed	0	17.39	0.28	97.17	1.25	1.47	0	0.0171	1.5015
1BUH	green	af_unrelaxed	1	19.27	0.28	97.17	0.94	1.43	0	0.0184	1.5331
1BUH	green	af_unrelaxed	2	25.75	0.28	96.6	1.88	1.83	0	0.0224	1.548
1BUH	green	af_unrelaxed	3	19.44	0.28	96.88	3.12	1.85	0	0.0178	1.473
1BUH	green	af_unrelaxed	4	21.99	0.28	96.6	1.56	1.7	0	0.0172	1.6423
1BUH	green	boltz	0	12.28	0.0	99.15	0.62	1.1	0	0.0123	1.1618
1BUH	green	boltz	1	10.57	0.0	98.87	0.0	1.04	0	0.0113	1.1739
1BUH	green	boltz	2	7.67	0.0	99.15	0.94	0.92	0	0.011	1.2066
1BUH	green	boltz	3	8.7	0.0	99.15	0.31	0.97	0	0.011	1.157
1BUH	green	boltz	4	14.15	0.0	99.15	0.0	1.16	0	0.0109	1.1556
1BUH	green	amber_af	0	1.19	0.28	97.73	0.94	0.39	0	0.012	1.6938
1BUH	green	amber_af	1	1.36	0.28	97.17	0.62	0.52	0	0.0119	1.6984
1BUH	green	amber_af	2	1.87	0.28	97.17	1.25	0.67	0	0.0119	1.7156
1BUH	green	amber_af	3	1.87	0.28	97.17	0.94	0.6	0	0.012	1.6927
1BUH	green	amber_af	4	1.87	0.57	98.02	0.62	0.45	0	0.012	1.6984
1BUH	green	amber_boltz	0	1.19	0.0	98.02	0.62	0.33	0	0.0124	1.7641
1BUH	green	amber_boltz	1	1.36	0.0	98.3	0.31	0.37	0	0.0122	1.7358
1BUH	green	amber_boltz	2	0.68	0.0	98.3	0.31	0.22	0	0.0124	1.7388
1BUH	green	amber_boltz	3	1.02	0.0	98.02	0.31	0.3	0	0.0123	1.7411
1BUH	green	amber_boltz	4	1.53	0.0	97.73	0.31	0.46	0	0.0123	1.7461
1BVN	green	crystal	0	27.94	1.24	89.7	18.09	2.95	0	0.0093	1.6703
1BVN	green	af_relaxed	0	0.12	0.0	97.34	0.43	0.17	1	0.0119	1.6612
1BVN	green	af_relaxed	1	0.35	0.18	97.51	0.85	0.23	1	0.0119	1.665
1BVN	green	af_relaxed	2	0.35	0.0	97.51	0.85	0.23	0	0.012	1.6742
1BVN	green	af_relaxed	3	0.35	0.0	97.69	0.43	0.19	0	0.012	1.6668
1BVN	green	af_relaxed	4	0.46	0.0	97.87	0.43	0.19	0	0.012	1.6702
1BVN	green	af_unrelaxed	0	12.29	0.36	98.05	0.21	1.1	0	0.0205	1.4799
1BVN	green	af_unrelaxed	1	14.38	0.53	97.69	0.43	1.23	0	0.0239	1.4955
1BVN	green	af_unrelaxed	2	12.52	0.0	97.69	0.64	1.18	0	0.0193	1.4413
1BVN	green	af_unrelaxed	3	11.01	0.0	98.05	0.21	1.06	0	0.0199	1.4871
1BVN	green	af_unrelaxed	4	14.72	0.0	98.05	0.0	1.17	0	0.0201	1.5115
1BVN	green	boltz	0	8.11	0.0	98.4	0.43	0.94	0	0.0194	1.3257
1BVN	green	boltz	1	7.77	0.0	98.4	0.21	0.92	0	0.0176	1.3158
1BVN	green	boltz	2	9.27	0.0	98.22	0.43	0.99	0	0.0172	1.3678
1BVN	green	boltz	3	9.27	0.0	98.22	0.21	0.99	0	0.0187	1.3332
1BVN	green	boltz	4	11.24	0.0	98.4	0.0	1.07	0	0.0197	1.3542
1BVN	green	amber_af	0	0.12	0.0	97.34	0.43	0.17	1	0.012	1.6609
1BVN	green	amber_af	1	0.23	0.18	97.51	0.85	0.19	1	0.0119	1.6647
1BVN	green	amber_af	2	0.35	0.0	97.69	0.64	0.19	0	0.012	1.6711
1BVN	green	amber_af	3	0.12	0.0	97.69	0.43	0.11	0	0.012	1.6684
1BVN	green	amber_af	4	0.46	0.0	97.87	0.43	0.19	0	0.012	1.6614
1BVN	green	amber_boltz	0	0.7	0.0	97.87	0.85	0.26	0	0.0119	1.6966
1BVN	green	amber_boltz	1	0.7	0.0	97.87	0.43	0.26	1	0.0119	1.6806
1BVN	green	amber_boltz	2	0.93	0.0	97.69	0.85	0.35	1	0.0119	1.6868
1BVN	green	amber_boltz	3	0.58	0.0	97.87	0.43	0.23	0	0.012	1.6889
1BVN	green	amber_boltz	4	0.93	0.0	97.69	0.21	0.35	1	0.0118	1.6994
1CGI	green	af_relaxed	0	5.47	0.68	96.94	1.21	1.04	2	0.0125	1.9341
1CGI	green	af_relaxed	1	1.6	1.02	95.58	0.81	0.71	2	0.0127	1.9901
1CGI	green	af_relaxed	2	0.68	0.68	96.26	1.62	0.63	3	0.0125	1.949
1CGI	green	af_relaxed	3	7.75	1.02	97.28	1.62	1.22	4	0.0118	1.9413
1CGI	green	af_relaxed	4	4.79	0.68	96.6	2.43	1.26	3	0.0116	1.8441
1CGI	green	af_unrelaxed	0	17.81	1.02	96.6	1.21	1.53	0	0.0248	2.0546
1CGI	green	af_unrelaxed	1	18.95	1.36	95.58	0.81	1.58	0	0.0331	2.9251
1CGI	green	af_unrelaxed	2	23.74	0.68	97.62	0.4	1.45	0	0.0308	2.046
1CGI	green	af_unrelaxed	3	28.09	1.02	96.6	2.43	1.95	0	0.0393	2.4657
1CGI	green	af_unrelaxed	4	28.28	2.04	95.92	0.81	1.72	0	0.0357	2.1279
1CGI	green	boltz	0	13.69	0.0	98.3	0.0	1.14	0	0.0141	1.2788
1CGI	green	boltz	1	15.97	0.0	97.96	0.0	1.22	0	0.0139	1.2422
1CGI	green	boltz	2	11.64	0.34	97.62	0.0	1.16	0	0.0188	1.3318
1CGI	green	boltz	3	16.2	0.0	98.3	0.0	1.21	0	0.0145	1.2658
1CGI	green	boltz	4	13.23	0.68	97.62	0.0	1.21	0	0.0287	1.9379
1CGI	green	amber_af	0	5.24	0.68	96.94	1.21	1.03	2	0.0125	1.9307
1CGI	green	amber_af	1	1.82	1.02	95.58	0.81	0.75	3	0.0128	2.0616
1CGI	green	amber_af	2	0.68	0.34	95.92	1.21	0.57	3	0.0125	1.9555
1CGI	green	amber_af	3	7.07	1.02	97.28	2.43	1.32	3	0.0119	1.9564
1CGI	green	amber_af	4	4.79	0.68	96.6	2.83	1.31	2	0.0116	1.8398
1CGI	green	amber_boltz	0	3.19	0.34	97.28	0.4	0.75	0	0.0117	1.7835
1CGI	green	amber_boltz	1	3.88	0.0	97.62	0.0	0.76	0	0.0116	1.7994
1CGI	green	amber_boltz	2	3.42	1.02	96.6	0.4	0.85	2	0.0127	1.9234
1CGI	green	amber_boltz	3	0.46	0.34	97.28	0.81	0.3	2	0.0123	1.8532
1CGI	green	amber_boltz	4	0.68	0.68	96.26	1.62	0.63	3	0.0131	1.916
1CLV	green	crystal	0	1.64	0.2	96.39	0.49	0.65	0	0.0078	1.4449
1CLV	green	af_relaxed	0	1.08	0.0	96.59	0.0	0.53	0	0.0118	1.6726
1CLV	green	af_relaxed	1	1.08	0.0	96.18	0.98	0.57	0	0.0118	1.6792
1CLV	green	af_relaxed	2	1.35	0.0	96.79	0.0	0.56	0	0.0118	1.666
1CLV	green	af_relaxed	3	1.49	0.0	96.59	0.0	0.61	0	0.0117	1.6693
1CLV	green	af_relaxed	4	2.44	0.0	96.39	0.0	0.77	1	0.0117	1.6793
1CLV	green	af_unrelaxed	0	19.63	0.6	96.39	0.24	1.53	0	0.0197	1.5152
1CLV	green	af_unrelaxed	1	20.58	0.4	96.18	2.44	1.86	0	0.0187	1.5435
1CLV	green	af_unrelaxed	2	16.52	0.4	96.18	0.0	1.48	0	0.0191	1.4433
1CLV	green	af_unrelaxed	3	18.68	0.4	95.78	0.0	1.56	0	0.0223	1.4844
1CLV	green	af_unrelaxed	4	23.96	0.8	95.78	0.0	1.66	0	0.0189	1.5151
1CLV	green	boltz	0	9.34	0.6	97.59	0.24	1.08	0	0.0113	1.2141
1CLV	green	boltz	1	7.31	0.2	97.39	0.0	1.02	0	0.0114	1.2284
1CLV	green	boltz	2	7.99	0.2	97.39	0.0	1.05	0	0.0114	1.2365
1CLV	green	boltz	3	10.96	0.2	97.19	0.24	1.21	0	0.0115	1.2155
1CLV	green	boltz	4	9.34	0.2	97.39	0.0	1.11	0	0.0114	1.2175
1CLV	green	amber_af	0	1.08	0.0	96.59	0.0	0.53	0	0.0118	1.6731
1CLV	green	amber_af	1	1.49	0.2	96.18	0.98	0.65	0	0.0118	1.6826
1CLV	green	amber_af	2	1.76	0.0	96.79	0.24	0.63	0	0.0118	1.6694
1CLV	green	amber_af	3	1.49	0.0	96.39	0.0	0.63	0	0.0117	1.6727
1CLV	green	amber_af	4	2.3	0.0	96.39	0.0	0.75	1	0.0117	1.6838
1CLV	green	amber_boltz	0	0.54	0.2	95.78	0.0	0.48	1	0.0118	1.6872
1CLV	green	amber_boltz	1	0.14	0.2	96.18	0.24	0.31	1	0.0118	1.6846
1CLV	green	amber_boltz	2	0.54	0.2	96.18	0.24	0.44	1	0.0118	1.6866
1CLV	green	amber_boltz	3	0.54	0.2	96.39	0.0	0.42	1	0.0117	1.7089
1CLV	green	amber_boltz	4	0.81	0.2	96.18	0.0	0.51	1	0.0117	1.6852
1D6R	green	crystal	0	10.92	2.17	92.42	16.1	2.44	23	0.0747	3.0167
1D6R	green	af_relaxed	0	0.74	0.0	96.75	0.84	0.44	0	0.0115	1.6499
1D6R	green	af_relaxed	1	0.25	0.0	96.75	0.42	0.3	0	0.0114	1.664
1D6R	green	af_relaxed	2	1.23	0.0	97.11	0.0	0.5	0	0.0114	1.6793
1D6R	green	af_relaxed	3	0.49	0.0	96.75	0.42	0.37	0	0.0114	1.6682
1D6R	green	af_relaxed	4	1.23	0.0	96.75	0.0	0.54	0	0.0114	1.6659
1D6R	green	af_unrelaxed	0	9.88	0.0	98.56	0.42	1.02	0	0.0251	1.6788
1D6R	green	af_unrelaxed	1	8.63	0.0	98.19	0.0	0.96	0	0.026	1.6338
1D6R	green	af_unrelaxed	2	9.13	0.0	98.19	0.42	0.99	0	0.023	1.6218
1D6R	green	af_unrelaxed	3	10.12	0.0	98.19	0.0	1.03	0	0.0219	1.6819
1D6R	green	af_unrelaxed	4	11.6	0.0	97.83	0.0	1.12	0	0.0247	1.8117
1D6R	green	boltz	0	9.13	0.0	98.56	0.0	0.99	0	0.0156	1.2518
1D6R	green	boltz	1	6.67	0.0	98.56	0.0	0.87	0	0.0149	1.2489
1D6R	green	boltz	2	7.41	0.0	98.56	0.42	0.91	0	0.0158	1.2414
1D6R	green	boltz	3	7.41	0.0	98.56	0.0	0.91	0	0.0154	1.2441
1D6R	green	boltz	4	9.13	0.0	98.56	0.0	0.99	0	0.015	1.2625
1D6R	green	amber_af	0	0.74	0.0	96.75	0.84	0.44	0	0.0115	1.6511
1D6R	green	amber_af	1	0.25	0.0	96.75	0.42	0.3	0	0.0114	1.6648
1D6R	green	amber_af	2	0.74	0.0	96.75	0.42	0.44	0	0.0114	1.6716
1D6R	green	amber_af	3	0.49	0.0	96.75	0.0	0.37	0	0.0115	1.6716
1D6R	green	amber_af	4	0.74	0.0	96.75	0.42	0.44	0	0.0114	1.6649
1D6R	green	amber_boltz	0	0.49	0.0	97.47	0.0	0.28	0	0.0114	1.6841
1D6R	green	amber_boltz	1	0.99	0.0	97.47	0.0	0.4	0	0.0115	1.6885
1D6R	green	amber_boltz	2	0.74	0.0	97.11	0.42	0.39	0	0.0114	1.6685
1D6R	green	amber_boltz	3	0.49	0.0	97.47	0.0	0.28	0	0.0114	1.6765
1D6R	green	amber_boltz	4	0.25	0.0	97.47	0.0	0.2	0	0.0115	1.6875
1DE4	green	crystal	0	27.14	3.1	89.1	6.48	2.61	0	0.0089	1.5294
1DE4	green	af_relaxed	0	2.5	0.4	96.4	1.92	0.99	5	0.0218	1.9398
1DE4	green	af_relaxed	1	4.0	0.3	96.5	1.7	1.09	3	0.0313	1.9568
1DE4	green	af_relaxed	2	3.06	0.1	97.3	0.68	0.73	3	0.0119	1.7379
1DE4	green	af_relaxed	3	2.62	0.2	95.9	1.02	0.84	4	0.0232	1.9409
1DE4	green	af_relaxed	4	3.31	0.4	95.5	2.71	1.27	14	0.0132	1.9763
1DE4	green	boltz	0	21.61	0.2	98.6	0.34	1.33	0	0.0144	1.1322
1DE4	green	boltz	1	22.99	0.0	98.7	0.11	1.35	0	0.0132	1.0819
1DE4	green	boltz	2	20.93	0.1	98.7	0.23	1.32	0	0.0125	1.0955
1DE4	green	boltz	3	19.49	0.1	98.4	0.23	1.29	0	0.0131	1.0863
1DE4	green	boltz	4	21.99	0.2	98.4	0.0	1.34	0	0.0131	1.1016
1DE4	green	amber_af	0	2.62	0.3	96.5	2.04	1.01	4	0.0218	1.9437
1DE4	green	amber_af	1	3.81	0.4	96.6	1.7	1.06	3	0.0313	1.9554
1DE4	green	amber_af	2	3.06	0.0	97.6	0.79	0.68	1	0.0119	1.7336
1DE4	green	amber_af	3	2.62	0.4	95.9	1.47	0.96	4	0.0232	1.9386
1DE4	green	amber_af	4	5.06	0.5	96.1	2.6	1.35	15	0.0132	1.9736
1DE4	green	amber_boltz	0	1.94	0.2	98.1	0.23	0.46	1	0.0118	1.7304
1DE4	green	amber_boltz	1	2.94	0.2	97.9	0.34	0.61	1	0.0119	1.7577
1DE4	green	amber_boltz	2	2.37	0.1	98.3	0.45	0.52	0	0.0118	1.7421
1DE4	green	amber_boltz	3	2.0	0.1	98.2	0.23	0.47	0	0.0119	1.7407
1DE4	green	amber_boltz	4	3.81	0.1	97.2	0.11	0.82	3	0.0118	1.7541
1DFJ	green	crystal	0	19.14	0.69	88.89	7.66	2.53	0	0.0139	1.9268
1DFJ	green	af_relaxed	0	1.03	0.0	98.26	0.4	0.3	0	0.0106	1.7205
1DFJ	green	af_relaxed	1	1.26	0.0	98.44	0.4	0.35	0	0.0106	1.7213
1DFJ	green	af_relaxed	2	1.38	0.0	97.92	0.0	0.39	0	0.0106	1.704
1DFJ	green	af_relaxed	3	1.38	0.0	98.26	0.6	0.37	0	0.0106	1.715
1DFJ	green	af_relaxed	4	1.38	0.0	98.09	0.2	0.37	0	0.0107	1.7036
1DFJ	green	af_unrelaxed	0	14.9	0.0	98.61	0.2	1.18	0	0.0166	1.3059
1DFJ	green	af_unrelaxed	1	13.64	0.0	98.61	0.81	1.14	0	0.0198	1.3189
1DFJ	green	af_unrelaxed	2	15.36	0.0	98.61	0.0	1.19	0	0.015	1.3386
1DFJ	green	af_unrelaxed	3	17.19	0.0	98.61	1.81	1.43	0	0.0173	1.3484
1DFJ	green	af_unrelaxed	4	14.44	0.0	98.44	0.4	1.17	0	0.0155	1.3172
1DFJ	green	boltz	0	10.32	0.0	98.26	0.2	1.03	0	0.0114	1.0511
1DFJ	green	boltz	1	9.06	0.0	98.26	0.0	0.98	0	0.0114	1.0709
1DFJ	green	boltz	2	9.17	0.0	98.26	0.2	0.99	0	0.0108	1.0669
1DFJ	green	boltz	3	10.55	0.0	98.26	0.4	1.04	0	0.0109	1.0606
1DFJ	green	boltz	4	10.55	0.0	98.26	0.0	1.04	0	0.0113	1.0683
1DFJ	green	amber_af	0	1.03	0.0	98.26	0.4	0.3	0	0.0106	1.7237
1DFJ	green	amber_af	1	1.15	0.0	98.44	0.2	0.33	0	0.0106	1.7254
1DFJ	green	amber_af	2	1.15	0.0	98.61	0.0	0.33	0	0.0106	1.6987
1DFJ	green	amber_af	3	1.38	0.0	98.26	0.6	0.37	0	0.0106	1.7156
1DFJ	green	amber_af	4	1.72	0.0	97.74	0.2	0.48	0	0.0107	1.7049
1DFJ	green	amber_boltz	0	0.69	0.0	96.88	0.2	0.41	0	0.0108	1.7415
1DFJ	green	amber_boltz	1	0.34	0.0	97.4	0.0	0.24	0	0.0108	1.7348
1DFJ	green	amber_boltz	2	0.57	0.0	97.22	0.4	0.34	0	0.0108	1.7398
1DFJ	green	amber_boltz	3	0.69	0.0	97.57	0.4	0.31	0	0.0109	1.7534
1DFJ	green	amber_boltz	4	0.92	0.0	97.05	0.0	0.44	0	0.0107	1.7459
1DQJ	green	crystal	0	10.7	0.91	93.78	2.27	1.73	0	0.0073	1.504
1DQJ	green	af_relaxed	0	1.92	0.0	97.81	1.24	0.57	0	0.0111	1.7055
1DQJ	green	af_relaxed	1	2.89	0.18	97.99	0.21	0.58	0	0.0111	1.7
1DQJ	green	af_relaxed	2	1.8	0.18	97.62	0.21	0.52	0	0.011	1.6704
1DQJ	green	af_relaxed	3	2.41	0.0	97.99	0.41	0.52	0	0.0112	1.6713
1DQJ	green	af_relaxed	4	6.74	0.18	97.07	0.21	1.04	4	0.0116	2.0366
1DQJ	green	af_unrelaxed	0	22.03	0.18	97.62	2.69	1.74	0	0.0215	1.772
1DQJ	green	af_unrelaxed	1	22.4	0.0	97.81	0.41	1.39	0	0.027	1.7981
1DQJ	green	af_unrelaxed	2	21.77	0.18	97.62	0.21	1.41	0	0.025	1.7827
1DQJ	green	af_unrelaxed	3	22.49	0.0	97.26	0.83	1.48	0	0.0237	1.7132
1DQJ	green	af_unrelaxed	4	28.3	0.0	97.44	0.21	1.55	0	0.0243	1.9583
1DQJ	green	boltz	0	10.11	0.0	98.35	0.0	1.03	0	0.0133	1.3292
1DQJ	green	boltz	1	10.95	0.0	98.72	0.0	1.06	0	0.0124	1.186
1DQJ	green	boltz	2	11.31	0.0	98.72	0.21	1.07	0	0.0124	1.2653
1DQJ	green	boltz	3	12.76	0.0	98.54	0.0	1.12	0	0.0136	1.1876
1DQJ	green	boltz	4	12.52	0.0	98.35	0.0	1.11	0	0.0136	1.1817
1DQJ	green	amber_af	0	1.92	0.0	97.62	1.24	0.61	0	0.0111	1.7014
1DQJ	green	amber_af	1	3.49	0.18	98.17	0.21	0.64	1	0.0111	1.7302
1DQJ	green	amber_af	2	1.56	0.18	97.62	0.21	0.48	0	0.0111	1.6868
1DQJ	green	amber_af	3	2.04	0.0	97.81	0.41	0.52	0	0.0112	1.6746
1DQJ	green	amber_af	4	6.26	0.18	96.89	0.21	1.03	2	0.0116	1.7918
1DQJ	green	amber_boltz	0	1.44	0.18	97.81	0.21	0.42	0	0.0115	1.6771
1DQJ	green	amber_boltz	1	1.08	0.0	98.35	0.21	0.31	0	0.0114	1.6754
1DQJ	green	amber_boltz	2	1.32	0.0	97.62	0.0	0.44	0	0.0116	1.6906
1DQJ	green	amber_boltz	3	1.2	0.0	97.81	0.0	0.38	1	0.0116	1.6958
1DQJ	green	amber_boltz	4	2.17	0.0	98.17	0.21	0.49	1	0.0114	1.6851
1E4K	green	crystal	0	82.33	13.8	72.4	20.79	3.71	0	0.0161	2.3921
1E4K	green	af_relaxed	0	2.45	0.52	98.44	0.56	0.53	2	0.0119	1.7426
1E4K	green	af_relaxed	1	1.63	0.52	98.7	0.28	0.41	0	0.0118	1.7018
1E4K	green	af_relaxed	2	4.9	0.0	97.66	0.56	0.83	1	0.0118	1.7623
1E4K	green	af_relaxed	3	5.23	0.0	97.66	0.56	0.85	1	0.0116	1.7497
1E4K	green	af_relaxed	4	11.92	0.78	93.75	3.37	1.91	8	0.0144	2.3859
1E4K	green	af_unrelaxed	0	25.98	0.78	97.92	0.28	1.42	0	0.0206	1.7002
1E4K	green	af_unrelaxed	1	20.59	0.26	97.92	0.28	1.33	0	0.0194	1.7174
1E4K	green	af_unrelaxed	2	33.69	0.78	96.88	0.28	1.7	0	0.0279	2.435
1E4K	green	af_unrelaxed	3	27.45	0.78	97.92	0.28	1.45	0	0.0232	1.7342
1E4K	green	af_unrelaxed	4	57.18	0.78	97.92	0.28	1.75	0	0.0269	2.4798
1E4K	green	boltz	0	14.05	0.0	99.48	0.56	1.16	0	0.0138	1.1955
1E4K	green	boltz	1	16.5	0.0	99.22	0.28	1.22	0	0.0128	1.1635
1E4K	green	boltz	2	14.7	0.26	98.7	0.56	1.17	0	0.0125	1.1628
1E4K	green	boltz	3	12.42	0.0	99.48	0.28	1.11	0	0.0124	1.1739
1E4K	green	boltz	4	16.01	0.78	97.92	0.28	1.23	0	0.0128	1.1752
1E4K	green	amber_af	0	3.1	0.52	97.92	0.28	0.62	2	0.0118	1.7415
1E4K	green	amber_af	1	2.12	0.52	98.7	0.28	0.49	0	0.0118	1.7153
1E4K	green	amber_af	2	4.25	0.26	97.66	0.28	0.78	0	0.0118	1.7774
1E4K	green	amber_af	3	5.55	0.26	97.4	0.28	0.92	1	0.0116	1.7582
1E4K	green	amber_af	4	13.39	1.04	94.27	3.09	1.9	11	0.0151	2.5105
1E4K	green	amber_boltz	0	0.98	0.26	98.7	0.28	0.29	0	0.0118	1.7181
1E4K	green	amber_boltz	1	1.47	0.0	98.44	0.28	0.39	0	0.0118	1.7309
1E4K	green	amber_boltz	2	0.98	0.26	98.7	0.28	0.29	0	0.0118	1.7181
1E4K	green	amber_boltz	3	1.47	0.0	98.7	0.56	0.39	1	0.012	1.7147
1E4K	green	amber_boltz	4	1.96	0.78	97.14	0.0	0.62	2	0.0119	1.7435
1E6E	green	crystal	0	15.63	0.71	92.76	2.98	2.02	0	0.0076	1.4582
1E6E	green	af_relaxed	0	1.71	0.18	98.41	1.48	0.55	0	0.0114	1.7309
1E6E	green	af_relaxed	1	1.37	0.0	98.59	0.42	0.37	1	0.0115	1.73
1E6E	green	af_relaxed	2	1.71	0.18	98.23	0.63	0.42	2	0.0115	1.7353
1E6E	green	af_relaxed	3	1.25	0.0	98.41	0.42	0.35	1	0.0115	1.7189
1E6E	green	af_relaxed	4	1.82	0.0	98.41	0.21	0.44	1	0.0114	1.7284
1E6E	green	af_unrelaxed	0	21.4	0.53	98.23	2.95	1.68	0	0.0177	1.4296
1E6E	green	af_unrelaxed	1	18.21	0.35	98.41	0.21	1.26	0	0.017	1.496
1E6E	green	af_unrelaxed	2	17.42	0.53	97.88	0.63	1.27	0	0.0192	1.4667
1E6E	green	af_unrelaxed	3	18.55	0.53	98.06	0.21	1.27	0	0.0175	1.4291
1E6E	green	af_unrelaxed	4	17.99	0.53	98.06	0.42	1.25	0	0.0194	1.4544
1E6E	green	boltz	0	17.19	0.0	98.59	0.0	1.24	0	0.0107	1.1005
1E6E	green	boltz	1	18.55	0.18	99.12	0.0	1.27	0	0.0107	1.0724
1E6E	green	boltz	2	18.67	0.18	98.76	0.0	1.27	0	0.0121	1.0693
1E6E	green	boltz	3	20.04	0.0	98.94	0.21	1.3	0	0.0108	1.0803
1E6E	green	boltz	4	19.81	0.0	98.76	0.0	1.29	0	0.0109	1.0928
1E6E	green	amber_af	0	1.48	0.18	98.41	1.27	0.46	0	0.0114	1.7255
1E6E	green	amber_af	1	1.59	0.0	98.59	0.42	0.41	1	0.0115	1.7344
1E6E	green	amber_af	2	1.48	0.18	98.23	0.63	0.39	2	0.0115	1.7373
1E6E	green	amber_af	3	0.91	0.0	98.41	0.21	0.28	1	0.0115	1.7182
1E6E	green	amber_af	4	2.16	0.0	98.41	0.21	0.49	1	0.0114	1.7235
1E6E	green	amber_boltz	0	2.39	0.0	98.94	0.21	0.52	1	0.0114	1.7709
1E6E	green	amber_boltz	1	3.19	0.0	99.12	0.84	0.61	1	0.0116	1.7941
1E6E	green	amber_boltz	2	6.6	0.53	97.88	0.0	0.89	2	0.0123	1.9042
1E6E	green	amber_boltz	3	3.19	0.0	98.94	0.63	0.61	0	0.0115	1.7561
1E6E	green	amber_boltz	4	2.84	0.18	98.59	0.63	0.57	2	0.0115	1.7788
1E6J	green	crystal	0	7.28	0.0	94.34	1.87	1.49	0	0.0215	1.406
1E6J	green	af_relaxed	0	8.84	0.16	97.04	2.25	1.41	7	0.0116	1.9076
1E6J	green	af_relaxed	1	2.56	0.49	96.55	1.31	0.85	1	0.012	1.8717
1E6J	green	af_relaxed	2	8.31	0.33	97.87	2.06	1.22	3	0.0115	1.817
1E6J	green	af_relaxed	3	10.76	1.64	93.76	5.24	2.01	13	0.0273	2.1315
1E6J	green	af_relaxed	4	12.78	0.99	96.88	2.62	1.62	5	0.0115	1.9265
1E6J	green	af_unrelaxed	0	39.62	0.49	97.37	1.5	1.83	0	0.0263	2.0221
1E6J	green	af_unrelaxed	1	33.6	1.31	96.88	1.5	1.83	0	0.0233	2.0938
1E6J	green	af_unrelaxed	2	47.21	0.99	96.22	2.81	2.25	0	0.0297	2.3079
1E6J	green	af_unrelaxed	3	74.41	0.66	96.88	2.43	2.32	0	0.028	2.1978
1E6J	green	af_unrelaxed	4	48.12	0.66	97.04	3.93	2.28	0	0.0241	2.0656
1E6J	green	boltz	0	15.35	0.33	98.19	0.75	1.19	0	0.0127	1.2436
1E6J	green	boltz	1	19.82	0.49	97.87	0.56	1.32	0	0.013	1.215
1E6J	green	boltz	2	13.75	0.0	98.36	0.37	1.15	0	0.0135	1.229
1E6J	green	boltz	3	16.2	0.0	98.69	0.56	1.21	0	0.0167	1.2202
1E6J	green	boltz	4	19.93	0.0	98.19	0.19	1.3	0	0.0123	1.2262
1E6J	green	amber_af	0	8.95	0.16	97.7	2.25	1.31	9	0.0116	1.9061
1E6J	green	amber_af	1	5.65	0.33	97.37	1.69	1.1	4	0.0117	1.8366
1E6J	green	amber_af	2	8.84	0.33	97.87	1.69	1.18	3	0.0115	1.8197
1E6J	green	amber_af	3	10.97	1.48	94.25	4.12	1.91	11	0.0273	2.0946
1E6J	green	amber_af	4	11.83	0.99	96.72	2.43	1.59	6	0.0114	1.9372
1E6J	green	amber_boltz	0	1.7	0.16	97.7	0.56	0.49	0	0.0114	1.6776
1E6J	green	amber_boltz	1	1.81	0.49	97.54	0.75	0.54	0	0.0113	1.6926
1E6J	green	amber_boltz	2	1.6	0.0	98.19	0.37	0.41	0	0.0115	1.6872
1E6J	green	amber_boltz	3	1.39	0.0	98.52	0.56	0.37	1	0.0114	1.712
1E6J	green	amber_boltz	4	1.92	0.0	97.87	0.37	0.49	0	0.0114	1.704
1e+96	green	crystal	0	13.03	0.28	97.49	7.4	1.89	1	0.0122	1.6678
1e+96	green	af_relaxed	0	0.51	0.0	98.05	0.0	0.18	0	0.0119	1.642
1e+96	green	af_relaxed	1	1.2	0.0	98.33	0.0	0.34	0	0.012	1.6539
1e+96	green	af_relaxed	2	1.71	0.28	97.49	0.0	0.53	0	0.0119	1.6445
1e+96	green	af_relaxed	3	1.54	0.28	98.05	0.32	0.4	1	0.012	1.6993
1e+96	green	af_relaxed	4	3.76	0.0	97.77	0.64	0.72	1	0.0121	1.7352
1e+96	green	af_unrelaxed	0	12.49	0.0	98.89	0.0	1.11	0	0.021	1.3425
1e+96	green	af_unrelaxed	1	13.35	0.28	98.89	0.0	1.13	0	0.0167	1.4322
1e+96	green	af_unrelaxed	2	15.75	0.0	98.33	0.0	1.2	0	0.0187	1.4184
1e+96	green	af_unrelaxed	3	12.5	0.0	98.61	0.32	1.11	0	0.0164	1.3513
1e+96	green	af_unrelaxed	4	15.25	0.0	98.33	2.24	1.45	0	0.0201	1.461
1e+96	green	boltz	0	16.94	0.0	98.61	0.0	1.23	0	0.0105	1.0696
1e+96	green	boltz	1	20.2	0.0	98.61	0.0	1.3	0	0.0106	1.0421
1e+96	green	boltz	2	15.4	0.0	98.89	0.0	1.19	0	0.0102	1.0405
1e+96	green	boltz	3	20.54	0.0	98.33	0.0	1.31	0	0.0101	1.0262
1e+96	green	boltz	4	15.57	0.0	98.89	0.0	1.2	0	0.0106	1.0554
1e+96	green	amber_af	0	0.51	0.0	98.05	0.0	0.18	0	0.0119	1.6479
1e+96	green	amber_af	1	1.2	0.0	98.33	0.0	0.34	0	0.012	1.6553
1e+96	green	amber_af	2	1.54	0.28	98.05	0.0	0.4	0	0.0119	1.6421
1e+96	green	amber_af	3	1.71	0.28	98.05	0.0	0.42	0	0.012	1.6607
1e+96	green	amber_af	4	3.59	0.0	97.49	1.28	0.83	1	0.0121	1.7256
1e+96	green	amber_boltz	0	1.71	0.0	98.89	0.32	0.42	0	0.0121	1.6965
1e+96	green	amber_boltz	1	2.05	0.0	98.89	0.32	0.48	0	0.012	1.7096
1e+96	green	amber_boltz	2	1.03	0.0	98.89	0.0	0.3	0	0.0122	1.6773
1e+96	green	amber_boltz	3	3.08	0.0	98.61	0.0	0.6	0	0.0123	1.727
1e+96	green	amber_boltz	4	1.88	0.0	98.89	0.0	0.45	0	0.0121	1.6858
1EAW	green	crystal	0	40.5	3.41	84.64	5.35	2.81	0	0.0091	1.582
1EAW	green	af_relaxed	0	1.11	0.0	98.63	0.41	0.32	0	0.0119	1.6387
1EAW	green	af_relaxed	1	1.77	0.34	97.95	0.41	0.45	0	0.0119	1.6758
1EAW	green	af_relaxed	2	0.88	0.0	98.29	0.41	0.27	0	0.0118	1.6398
1EAW	green	af_relaxed	3	1.33	0.68	97.95	0.82	0.37	0	0.0118	1.6687
1EAW	green	af_relaxed	4	0.66	0.68	97.95	0.41	0.23	0	0.0119	1.6528
1EAW	green	af_unrelaxed	0	14.16	0.0	97.61	0.41	1.24	0	0.0186	1.476
1EAW	green	af_unrelaxed	1	14.61	0.0	97.61	3.29	1.65	0	0.0276	1.4913
1EAW	green	af_unrelaxed	2	13.94	0.0	97.61	0.82	1.23	0	0.0223	1.4952
1EAW	green	af_unrelaxed	3	17.93	0.0	97.61	0.41	1.33	0	0.0202	1.5048
1EAW	green	af_unrelaxed	4	15.72	0.0	97.95	0.41	1.21	0	0.0184	1.5269
1EAW	green	boltz	0	6.86	0.0	98.98	0.0	0.88	0	0.0132	1.2585
1EAW	green	boltz	1	7.52	0.0	98.98	0.41	0.91	0	0.0129	1.2569
1EAW	green	boltz	2	6.42	0.0	98.98	0.0	0.85	0	0.0136	1.2606
1EAW	green	boltz	3	6.41	0.0	98.63	0.41	0.85	0	0.0129	1.2822
1EAW	green	boltz	4	8.63	0.0	98.63	0.41	0.96	0	0.0131	1.2827
1EAW	green	amber_af	0	0.88	0.0	98.63	0.41	0.27	0	0.0119	1.6421
1EAW	green	amber_af	1	1.11	0.0	98.29	1.23	0.39	0	0.0118	1.6697
1EAW	green	amber_af	2	1.11	0.0	98.29	0.82	0.32	0	0.0118	1.6411
1EAW	green	amber_af	3	3.1	0.34	97.61	1.23	0.75	0	0.0118	1.6843
1EAW	green	amber_af	4	0.44	0.68	97.95	0.41	0.17	0	0.0119	1.6687
1EAW	green	amber_boltz	0	0.66	0.0	98.29	0.41	0.22	0	0.0119	1.663
1EAW	green	amber_boltz	1	1.11	0.0	98.98	0.41	0.32	0	0.0119	1.6488
1EAW	green	amber_boltz	2	0.44	0.0	97.61	0.41	0.24	0	0.0118	1.6597
1EAW	green	amber_boltz	3	0.22	0.0	98.63	0.41	0.09	0	0.012	1.6718
1EAW	green	amber_boltz	4	0.44	0.0	98.63	0.41	0.16	0	0.012	1.6566
1EER	green	crystal	0	26.77	4.8	88.27	22.04	3.03	0	0.0079	1.5223
1EER	green	af_relaxed	0	1.52	0.27	97.07	0.96	0.56	1	0.0114	1.6681
1EER	green	af_relaxed	1	1.01	0.53	97.33	0.96	0.43	1	0.0113	1.6936
1EER	green	af_relaxed	2	0.84	0.8	97.33	0.96	0.39	1	0.0113	1.6731
1EER	green	af_relaxed	3	1.01	1.07	97.07	0.32	0.46	2	0.0113	1.676
1EER	green	af_relaxed	4	1.35	1.33	96.53	0.96	0.59	1	0.0114	1.6823
1EER	green	af_unrelaxed	0	18.91	1.07	96.27	0.64	1.53	0	0.0298	2.0312
1EER	green	af_unrelaxed	1	22.97	1.07	96.8	1.27	1.63	0	0.0259	2.1852
1EER	green	af_unrelaxed	2	19.25	1.07	96.53	1.59	1.66	0	0.0314	2.0757
1EER	green	af_unrelaxed	3	20.77	1.6	96.53	0.0	1.54	0	0.0253	2.1994
1EER	green	af_unrelaxed	4	21.95	2.67	94.13	1.91	1.94	0	0.0261	2.4421
1EER	green	boltz	0	17.05	0.27	98.13	0.0	1.23	0	0.0222	1.6661
1EER	green	boltz	1	18.57	0.0	98.13	0.32	1.27	0	0.0216	1.6232
1EER	green	boltz	2	8.95	0.0	98.13	0.32	0.98	0	0.0197	1.6769
1EER	green	boltz	3	18.92	0.27	98.4	0.64	1.27	0	0.0188	1.4348
1EER	green	boltz	4	11.65	0.0	96.8	0.0	1.28	0	0.0194	1.6114
1EER	green	amber_af	0	1.18	0.27	97.07	0.64	0.5	1	0.0114	1.6727
1EER	green	amber_af	1	1.18	0.53	97.33	0.96	0.46	1	0.0113	1.6925
1EER	green	amber_af	2	1.35	0.8	97.33	0.96	0.49	1	0.0112	1.6699
1EER	green	amber_af	3	1.52	1.07	97.07	0.32	0.56	2	0.0114	1.6882
1EER	green	amber_af	4	1.18	1.33	96.53	0.96	0.56	1	0.0113	1.6778
1EER	green	amber_boltz	0	1.01	0.0	98.13	0.32	0.3	1	0.0112	1.699
1EER	green	amber_boltz	1	0.68	0.0	96.8	0.32	0.42	0	0.0111	1.7088
1EER	green	amber_boltz	2	1.01	0.0	97.33	0.32	0.43	0	0.0114	1.7167
1EER	green	amber_boltz	3	0.68	0.27	97.07	0.64	0.38	0	0.0113	1.7205
1EER	green	amber_boltz	4	0.68	0.0	96.53	0.32	0.45	0	0.0114	1.711
1EFN	green	crystal	0	17.15	0.65	89.68	4.62	2.3	0	0.0117	1.6457
1EFN	green	af_relaxed	0	0.76	0.0	99.36	0.71	0.24	0	0.0124	1.6191
1EFN	green	af_relaxed	1	1.9	0.0	99.36	0.71	0.45	0	0.0125	1.6158
1EFN	green	af_relaxed	2	1.9	0.0	99.36	0.71	0.45	0	0.0123	1.6122
1EFN	green	af_relaxed	3	1.9	0.0	99.36	0.71	0.45	0	0.0123	1.6143
1EFN	green	af_relaxed	4	0.76	0.0	98.73	0.71	0.24	0	0.0123	1.6243
1EFN	green	af_unrelaxed	0	11.8	0.0	99.36	0.0	1.09	0	0.0178	1.5722
1EFN	green	af_unrelaxed	1	15.22	0.0	99.36	0.0	1.19	0	0.0169	1.4493
1EFN	green	af_unrelaxed	2	14.48	0.0	99.36	0.0	1.17	0	0.0192	1.5513
1EFN	green	af_unrelaxed	3	14.84	0.0	99.36	0.0	1.18	0	0.0174	1.4607
1EFN	green	af_unrelaxed	4	17.12	0.0	98.09	0.0	1.23	0	0.021	1.585
1EFN	green	boltz	0	11.04	0.0	98.73	0.71	1.06	0	0.0112	1.134
1EFN	green	boltz	1	12.18	0.0	99.36	0.0	1.1	0	0.0111	1.0803
1EFN	green	boltz	2	12.18	0.0	98.73	0.71	1.1	0	0.0112	1.1178
1EFN	green	boltz	3	14.46	0.0	99.36	0.71	1.17	0	0.0113	1.128
1EFN	green	boltz	4	12.18	0.0	99.36	0.71	1.1	0	0.0113	1.1101
1EFN	green	amber_af	0	0.76	0.0	99.36	0.71	0.24	0	0.0124	1.6271
1EFN	green	amber_af	1	2.28	0.0	99.36	0.71	0.51	0	0.0125	1.6156
1EFN	green	amber_af	2	1.9	0.0	99.36	0.71	0.45	0	0.0123	1.6159
1EFN	green	amber_af	3	1.52	0.0	99.36	0.71	0.39	0	0.0123	1.6205
1EFN	green	amber_af	4	0.38	0.0	98.73	0.71	0.14	0	0.0123	1.6277
1EFN	green	amber_boltz	0	0.76	0.0	98.09	0.71	0.24	0	0.0126	1.6821
1EFN	green	amber_boltz	1	0.0	0.0	98.09	0.0	0.0	0	0.0124	1.6533
1EFN	green	amber_boltz	2	1.52	0.0	99.36	0.71	0.39	0	0.0125	1.6769
1EFN	green	amber_boltz	3	0.38	0.0	98.73	0.71	0.14	0	0.0124	1.681
1EFN	green	amber_boltz	4	0.38	0.0	98.73	1.42	0.25	0	0.0125	1.6571
1EWY	green	crystal	0	49.51	2.86	84.94	24.32	3.38	0	0.032	1.3584
1EWY	green	af_relaxed	0	0.99	0.0	96.38	0.91	0.53	0	0.0118	1.6903
1EWY	green	af_relaxed	1	1.65	0.0	97.16	0.3	0.57	0	0.0119	1.6916
1EWY	green	af_relaxed	2	2.47	0.0	97.16	0.6	0.68	0	0.0118	1.7523
1EWY	green	af_relaxed	3	2.14	0.0	97.16	0.3	0.64	0	0.0118	1.7017
1EWY	green	af_relaxed	4	2.96	0.0	96.38	0.3	0.83	0	0.0118	1.7581
1EWY	green	af_unrelaxed	0	9.88	0.0	97.93	0.91	1.03	0	0.0186	1.4369
1EWY	green	af_unrelaxed	1	13.5	0.0	97.93	0.0	1.16	0	0.0173	1.5044
1EWY	green	af_unrelaxed	2	32.34	0.78	97.42	0.0	1.61	0	0.0359	2.393
1EWY	green	af_unrelaxed	3	13.17	0.0	98.19	0.0	1.13	0	0.0218	1.4791
1EWY	green	af_unrelaxed	4	39.32	0.26	97.16	0.0	1.73	0	0.0337	2.7195
1EWY	green	boltz	0	11.86	0.0	98.19	0.0	1.09	0	0.0102	1.0937
1EWY	green	boltz	1	11.69	0.0	98.45	0.3	1.08	0	0.0102	1.1069
1EWY	green	boltz	2	13.18	0.0	98.45	0.0	1.13	0	0.0106	1.088
1EWY	green	boltz	3	11.53	0.0	98.19	0.3	1.08	0	0.0101	1.1113
1EWY	green	boltz	4	12.68	0.0	98.45	0.6	1.11	0	0.0103	1.0946
1EWY	green	amber_af	0	1.15	0.0	96.38	0.91	0.57	0	0.0118	1.6921
1EWY	green	amber_af	1	1.65	0.0	96.9	0.3	0.6	0	0.0119	1.6925
1EWY	green	amber_af	2	2.47	0.0	97.16	0.6	0.68	0	0.0118	1.7459
1EWY	green	amber_af	3	2.3	0.0	97.16	0.3	0.66	0	0.0118	1.6973
1EWY	green	amber_af	4	2.63	0.0	96.38	0.3	0.79	0	0.0118	1.7592
1EWY	green	amber_boltz	0	0.99	0.0	97.42	0.3	0.41	0	0.012	1.7201
1EWY	green	amber_boltz	1	0.33	0.0	97.42	0.3	0.24	0	0.0121	1.7296
1EWY	green	amber_boltz	2	1.15	0.0	97.67	0.91	0.4	0	0.0118	1.7535
1EWY	green	amber_boltz	3	1.15	0.26	97.42	0.3	0.44	0	0.0122	1.7363
1EWY	green	amber_boltz	4	0.66	0.0	97.42	0.6	0.33	0	0.0121	1.7348
1EXB	green	crystal	0	9.05	0.24	97.82	2.56	1.33	0	0.0084	1.658
1EXB	green	af_relaxed	0	1.05	0.48	98.79	1.69	0.48	0	0.0119	1.6769
1EXB	green	af_relaxed	1	5.55	0.24	96.85	1.12	1.03	2	0.0121	1.8141
1EXB	green	af_relaxed	2	3.3	0.73	97.09	1.12	0.82	1	0.0127	1.8751
1EXB	green	af_relaxed	3	5.4	0.48	98.06	0.56	0.79	0	0.0119	1.7295
1EXB	green	af_relaxed	4	9.29	0.48	97.34	0.56	1.12	1	0.0122	1.7606
1EXB	green	af_unrelaxed	0	15.75	0.48	99.03	1.97	1.42	0	0.0179	1.4342
1EXB	green	af_unrelaxed	1	32.59	0.48	98.06	0.84	1.5	0	0.0274	1.4701
1EXB	green	af_unrelaxed	2	40.98	0.48	98.31	0.84	1.59	0	0.0262	1.741
1EXB	green	af_unrelaxed	3	41.24	0.48	98.06	0.84	1.59	0	0.0219	1.7134
1EXB	green	af_unrelaxed	4	55.56	0.48	98.06	0.84	1.72	0	0.0203	1.8256
1EXB	green	boltz	0	16.94	0.48	98.31	0.0	1.23	0	0.0108	1.0581
1EXB	green	boltz	1	29.39	0.48	98.79	0.0	1.45	0	0.013	1.0454
1EXB	green	boltz	2	22.8	0.48	97.34	0.56	1.48	0	0.0126	1.0817
1EXB	green	boltz	3	21.92	0.73	97.82	0.28	1.38	0	0.0116	1.1198
1EXB	green	boltz	4	26.85	0.48	97.82	0.84	1.46	0	0.0104	1.0645
1EXB	green	amber_af	0	1.05	0.48	98.79	1.4	0.42	0	0.0119	1.6717
1EXB	green	amber_af	1	6.44	0.48	97.09	1.4	1.13	2	0.0122	1.824
1EXB	green	amber_af	2	3.3	0.73	97.09	1.12	0.82	2	0.0126	1.8724
1EXB	green	amber_af	3	5.55	0.48	97.58	0.28	0.89	0	0.0119	1.7335
1EXB	green	amber_af	4	8.09	0.73	97.34	0.84	1.07	1	0.0122	1.7682
1EXB	green	amber_boltz	0	2.55	0.48	98.55	0.0	0.54	0	0.0119	1.7116
1EXB	green	amber_boltz	1	5.4	0.48	98.06	0.28	0.79	1	0.0121	1.7468
1EXB	green	amber_boltz	2	1.65	0.73	97.58	0.28	0.5	0	0.012	1.7452
1EXB	green	amber_boltz	3	1.5	0.73	98.06	0.0	0.39	1	0.0119	1.784
1EXB	green	amber_boltz	4	3.15	0.48	98.79	0.28	0.61	1	0.012	1.7468
1EZU	green	crystal	0	7.35	1.39	93.31	7.28	1.99	1	0.0127	1.7986
1EZU	green	af_relaxed	0	0.54	0.0	98.33	0.0	0.18	0	0.0114	1.6782
1EZU	green	af_relaxed	1	0.54	0.0	98.89	0.32	0.18	0	0.0117	1.6981
1EZU	green	af_relaxed	2	0.36	0.0	98.61	0.0	0.13	0	0.0114	1.6741
1EZU	green	af_relaxed	3	0.36	0.0	98.33	0.65	0.13	0	0.0115	1.678
1EZU	green	af_relaxed	4	0.72	0.0	98.89	0.97	0.23	0	0.0115	1.6748
1EZU	green	af_unrelaxed	0	9.06	0.0	98.05	0.32	0.98	0	0.0209	1.5382
1EZU	green	af_unrelaxed	1	10.33	0.0	97.49	0.32	1.14	0	0.0227	1.8325
1EZU	green	af_unrelaxed	2	8.7	0.0	98.33	0.0	0.97	0	0.0179	1.5678
1EZU	green	af_unrelaxed	3	9.6	0.28	97.49	0.65	1.11	0	0.0165	1.5955
1EZU	green	af_unrelaxed	4	10.33	0.0	97.77	0.97	1.09	0	0.0181	1.5472
1EZU	green	boltz	0	7.43	0.0	98.89	0.0	0.91	0	0.0122	1.1884
1EZU	green	boltz	1	4.17	0.0	98.89	0.0	0.7	0	0.012	1.18
1EZU	green	boltz	2	8.15	0.0	98.89	0.0	0.94	0	0.0122	1.1761
1EZU	green	boltz	3	6.88	0.0	98.89	0.0	0.88	0	0.0121	1.1743
1EZU	green	boltz	4	6.34	0.0	98.89	0.32	0.85	0	0.0118	1.225
1EZU	green	amber_af	0	0.54	0.0	98.33	0.32	0.18	0	0.0114	1.6754
1EZU	green	amber_af	1	0.54	0.0	98.61	0.32	0.18	0	0.0117	1.6954
1EZU	green	amber_af	2	0.54	0.0	98.61	0.0	0.18	0	0.0114	1.6761
1EZU	green	amber_af	3	0.54	0.0	98.05	0.65	0.18	0	0.0115	1.6788
1EZU	green	amber_af	4	0.54	0.0	98.89	1.62	0.34	0	0.0115	1.6769
1EZU	green	amber_boltz	0	0.91	0.0	98.05	0.32	0.27	0	0.0115	1.6929
1EZU	green	amber_boltz	1	0.54	0.0	98.05	0.32	0.18	0	0.0115	1.6841
1EZU	green	amber_boltz	2	1.27	0.0	98.89	0.32	0.35	0	0.0116	1.6942
1EZU	green	amber_boltz	3	1.09	0.0	98.61	0.32	0.31	0	0.0115	1.6954
1EZU	green	amber_boltz	4	0.54	0.0	98.33	0.32	0.18	0	0.0118	1.6951
1F34	green	crystal	0	15.04	0.44	92.09	2.03	1.9	0	0.009	1.6014
1F34	green	af_relaxed	0	1.03	0.22	96.73	0.76	0.51	0	0.0115	1.7045
1F34	green	af_relaxed	1	1.03	0.22	96.73	0.25	0.51	0	0.0115	1.6907
1F34	green	af_relaxed	2	0.44	0.65	94.99	0.51	0.5	0	0.0124	1.8239
1F34	green	af_relaxed	3	0.88	0.22	96.73	0.25	0.47	0	0.0114	1.6944
1F34	green	af_relaxed	4	0.88	0.22	96.95	0.76	0.45	0	0.0115	1.7056
1F34	green	af_unrelaxed	0	12.69	0.65	97.39	1.01	1.24	0	0.0187	1.7138
1F34	green	af_unrelaxed	1	12.98	0.87	97.6	0.51	1.21	0	0.0199	1.6473
1F34	green	af_unrelaxed	2	12.54	0.87	97.6	0.51	1.19	0	0.0177	1.6411
1F34	green	af_unrelaxed	3	15.04	0.87	97.82	0.51	1.22	0	0.0225	1.6502
1F34	green	af_unrelaxed	4	13.13	0.87	97.6	0.76	1.21	0	0.0193	1.6628
1F34	green	boltz	0	7.52	0.65	98.04	0.25	0.91	0	0.0124	1.3101
1F34	green	boltz	1	9.44	0.65	98.69	0.0	1.0	0	0.0128	1.2823
1F34	green	boltz	2	9.0	0.87	98.04	0.0	0.98	0	0.0139	1.288
1F34	green	boltz	3	12.24	0.22	98.26	0.25	1.1	0	0.0141	1.2864
1F34	green	boltz	4	11.65	0.65	98.26	0.25	1.08	0	0.0128	1.2452
1F34	green	amber_af	0	0.88	0.22	96.73	0.76	0.47	0	0.0115	1.7015
1F34	green	amber_af	1	0.88	0.22	96.95	0.25	0.45	0	0.0115	1.6854
1F34	green	amber_af	2	0.59	0.65	95.21	0.51	0.53	0	0.0124	1.8245
1F34	green	amber_af	3	1.18	0.22	96.73	0.25	0.54	0	0.0115	1.7003
1F34	green	amber_af	4	0.74	0.22	97.17	0.76	0.39	0	0.0115	1.7011
1F34	green	amber_boltz	0	0.59	0.22	96.73	0.0	0.4	0	0.0119	1.7136
1F34	green	amber_boltz	1	0.59	0.22	96.95	0.51	0.38	0	0.0117	1.7205
1F34	green	amber_boltz	2	0.59	0.44	97.17	0.25	0.35	0	0.0117	1.7319
1F34	green	amber_boltz	3	0.44	0.44	96.95	0.76	0.34	0	0.0116	1.7388
1F34	green	amber_boltz	4	0.88	0.44	96.95	0.51	0.45	0	0.0117	1.7218
1F51	green	crystal	0	33.04	2.36	83.78	11.28	2.98	1	0.0103	1.7894
1F51	green	af_relaxed	0	1.22	0.0	98.65	0.37	0.34	0	0.0116	1.6407
1F51	green	af_relaxed	1	1.22	0.0	98.31	0.74	0.34	0	0.0115	1.6539
1F51	green	af_relaxed	2	1.43	0.0	97.97	0.0	0.38	0	0.0115	1.6635
1F51	green	af_relaxed	3	1.02	0.0	99.32	0.0	0.3	0	0.0116	1.6384
1F51	green	af_relaxed	4	0.82	0.0	98.65	0.0	0.25	0	0.0115	1.6404
1F51	green	af_unrelaxed	0	17.36	0.0	98.65	0.74	1.24	0	0.016	1.4422
1F51	green	af_unrelaxed	1	16.54	0.0	99.32	0.0	1.22	0	0.0184	1.4004
1F51	green	af_unrelaxed	2	20.22	0.34	98.65	0.37	1.3	0	0.0207	1.4449
1F51	green	af_unrelaxed	3	20.02	0.0	98.99	0.0	1.3	0	0.0215	1.4297
1F51	green	af_unrelaxed	4	18.59	0.34	97.64	0.0	1.35	0	0.024	1.4128
1F51	green	boltz	0	21.24	0.0	99.32	0.74	1.32	0	0.0112	1.0244
1F51	green	boltz	1	18.59	0.0	99.32	0.74	1.27	0	0.0104	1.0399
1F51	green	boltz	2	20.83	0.0	98.65	0.74	1.31	0	0.011	1.0405
1F51	green	boltz	3	21.45	0.0	99.32	0.0	1.33	0	0.0132	1.0346
1F51	green	boltz	4	17.97	0.0	99.32	0.37	1.25	0	0.0105	1.0474
1F51	green	amber_af	0	1.02	0.0	98.65	0.37	0.3	0	0.0116	1.6351
1F51	green	amber_af	1	1.43	0.0	98.31	0.74	0.38	0	0.0115	1.6515
1F51	green	amber_af	2	2.04	0.0	97.97	0.0	0.48	0	0.0115	1.6615
1F51	green	amber_af	3	1.02	0.0	99.32	0.0	0.3	0	0.0116	1.6397
1F51	green	amber_af	4	1.22	0.0	98.65	0.0	0.34	0	0.0115	1.6411
1F51	green	amber_boltz	0	2.04	0.0	98.99	1.11	0.51	1	0.0117	1.7131
1F51	green	amber_boltz	1	1.43	0.0	98.99	0.74	0.38	0	0.0117	1.7104
1F51	green	amber_boltz	2	3.27	0.0	98.31	0.74	0.62	0	0.0116	1.6863
1F51	green	amber_boltz	3	2.25	0.0	98.31	0.37	0.5	0	0.0116	1.7062
1F51	green	amber_boltz	4	1.63	0.0	97.97	0.37	0.42	0	0.0119	1.6885
1F6M	green	crystal	0	25.43	0.95	88.65	8.26	2.68	0	0.0089	1.5603
1F6M	green	af_relaxed	0	1.86	0.0	98.11	0.0	0.45	1	0.0112	1.672
1F6M	green	af_relaxed	1	1.55	0.0	97.87	0.0	0.43	0	0.0112	1.677
1F6M	green	af_relaxed	2	2.02	0.0	97.64	0.59	0.55	1	0.0112	1.7166
1F6M	green	af_relaxed	3	5.27	0.0	97.64	0.29	0.86	3	0.0114	1.7462
1F6M	green	af_relaxed	4	4.96	0.47	97.16	1.47	1.04	3	0.0115	1.8198
1F6M	green	af_unrelaxed	0	16.6	0.0	98.35	0.59	1.22	0	0.0187	1.5817
1F6M	green	af_unrelaxed	1	18.92	0.24	98.11	0.29	1.27	0	0.022	1.5849
1F6M	green	af_unrelaxed	2	22.96	0.24	98.11	0.29	1.35	0	0.0192	1.7337
1F6M	green	af_unrelaxed	3	29.01	0.24	97.87	0.29	1.48	0	0.018	1.6308
1F6M	green	af_unrelaxed	4	35.7	0.0	98.11	2.95	1.89	0	0.0217	1.6991
1F6M	green	boltz	0	10.08	0.24	98.35	0.0	1.02	0	0.0117	1.1407
1F6M	green	boltz	1	11.32	0.0	98.58	0.0	1.07	0	0.0104	1.1063
1F6M	green	boltz	2	11.01	0.0	98.11	0.0	1.06	0	0.0101	1.1202
1F6M	green	boltz	3	8.84	0.47	98.11	0.0	0.97	0	0.0101	1.1438
1F6M	green	boltz	4	13.8	0.0	98.11	0.0	1.15	0	0.01	1.1069
1F6M	green	amber_af	0	1.55	0.0	98.11	0.29	0.4	1	0.0113	1.6761
1F6M	green	amber_af	1	1.86	0.0	97.64	0.0	0.53	0	0.0112	1.687
1F6M	green	amber_af	2	2.33	0.0	97.64	0.59	0.59	1	0.0112	1.7164
1F6M	green	amber_af	3	5.58	0.0	97.64	0.29	0.88	3	0.0114	1.7413
1F6M	green	amber_af	4	4.65	0.24	96.93	1.47	1.05	2	0.0115	1.7962
1F6M	green	amber_boltz	0	1.4	0.24	98.11	0.59	0.37	0	0.0116	1.7388
1F6M	green	amber_boltz	1	0.78	0.0	97.4	0.0	0.36	0	0.0114	1.7273
1F6M	green	amber_boltz	2	0.16	0.24	98.11	0.0	0.06	0	0.0117	1.7034
1F6M	green	amber_boltz	3	1.4	0.71	98.11	0.0	0.37	1	0.0117	1.7245
1F6M	green	amber_boltz	4	0.78	0.24	98.35	0.29	0.24	0	0.0116	1.7114
1FAK	green	crystal	0	27.99	0.19	94.68	9.77	2.55	58	0.0253	3.6092
1FAK	green	af_relaxed	0	3.55	2.24	93.1	2.7	1.42	2	0.0118	1.9044
1FAK	green	af_relaxed	1	4.15	0.93	92.91	2.29	1.42	2	0.0117	1.8317
1FAK	green	af_relaxed	2	6.16	0.93	93.1	1.66	1.45	2	0.0118	1.8471
1FAK	green	af_relaxed	3	7.11	2.05	91.6	2.49	1.69	7	0.0121	1.9933
1FAK	green	af_relaxed	4	10.9	0.75	94.22	3.12	1.82	10	0.0121	1.9669
1FAK	green	af_unrelaxed	0	34.98	4.85	90.3	4.99	2.6	0	0.0277	2.7593
1FAK	green	af_unrelaxed	1	41.87	5.41	89.74	3.53	2.57	0	0.0329	2.6414
1FAK	green	af_unrelaxed	2	39.05	5.04	90.3	2.08	2.35	0	0.0235	2.6298
1FAK	green	af_unrelaxed	3	47.69	6.16	87.87	2.7	2.59	0	0.0345	2.5615
1FAK	green	af_unrelaxed	4	56.12	5.41	89.93	3.12	2.65	0	0.0344	2.569
1FAK	green	boltz	0	11.5	0.19	97.95	0.83	1.09	0	0.0122	1.2688
1FAK	green	boltz	1	5.45	0.19	97.57	0.62	0.88	0	0.0113	1.2444
1FAK	green	boltz	2	11.62	0.37	97.95	0.42	1.09	0	0.0122	1.273
1FAK	green	boltz	3	7.35	0.19	97.76	0.42	0.96	0	0.0118	1.2362
1FAK	green	boltz	4	11.97	0.37	97.57	0.21	1.18	0	0.0127	1.2817
1FAK	green	amber_af	0	3.44	1.87	93.1	2.49	1.38	2	0.0118	1.9163
1FAK	green	amber_af	1	4.15	0.93	92.91	2.29	1.42	2	0.0117	1.8335
1FAK	green	amber_af	2	4.86	0.93	92.91	1.87	1.41	0	0.0118	1.8365
1FAK	green	amber_af	3	8.29	2.8	91.42	2.7	1.78	7	0.0121	1.9622
1FAK	green	amber_af	4	4.03	0.56	92.35	2.49	1.46	4	0.0325	2.0046
1FAK	green	amber_boltz	0	1.19	0.19	97.57	0.21	0.42	0	0.0117	1.7388
1FAK	green	amber_boltz	1	0.0	0.19	97.76	0.0	0.05	1	0.0119	1.7205
1FAK	green	amber_boltz	2	0.71	0.19	97.57	0.42	0.32	1	0.0117	1.7481
1FAK	green	amber_boltz	3	0.47	0.19	97.01	0.42	0.34	1	0.0118	1.7344
1FAK	green	amber_boltz	4	0.59	0.37	96.83	0.0	0.39	0	0.0116	1.7232
1FC2	green	af_relaxed	0	4.4	0.45	95.96	1.42	1.11	1	0.0123	1.9269
1FC2	green	af_relaxed	1	13.21	0.9	97.76	0.0	1.18	1	0.0126	1.9495
1FC2	green	af_relaxed	2	16.51	3.14	90.58	8.96	2.48	14	0.0146	2.5097
1FC2	green	af_relaxed	3	14.86	2.24	94.62	2.36	1.83	4	0.0135	2.3113
1FC2	green	af_relaxed	4	21.74	0.45	98.21	2.83	1.67	8	0.0134	2.2656
1FC2	green	af_unrelaxed	0	28.72	1.35	93.27	0.47	1.88	0	0.0341	3.8314
1FC2	green	af_unrelaxed	1	59.29	0.9	97.76	1.42	1.92	0	0.0359	1.9673
1FC2	green	af_unrelaxed	2	126.84	2.69	96.86	1.42	2.37	0	0.0465	4.0412
1FC2	green	af_unrelaxed	3	102.6	1.79	95.52	2.36	2.57	0	0.0434	3.2415
1FC2	green	af_unrelaxed	4	80.55	0.9	95.52	1.89	2.4	0	0.0289	2.3892
1FC2	green	boltz	0	25.61	0.45	99.1	0.47	1.4	0	0.0119	1.2086
1FC2	green	boltz	1	38.82	0.45	97.76	0.94	1.62	0	0.0145	1.149
1FC2	green	boltz	2	30.03	0.9	98.65	0.0	1.46	0	0.0146	1.1729
1FC2	green	boltz	3	22.03	0.0	99.55	0.47	1.34	0	0.0116	1.1563
1FC2	green	boltz	4	48.21	1.35	98.21	0.0	1.66	0	0.0177	1.1233
1FC2	green	amber_af	0	4.13	1.35	95.96	0.94	0.97	2	0.0123	1.9255
1FC2	green	amber_af	1	2.2	0.9	96.41	0.0	0.73	1	0.0127	1.9098
1FC2	green	amber_af	2	20.09	3.59	90.13	9.43	2.58	11	0.0152	2.6454
1FC2	green	amber_af	3	42.38	1.79	94.62	4.72	2.49	11	0.0152	2.6049
1FC2	green	amber_af	4	13.49	0.45	95.93	2.36	1.7	5	0.0403	2.3937
1FC2	green	amber_boltz	0	2.2	0.45	98.65	0.47	0.5	0	0.0121	1.7394
1FC2	green	amber_boltz	1	5.78	0.9	97.31	0.47	0.95	0	0.0122	1.7447
1FC2	green	amber_boltz	2	4.95	0.9	97.76	0.0	0.81	0	0.0122	1.7714
1FC2	green	amber_boltz	3	1.93	0.0	98.65	0.47	0.46	0	0.0121	1.7192
1FC2	green	amber_boltz	4	48.46	1.79	98.21	0.0	1.66	0	0.0281	2.0563
1FCC	green	crystal	0	43.66	6.23	84.05	10.92	3.08	2	0.0184	2.2155
1FCC	green	af_relaxed	0	0.24	0.0	99.22	0.42	0.09	0	0.0117	1.6836
1FCC	green	af_relaxed	1	6.06	0.0	99.22	0.42	0.83	1	0.0118	1.8185
1FCC	green	af_relaxed	2	1.94	0.0	99.22	0.84	0.46	3	0.0117	1.7938
1FCC	green	af_relaxed	3	5.34	0.0	99.22	0.84	0.79	0	0.0119	1.7939
1FCC	green	af_relaxed	4	7.52	0.0	99.22	0.42	0.91	0	0.0118	1.7886
1FCC	green	af_unrelaxed	0	10.43	0.0	99.61	0.0	1.04	0	0.0157	1.5914
1FCC	green	af_unrelaxed	1	30.83	0.0	99.61	0.0	1.47	0	0.0197	1.7146
1FCC	green	af_unrelaxed	2	27.68	0.0	99.61	0.0	1.43	0	0.0211	1.7521
1FCC	green	af_unrelaxed	3	26.71	0.0	99.61	0.0	1.42	0	0.0222	1.7056
1FCC	green	af_unrelaxed	4	28.68	0.0	99.61	0.0	1.44	0	0.0211	1.694
1FCC	green	boltz	0	8.74	0.0	99.22	0.0	0.97	0	0.012	1.1602
1FCC	green	boltz	1	4.61	0.0	99.61	0.0	0.73	0	0.0122	1.1708
1FCC	green	boltz	2	8.74	0.0	98.83	0.42	0.97	0	0.0121	1.1754
1FCC	green	boltz	3	8.98	0.0	98.83	0.42	0.98	0	0.0122	1.1539
1FCC	green	boltz	4	9.22	0.0	98.44	0.0	0.99	0	0.0121	1.1938
1FCC	green	amber_af	0	0.49	0.0	99.22	0.42	0.17	0	0.0117	1.68
1FCC	green	amber_af	1	4.85	0.0	98.83	0.42	0.75	1	0.012	1.8302
1FCC	green	amber_af	2	0.73	0.78	98.44	0.84	0.23	3	0.0121	1.8005
1FCC	green	amber_af	3	5.58	0.0	99.22	0.42	0.8	0	0.0119	1.8051
1FCC	green	amber_af	4	7.76	0.0	99.22	0.42	0.92	0	0.0118	1.7918
1FCC	green	amber_boltz	0	0.24	0.0	98.05	0.0	0.09	1	0.0118	1.7098
1FCC	green	amber_boltz	1	0.49	0.0	99.22	0.42	0.17	0	0.0122	1.7
1FCC	green	amber_boltz	2	0.49	0.0	98.83	0.0	0.17	0	0.012	1.7245
1FCC	green	amber_boltz	3	0.49	0.78	98.44	0.0	0.17	0	0.0119	1.716
1FCC	green	amber_boltz	4	0.73	0.0	98.05	0.0	0.23	0	0.0118	1.6913
1FFW	green	crystal	0	7.97	0.0	97.91	2.52	1.26	0	0.0106	1.5172
1FFW	green	af_relaxed	0	0.33	0.0	98.95	0.0	0.12	0	0.011	1.6399
1FFW	green	af_relaxed	1	1.66	0.0	98.43	0.0	0.42	0	0.011	1.6571
1FFW	green	af_relaxed	2	0.0	0.0	99.48	0.0	0.0	0	0.0109	1.6777
1FFW	green	af_relaxed	3	0.33	0.0	99.48	0.0	0.12	0	0.0109	1.6681
1FFW	green	af_relaxed	4	1.99	0.0	99.48	0.63	0.47	0	0.0108	1.6965
1FFW	green	af_unrelaxed	0	13.97	0.0	99.48	0.0	1.15	0	0.0156	1.442
1FFW	green	af_unrelaxed	1	16.95	0.0	99.48	0.0	1.23	0	0.0156	1.4328
1FFW	green	af_unrelaxed	2	16.3	0.0	99.48	0.0	1.21	0	0.0167	1.4686
1FFW	green	af_unrelaxed	3	21.28	0.0	97.91	0.0	1.34	0	0.0175	1.569
1FFW	green	af_unrelaxed	4	18.32	0.0	98.95	0.63	1.26	0	0.0211	1.5109
1FFW	green	boltz	0	5.65	0.0	99.48	0.0	0.81	0	0.0106	1.0184
1FFW	green	boltz	1	3.32	0.0	99.48	0.0	0.62	0	0.0113	1.0352
1FFW	green	boltz	2	4.32	0.0	99.48	0.0	0.71	0	0.0099	1.0379
1FFW	green	boltz	3	4.65	0.0	99.48	0.0	0.74	0	0.0105	1.0642
1FFW	green	boltz	4	5.98	0.0	99.48	0.0	0.83	0	0.011	1.0321
1FFW	green	amber_af	0	0.0	0.0	98.95	0.0	0.0	0	0.011	1.6373
1FFW	green	amber_af	1	1.66	0.52	96.86	1.26	0.68	0	0.0119	1.7661
1FFW	green	amber_af	2	0.33	0.0	99.48	0.0	0.12	0	0.0109	1.6719
1FFW	green	amber_af	3	0.66	0.0	99.48	0.0	0.22	0	0.0108	1.6654
1FFW	green	amber_af	4	1.99	0.0	99.48	0.63	0.47	0	0.0108	1.6938
1FFW	green	amber_boltz	0	0.33	0.0	99.48	0.0	0.12	0	0.0112	1.6426
1FFW	green	amber_boltz	1	0.66	0.0	98.95	0.0	0.22	0	0.011	1.6154
1FFW	green	amber_boltz	2	0.66	0.0	99.48	0.0	0.22	0	0.0112	1.6278
1FFW	green	amber_boltz	3	0.33	0.0	99.48	0.0	0.12	0	0.0113	1.6601
1FFW	green	amber_boltz	4	0.66	0.0	98.95	0.0	0.22	0	0.011	1.6453
1FLE	green	crystal	0	19.49	0.35	93.97	14.71	2.58	14	0.0204	3.2851
1FLE	green	af_relaxed	0	0.0	0.0	95.39	0.42	0.32	0	0.0112	1.6867
1FLE	green	af_relaxed	1	0.47	0.0	95.39	0.42	0.48	0	0.0113	1.6907
1FLE	green	af_relaxed	2	0.47	0.0	95.39	0.84	0.48	1	0.0111	1.6818
1FLE	green	af_relaxed	3	0.94	0.0	95.74	0.42	0.58	0	0.0112	1.6809
1FLE	green	af_relaxed	4	0.94	0.0	95.74	0.42	0.58	0	0.0114	1.6973
1FLE	green	af_unrelaxed	0	10.8	0.0	95.04	0.0	1.4	0	0.0216	1.5107
1FLE	green	af_unrelaxed	1	9.87	0.0	95.04	0.0	1.36	0	0.0172	1.4679
1FLE	green	af_unrelaxed	2	8.69	0.0	95.04	0.84	1.31	0	0.0177	1.4874
1FLE	green	af_unrelaxed	3	11.75	0.35	95.39	0.0	1.41	0	0.0159	1.5226
1FLE	green	af_unrelaxed	4	9.4	0.0	95.74	0.0	1.29	0	0.025	1.6361
1FLE	green	boltz	0	12.45	0.0	97.16	0.0	1.26	0	0.0168	1.2733
1FLE	green	boltz	1	8.92	0.0	97.52	0.84	1.08	0	0.0157	1.2798
1FLE	green	boltz	2	9.39	0.0	97.16	0.42	1.15	0	0.0145	1.2876
1FLE	green	boltz	3	7.98	0.0	97.87	0.0	0.97	0	0.0158	1.2573
1FLE	green	boltz	4	14.09	0.0	97.16	0.0	1.31	0	0.0179	1.2926
1FLE	green	amber_af	0	0.0	0.0	95.39	0.42	0.32	0	0.0112	1.6825
1FLE	green	amber_af	1	0.7	0.0	95.39	0.0	0.55	0	0.0113	1.6812
1FLE	green	amber_af	2	0.7	0.0	95.39	0.84	0.55	0	0.0112	1.679
1FLE	green	amber_af	3	0.7	0.0	95.74	0.0	0.52	0	0.0112	1.6833
1FLE	green	amber_af	4	1.17	0.0	95.74	0.0	0.63	0	0.0114	1.6931
1FLE	green	amber_boltz	0	0.23	0.0	96.45	0.42	0.32	0	0.0113	1.7111
1FLE	green	amber_boltz	1	0.7	0.0	97.16	0.84	0.38	0	0.0116	1.7022
1FLE	green	amber_boltz	2	0.47	0.0	97.52	0.84	0.26	0	0.0116	1.7168
1FLE	green	amber_boltz	3	0.7	0.0	96.45	0.42	0.46	0	0.0114	1.7219
1FLE	green	amber_boltz	4	0.94	0.0	97.16	0.42	0.43	0	0.0115	1.7099
1FQ1	green	crystal	0	65.48	10.17	70.34	10.43	3.4	0	0.0146	2.0947
1FQ1	green	af_relaxed	0	1.56	1.48	94.94	0.71	0.75	0	0.0118	1.7557
1FQ1	green	af_relaxed	1	1.17	0.84	95.99	1.18	0.66	0	0.0118	1.7436
1FQ1	green	af_relaxed	2	0.39	0.42	96.41	0.71	0.38	0	0.0118	1.7125
1FQ1	green	af_relaxed	3	1.56	1.05	94.73	1.18	0.82	0	0.0119	1.7322
1FQ1	green	af_relaxed	4	1.04	1.05	96.2	2.13	0.81	2	0.0121	1.7881
1FQ1	green	af_unrelaxed	0	22.57	2.95	93.25	1.42	1.9	0	0.0232	1.842
1FQ1	green	af_unrelaxed	1	16.57	1.27	95.57	2.61	1.85	0	0.0193	1.8274
1FQ1	green	af_unrelaxed	2	11.61	1.05	95.99	0.95	1.35	0	0.0187	1.6155
1FQ1	green	af_unrelaxed	3	19.83	3.38	93.67	0.95	1.71	0	0.0172	1.797
1FQ1	green	af_unrelaxed	4	24.92	3.16	94.09	4.5	2.28	0	0.02	1.9301
1FQ1	green	boltz	0	13.3	0.42	97.89	0.24	1.16	0	0.0105	1.1031
1FQ1	green	boltz	1	14.35	0.21	97.89	0.24	1.19	0	0.0109	1.1005
1FQ1	green	boltz	2	12.39	0.42	97.68	0.0	1.17	0	0.0104	1.1231
1FQ1	green	boltz	3	11.61	0.21	97.68	0.0	1.15	0	0.0107	1.1223
1FQ1	green	boltz	4	12.91	0.42	98.31	0.24	1.12	0	0.011	1.1082
1FQ1	green	amber_af	0	1.69	1.48	94.73	0.47	0.79	0	0.0118	1.7483
1FQ1	green	amber_af	1	1.3	0.84	95.99	1.42	0.75	0	0.0118	1.7484
1FQ1	green	amber_af	2	0.65	0.42	96.41	0.71	0.45	0	0.0118	1.7124
1FQ1	green	amber_af	3	1.69	1.05	94.94	0.95	0.77	0	0.0119	1.7269
1FQ1	green	amber_af	4	0.78	0.84	95.57	1.66	0.72	2	0.0121	1.7773
1FQ1	green	amber_boltz	0	1.69	0.21	97.26	0.24	0.56	0	0.012	1.7549
1FQ1	green	amber_boltz	1	1.56	0.21	98.31	0.47	0.4	0	0.0119	1.7436
1FQ1	green	amber_boltz	2	0.91	0.21	97.68	0.0	0.35	0	0.012	1.7607
1FQ1	green	amber_boltz	3	1.04	0.21	97.68	0.0	0.37	0	0.012	1.744
1FQ1	green	amber_boltz	4	1.96	0.21	97.68	0.0	0.53	1	0.0118	1.7495
1FQJ	green	crystal	0	6.41	0.22	97.09	1.0	1.02	0	0.0086	1.359
1FQJ	green	af_relaxed	0	0.82	0.0	99.1	0.0	0.25	0	0.0121	1.6762
1FQJ	green	af_relaxed	1	0.82	0.0	99.33	0.0	0.25	0	0.0122	1.6755
1FQJ	green	af_relaxed	2	0.82	0.0	98.88	0.0	0.25	0	0.0121	1.6511
1FQJ	green	af_relaxed	3	0.68	0.0	99.1	0.0	0.22	0	0.0121	1.6714
1FQJ	green	af_relaxed	4	0.68	0.0	98.88	0.0	0.22	0	0.0121	1.6599
1FQJ	green	af_unrelaxed	0	12.28	0.0	99.1	0.25	1.1	0	0.019	1.2521
1FQJ	green	af_unrelaxed	1	12.55	0.0	99.1	1.0	1.11	0	0.0152	1.2296
1FQJ	green	af_unrelaxed	2	14.73	0.0	99.1	0.0	1.17	0	0.017	1.248
1FQJ	green	af_unrelaxed	3	11.87	0.0	99.33	0.0	1.09	0	0.0144	1.2425
1FQJ	green	af_unrelaxed	4	14.33	0.0	99.33	0.0	1.16	0	0.0155	1.2891
1FQJ	green	boltz	0	11.32	0.0	99.1	0.25	1.07	0	0.0098	1.002
1FQJ	green	boltz	1	13.64	0.0	98.88	0.0	1.14	0	0.0104	1.0024
1FQJ	green	boltz	2	11.46	0.0	99.1	0.25	1.07	0	0.01	1.0347
1FQJ	green	boltz	3	12.69	0.0	98.88	0.0	1.11	0	0.0106	1.0194
1FQJ	green	boltz	4	15.69	0.0	99.1	0.0	1.2	0	0.0107	1.0056
1FQJ	green	amber_af	0	0.68	0.0	99.1	0.0	0.22	0	0.0121	1.672
1FQJ	green	amber_af	1	0.95	0.0	99.1	0.0	0.29	0	0.0122	1.6737
1FQJ	green	amber_af	2	0.55	0.0	98.88	0.0	0.19	0	0.0121	1.6552
1FQJ	green	amber_af	3	0.82	0.0	99.1	0.0	0.25	0	0.0122	1.67
1FQJ	green	amber_af	4	1.09	0.0	98.88	0.0	0.31	0	0.0121	1.6609
1FQJ	green	amber_boltz	0	0.68	0.0	99.55	0.25	0.22	0	0.0123	1.6853
1FQJ	green	amber_boltz	1	0.95	0.0	98.88	0.25	0.29	0	0.012	1.679
1FQJ	green	amber_boltz	2	0.14	0.0	99.1	0.75	0.05	0	0.0122	1.6788
1FQJ	green	amber_boltz	3	0.82	0.0	99.33	0.25	0.25	0	0.0119	1.7052
1FQJ	green	amber_boltz	4	0.82	0.0	99.1	0.25	0.25	0	0.012	1.702
1GCQ	green	crystal	0	3.56	0.0	99.18	3.74	1.08	0	0.0105	1.4868
1GCQ	green	af_relaxed	0	2.54	0.0	95.9	0.0	0.82	0	0.0124	1.6453
1GCQ	green	af_relaxed	1	1.52	0.0	96.72	0.0	0.6	0	0.0124	1.6663
1GCQ	green	af_relaxed	2	2.54	0.0	96.72	0.0	0.74	0	0.0126	1.7159
1GCQ	green	af_relaxed	3	1.02	0.0	99.18	0.0	0.3	0	0.0124	1.673
1GCQ	green	af_relaxed	4	2.03	0.0	97.54	1.87	0.77	0	0.0124	1.6806
1GCQ	green	af_unrelaxed	0	15.8	2.46	96.72	0.93	1.41	0	0.0171	1.7927
1GCQ	green	af_unrelaxed	1	17.29	1.64	96.72	0.0	1.44	0	0.0172	1.8762
1GCQ	green	af_unrelaxed	2	17.8	2.46	95.9	0.0	1.53	0	0.0218	1.7956
1GCQ	green	af_unrelaxed	3	20.85	1.64	97.54	0.0	1.41	0	0.018	1.8154
1GCQ	green	af_unrelaxed	4	18.33	1.64	96.72	1.87	1.67	0	0.018	1.8486
1GCQ	green	boltz	0	11.71	0.0	100.0	0.0	1.08	0	0.0112	1.1261
1GCQ	green	boltz	1	10.17	0.0	100.0	0.0	1.03	0	0.0108	1.1063
1GCQ	green	boltz	2	14.75	0.0	100.0	0.0	1.17	0	0.0126	1.171
1GCQ	green	boltz	3	12.21	0.82	99.18	0.0	1.1	0	0.0108	1.1185
1GCQ	green	boltz	4	11.19	0.82	99.18	0.0	1.07	0	0.0111	1.1154
1GCQ	green	amber_af	0	1.52	0.0	96.72	0.0	0.6	0	0.0124	1.6443
1GCQ	green	amber_af	1	1.02	0.0	96.72	0.93	0.5	0	0.0125	1.6623
1GCQ	green	amber_af	2	2.54	0.0	96.72	0.0	0.74	0	0.0126	1.7103
1GCQ	green	amber_af	3	1.02	0.0	99.18	0.0	0.3	0	0.0124	1.6758
1GCQ	green	amber_af	4	1.52	0.0	98.36	1.87	0.6	0	0.0124	1.6762
1GCQ	green	amber_boltz	0	3.05	0.0	99.18	0.0	0.6	0	0.0124	1.6766
1GCQ	green	amber_boltz	1	2.54	0.0	99.18	0.0	0.54	0	0.0124	1.6564
1GCQ	green	amber_boltz	2	2.54	0.0	99.18	0.0	0.54	0	0.0124	1.7097
1GCQ	green	amber_boltz	3	2.03	0.0	99.18	0.0	0.47	0	0.0126	1.6875
1GCQ	green	amber_boltz	4	1.02	0.82	98.36	0.0	0.3	0	0.0124	1.6614
1GHQ	green	crystal	0	14.43	0.46	97.45	4.63	1.78	0	0.0162	1.7236
1GHQ	green	af_relaxed	0	1.47	0.0	98.38	1.09	0.41	0	0.012	1.6733
1GHQ	green	af_relaxed	1	0.74	1.39	96.76	0.54	0.44	0	0.0119	1.6812
1GHQ	green	af_relaxed	2	0.74	0.69	96.99	0.27	0.41	0	0.0119	1.6714
1GHQ	green	af_relaxed	3	1.32	0.69	96.76	1.09	0.59	0	0.0118	1.6682
1GHQ	green	af_relaxed	4	1.32	0.46	97.22	0.27	0.5	0	0.0119	1.6674
1GHQ	green	af_unrelaxed	0	18.23	0.0	98.61	1.09	1.29	0	0.0209	1.5231
1GHQ	green	af_unrelaxed	1	17.79	2.31	96.76	1.36	1.55	0	0.0193	1.7122
1GHQ	green	af_unrelaxed	2	16.47	1.39	96.99	1.36	1.49	0	0.018	1.5882
1GHQ	green	af_unrelaxed	3	14.41	1.85	96.53	2.45	1.69	0	0.0182	1.5699
1GHQ	green	af_unrelaxed	4	15.29	2.08	96.06	0.54	1.46	0	0.0209	1.6265
1GHQ	green	boltz	0	27.37	0.0	98.38	0.0	1.43	0	0.0156	1.1259
1GHQ	green	boltz	1	26.63	0.46	98.38	0.27	1.41	0	0.0138	1.1437
1GHQ	green	boltz	2	28.42	0.0	98.15	0.0	1.44	0	0.0195	1.1117
1GHQ	green	boltz	3	28.69	0.0	98.15	0.0	1.44	0	0.0186	1.0998
1GHQ	green	boltz	4	26.35	0.23	98.38	0.0	1.41	0	0.0163	1.1273
1GHQ	green	amber_af	0	1.03	0.0	98.38	1.09	0.33	0	0.0119	1.6745
1GHQ	green	amber_af	1	1.32	1.39	96.53	0.54	0.59	0	0.0119	1.685
1GHQ	green	amber_af	2	1.03	0.69	97.22	0.27	0.45	0	0.0119	1.6692
1GHQ	green	amber_af	3	1.18	0.69	96.76	1.09	0.56	0	0.0118	1.6699
1GHQ	green	amber_af	4	1.47	0.46	97.22	0.27	0.53	0	0.0119	1.6651
1GHQ	green	amber_boltz	0	2.21	0.0	98.84	0.0	0.5	1	0.0119	1.7751
1GHQ	green	amber_boltz	1	2.5	0.23	98.61	0.54	0.53	3	0.0121	1.7724
1GHQ	green	amber_boltz	2	5.0	0.46	98.15	1.09	0.79	3	0.0133	1.9591
1GHQ	green	amber_boltz	3	4.26	0.0	98.61	0.82	0.71	3	0.012	1.8083
1GHQ	green	amber_boltz	4	1.62	0.0	96.99	1.9	0.8	5	0.0129	1.8972
1GL1	green	crystal	0	7.62	0.76	93.94	3.17	1.7	0	0.0078	1.5368
1GL1	green	af_relaxed	0	0.25	0.37	98.13	0.45	0.1	1	0.0115	1.7211
1GL1	green	af_relaxed	1	1.02	0.0	97.76	4.07	0.82	0	0.0113	1.7071
1GL1	green	af_relaxed	2	0.76	0.0	97.76	0.45	0.29	0	0.0113	1.7006
1GL1	green	af_relaxed	3	0.25	0.0	98.51	1.36	0.2	0	0.0113	1.6999
1GL1	green	af_relaxed	4	1.78	0.37	97.76	0.9	0.49	0	0.0114	1.7243
1GL1	green	af_unrelaxed	0	10.92	0.75	95.9	0.45	1.34	0	0.0239	1.8294
1GL1	green	af_unrelaxed	1	16.26	0.37	97.01	4.07	1.85	0	0.0246	1.7344
1GL1	green	af_unrelaxed	2	10.41	0.37	97.76	0.45	1.09	0	0.0249	1.7016
1GL1	green	af_unrelaxed	3	16.24	0.37	97.01	0.45	1.38	0	0.0276	1.6969
1GL1	green	af_unrelaxed	4	17.27	0.75	96.64	0.45	1.45	0	0.0251	2.0231
1GL1	green	boltz	0	6.6	0.37	97.76	0.0	0.92	0	0.0143	1.3029
1GL1	green	boltz	1	5.84	0.0	97.76	0.0	0.87	0	0.014	1.3323
1GL1	green	boltz	2	9.4	0.0	97.76	0.0	1.05	0	0.017	1.3079
1GL1	green	boltz	3	7.36	0.0	98.13	0.45	0.9	0	0.0141	1.3197
1GL1	green	boltz	4	6.35	0.0	97.76	0.0	0.9	0	0.0139	1.3094
1GL1	green	amber_af	0	0.25	0.37	98.13	0.45	0.1	1	0.0115	1.7063
1GL1	green	amber_af	1	1.27	0.0	97.76	4.07	0.87	0	0.0113	1.7103
1GL1	green	amber_af	2	0.51	0.0	97.76	0.9	0.23	0	0.0113	1.7034
1GL1	green	amber_af	3	0.25	0.0	98.51	1.36	0.2	0	0.0112	1.6956
1GL1	green	amber_af	4	2.28	0.75	97.01	0.9	0.68	1	0.0114	1.7374
1GL1	green	amber_boltz	0	0.0	0.0	97.76	0.0	0.05	0	0.0113	1.719
1GL1	green	amber_boltz	1	1.02	0.0	97.76	0.45	0.35	1	0.0114	1.6912
1GL1	green	amber_boltz	2	1.02	0.0	97.76	0.45	0.35	1	0.0116	1.7382
1GL1	green	amber_boltz	3	0.51	0.0	98.13	0.9	0.17	0	0.0114	1.7294
1GL1	green	amber_boltz	4	0.0	0.0	97.76	0.0	0.05	0	0.0115	1.7272
1GLA	green	crystal	0	8.95	1.4	90.34	12.93	2.36	3	0.0153	2.8584
1GLA	green	af_relaxed	0	2.36	0.15	97.21	1.66	0.83	1	0.0112	1.7164
1GLA	green	af_relaxed	1	3.94	0.77	96.28	1.47	1.06	2	0.0114	1.7991
1GLA	green	af_relaxed	2	4.04	0.62	97.37	2.03	1.04	3	0.0114	1.8015
1GLA	green	af_relaxed	3	3.64	0.62	95.67	2.21	1.22	9	0.0271	1.9963
1GLA	green	af_relaxed	4	3.15	0.62	96.28	2.03	1.09	7	0.0125	1.9349
1GLA	green	af_unrelaxed	0	24.04	0.93	97.52	1.29	1.55	0	0.025	1.6652
1GLA	green	af_unrelaxed	1	25.92	0.93	97.52	0.74	1.5	0	0.0252	1.7008
1GLA	green	af_unrelaxed	2	31.15	0.62	97.68	3.68	1.98	0	0.0246	1.9684
1GLA	green	af_unrelaxed	3	36.48	1.08	97.21	0.74	1.69	0	0.0207	1.9149
1GLA	green	af_unrelaxed	4	33.22	0.93	97.21	1.1	1.68	0	0.0206	2.0692
1GLA	green	boltz	0	12.8	0.15	98.92	0.0	1.12	0	0.0112	1.1176
1GLA	green	boltz	1	13.1	0.0	98.61	0.18	1.13	0	0.0116	1.1314
1GLA	green	boltz	2	9.85	0.0	98.92	0.37	1.02	0	0.0111	1.1395
1GLA	green	boltz	3	11.82	0.15	98.76	0.0	1.09	0	0.0111	1.1442
1GLA	green	boltz	4	10.83	0.15	98.61	0.18	1.05	0	0.0118	1.1726
1GLA	green	amber_af	0	2.07	0.31	97.21	1.66	0.79	1	0.0112	1.7119
1GLA	green	amber_af	1	5.02	0.46	96.13	1.66	1.2	1	0.0114	1.7857
1GLA	green	amber_af	2	3.94	0.62	97.37	1.84	1.0	4	0.0113	1.7862
1GLA	green	amber_af	3	4.13	0.62	95.51	2.21	1.27	11	0.0271	1.9777
1GLA	green	amber_af	4	3.25	0.46	96.13	1.66	1.05	6	0.0125	1.9459
1GLA	green	amber_boltz	0	1.38	0.31	97.99	0.55	0.37	0	0.0115	1.708
1GLA	green	amber_boltz	1	1.08	0.15	97.68	0.18	0.38	0	0.0114	1.7179
1GLA	green	amber_boltz	2	0.79	0.15	97.68	0.18	0.32	0	0.0115	1.7053
1GLA	green	amber_boltz	3	0.49	0.31	97.83	0.18	0.21	0	0.0116	1.7158
1GLA	green	amber_boltz	4	0.79	0.31	97.52	0.37	0.34	0	0.0115	1.7192
1GP2	green	crystal	0	18.32	2.37	91.07	9.14	2.51	0	0.011	1.6564
1GP2	green	af_relaxed	0	1.86	0.28	97.78	0.33	0.5	0	0.0112	1.6727
1GP2	green	af_relaxed	1	1.06	0.14	97.64	2.12	0.63	0	0.0112	1.6784
1GP2	green	af_relaxed	2	1.33	0.28	97.36	0.82	0.48	1	0.0112	1.6827
1GP2	green	af_relaxed	3	1.33	0.0	97.78	0.49	0.41	1	0.0113	1.6814
1GP2	green	af_relaxed	4	3.1	0.14	97.23	0.65	0.74	1	0.0112	1.6902
1GP2	green	af_unrelaxed	0	15.49	0.28	97.5	0.16	1.29	0	0.0163	1.4891
1GP2	green	af_unrelaxed	1	16.46	0.83	97.23	3.75	1.8	0	0.0177	1.4475
1GP2	green	af_unrelaxed	2	16.02	0.83	97.09	0.82	1.37	0	0.0217	1.3687
1GP2	green	af_unrelaxed	3	15.23	0.56	97.64	0.65	1.26	0	0.0183	1.4275
1GP2	green	af_unrelaxed	4	23.09	0.28	97.36	1.14	1.52	0	0.0174	1.532
1GP2	green	boltz	0	13.54	0.14	98.34	0.0	1.14	0	0.0113	1.0506
1GP2	green	boltz	1	9.82	0.28	98.75	0.16	1.01	0	0.0105	1.0469
1GP2	green	boltz	2	11.86	0.28	98.61	0.0	1.09	0	0.0115	1.0606
1GP2	green	boltz	3	14.43	0.14	98.75	0.16	1.17	0	0.0112	1.0381
1GP2	green	boltz	4	14.16	0.14	98.61	0.16	1.16	0	0.0109	1.034
1GP2	green	amber_af	0	1.59	0.28	97.78	0.33	0.46	0	0.0112	1.6759
1GP2	green	amber_af	1	1.33	0.14	97.64	2.12	0.68	0	0.0112	1.681
1GP2	green	amber_af	2	1.33	0.28	97.23	0.49	0.5	1	0.0112	1.6762
1GP2	green	amber_af	3	1.06	0.0	97.78	0.33	0.36	1	0.0112	1.6804
1GP2	green	amber_af	4	2.48	0.14	97.09	0.65	0.69	2	0.0111	1.702
1GP2	green	amber_boltz	0	2.21	0.28	97.78	0.33	0.55	0	0.0113	1.7038
1GP2	green	amber_boltz	1	0.88	0.28	97.64	0.33	0.35	0	0.0115	1.6862
1GP2	green	amber_boltz	2	0.44	0.28	97.78	0.33	0.21	2	0.0114	1.692
1GP2	green	amber_boltz	3	1.24	0.28	97.92	0.16	0.36	0	0.0111	1.7048
1GP2	green	amber_boltz	4	1.59	0.28	97.64	0.49	0.48	0	0.0114	1.7073
1GPW	green	crystal	0	20.75	2.67	88.64	6.58	2.52	0	0.0096	1.5815
1GPW	green	af_relaxed	0	2.09	0.67	96.88	0.26	0.67	0	0.0116	1.6725
1GPW	green	af_relaxed	1	1.53	0.67	96.44	0.26	0.63	0	0.0117	1.6609
1GPW	green	af_relaxed	2	1.81	0.67	96.88	0.52	0.63	1	0.0116	1.6711
1GPW	green	af_relaxed	3	1.39	0.22	96.66	0.0	0.58	0	0.0116	1.6644
1GPW	green	af_relaxed	4	2.65	0.22	97.1	0.52	0.71	0	0.0117	1.6568
1GPW	green	af_unrelaxed	0	21.91	1.34	95.77	0.26	1.63	0	0.0221	1.809
1GPW	green	af_unrelaxed	1	16.32	1.34	95.99	0.0	1.49	0	0.018	1.8988
1GPW	green	af_unrelaxed	2	14.51	0.0	97.33	0.26	1.3	0	0.0181	1.4036
1GPW	green	af_unrelaxed	3	17.43	0.45	96.88	0.0	1.43	0	0.0154	1.591
1GPW	green	af_unrelaxed	4	17.71	0.0	97.77	0.26	1.3	0	0.0171	1.4455
1GPW	green	boltz	0	13.25	0.22	97.55	0.0	1.22	0	0.0108	1.0865
1GPW	green	boltz	1	15.34	0.0	97.55	0.0	1.28	0	0.0107	1.081
1GPW	green	boltz	2	17.71	0.22	98.0	0.0	1.25	0	0.0154	1.1145
1GPW	green	boltz	3	17.71	0.45	97.55	0.0	1.34	0	0.0114	1.1473
1GPW	green	boltz	4	15.2	0.0	97.77	0.26	1.24	0	0.0112	1.0984
1GPW	green	amber_af	0	2.09	0.67	96.88	0.26	0.67	0	0.0117	1.6667
1GPW	green	amber_af	1	1.81	0.67	96.44	0.0	0.68	0	0.0117	1.6677
1GPW	green	amber_af	2	2.37	0.45	96.66	0.26	0.73	0	0.0116	1.6638
1GPW	green	amber_af	3	1.39	0.22	96.66	0.0	0.58	0	0.0116	1.6656
1GPW	green	amber_af	4	2.65	0.22	97.1	0.52	0.71	0	0.0117	1.6635
1GPW	green	amber_boltz	0	1.25	0.22	96.88	0.0	0.53	0	0.0118	1.6752
1GPW	green	amber_boltz	1	1.39	0.22	96.44	0.0	0.61	0	0.0117	1.6933
1GPW	green	amber_boltz	2	2.51	0.22	96.88	0.0	0.72	0	0.0116	1.7127
1GPW	green	amber_boltz	3	1.81	0.22	96.88	0.26	0.63	0	0.0116	1.6956
1GPW	green	amber_boltz	4	1.53	0.22	96.66	0.26	0.61	0	0.0116	1.6852
1GRN	green	crystal	0	12.44	0.52	95.57	2.01	1.65	0	0.0087	1.4335
1GRN	green	af_relaxed	0	0.48	0.78	96.09	0.86	0.43	0	0.0119	1.7109
1GRN	green	af_relaxed	1	0.97	0.52	95.83	0.0	0.58	0	0.012	1.7031
1GRN	green	af_relaxed	2	0.81	0.52	96.35	0.0	0.49	0	0.0119	1.7143
1GRN	green	af_relaxed	3	0.97	0.52	96.09	0.0	0.55	0	0.0119	1.7159
1GRN	green	af_relaxed	4	0.64	0.78	96.35	0.0	0.46	0	0.012	1.7024
1GRN	green	af_unrelaxed	0	12.41	2.08	95.83	1.72	1.57	0	0.0175	1.4994
1GRN	green	af_unrelaxed	1	11.28	1.82	95.31	0.57	1.39	0	0.0165	1.604
1GRN	green	af_unrelaxed	2	10.48	2.08	95.83	0.29	1.33	0	0.0202	1.6227
1GRN	green	af_unrelaxed	3	10.15	2.08	95.83	0.29	1.32	0	0.0166	1.5634
1GRN	green	af_unrelaxed	4	9.67	2.08	96.09	0.0	1.28	0	0.0155	1.5075
1GRN	green	boltz	0	10.32	0.26	98.44	0.57	1.03	0	0.0116	1.3139
1GRN	green	boltz	1	11.45	0.26	97.92	0.29	1.09	0	0.0145	1.2702
1GRN	green	boltz	2	13.22	0.26	97.92	0.57	1.15	0	0.0134	1.2057
1GRN	green	boltz	3	10.8	0.26	98.18	0.0	1.05	0	0.0153	1.1703
1GRN	green	boltz	4	10.0	0.78	97.4	0.0	1.14	0	0.0138	1.2673
1GRN	green	amber_af	0	0.81	0.78	96.09	0.86	0.52	0	0.0119	1.7098
1GRN	green	amber_af	1	0.81	0.52	96.09	0.29	0.52	0	0.0119	1.7006
1GRN	green	amber_af	2	0.48	0.52	96.35	0.0	0.41	0	0.012	1.7145
1GRN	green	amber_af	3	0.81	0.52	96.09	0.0	0.52	0	0.012	1.7159
1GRN	green	amber_af	4	0.64	0.78	96.35	0.0	0.46	0	0.012	1.7023
1GRN	green	amber_boltz	0	0.81	0.0	97.4	0.57	0.37	0	0.0121	1.7513
1GRN	green	amber_boltz	1	1.77	0.26	97.66	0.0	0.51	0	0.0122	1.7939
1GRN	green	amber_boltz	2	1.29	0.0	97.66	0.0	0.43	0	0.0122	1.7339
1GRN	green	amber_boltz	3	0.81	0.0	97.66	0.0	0.33	0	0.0121	1.7289
1GRN	green	amber_boltz	4	0.64	0.52	96.88	0.0	0.4	0	0.012	1.7348
1GXD	green	crystal	0	57.93	5.94	80.69	15.87	3.38	2	0.0131	1.9741
1GXD	green	af_relaxed	0	1.11	0.25	97.41	0.87	0.43	1	0.0123	1.6857
1GXD	green	af_relaxed	1	2.86	0.62	96.92	0.58	0.76	2	0.0122	1.7091
1GXD	green	af_relaxed	2	1.67	0.37	97.16	1.02	0.58	0	0.0122	1.6862
1GXD	green	af_relaxed	3	1.82	0.86	96.18	1.89	0.91	1	0.0122	1.711
1GXD	green	af_relaxed	4	2.38	0.37	96.92	1.31	0.79	1	0.0122	1.7121
1GXD	green	boltz	0	18.4	0.12	98.15	0.29	1.26	0	0.0188	1.2176
1GXD	green	boltz	1	17.06	0.0	98.4	0.15	1.23	0	0.0182	1.2301
1GXD	green	boltz	2	14.36	0.25	97.66	0.29	1.24	0	0.0202	1.2464
1GXD	green	boltz	3	12.22	0.12	98.15	0.0	1.1	0	0.0186	1.2137
1GXD	green	boltz	4	11.9	0.12	98.27	0.0	1.09	0	0.0164	1.2864
1GXD	green	amber_af	0	1.19	0.25	97.41	0.87	0.45	1	0.0123	1.6904
1GXD	green	amber_af	1	2.7	0.62	96.79	0.44	0.75	1	0.0122	1.7133
1GXD	green	amber_af	2	1.59	0.37	97.04	1.02	0.58	0	0.0122	1.6816
1GXD	green	amber_af	3	1.9	0.86	96.18	2.04	0.95	1	0.0122	1.7039
1GXD	green	amber_af	4	2.3	0.37	96.92	1.16	0.74	2	0.0122	1.7296
1GXD	green	amber_boltz	0	1.59	0.25	97.78	0.44	0.45	0	0.0122	1.7125
1GXD	green	amber_boltz	1	1.51	0.0	97.66	0.29	0.47	0	0.0122	1.7201
1GXD	green	amber_boltz	2	1.75	0.37	97.29	0.29	0.56	1	0.0121	1.7029
1GXD	green	amber_boltz	3	1.51	0.12	97.53	0.15	0.49	1	0.0122	1.7277
1GXD	green	amber_boltz	4	1.19	0.12	98.03	0.44	0.33	0	0.0123	1.6954
1H1V	green	crystal	0	34.98	6.4	82.53	16.55	3.15	1	0.0163	1.8624
1H1V	green	af_relaxed	0	3.73	0.29	97.97	1.39	0.78	1	0.0117	1.7505
1H1V	green	af_relaxed	1	2.98	0.0	98.12	1.04	0.6	1	0.0119	1.7435
1H1V	green	af_relaxed	2	4.75	0.72	96.96	0.87	0.92	0	0.0119	1.7773
1H1V	green	af_relaxed	3	6.9	1.16	94.93	2.09	1.47	12	0.013	2.045
1H1V	green	af_relaxed	4	6.06	0.29	96.67	1.74	1.23	4	0.0121	1.8604
1H1V	green	af_unrelaxed	0	22.95	0.29	98.26	1.74	1.54	0	0.0231	1.5212
1H1V	green	af_unrelaxed	1	25.56	0.29	97.83	1.57	1.58	0	0.0209	1.5174
1H1V	green	af_unrelaxed	2	29.69	0.87	97.68	1.22	1.59	0	0.0224	1.8538
1H1V	green	af_unrelaxed	3	49.66	0.58	97.97	5.39	2.23	0	0.0305	1.7374
1H1V	green	af_unrelaxed	4	34.81	0.58	97.83	2.09	1.81	0	0.0206	1.7017
1H1V	green	boltz	0	13.05	0.14	98.99	0.0	1.13	0	0.0117	1.0884
1H1V	green	boltz	1	13.98	0.14	98.7	0.52	1.15	0	0.0115	1.1136
1H1V	green	boltz	2	12.12	0.0	98.84	0.0	1.1	0	0.0115	1.0848
1H1V	green	boltz	3	11.93	0.0	98.55	0.17	1.09	0	0.0114	1.0733
1H1V	green	boltz	4	10.44	0.0	98.99	0.0	1.04	0	0.011	1.0776
1H1V	green	amber_af	0	3.36	0.29	97.54	1.39	0.83	1	0.0117	1.7516
1H1V	green	amber_af	1	2.61	0.0	97.97	1.04	0.57	0	0.0118	1.7231
1H1V	green	amber_af	2	4.94	0.87	96.82	0.7	0.95	0	0.0119	1.7919
1H1V	green	amber_af	3	4.85	1.16	94.36	1.74	1.32	12	0.0132	2.058
1H1V	green	amber_af	4	6.52	0.43	96.24	1.57	1.26	6	0.0121	1.8617
1H1V	green	amber_boltz	0	1.21	0.0	98.12	0.17	0.34	1	0.0118	1.7096
1H1V	green	amber_boltz	1	0.93	0.14	98.12	0.35	0.28	2	0.0118	1.7248
1H1V	green	amber_boltz	2	0.93	0.0	97.83	0.0	0.32	0	0.0118	1.7215
1H1V	green	amber_boltz	3	1.03	0.0	98.12	0.17	0.3	1	0.0118	1.7086
1H1V	green	amber_boltz	4	1.12	0.0	98.26	0.0	0.32	1	0.0119	1.7241
1H9D	green	crystal	0	19.49	0.84	93.72	9.0	2.43	0	0.0188	2.011
1H9D	green	af_relaxed	0	0.77	0.41	97.1	1.42	0.52	0	0.0116	1.7157
1H9D	green	af_relaxed	1	1.02	0.83	96.27	0.47	0.55	0	0.0115	1.7133
1H9D	green	af_relaxed	2	0.26	0.83	96.68	0.47	0.31	0	0.0115	1.7064
1H9D	green	af_relaxed	3	0.26	0.0	97.1	0.47	0.26	0	0.0115	1.7131
1H9D	green	af_relaxed	4	0.26	0.41	96.68	0.47	0.31	0	0.0116	1.7155
1H9D	green	af_unrelaxed	0	16.16	1.66	95.44	0.94	1.53	0	0.0169	1.8073
1H9D	green	af_unrelaxed	1	15.65	1.66	96.68	1.42	1.52	0	0.0206	1.5917
1H9D	green	af_unrelaxed	2	12.31	0.83	95.85	0.47	1.39	0	0.0217	1.8449
1H9D	green	af_unrelaxed	3	13.84	1.66	94.61	0.94	1.52	0	0.0177	1.8407
1H9D	green	af_unrelaxed	4	14.34	0.83	97.1	0.94	1.32	0	0.0199	1.5493
1H9D	green	boltz	0	12.81	0.41	98.34	0.0	1.12	0	0.0111	1.1742
1H9D	green	boltz	1	12.55	0.83	98.34	0.47	1.11	0	0.0121	1.143
1H9D	green	boltz	2	12.55	0.41	98.76	0.0	1.11	0	0.0125	1.1657
1H9D	green	boltz	3	11.02	0.41	98.34	0.0	1.06	0	0.0124	1.1453
1H9D	green	boltz	4	10.5	0.0	97.93	0.0	1.06	0	0.0114	1.1723
1H9D	green	amber_af	0	0.77	0.41	97.1	0.94	0.4	0	0.0116	1.7153
1H9D	green	amber_af	1	1.28	0.83	96.68	0.47	0.56	0	0.0115	1.7147
1H9D	green	amber_af	2	0.51	0.83	97.1	0.47	0.34	0	0.0115	1.7067
1H9D	green	amber_af	3	0.26	0.0	96.68	0.47	0.31	0	0.0116	1.7037
1H9D	green	amber_af	4	0.77	0.41	96.27	0.47	0.49	0	0.0116	1.7139
1H9D	green	amber_boltz	0	1.02	0.41	97.93	0.0	0.32	0	0.0116	1.7282
1H9D	green	amber_boltz	1	1.02	0.41	96.68	0.47	0.51	0	0.0114	1.7339
1H9D	green	amber_boltz	2	1.02	0.41	97.51	0.0	0.4	0	0.0115	1.7104
1H9D	green	amber_boltz	3	0.77	0.41	97.1	0.0	0.4	0	0.0114	1.7059
1H9D	green	amber_boltz	4	2.05	0.0	98.34	0.0	0.47	0	0.0116	1.7098
1HCF	green	crystal	0	12.38	3.03	91.52	6.49	2.23	0	0.009	1.5684
1HCF	green	af_relaxed	0	2.89	0.3	95.24	0.74	0.91	0	0.0113	1.7181
1HCF	green	af_relaxed	1	3.27	0.0	95.83	1.11	0.94	0	0.0114	1.7264
1HCF	green	af_relaxed	2	3.27	0.89	94.94	0.37	0.97	0	0.0113	1.7169
1HCF	green	af_relaxed	3	3.46	1.79	94.35	0.37	1.02	0	0.0114	1.757
1HCF	green	af_relaxed	4	2.31	1.49	95.24	0.37	0.84	0	0.0113	1.723
1HCF	green	af_unrelaxed	0	26.79	4.17	93.15	1.11	1.89	0	0.022	2.341
1HCF	green	af_unrelaxed	1	24.27	3.87	91.67	1.85	2.08	0	0.0214	2.4766
1HCF	green	af_unrelaxed	2	29.85	5.95	89.88	0.74	2.01	0	0.0225	2.6104
1HCF	green	af_unrelaxed	3	23.33	7.44	90.18	0.74	1.9	0	0.0243	2.6008
1HCF	green	af_unrelaxed	4	29.11	6.85	89.58	1.48	2.14	0	0.0241	2.757
1HCF	green	boltz	0	26.99	0.0	97.02	0.37	1.59	0	0.0181	1.3912
1HCF	green	boltz	1	26.6	0.89	97.32	0.0	1.54	0	0.0182	1.4126
1HCF	green	boltz	2	23.49	0.89	96.43	0.0	1.6	0	0.0169	1.411
1HCF	green	boltz	3	23.49	1.19	96.43	0.0	1.6	0	0.0184	1.4213
1HCF	green	boltz	4	31.0	0.3	96.13	0.37	1.74	0	0.0184	1.4525
1HCF	green	amber_af	0	3.08	0.3	94.94	0.74	0.95	0	0.0113	1.7134
1HCF	green	amber_af	1	2.89	0.0	95.54	1.48	1.02	0	0.0114	1.7256
1HCF	green	amber_af	2	3.27	1.19	94.94	0.37	0.97	0	0.0113	1.7228
1HCF	green	amber_af	3	2.89	1.79	94.35	0.37	0.96	0	0.0114	1.7387
1HCF	green	amber_af	4	2.31	1.19	95.24	0.37	0.84	0	0.0113	1.7245
1HCF	green	amber_boltz	0	3.27	0.0	95.54	0.74	0.93	0	0.0114	1.7758
1HCF	green	amber_boltz	1	1.92	0.6	96.73	0.37	0.66	0	0.0115	1.7598
1HCF	green	amber_boltz	2	2.69	0.6	95.83	0.0	0.84	0	0.0116	1.7805
1HCF	green	amber_boltz	3	2.5	0.6	95.83	0.37	0.82	0	0.0115	1.788
1HCF	green	amber_boltz	4	3.85	0.6	95.24	0.37	1.0	0	0.0114	1.7691
1HE1	green	crystal	0	2.5	0.0	99.35	1.17	0.59	0	0.0091	1.4486
1HE1	green	af_relaxed	0	0.83	0.0	99.02	0.39	0.26	0	0.0112	1.6887
1HE1	green	af_relaxed	1	0.63	0.0	99.02	0.0	0.21	0	0.0113	1.6733
1HE1	green	af_relaxed	2	0.42	0.0	99.02	0.0	0.15	0	0.0112	1.6774
1HE1	green	af_relaxed	3	0.42	0.0	99.02	0.0	0.15	0	0.0112	1.6677
1HE1	green	af_relaxed	4	0.63	0.0	98.7	0.0	0.21	0	0.0112	1.6784
1HE1	green	af_unrelaxed	0	11.9	0.0	99.02	1.17	1.14	0	0.0171	1.3064
1HE1	green	af_unrelaxed	1	8.35	0.33	98.7	0.39	0.95	0	0.0171	1.3418
1HE1	green	af_unrelaxed	2	10.02	0.0	99.02	0.39	1.02	0	0.022	1.3714
1HE1	green	af_unrelaxed	3	10.02	0.33	99.02	0.0	1.02	0	0.0169	1.3129
1HE1	green	af_unrelaxed	4	9.81	0.33	98.7	0.39	1.01	0	0.0173	1.3366
1HE1	green	boltz	0	6.26	0.0	99.35	0.0	0.84	0	0.0098	1.0856
1HE1	green	boltz	1	6.05	0.0	99.35	0.0	0.83	0	0.01	1.0681
1HE1	green	boltz	2	4.8	0.0	99.02	0.39	0.75	0	0.0098	1.0884
1HE1	green	boltz	3	9.39	0.0	99.35	0.0	1.0	0	0.0101	1.0842
1HE1	green	boltz	4	7.1	0.0	99.02	0.0	0.89	0	0.01	1.0797
1HE1	green	amber_af	0	1.04	0.0	99.02	0.39	0.3	0	0.0113	1.6897
1HE1	green	amber_af	1	0.63	0.0	99.02	0.0	0.21	0	0.0113	1.6809
1HE1	green	amber_af	2	0.63	0.0	99.02	0.0	0.21	0	0.0112	1.677
1HE1	green	amber_af	3	0.63	0.0	99.02	0.0	0.21	0	0.0113	1.6649
1HE1	green	amber_af	4	0.63	0.0	98.7	0.0	0.21	0	0.0112	1.679
1HE1	green	amber_boltz	0	0.21	0.0	99.02	0.0	0.08	0	0.0115	1.6948
1HE1	green	amber_boltz	1	0.42	0.0	98.7	0.0	0.15	0	0.0114	1.7099
1HE1	green	amber_boltz	2	0.42	0.0	98.7	0.39	0.15	0	0.0115	1.691
1HE1	green	amber_boltz	3	1.25	0.0	98.7	0.0	0.35	0	0.0114	1.7117
1HE1	green	amber_boltz	4	0.42	0.0	98.7	0.0	0.15	0	0.0115	1.7015
1HE8	green	crystal	0	24.09	2.35	85.78	6.67	2.64	0	0.0112	1.4851
1HE8	green	af_relaxed	0	5.12	0.44	96.6	1.58	1.14	4	0.0122	1.8566
1HE8	green	af_relaxed	1	5.46	0.22	96.71	2.18	1.26	4	0.0122	1.8837
1HE8	green	af_relaxed	2	1.35	0.55	96.38	1.46	0.73	4	0.0128	1.8875
1HE8	green	af_relaxed	3	3.98	0.33	96.6	3.4	1.31	2	0.012	1.8169
1HE8	green	af_relaxed	4	4.52	0.77	96.82	1.09	0.95	2	0.0122	1.8488
1HE8	green	af_unrelaxed	0	38.82	0.88	96.6	1.33	1.88	0	0.0275	1.8934
1HE8	green	af_unrelaxed	1	40.56	0.66	96.27	4.13	2.31	0	0.0253	1.9342
1HE8	green	af_unrelaxed	2	40.45	1.1	96.71	1.94	2.01	0	0.0277	1.9178
1HE8	green	af_unrelaxed	3	38.01	1.1	96.27	6.19	2.41	0	0.0238	2.0132
1HE8	green	af_unrelaxed	4	42.73	1.21	96.27	0.85	1.86	0	0.0242	2.0029
1HE8	green	boltz	0	32.39	0.22	98.01	1.46	1.62	3	0.0276	1.8835
1HE8	green	boltz	1	30.36	0.44	97.23	1.46	1.73	3	0.0252	1.9601
1HE8	green	boltz	2	32.79	0.33	97.67	1.33	1.67	2	0.0347	1.7771
1HE8	green	boltz	3	33.47	0.33	97.67	1.82	1.78	4	0.0256	1.859
1HE8	green	boltz	4	35.09	0.33	97.78	1.46	1.7	3	0.0342	2.1749
1HE8	green	amber_af	0	0.67	0.55	96.27	1.94	0.69	3	0.013	1.9029
1HE8	green	amber_af	1	4.92	0.11	97.04	1.7	1.1	2	0.0122	1.869
1HE8	green	amber_af	2	1.35	0.44	96.71	1.46	0.7	3	0.0128	1.887
1HE8	green	amber_af	3	3.44	0.22	96.49	3.4	1.27	1	0.0119	1.8141
1HE8	green	amber_af	4	4.79	0.77	96.82	1.09	0.97	4	0.0121	1.8543
1HE8	green	amber_boltz	0	2.36	0.88	94.51	2.55	1.2	12	0.0188	2.3995
1HE8	green	amber_boltz	1	6.47	1.1	93.74	2.55	1.58	10	0.0194	2.4177
1HE8	green	amber_boltz	2	2.29	0.88	95.06	2.31	1.13	11	0.0184	2.3612
1HE8	green	amber_boltz	3	7.42	1.21	94.95	2.91	1.61	16	0.0208	2.5288
1HE8	green	amber_boltz	4	8.77	0.99	94.51	2.55	1.65	14	0.027	2.4753
1HIA	green	crystal	0	10.36	0.37	94.49	6.78	2.04	1	0.0127	1.7783
1HIA	green	af_relaxed	0	0.24	0.0	98.53	0.85	0.09	0	0.0117	1.6854
1HIA	green	af_relaxed	1	0.48	0.0	97.06	0.42	0.33	0	0.0116	1.7149
1HIA	green	af_relaxed	2	0.24	0.0	98.53	0.0	0.09	0	0.0117	1.6996
1HIA	green	af_relaxed	3	0.24	0.0	98.16	0.0	0.09	0	0.0117	1.712
1HIA	green	af_relaxed	4	0.96	0.0	97.79	0.42	0.33	0	0.0116	1.7057
1HIA	green	af_unrelaxed	0	9.64	0.0	97.79	0.42	1.05	0	0.0219	1.5591
1HIA	green	af_unrelaxed	1	9.4	0.0	97.43	0.42	1.11	0	0.0229	1.5951
1HIA	green	af_unrelaxed	2	9.4	0.0	97.79	0.0	1.04	0	0.0202	1.5628
1HIA	green	af_unrelaxed	3	9.64	0.0	97.79	0.0	1.05	0	0.0191	1.5448
1HIA	green	af_unrelaxed	4	12.29	0.0	97.79	1.69	1.32	0	0.0215	1.5446
1HIA	green	boltz	0	9.89	0.0	98.16	0.85	1.02	0	0.0163	1.4264
1HIA	green	boltz	1	11.81	0.0	98.16	1.27	1.17	0	0.016	1.3794
1HIA	green	boltz	2	9.16	0.37	97.79	1.27	1.11	0	0.0153	1.4223
1HIA	green	boltz	3	7.71	0.0	98.53	0.85	0.92	0	0.0156	1.4416
1HIA	green	boltz	4	8.92	0.0	97.43	0.42	1.09	0	0.0161	1.4445
1HIA	green	amber_af	0	0.0	0.0	98.53	0.42	0.0	0	0.0117	1.6957
1HIA	green	amber_af	1	0.24	0.0	97.43	0.42	0.21	0	0.0116	1.7103
1HIA	green	amber_af	2	0.24	0.0	97.79	0.0	0.14	0	0.0117	1.697
1HIA	green	amber_af	3	0.24	0.0	98.16	0.0	0.09	0	0.0116	1.7111
1HIA	green	amber_af	4	0.48	0.0	97.43	0.42	0.28	0	0.0116	1.7182
1HIA	green	amber_boltz	0	0.96	0.0	97.79	0.0	0.33	0	0.0118	1.7614
1HIA	green	amber_boltz	1	1.2	0.0	97.79	0.85	0.38	0	0.0119	1.7621
1HIA	green	amber_boltz	2	0.48	0.0	98.16	0.85	0.17	0	0.0121	1.757
1HIA	green	amber_boltz	3	0.72	0.0	97.79	0.42	0.28	0	0.0121	1.7672
1HIA	green	amber_boltz	4	0.48	0.74	97.43	0.42	0.28	1	0.0119	1.7927
1I2M	green	crystal	0	5.78	1.65	95.23	1.31	1.24	0	0.0073	1.4772
1I2M	green	af_relaxed	0	0.94	0.18	97.45	0.0	0.39	0	0.0118	1.7065
1I2M	green	af_relaxed	1	2.24	0.0	97.63	0.44	0.58	0	0.0119	1.7275
1I2M	green	af_relaxed	2	0.83	0.0	97.81	0.44	0.3	0	0.0117	1.6917
1I2M	green	af_relaxed	3	1.18	0.0	97.81	0.0	0.37	0	0.0119	1.6961
1I2M	green	af_relaxed	4	0.94	0.0	97.81	0.0	0.33	0	0.0119	1.6962
1I2M	green	af_unrelaxed	0	14.63	0.18	97.63	1.31	1.34	0	0.0173	1.4793
1I2M	green	af_unrelaxed	1	20.9	0.18	97.63	0.65	1.39	0	0.0166	1.5019
1I2M	green	af_unrelaxed	2	16.53	0.0	98.18	0.22	1.22	0	0.0214	1.4994
1I2M	green	af_unrelaxed	3	16.88	0.0	98.18	0.44	1.23	0	0.0154	1.5468
1I2M	green	af_unrelaxed	4	17.71	0.0	98.36	0.22	1.25	0	0.0161	1.449
1I2M	green	boltz	0	13.22	0.0	98.54	0.22	1.13	0	0.0109	1.1421
1I2M	green	boltz	1	20.78	0.0	98.54	0.0	1.31	0	0.011	1.0929
1I2M	green	boltz	2	17.94	0.0	98.54	0.22	1.25	0	0.0107	1.109
1I2M	green	boltz	3	14.16	0.0	98.36	0.0	1.16	0	0.0108	1.0853
1I2M	green	boltz	4	14.99	0.0	98.36	0.22	1.18	0	0.0106	1.1062
1I2M	green	amber_af	0	0.94	0.18	97.09	0.0	0.45	0	0.0118	1.7112
1I2M	green	amber_af	1	2.6	0.0	97.63	0.65	0.62	0	0.012	1.7296
1I2M	green	amber_af	2	0.83	0.0	97.63	0.22	0.33	0	0.0117	1.6952
1I2M	green	amber_af	3	1.06	0.0	98.0	0.0	0.31	0	0.0119	1.695
1I2M	green	amber_af	4	1.06	0.0	97.81	0.0	0.35	0	0.0119	1.6945
1I2M	green	amber_boltz	0	1.42	0.0	97.81	0.0	0.42	0	0.012	1.7208
1I2M	green	amber_boltz	1	2.01	0.0	98.0	0.0	0.47	0	0.0119	1.7599
1I2M	green	amber_boltz	2	1.77	0.0	98.18	0.0	0.43	0	0.012	1.773
1I2M	green	amber_boltz	3	0.94	0.0	97.45	0.0	0.39	0	0.0119	1.7372
1I2M	green	amber_boltz	4	1.3	0.0	97.81	0.0	0.4	0	0.012	1.7369
1I4D	green	crystal	0	26.93	2.23	88.1	5.29	2.56	0	0.0096	1.5041
1I4D	green	af_relaxed	0	6.59	0.18	97.97	1.47	1.0	2	0.0119	1.7684
1I4D	green	af_relaxed	1	1.71	0.18	98.34	1.47	0.55	0	0.0118	1.7006
1I4D	green	af_relaxed	2	2.05	0.18	98.15	2.31	0.75	0	0.0116	1.6976
1I4D	green	af_relaxed	3	2.61	0.18	98.34	1.26	0.62	0	0.0118	1.6955
1I4D	green	af_relaxed	4	2.27	0.18	98.34	1.47	0.63	0	0.0117	1.7012
1I4D	green	af_unrelaxed	0	25.27	0.55	98.15	1.47	1.52	0	0.0213	1.566
1I4D	green	af_unrelaxed	1	19.45	0.74	98.15	2.52	1.59	0	0.0185	1.5801
1I4D	green	af_unrelaxed	2	19.57	0.37	98.15	3.36	1.69	0	0.0232	1.4834
1I4D	green	af_unrelaxed	3	20.71	0.37	98.34	1.89	1.52	0	0.0186	1.5979
1I4D	green	af_unrelaxed	4	21.61	0.55	98.15	2.73	1.66	0	0.0204	1.5767
1I4D	green	boltz	0	17.63	0.0	98.89	0.42	1.25	0	0.0138	1.0512
1I4D	green	boltz	1	17.4	0.18	98.52	0.42	1.24	0	0.0131	1.0721
1I4D	green	boltz	2	21.72	0.0	98.71	0.42	1.33	0	0.0132	1.0821
1I4D	green	boltz	3	20.14	0.0	98.71	0.63	1.3	0	0.0133	1.0971
1I4D	green	boltz	4	19.91	0.0	98.15	0.21	1.3	0	0.0136	1.0711
1I4D	green	amber_af	0	6.71	0.18	97.6	1.47	1.08	2	0.0119	1.8137
1I4D	green	amber_af	1	1.93	0.18	98.52	1.68	0.63	0	0.0117	1.7017
1I4D	green	amber_af	2	2.16	0.18	98.15	2.31	0.77	0	0.0117	1.7024
1I4D	green	amber_af	3	2.61	0.18	98.34	1.26	0.62	0	0.0118	1.6966
1I4D	green	amber_af	4	2.61	0.18	98.15	1.26	0.62	0	0.0117	1.7127
1I4D	green	amber_boltz	0	2.16	0.0	99.08	0.42	0.49	0	0.0117	1.7211
1I4D	green	amber_boltz	1	2.5	0.18	98.15	0.21	0.53	1	0.0115	1.7546
1I4D	green	amber_boltz	2	1.82	0.0	98.34	0.0	0.44	0	0.0117	1.7358
1I4D	green	amber_boltz	3	1.93	0.0	98.71	0.42	0.46	0	0.0117	1.9737
1I4D	green	amber_boltz	4	1.93	0.0	97.97	0.84	0.47	3	0.0115	1.7793
1IB1	green	crystal	0	10.6	0.75	95.49	9.57	2.1	1	0.0097	1.6345
1IB1	green	af_relaxed	0	3.58	0.25	97.76	0.87	0.7	0	0.0117	1.7375
1IB1	green	af_relaxed	1	4.99	0.25	97.51	0.58	0.86	3	0.0118	1.7867
1IB1	green	af_relaxed	2	4.21	0.75	97.51	0.29	0.8	1	0.0118	1.7653
1IB1	green	af_relaxed	3	3.89	0.25	97.51	0.58	0.78	1	0.0118	1.797
1IB1	green	af_relaxed	4	3.74	0.75	95.76	1.16	1.01	5	0.0123	1.8746
1IB1	green	af_unrelaxed	0	25.28	1.5	96.51	1.74	1.8	0	0.0234	1.6694
1IB1	green	af_unrelaxed	1	37.89	1.25	97.01	1.16	1.78	0	0.0218	1.9782
1IB1	green	af_unrelaxed	2	27.43	1.25	97.51	0.87	1.53	0	0.019	1.7752
1IB1	green	af_unrelaxed	3	19.04	1.75	97.26	0.87	1.42	0	0.0233	1.764
1IB1	green	af_unrelaxed	4	39.71	1.75	97.51	0.58	1.68	0	0.0322	3.278
1IB1	green	boltz	0	17.45	0.0	98.75	0.87	1.24	0	0.0107	1.0081
1IB1	green	boltz	1	17.0	0.0	99.0	0.29	1.23	0	0.01	1.0071
1IB1	green	boltz	2	18.24	0.0	99.25	0.0	1.26	0	0.011	1.0183
1IB1	green	boltz	3	13.4	0.0	99.0	0.0	1.14	0	0.0102	1.0151
1IB1	green	boltz	4	16.83	0.0	99.0	0.29	1.23	0	0.0108	1.0081
1IB1	green	amber_af	0	3.74	0.25	97.76	0.87	0.72	0	0.0117	1.7352
1IB1	green	amber_af	1	4.83	0.0	97.76	1.16	0.85	2	0.0118	1.7743
1IB1	green	amber_af	2	4.36	0.75	97.76	0.29	0.77	1	0.0117	1.7739
1IB1	green	amber_af	3	3.89	0.25	97.26	0.58	0.82	1	0.0118	1.8034
1IB1	green	amber_af	4	0.93	0.75	96.01	2.03	0.79	3	0.0129	1.9435
1IB1	green	amber_boltz	0	1.56	0.0	98.0	1.16	0.45	0	0.012	1.7262
1IB1	green	amber_boltz	1	1.4	0.25	98.75	0.29	0.37	0	0.0119	1.7347
1IB1	green	amber_boltz	2	2.49	0.25	98.75	0.29	0.53	0	0.0117	1.7441
1IB1	green	amber_boltz	3	2.34	0.0	98.0	0.29	0.51	0	0.0118	1.7124
1IB1	green	amber_boltz	4	1.71	0.0	99.0	0.0	0.43	0	0.0118	1.7043
1IBR	green	crystal	0	19.38	2.09	91.8	7.73	2.45	0	0.009	1.555
1IBR	green	af_relaxed	0	0.91	0.16	98.07	0.74	0.28	0	0.0118	1.7352
1IBR	green	af_relaxed	1	1.01	0.0	98.07	0.0	0.3	0	0.0118	1.7307
1IBR	green	af_relaxed	2	1.11	0.0	98.39	0.37	0.32	0	0.0118	1.7243
1IBR	green	af_relaxed	3	0.91	0.0	98.07	0.0	0.28	0	0.0119	1.7294
1IBR	green	af_relaxed	4	1.21	0.0	98.23	0.0	0.34	1	0.0118	1.7322
1IBR	green	af_unrelaxed	0	17.88	0.64	97.75	0.37	1.31	0	0.017	1.4359
1IBR	green	af_unrelaxed	1	20.4	0.48	97.43	0.0	1.42	0	0.0169	1.3945
1IBR	green	af_unrelaxed	2	18.98	0.32	97.59	0.37	1.36	0	0.0184	1.3805
1IBR	green	af_unrelaxed	3	21.61	0.32	97.75	0.0	1.38	0	0.0165	1.4481
1IBR	green	af_unrelaxed	4	18.17	0.32	97.59	0.0	1.34	0	0.0214	1.3999
1IBR	green	boltz	0	18.78	0.0	98.71	0.0	1.27	0	0.0107	1.0678
1IBR	green	boltz	1	19.69	0.16	98.71	0.37	1.29	0	0.0109	1.0796
1IBR	green	boltz	2	16.56	0.0	98.39	0.0	1.22	0	0.0106	1.0584
1IBR	green	boltz	3	20.6	0.0	98.55	0.18	1.31	0	0.0118	1.0798
1IBR	green	boltz	4	18.68	0.16	98.39	0.37	1.27	0	0.0105	1.0687
1IBR	green	amber_af	0	1.21	0.16	97.75	0.74	0.39	0	0.0118	1.737
1IBR	green	amber_af	1	1.11	0.0	98.23	0.18	0.32	0	0.0118	1.7302
1IBR	green	amber_af	2	1.01	0.0	98.39	0.37	0.3	0	0.0118	1.7262
1IBR	green	amber_af	3	0.81	0.0	98.07	0.18	0.25	0	0.0118	1.7291
1IBR	green	amber_af	4	1.01	0.0	98.23	0.0	0.3	1	0.0118	1.7329
1IBR	green	amber_boltz	0	1.51	0.0	98.23	0.37	0.39	0	0.0118	1.7516
1IBR	green	amber_boltz	1	1.72	0.16	98.23	0.55	0.43	0	0.0117	1.7671
1IBR	green	amber_boltz	2	2.02	0.0	98.23	0.37	0.47	0	0.0118	1.7376
1IBR	green	amber_boltz	3	2.32	0.0	98.23	0.55	0.51	0	0.0115	1.7766
1IBR	green	amber_boltz	4	2.12	0.0	98.23	0.55	0.48	0	0.0118	1.7719
1IJK	green	crystal	0	26.74	3.39	89.62	4.0	2.43	0	0.009	1.4935
1IJK	green	af_relaxed	0	3.31	0.67	95.28	0.74	0.95	1	0.0119	1.7355
1IJK	green	af_relaxed	1	4.27	0.0	96.4	0.74	0.95	0	0.0118	1.7486
1IJK	green	af_relaxed	2	6.2	0.22	95.73	1.23	1.21	1	0.012	1.81
1IJK	green	af_relaxed	3	15.43	0.67	94.83	1.23	1.62	3	0.012	1.9163
1IJK	green	af_relaxed	4	6.61	1.57	94.38	1.23	1.32	0	0.0119	1.7838
1IJK	green	af_unrelaxed	0	30.6	1.35	95.51	0.74	1.78	0	0.0276	1.694
1IJK	green	af_unrelaxed	1	25.94	0.22	97.53	0.74	1.5	0	0.0268	1.7108
1IJK	green	af_unrelaxed	2	45.56	1.8	94.83	1.98	2.22	0	0.0329	1.8712
1IJK	green	af_unrelaxed	3	48.97	0.22	96.85	3.46	2.27	0	0.0315	1.8583
1IJK	green	af_unrelaxed	4	46.63	2.7	95.06	1.73	2.17	0	0.0276	2.0163
1IJK	green	boltz	0	17.93	0.0	97.98	0.49	1.26	0	0.0154	1.1366
1IJK	green	boltz	1	22.19	0.0	98.2	0.0	1.34	0	0.0154	1.1238
1IJK	green	boltz	2	15.86	0.0	98.65	0.0	1.2	0	0.0137	1.1119
1IJK	green	boltz	3	18.75	0.0	98.65	0.0	1.27	0	0.0128	1.1235
1IJK	green	boltz	4	21.78	0.0	97.53	0.25	1.43	0	0.013	1.118
1IJK	green	amber_af	0	4.82	0.45	93.48	1.23	1.25	2	0.0312	1.9135
1IJK	green	amber_af	1	4.68	0.0	96.63	0.49	0.96	0	0.0118	1.7503
1IJK	green	amber_af	2	6.34	0.22	95.73	1.23	1.21	1	0.012	1.8149
1IJK	green	amber_af	3	13.92	0.45	95.28	1.98	1.7	3	0.0121	1.9103
1IJK	green	amber_af	4	6.89	1.8	94.38	1.73	1.44	0	0.0118	1.7944
1IJK	green	amber_boltz	0	1.1	0.0	96.63	0.74	0.53	1	0.0121	1.7897
1IJK	green	amber_boltz	1	1.65	0.22	96.18	0.25	0.67	0	0.012	1.7962
1IJK	green	amber_boltz	2	1.79	0.0	97.08	0.25	0.6	0	0.012	1.7762
1IJK	green	amber_boltz	3	1.52	0.0	96.85	0.0	0.58	0	0.0121	1.7805
1IJK	green	amber_boltz	4	2.34	0.0	97.53	0.25	0.61	0	0.012	1.7802
1IRA	green	crystal	0	5.99	0.88	92.04	1.49	1.44	0	0.007	1.3126
1IRA	green	af_relaxed	0	1.38	0.0	96.46	0.24	0.6	0	0.0118	1.7337
1IRA	green	af_relaxed	1	2.35	0.66	96.68	0.24	0.72	1	0.0118	1.7505
1IRA	green	af_relaxed	2	1.52	0.88	96.46	0.49	0.63	0	0.0117	1.7458
1IRA	green	af_relaxed	3	1.66	0.44	96.9	0.0	0.6	0	0.0118	1.7553
1IRA	green	af_relaxed	4	1.66	0.88	96.24	1.22	0.74	1	0.0118	1.825
1IRA	green	af_unrelaxed	0	24.16	0.66	96.9	0.49	1.56	0	0.0213	1.7358
1IRA	green	af_unrelaxed	1	24.85	0.66	96.68	0.98	1.6	0	0.0207	1.6842
1IRA	green	af_unrelaxed	2	20.16	0.88	95.8	1.22	1.66	0	0.0226	1.7795
1IRA	green	af_unrelaxed	3	23.74	1.11	95.58	0.24	1.67	0	0.02	1.8565
1IRA	green	af_unrelaxed	4	26.65	1.55	96.24	1.71	1.84	0	0.0222	1.8451
1IRA	green	boltz	0	12.83	0.0	98.01	0.49	1.12	0	0.0149	1.2622
1IRA	green	boltz	1	11.31	0.0	98.23	0.49	1.07	0	0.0162	1.2406
1IRA	green	boltz	2	15.31	0.0	98.01	0.0	1.19	0	0.0165	1.2607
1IRA	green	boltz	3	12.97	0.0	98.23	0.98	1.12	0	0.0145	1.2538
1IRA	green	boltz	4	13.24	0.0	97.12	0.24	1.29	0	0.017	1.2606
1IRA	green	amber_af	0	1.24	0.0	96.46	0.49	0.58	0	0.0118	1.738
1IRA	green	amber_af	1	1.93	0.44	96.9	0.24	0.64	0	0.0118	1.7374
1IRA	green	amber_af	2	1.52	0.88	96.46	0.49	0.63	0	0.0118	1.7393
1IRA	green	amber_af	3	1.79	0.66	96.68	0.24	0.65	1	0.0117	1.7656
1IRA	green	amber_af	4	1.66	0.88	96.46	1.46	0.77	1	0.0118	1.8132
1IRA	green	amber_boltz	0	1.79	0.22	97.79	0.0	0.49	0	0.0119	1.7003
1IRA	green	amber_boltz	1	1.79	0.0	97.12	0.0	0.59	0	0.0118	1.7003
1IRA	green	amber_boltz	2	0.97	0.0	97.79	0.0	0.34	0	0.0119	1.7144
1IRA	green	amber_boltz	3	1.24	0.22	97.57	0.98	0.43	0	0.012	1.739
1IRA	green	amber_boltz	4	2.48	0.22	97.35	0.0	0.66	0	0.0117	1.6862
1J2J	green	crystal	0	2.7	0.0	98.51	1.11	0.59	0	0.0129	1.6037
1J2J	green	af_relaxed	0	3.3	0.0	98.02	0.0	0.62	0	0.0114	1.6647
1J2J	green	af_relaxed	1	2.7	0.0	98.02	0.0	0.56	0	0.0114	1.6582
1J2J	green	af_relaxed	2	4.19	0.0	99.5	0.0	0.7	0	0.0114	1.6655
1J2J	green	af_relaxed	3	4.19	0.0	98.02	0.0	0.7	0	0.0115	1.6596
1J2J	green	af_relaxed	4	2.7	0.0	98.02	0.0	0.56	0	0.0115	1.6509
1J2J	green	af_unrelaxed	0	21.59	0.0	99.01	0.0	1.33	0	0.0187	1.7205
1J2J	green	af_unrelaxed	1	23.68	0.0	99.01	0.0	1.37	0	0.0242	1.6374
1J2J	green	af_unrelaxed	2	17.99	0.0	98.51	0.0	1.25	0	0.0183	1.5115
1J2J	green	af_unrelaxed	3	20.98	0.0	98.51	0.0	1.32	0	0.0165	1.469
1J2J	green	af_unrelaxed	4	17.39	0.0	99.01	0.0	1.24	0	0.0169	1.4398
1J2J	green	boltz	0	28.48	0.0	99.5	0.56	1.44	0	0.0113	1.0192
1J2J	green	boltz	1	22.2	0.0	100.0	0.0	1.34	0	0.0127	1.1338
1J2J	green	boltz	2	22.78	0.0	100.0	0.56	1.35	0	0.0112	1.0457
1J2J	green	boltz	3	16.79	0.0	99.5	0.0	1.23	0	0.0109	1.0521
1J2J	green	boltz	4	30.89	0.0	98.51	0.0	1.47	0	0.0122	1.0531
1J2J	green	amber_af	0	3.59	0.0	98.51	0.0	0.65	0	0.0114	1.664
1J2J	green	amber_af	1	2.7	0.0	98.02	0.0	0.56	0	0.0114	1.6566
1J2J	green	amber_af	2	3.89	0.0	99.01	0.0	0.68	0	0.0114	1.6546
1J2J	green	amber_af	3	4.49	0.0	98.51	0.0	0.73	0	0.0115	1.6586
1J2J	green	amber_af	4	2.4	0.0	98.02	0.0	0.52	0	0.0115	1.6519
1J2J	green	amber_boltz	0	5.69	0.0	99.5	0.0	0.81	0	0.0115	1.7161
1J2J	green	amber_boltz	1	2.7	0.0	98.51	0.56	0.56	1	0.0112	1.7015
1J2J	green	amber_boltz	2	2.1	0.0	99.01	0.0	0.48	0	0.0113	1.6663
1J2J	green	amber_boltz	3	2.4	0.0	99.01	0.56	0.52	1	0.0115	1.6746
1J2J	green	amber_boltz	4	4.19	0.0	97.52	0.56	0.8	0	0.0115	1.7517
1JIW	green	crystal	0	5.4	0.18	97.89	0.91	0.82	0	0.0063	1.4382
1JIW	green	af_relaxed	0	0.84	0.18	97.37	0.23	0.38	1	0.0112	1.6678
1JIW	green	af_relaxed	1	1.2	0.18	97.72	1.14	0.44	2	0.0112	1.6809
1JIW	green	af_relaxed	2	0.6	0.18	96.84	0.91	0.39	1	0.0113	1.6851
1JIW	green	af_relaxed	3	0.96	0.18	97.19	0.0	0.43	1	0.0111	1.6642
1JIW	green	af_relaxed	4	0.72	0.18	97.19	0.23	0.38	0	0.0112	1.681
1JIW	green	af_unrelaxed	0	13.07	0.18	98.25	0.46	1.13	0	0.0159	1.4118
1JIW	green	af_unrelaxed	1	14.64	0.18	98.77	1.37	1.28	0	0.017	1.5039
1JIW	green	af_unrelaxed	2	14.28	0.18	98.42	0.68	1.16	0	0.0166	1.4716
1JIW	green	af_unrelaxed	3	13.44	0.18	98.6	0.0	1.14	0	0.0197	1.4381
1JIW	green	af_unrelaxed	4	14.64	0.18	98.77	0.0	1.17	0	0.0157	1.5686
1JIW	green	boltz	0	6.48	0.0	98.77	0.0	0.86	0	0.0105	1.1221
1JIW	green	boltz	1	7.08	0.0	98.6	0.0	0.89	0	0.0115	1.1248
1JIW	green	boltz	2	7.44	0.0	98.42	0.0	0.91	0	0.0102	1.1328
1JIW	green	boltz	3	5.52	0.0	98.6	0.0	0.8	0	0.0106	1.1319
1JIW	green	boltz	4	5.64	0.0	99.12	0.23	0.81	0	0.0107	1.1466
1JIW	green	amber_af	0	0.84	0.18	97.37	0.46	0.38	1	0.0112	1.6657
1JIW	green	amber_af	1	1.32	0.18	97.54	1.37	0.56	2	0.0112	1.6842
1JIW	green	amber_af	2	0.72	0.18	97.02	0.91	0.4	1	0.0112	1.6825
1JIW	green	amber_af	3	0.96	0.18	97.37	0.23	0.41	1	0.0111	1.6613
1JIW	green	amber_af	4	0.72	0.18	97.19	0.23	0.38	0	0.0112	1.6787
1JIW	green	amber_boltz	0	0.12	0.0	97.37	0.0	0.17	0	0.0114	1.6976
1JIW	green	amber_boltz	1	0.6	0.0	97.37	0.23	0.32	0	0.0112	1.7086
1JIW	green	amber_boltz	2	0.12	0.0	97.54	0.0	0.14	0	0.0116	1.7078
1JIW	green	amber_boltz	3	0.36	0.0	97.37	0.0	0.25	1	0.0114	1.7121
1JIW	green	amber_boltz	4	0.36	0.0	97.89	0.23	0.16	0	0.0115	1.7037
1JK9	green	crystal	0	22.28	1.02	89.77	8.62	2.61	0	0.0096	1.6415
1JK9	green	af_relaxed	0	1.36	0.0	98.72	0.62	0.37	0	0.0114	1.683
1JK9	green	af_relaxed	1	2.38	0.26	97.95	0.31	0.53	0	0.0113	1.696
1JK9	green	af_relaxed	2	2.21	0.0	97.95	0.31	0.51	0	0.0113	1.7064
1JK9	green	af_relaxed	3	2.04	0.0	97.44	0.62	0.58	0	0.0113	1.6839
1JK9	green	af_relaxed	4	2.55	0.0	98.21	0.31	0.54	0	0.0115	1.7073
1JK9	green	af_unrelaxed	0	19.05	0.26	99.49	0.62	1.28	0	0.0293	2.0617
1JK9	green	af_unrelaxed	1	23.5	0.51	98.47	0.92	1.36	0	0.0252	1.6331
1JK9	green	af_unrelaxed	2	28.41	0.26	98.21	0.62	1.44	0	0.0266	1.6782
1JK9	green	af_unrelaxed	3	20.25	1.53	95.91	0.62	1.58	0	0.0177	1.7172
1JK9	green	af_unrelaxed	4	24.69	0.51	98.72	0.62	1.38	0	0.0223	1.7352
1JK9	green	boltz	0	17.01	0.0	99.23	0.0	1.23	0	0.0212	1.5058
1JK9	green	boltz	1	13.44	0.0	99.49	0.0	1.14	0	0.0209	1.4831
1JK9	green	boltz	2	13.44	0.0	99.74	0.31	1.14	0	0.0221	1.4778
1JK9	green	boltz	3	10.03	0.0	99.74	0.0	1.02	0	0.02	1.4791
1JK9	green	boltz	4	14.46	0.0	99.49	0.0	1.17	0	0.0211	1.5691
1JK9	green	amber_af	0	1.02	0.0	98.98	0.62	0.3	0	0.0114	1.6812
1JK9	green	amber_af	1	2.21	0.26	97.95	0.62	0.51	0	0.0113	1.7008
1JK9	green	amber_af	2	2.38	0.0	98.21	0.31	0.52	0	0.0114	1.6986
1JK9	green	amber_af	3	1.7	0.0	97.44	0.62	0.53	0	0.0114	1.6835
1JK9	green	amber_af	4	2.55	0.0	98.21	0.62	0.54	0	0.0114	1.7078
1JK9	green	amber_boltz	0	1.53	0.0	98.47	0.0	0.4	0	0.0119	1.7271
1JK9	green	amber_boltz	1	1.19	0.0	98.98	0.0	0.33	0	0.0116	1.7295
1JK9	green	amber_boltz	2	1.02	0.0	98.72	0.31	0.3	0	0.0117	1.7444
1JK9	green	amber_boltz	3	0.85	0.0	99.23	0.0	0.26	0	0.0118	1.7419
1JK9	green	amber_boltz	4	0.68	0.0	98.98	0.0	0.22	0	0.0118	2.0759
1JMO	green	crystal	0	14.3	0.99	95.34	5.3	2.04	0	0.0082	1.5322
1JMO	green	af_relaxed	0	2.4	0.98	96.08	1.25	0.86	1	0.0118	1.7508
1JMO	green	af_relaxed	1	2.32	0.28	96.64	1.4	0.84	0	0.0118	1.7291
1JMO	green	af_relaxed	2	2.49	1.4	95.24	1.56	1.01	2	0.0118	1.7537
1JMO	green	af_relaxed	3	3.69	0.56	96.78	2.5	1.16	1	0.0118	1.7671
1JMO	green	af_relaxed	4	3.26	0.14	96.78	1.87	1.02	0	0.0119	1.7646
1JMO	green	af_unrelaxed	0	29.14	1.96	95.66	2.34	2.03	0	0.024	2.2512
1JMO	green	af_unrelaxed	1	29.49	1.82	95.52	1.87	1.97	0	0.0218	2.2626
1JMO	green	af_unrelaxed	2	25.97	2.8	94.54	1.72	1.96	0	0.0212	2.494
1JMO	green	af_unrelaxed	3	34.73	1.82	96.22	4.99	2.31	0	0.0232	2.0773
1JMO	green	af_unrelaxed	4	30.62	0.98	96.22	1.87	1.93	0	0.0217	2.263
1JMO	green	boltz	0	17.78	0.14	98.18	0.16	1.25	0	0.0123	1.1321
1JMO	green	boltz	1	17.36	0.0	98.46	0.16	1.24	0	0.0126	1.1849
1JMO	green	boltz	2	17.78	0.28	97.9	0.16	1.27	0	0.0124	1.1503
1JMO	green	boltz	3	17.44	0.14	98.46	0.16	1.24	0	0.0138	1.1568
1JMO	green	boltz	4	19.17	0.14	98.18	0.62	1.28	0	0.0128	1.1444
1JMO	green	amber_af	0	2.58	0.84	95.94	1.72	1.0	1	0.0118	1.7492
1JMO	green	amber_af	1	2.58	0.14	96.5	1.56	0.92	0	0.0118	1.7254
1JMO	green	amber_af	2	0.86	0.84	93.84	1.09	0.7	1	0.0128	1.8862
1JMO	green	amber_af	3	4.21	0.56	96.78	2.34	1.18	1	0.0118	1.765
1JMO	green	amber_af	4	3.43	0.14	96.92	1.56	0.96	1	0.0119	1.7607
1JMO	green	amber_boltz	0	1.63	0.0	97.48	0.47	0.52	0	0.0118	1.7218
1JMO	green	amber_boltz	1	0.86	0.0	95.38	0.78	0.59	2	0.0129	2.0406
1JMO	green	amber_boltz	2	3.52	0.28	97.9	0.31	0.67	2	0.0119	1.786
1JMO	green	amber_boltz	3	0.52	0.56	95.66	0.31	0.48	1	0.0126	1.8428
1JMO	green	amber_boltz	4	2.58	0.14	98.04	0.94	0.54	1	0.012	1.7959
1JPS	green	crystal	0	6.89	0.0	96.59	2.19	1.36	0	0.0116	1.6854
1JPS	green	af_relaxed	0	3.03	0.48	97.1	1.82	0.95	2	0.0112	1.7421
1JPS	green	af_relaxed	1	3.13	0.0	97.42	0.91	0.72	2	0.0114	1.7285
1JPS	green	af_relaxed	2	3.03	0.65	97.26	1.28	0.81	2	0.0114	1.7516
1JPS	green	af_relaxed	3	3.13	0.0	97.58	0.91	0.69	2	0.0113	1.7244
1JPS	green	af_relaxed	4	4.7	0.16	96.45	1.28	1.06	3	0.0114	1.8138
1JPS	green	af_unrelaxed	0	26.96	0.48	97.1	2.73	1.91	0	0.0226	1.7919
1JPS	green	af_unrelaxed	1	28.41	0.16	97.26	1.09	1.61	0	0.0192	1.7292
1JPS	green	af_unrelaxed	2	29.57	0.32	97.42	1.82	1.77	0	0.0225	1.6983
1JPS	green	af_unrelaxed	3	30.6	0.32	97.74	0.73	1.53	0	0.0205	1.7069
1JPS	green	af_unrelaxed	4	29.38	0.32	97.26	0.91	1.59	0	0.0188	1.8292
1JPS	green	boltz	0	8.88	0.16	98.71	0.0	0.98	0	0.0108	1.1744
1JPS	green	boltz	1	10.86	0.16	98.55	0.0	1.05	0	0.0112	1.1587
1JPS	green	boltz	2	9.09	0.0	98.71	0.18	0.98	0	0.0127	1.1523
1JPS	green	boltz	3	8.56	0.0	98.39	0.0	0.96	0	0.0111	1.1548
1JPS	green	boltz	4	12.32	0.16	98.71	0.18	1.1	0	0.0115	1.1444
1JPS	green	amber_af	0	3.55	0.48	97.1	2.19	1.06	2	0.0113	1.7539
1JPS	green	amber_af	1	3.55	0.32	97.58	0.91	0.73	2	0.0114	1.7285
1JPS	green	amber_af	2	3.24	0.65	97.1	1.09	0.81	2	0.0113	1.7463
1JPS	green	amber_af	3	3.13	0.0	97.58	0.91	0.69	1	0.0113	1.7114
1JPS	green	amber_af	4	4.8	0.16	96.45	1.46	1.11	3	0.0114	1.8195
1JPS	green	amber_boltz	0	0.63	0.16	98.23	0.18	0.21	0	0.0116	1.6862
1JPS	green	amber_boltz	1	0.73	0.0	97.74	0.36	0.29	0	0.0114	1.695
1JPS	green	amber_boltz	2	0.31	0.16	98.71	0.55	0.12	0	0.0114	1.6784
1JPS	green	amber_boltz	3	0.73	0.0	98.39	0.36	0.23	0	0.0115	1.6762
1JPS	green	amber_boltz	4	1.04	0.0	98.23	0.55	0.3	0	0.0114	1.6908
1JTD	green	crystal	0	6.38	0.0	98.31	2.0	1.08	0	0.0093	1.5138
1JTD	green	af_relaxed	0	5.1	0.19	98.12	0.0	0.77	0	0.0111	1.799
1JTD	green	af_relaxed	1	5.99	0.56	95.1	0.75	1.17	3	0.0286	2.1384
1JTD	green	af_relaxed	2	15.94	0.38	96.61	1.0	1.42	6	0.0118	2.0358
1JTD	green	af_relaxed	3	2.55	0.75	95.29	2.74	1.2	4	0.0134	2.2032
1JTD	green	af_relaxed	4	6.25	0.0	95.86	1.5	1.26	3	0.0293	2.0085
1JTD	green	af_unrelaxed	0	28.88	0.38	98.31	0.5	1.45	0	0.0192	1.5726
1JTD	green	af_unrelaxed	1	39.11	0.38	98.49	1.0	1.57	0	0.0271	1.5245
1JTD	green	af_unrelaxed	2	32.97	0.19	98.31	0.75	1.5	0	0.0303	1.5412
1JTD	green	af_unrelaxed	3	50.08	0.19	98.31	4.24	2.15	0	0.0251	2.6823
1JTD	green	af_unrelaxed	4	33.48	0.19	98.12	0.5	1.51	0	0.0263	1.542
1JTD	green	boltz	0	16.46	0.19	98.49	0.25	1.22	0	0.0106	1.1575
1JTD	green	boltz	1	15.96	0.19	98.31	0.0	1.21	0	0.0107	1.1511
1JTD	green	boltz	2	18.89	0.19	98.68	0.25	1.27	0	0.0134	1.1668
1JTD	green	boltz	3	14.81	0.19	98.87	0.5	1.18	0	0.0107	1.1326
1JTD	green	boltz	4	17.1	0.0	98.31	0.25	1.23	0	0.0112	1.1444
1JTD	green	amber_af	0	5.48	0.19	98.31	0.0	0.8	0	0.0111	1.7985
1JTD	green	amber_af	1	6.51	0.38	95.86	1.0	1.14	4	0.0287	2.1331
1JTD	green	amber_af	2	4.46	0.56	94.16	1.25	1.19	4	0.0124	2.1377
1JTD	green	amber_af	3	3.32	0.38	95.86	2.74	1.24	4	0.0135	2.275
1JTD	green	amber_af	4	6.89	0.0	96.99	1.25	1.13	1	0.0113	1.8503
1JTD	green	amber_boltz	0	1.53	0.0	97.74	0.5	0.45	0	0.0114	1.7613
1JTD	green	amber_boltz	1	1.15	0.0	97.55	0.25	0.42	0	0.0113	1.7767
1JTD	green	amber_boltz	2	2.68	0.0	97.93	0.0	0.57	1	0.0115	1.7652
1JTD	green	amber_boltz	3	1.66	0.0	97.93	0.75	0.43	0	0.0114	1.7478
1JTD	green	amber_boltz	4	2.04	0.0	97.93	0.0	0.49	0	0.0114	1.7805
1JTG	green	crystal	0	4.96	0.0	97.86	2.33	1.07	0	0.0114	1.6166
1JTG	green	af_relaxed	0	1.39	0.24	97.16	0.29	0.52	0	0.0115	1.75
1JTG	green	af_relaxed	1	1.39	0.24	97.16	0.87	0.52	0	0.0115	1.7394
1JTG	green	af_relaxed	2	1.86	0.24	97.16	0.29	0.6	0	0.0114	1.7494
1JTG	green	af_relaxed	3	1.7	0.47	97.16	0.58	0.58	1	0.0112	1.7615
1JTG	green	af_relaxed	4	1.08	0.0	97.39	0.0	0.43	0	0.0114	1.7297
1JTG	green	af_unrelaxed	0	20.44	0.0	97.39	0.29	1.42	0	0.0177	1.4946
1JTG	green	af_unrelaxed	1	21.38	0.0	97.63	2.92	1.76	0	0.0186	1.4162
1JTG	green	af_unrelaxed	2	22.17	0.24	97.63	0.58	1.42	0	0.019	1.5159
1JTG	green	af_unrelaxed	3	18.58	0.0	97.87	0.29	1.3	0	0.0236	1.4464
1JTG	green	af_unrelaxed	4	19.2	0.0	97.39	0.0	1.4	0	0.0165	1.4509
1JTG	green	boltz	0	15.49	0.0	98.34	0.0	1.19	0	0.0144	1.1578
1JTG	green	boltz	1	12.54	0.24	98.34	0.0	1.11	0	0.0146	1.2045
1JTG	green	boltz	2	14.87	0.24	97.63	0.29	1.26	0	0.0145	1.1966
1JTG	green	boltz	3	16.11	0.0	98.34	0.58	1.21	0	0.0138	1.1884
1JTG	green	boltz	4	15.34	0.24	97.87	0.29	1.22	0	0.0153	1.4666
1JTG	green	amber_af	0	1.39	0.24	97.39	0.29	0.49	0	0.0115	1.7495
1JTG	green	amber_af	1	1.55	0.24	97.39	1.17	0.57	0	0.0114	1.7378
1JTG	green	amber_af	2	1.86	0.24	97.16	0.29	0.6	0	0.0113	1.747
1JTG	green	amber_af	3	1.7	0.47	97.39	0.58	0.54	1	0.0113	1.7562
1JTG	green	amber_af	4	1.7	0.0	97.39	0.0	0.54	0	0.0114	1.73
1JTG	green	amber_boltz	0	1.08	0.24	96.45	0.0	0.55	0	0.0114	1.7489
1JTG	green	amber_boltz	1	0.62	0.24	96.68	0.0	0.42	0	0.0115	1.7472
1JTG	green	amber_boltz	2	1.7	0.24	95.97	0.29	0.7	0	0.0115	1.7496
1JTG	green	amber_boltz	3	1.7	0.0	96.45	0.58	0.66	0	0.0114	1.7619
1JTG	green	amber_boltz	4	1.55	0.24	96.45	0.29	0.63	0	0.0115	1.7636
1JWH	green	crystal	0	53.43	7.53	71.0	8.49	3.24	0	0.0108	1.7351
1JWH	green	af_relaxed	0	0.57	0.19	98.31	0.21	0.19	1	0.0124	1.6796
1JWH	green	af_relaxed	1	0.68	0.19	98.31	0.21	0.22	1	0.0124	1.6843
1JWH	green	af_relaxed	2	0.57	0.19	98.12	0.0	0.19	1	0.0123	1.6772
1JWH	green	af_relaxed	3	0.68	0.19	98.12	0.0	0.22	1	0.0124	1.6879
1JWH	green	af_relaxed	4	0.46	0.19	98.12	0.0	0.16	1	0.0123	1.6874
1JWH	green	af_unrelaxed	0	10.37	0.0	98.12	1.24	1.11	0	0.0186	1.413
1JWH	green	af_unrelaxed	1	11.96	0.0	98.12	0.41	1.09	0	0.0171	1.3754
1JWH	green	af_unrelaxed	2	10.94	0.0	98.12	0.41	1.06	0	0.0234	1.4229
1JWH	green	af_unrelaxed	3	13.1	0.0	97.93	0.62	1.14	0	0.018	1.4016
1JWH	green	af_unrelaxed	4	12.65	0.19	98.12	0.62	1.11	0	0.0176	1.5488
1JWH	green	boltz	0	5.7	0.0	98.68	0.0	0.81	0	0.0112	1.1
1JWH	green	boltz	1	5.24	0.19	98.49	0.0	0.78	0	0.0111	1.0896
1JWH	green	boltz	2	5.92	0.19	98.68	0.0	0.82	0	0.0116	1.0848
1JWH	green	boltz	3	5.01	0.0	98.49	0.0	0.76	0	0.011	1.0846
1JWH	green	boltz	4	5.35	0.0	98.49	0.21	0.79	0	0.0112	1.0921
1JWH	green	amber_af	0	0.46	0.19	98.31	0.0	0.16	1	0.0124	1.6781
1JWH	green	amber_af	1	0.57	0.19	98.31	0.0	0.19	1	0.0124	1.6771
1JWH	green	amber_af	2	0.46	0.19	98.12	0.0	0.16	1	0.0123	1.6821
1JWH	green	amber_af	3	0.68	0.19	98.12	0.21	0.22	1	0.0124	1.6896
1JWH	green	amber_af	4	0.68	0.19	98.12	0.0	0.22	1	0.0123	1.684
1JWH	green	amber_boltz	0	0.46	0.19	98.12	0.0	0.16	1	0.0124	1.7048
1JWH	green	amber_boltz	1	0.57	0.19	98.12	0.21	0.19	1	0.0125	1.6996
1JWH	green	amber_boltz	2	0.23	0.19	98.12	0.0	0.09	1	0.0125	1.7039
1JWH	green	amber_boltz	3	0.68	0.19	98.12	0.21	0.22	1	0.0126	1.7071
1JWH	green	amber_boltz	4	0.23	0.19	97.93	0.21	0.1	1	0.0125	1.6965
1JZD	green	crystal	0	17.7	1.51	89.76	5.76	2.38	2	0.0136	1.8599
1JZD	green	af_relaxed	0	2.72	0.6	96.69	0.0	0.77	1	0.0115	1.7505
1JZD	green	af_relaxed	1	1.36	0.3	96.39	1.08	0.63	0	0.0115	1.7177
1JZD	green	af_relaxed	2	3.69	0.6	96.69	0.0	0.87	0	0.0117	1.7694
1JZD	green	af_relaxed	3	2.72	0.3	96.69	0.36	0.77	0	0.0115	1.7237
1JZD	green	af_relaxed	4	1.94	0.3	97.59	0.36	0.55	0	0.0115	1.7072
1JZD	green	af_unrelaxed	0	16.9	0.3	97.29	0.0	1.36	0	0.0191	1.5172
1JZD	green	af_unrelaxed	1	19.62	0.3	96.08	2.16	1.81	0	0.022	1.5851
1JZD	green	af_unrelaxed	2	12.83	0.0	96.99	0.36	1.29	0	0.0205	1.5558
1JZD	green	af_unrelaxed	3	16.71	0.3	97.29	0.72	1.36	0	0.0217	1.6018
1JZD	green	af_unrelaxed	4	16.71	0.3	97.29	0.72	1.36	0	0.0242	1.5638
1JZD	green	boltz	0	7.58	0.0	98.19	0.72	0.92	0	0.0151	1.1508
1JZD	green	boltz	1	9.13	0.0	98.19	0.36	0.99	0	0.0158	1.145
1JZD	green	boltz	2	8.35	0.0	97.89	0.0	0.98	0	0.0154	1.172
1JZD	green	boltz	3	6.8	0.0	98.19	0.0	0.87	0	0.0153	1.1386
1JZD	green	boltz	4	8.94	0.0	97.89	0.0	1.0	0	0.0142	1.1222
1JZD	green	amber_af	0	2.53	0.6	96.69	0.0	0.75	1	0.0115	1.7418
1JZD	green	amber_af	1	1.94	0.6	96.08	1.08	0.75	0	0.0115	1.7234
1JZD	green	amber_af	2	3.5	0.9	96.69	0.0	0.85	0	0.0117	1.7554
1JZD	green	amber_af	3	2.72	0.3	96.39	0.36	0.8	0	0.0115	1.7135
1JZD	green	amber_af	4	1.75	0.3	97.29	0.36	0.56	0	0.0115	1.7127
1JZD	green	amber_boltz	0	0.39	0.0	97.89	0.0	0.17	0	0.0119	1.6935
1JZD	green	amber_boltz	1	0.97	0.0	97.59	0.36	0.37	0	0.0117	1.682
1JZD	green	amber_boltz	2	0.97	0.0	97.89	0.36	0.31	0	0.0117	1.6601
1JZD	green	amber_boltz	3	0.58	0.0	97.59	0.0	0.28	0	0.0118	1.6793
1JZD	green	amber_boltz	4	1.36	0.0	97.29	0.0	0.5	0	0.0116	1.6718
1K5D	green	crystal	0	20.94	3.48	86.38	7.45	2.61	0	0.0097	1.5834
1K5D	green	af_relaxed	0	0.72	0.58	97.25	0.5	0.37	0	0.0119	1.7383
1K5D	green	af_relaxed	1	0.45	0.58	96.67	1.32	0.46	0	0.0119	1.736
1K5D	green	af_relaxed	2	0.54	0.43	96.96	0.33	0.36	0	0.0119	1.7288
1K5D	green	af_relaxed	3	1.25	0.72	95.94	0.33	0.63	0	0.0119	1.7384
1K5D	green	af_relaxed	4	2.15	0.87	95.65	0.33	0.79	1	0.0119	1.7975
1K5D	green	boltz	0	19.78	0.43	97.25	0.33	1.43	0	0.0124	1.172
1K5D	green	boltz	1	19.51	0.29	97.1	0.5	1.45	0	0.0121	1.1511
1K5D	green	boltz	2	16.47	0.58	97.1	0.33	1.38	0	0.0126	1.1517
1K5D	green	boltz	3	18.98	0.43	96.96	0.17	1.45	0	0.0138	1.1417
1K5D	green	boltz	4	17.72	0.58	96.96	0.17	1.43	0	0.0138	1.1208
1K5D	green	amber_af	0	0.81	0.58	97.25	0.33	0.39	1	0.012	1.7397
1K5D	green	amber_af	1	0.63	0.58	96.67	1.16	0.47	0	0.0119	1.7321
1K5D	green	amber_af	2	0.81	0.43	96.96	0.17	0.43	0	0.0119	1.7337
1K5D	green	amber_af	3	1.25	0.72	96.09	0.33	0.61	0	0.0119	1.738
1K5D	green	amber_af	4	1.88	0.87	95.8	0.33	0.74	2	0.0119	1.7986
1K5D	green	amber_boltz	0	1.61	0.29	97.1	0.17	0.57	1	0.012	2.1466
1K5D	green	amber_boltz	1	1.61	0.29	96.96	0.5	0.59	0	0.012	1.7659
1K5D	green	amber_boltz	2	2.06	0.58	96.81	0.5	0.67	2	0.0119	1.7651
1K5D	green	amber_boltz	3	1.43	0.43	96.52	0.5	0.61	2	0.0119	1.7842
1K5D	green	amber_boltz	4	1.52	0.43	96.96	0.33	0.57	0	0.0119	1.7655
1K74	green	crystal	0	23.86	5.51	87.01	7.66	2.66	0	0.0093	1.5795
1K74	green	af_relaxed	0	2.53	1.38	96.65	1.32	0.84	0	0.0118	1.7797
1K74	green	af_relaxed	1	2.65	1.57	96.26	0.88	0.8	0	0.0118	1.7743
1K74	green	af_relaxed	2	2.29	0.98	95.47	0.66	0.82	0	0.0119	1.8055
1K74	green	af_relaxed	3	3.01	0.98	96.26	0.66	0.84	1	0.0118	1.7602
1K74	green	af_relaxed	4	2.41	0.98	95.87	0.44	0.81	0	0.0119	1.758
1K74	green	af_unrelaxed	0	24.94	3.94	94.09	3.52	2.2	0	0.0253	1.8125
1K74	green	af_unrelaxed	1	24.46	4.33	94.69	1.98	1.97	0	0.019	1.7839
1K74	green	af_unrelaxed	2	28.93	3.74	94.88	2.2	2.06	0	0.0205	1.8508
1K74	green	af_unrelaxed	3	25.66	3.15	95.08	1.32	1.83	0	0.0178	1.7517
1K74	green	af_unrelaxed	4	28.19	3.74	93.31	0.88	1.87	0	0.0192	1.8828
1K74	green	boltz	0	24.82	0.2	98.43	0.22	1.38	0	0.0117	1.1102
1K74	green	boltz	1	23.73	0.0	98.43	0.0	1.37	0	0.0126	1.0787
1K74	green	boltz	2	24.94	0.2	98.82	0.22	1.39	0	0.0129	1.1584
1K74	green	boltz	3	21.08	0.0	99.21	0.22	1.32	0	0.0109	1.0758
1K74	green	boltz	4	25.55	0.2	98.82	0.66	1.4	0	0.0114	1.0764
1K74	green	amber_af	0	2.53	1.38	96.65	1.32	0.84	0	0.0118	1.7776
1K74	green	amber_af	1	2.53	1.57	96.06	0.66	0.81	0	0.0118	1.7782
1K74	green	amber_af	2	2.29	0.98	95.47	0.66	0.82	0	0.0119	1.8028
1K74	green	amber_af	3	3.01	0.98	95.87	0.66	0.88	1	0.0119	1.7581
1K74	green	amber_af	4	2.53	1.38	95.67	0.44	0.84	0	0.0119	1.7617
1K74	green	amber_boltz	0	2.29	0.0	97.83	0.0	0.55	3	0.0119	1.768
1K74	green	amber_boltz	1	2.53	0.0	97.83	0.66	0.58	1	0.0118	1.757
1K74	green	amber_boltz	2	4.09	0.2	98.62	0.44	0.69	2	0.0118	1.7968
1K74	green	amber_boltz	3	2.65	0.0	98.23	0.0	0.55	0	0.0121	1.7397
1K74	green	amber_boltz	4	2.89	0.0	98.03	0.88	0.58	0	0.0118	1.7542
1KAC	green	crystal	0	25.86	0.98	89.51	1.47	2.09	0	0.0703	3.4737
1KAC	green	af_relaxed	0	1.06	0.0	96.07	0.37	0.58	0	0.0113	1.6859
1KAC	green	af_relaxed	1	0.42	0.0	95.41	0.37	0.47	1	0.0113	1.6752
1KAC	green	af_relaxed	2	1.06	0.0	96.07	0.37	0.58	0	0.0115	1.7074
1KAC	green	af_relaxed	3	0.64	0.66	93.44	2.21	0.9	3	0.013	2.0209
1KAC	green	af_relaxed	4	2.76	0.0	95.08	2.21	1.17	0	0.0113	1.7663
1KAC	green	af_unrelaxed	0	13.15	1.64	94.43	1.1	1.54	0	0.0202	1.7046
1KAC	green	af_unrelaxed	1	12.72	1.31	94.43	0.74	1.5	0	0.0189	1.7666
1KAC	green	af_unrelaxed	2	13.99	1.64	94.75	0.74	1.51	0	0.017	1.8335
1KAC	green	af_unrelaxed	3	41.44	1.64	95.08	1.84	2.14	0	0.0311	2.1332
1KAC	green	af_unrelaxed	4	36.91	1.64	94.43	2.21	2.19	0	0.021	1.9014
1KAC	green	boltz	0	33.52	0.66	98.03	0.37	1.51	0	0.0152	1.2417
1KAC	green	boltz	1	23.12	0.33	98.03	0.0	1.36	0	0.0117	1.211
1KAC	green	boltz	2	28.63	0.33	98.03	0.0	1.44	0	0.0112	1.2024
1KAC	green	boltz	3	23.33	0.33	98.03	0.0	1.36	0	0.0119	1.2372
1KAC	green	boltz	4	21.43	0.33	97.7	0.0	1.39	0	0.0112	1.2089
1KAC	green	amber_af	0	1.06	0.0	96.07	0.37	0.58	0	0.0113	1.683
1KAC	green	amber_af	1	0.64	0.0	95.74	0.37	0.51	1	0.0113	1.6785
1KAC	green	amber_af	2	0.85	0.33	96.72	0.74	0.47	0	0.0116	1.704
1KAC	green	amber_af	3	0.64	0.66	93.11	2.57	0.96	2	0.0131	2.0225
1KAC	green	amber_af	4	3.39	0.0	95.41	2.21	1.21	0	0.0112	1.7594
1KAC	green	amber_boltz	0	3.18	0.33	97.7	1.47	0.8	0	0.0115	1.7961
1KAC	green	amber_boltz	1	4.03	0.0	97.05	0.37	0.85	0	0.0118	1.7566
1KAC	green	amber_boltz	2	2.97	0.0	97.7	1.1	0.68	3	0.0116	1.7898
1KAC	green	amber_boltz	3	3.39	0.0	97.38	1.47	0.88	2	0.0117	1.7442
1KAC	green	amber_boltz	4	2.97	0.66	97.05	0.74	0.75	2	0.0121	1.7706
1KKL	green	crystal	0	24.9	0.81	94.74	5.91	2.34	0	0.0091	1.5456
1KKL	green	af_relaxed	0	2.31	0.0	97.99	0.48	0.51	0	0.0112	1.6796
1KKL	green	af_relaxed	1	0.77	0.0	97.99	0.48	0.25	0	0.0111	1.701
1KKL	green	af_relaxed	2	2.06	0.0	97.59	0.95	0.56	0	0.0111	1.6762
1KKL	green	af_relaxed	3	1.54	0.0	97.99	0.48	0.4	0	0.0111	1.6715
1KKL	green	af_relaxed	4	6.43	0.0	96.79	1.9	1.27	0	0.0114	1.8205
1KKL	green	af_unrelaxed	0	22.9	0.0	97.59	0.95	1.44	0	0.0177	1.8226
1KKL	green	af_unrelaxed	1	19.81	0.0	98.39	2.38	1.58	0	0.02	1.6952
1KKL	green	af_unrelaxed	2	19.3	0.0	97.59	1.9	1.58	0	0.0192	1.796
1KKL	green	af_unrelaxed	3	19.56	0.0	97.59	0.95	1.37	0	0.0205	1.7558
1KKL	green	af_unrelaxed	4	70.8	0.0	97.19	2.38	2.26	0	0.0242	2.1535
1KKL	green	boltz	0	30.11	0.8	96.79	0.95	1.66	0	0.0152	1.3617
1KKL	green	boltz	1	30.37	0.8	97.19	1.9	1.83	0	0.0128	1.2871
1KKL	green	boltz	2	35.0	0.4	97.19	0.95	1.68	0	0.0163	1.369
1KKL	green	boltz	3	26.78	0.4	97.59	0.0	1.5	0	0.0117	1.2534
1KKL	green	boltz	4	30.88	0.8	96.79	0.95	1.67	0	0.0126	1.2125
1KKL	green	amber_af	0	2.31	0.0	97.99	0.48	0.51	0	0.0112	1.6947
1KKL	green	amber_af	1	0.77	0.0	97.99	0.48	0.25	0	0.0111	1.6985
1KKL	green	amber_af	2	1.29	0.0	97.59	0.95	0.44	0	0.0111	1.6745
1KKL	green	amber_af	3	1.29	0.0	98.39	0.48	0.35	0	0.0111	1.677
1KKL	green	amber_af	4	6.17	0.0	97.19	1.9	1.2	0	0.0114	1.8204
1KKL	green	amber_boltz	0	5.4	1.61	96.79	0.48	0.99	0	0.0123	1.8944
1KKL	green	amber_boltz	1	3.09	0.4	97.59	1.9	0.9	0	0.0114	1.7914
1KKL	green	amber_boltz	2	5.66	1.2	96.39	0.48	1.05	1	0.0118	1.867
1KKL	green	amber_boltz	3	4.63	0.4	97.19	0.48	0.88	0	0.0116	1.8095
1KKL	green	amber_boltz	4	2.06	1.2	96.39	0.95	0.72	1	0.0115	1.7957
1KLU	green	crystal	0	16.86	1.18	95.6	4.95	2.06	2	0.0082	1.5538
1KLU	green	af_relaxed	0	0.94	0.0	98.48	0.18	0.28	0	0.0121	1.6823
1KLU	green	af_relaxed	1	0.83	0.0	98.99	0.92	0.26	0	0.012	1.691
1KLU	green	af_relaxed	2	4.68	0.51	95.11	1.1	1.11	7	0.014	2.1097
1KLU	green	af_relaxed	3	4.68	0.17	98.15	1.28	0.82	4	0.0119	1.7447
1KLU	green	af_relaxed	4	6.44	0.34	95.95	0.73	1.13	5	0.0278	1.9494
1KLU	green	af_unrelaxed	0	12.59	0.34	98.15	0.0	1.11	0	0.0207	1.4598
1KLU	green	af_unrelaxed	1	11.44	0.17	98.65	1.47	1.2	0	0.0184	1.4692
1KLU	green	af_unrelaxed	2	22.48	0.84	97.81	0.18	1.39	0	0.0244	2.4718
1KLU	green	af_unrelaxed	3	22.48	0.34	98.31	0.55	1.34	0	0.026	1.5446
1KLU	green	af_unrelaxed	4	37.1	0.51	98.48	0.37	1.55	0	0.0241	1.6942
1KLU	green	boltz	0	16.85	0.17	98.65	0.37	1.23	0	0.0132	1.1985
1KLU	green	boltz	1	18.41	0.34	98.82	0.37	1.26	0	0.0146	1.1825
1KLU	green	boltz	2	16.75	0.34	98.65	0.55	1.23	0	0.0141	1.2062
1KLU	green	boltz	3	13.42	0.34	98.65	0.18	1.14	0	0.0122	1.1795
1KLU	green	boltz	4	17.68	0.17	98.65	0.55	1.25	0	0.0125	1.1937
1KLU	green	amber_af	0	1.35	0.0	98.31	0.0	0.36	0	0.0121	1.6838
1KLU	green	amber_af	1	0.83	0.0	98.99	0.73	0.26	0	0.012	1.6865
1KLU	green	amber_af	2	5.41	0.51	95.11	1.28	1.21	3	0.0276	1.9592
1KLU	green	amber_af	3	4.78	0.17	98.31	1.28	0.83	4	0.0119	1.7463
1KLU	green	amber_af	4	5.61	0.17	95.45	0.92	1.12	4	0.0277	1.9557
1KLU	green	amber_boltz	0	2.18	0.34	97.47	0.18	0.6	0	0.0119	1.7086
1KLU	green	amber_boltz	1	3.33	0.34	97.47	0.18	0.73	0	0.0119	1.714
1KLU	green	amber_boltz	2	2.18	0.34	97.64	0.18	0.57	0	0.0119	1.722
1KLU	green	amber_boltz	3	1.77	0.17	97.81	0.18	0.48	0	0.012	1.6951
1KLU	green	amber_boltz	4	2.49	0.0	98.31	0.37	0.53	0	0.0122	1.729
1KTZ	green	crystal	0	5.49	0.0	94.51	5.65	1.74	0	0.0148	1.9161
1KTZ	green	af_relaxed	0	0.0	0.0	96.2	0.56	0.26	1	0.0114	1.6421
1KTZ	green	af_relaxed	1	2.06	1.63	95.11	0.0	0.82	0	0.0114	1.707
1KTZ	green	af_relaxed	2	1.71	2.72	95.11	0.0	0.76	1	0.0115	1.7722
1KTZ	green	af_relaxed	3	1.71	1.63	92.93	0.56	0.88	0	0.0115	1.7075
1KTZ	green	af_relaxed	4	1.03	2.72	92.39	0.56	0.77	0	0.0115	1.7075
1KTZ	green	af_unrelaxed	0	16.44	1.09	94.02	0.56	1.62	0	0.037	2.1124
1KTZ	green	af_unrelaxed	1	18.14	2.17	94.02	0.0	1.66	0	0.0374	2.3473
1KTZ	green	af_unrelaxed	2	22.28	2.72	92.39	0.56	1.81	0	0.0321	2.6892
1KTZ	green	af_unrelaxed	3	24.65	2.17	91.85	1.69	2.05	0	0.0407	2.5207
1KTZ	green	af_unrelaxed	4	20.21	3.8	91.3	0.56	1.81	0	0.0425	2.6313
1KTZ	green	boltz	0	14.41	0.0	97.28	0.0	1.3	0	0.0176	1.7444
1KTZ	green	boltz	1	15.43	0.0	97.83	0.56	1.23	0	0.0175	1.7332
1KTZ	green	boltz	2	17.14	0.54	96.2	0.0	1.49	0	0.0174	1.7022
1KTZ	green	boltz	3	15.43	0.54	96.2	0.0	1.45	0	0.0178	1.7185
1KTZ	green	boltz	4	14.4	0.0	96.74	0.56	1.37	0	0.0182	1.6193
1KTZ	green	amber_af	0	0.69	0.0	96.2	0.56	0.48	1	0.0114	1.6407
1KTZ	green	amber_af	1	1.71	1.63	94.57	0.0	0.8	0	0.0114	1.708
1KTZ	green	amber_af	2	1.37	2.72	94.02	0.0	0.77	1	0.0116	1.7622
1KTZ	green	amber_af	3	2.06	1.63	92.93	0.56	0.93	0	0.0115	1.7141
1KTZ	green	amber_af	4	1.03	2.72	92.93	0.0	0.75	0	0.0115	1.7087
1KTZ	green	amber_boltz	0	0.69	0.54	96.2	0.56	0.48	0	0.0116	1.6705
1KTZ	green	amber_boltz	1	0.69	0.54	96.2	0.56	0.48	1	0.0115	1.7156
1KTZ	green	amber_boltz	2	1.03	0.54	95.11	0.56	0.64	0	0.0116	1.6957
1KTZ	green	amber_boltz	3	1.03	0.54	94.02	0.56	0.7	1	0.0116	1.7121
1KTZ	green	amber_boltz	4	1.03	0.0	96.2	0.56	0.56	0	0.0114	1.6955
1KXP	green	crystal	0	9.88	0.26	97.69	2.3	1.36	0	0.0076	1.3667
1KXP	green	af_relaxed	0	0.9	0.0	97.7	0.29	0.34	1	0.0127	1.8206
1KXP	green	af_relaxed	1	1.31	0.0	98.85	0.29	0.36	0	0.0118	1.6816
1KXP	green	af_relaxed	2	0.73	0.13	98.08	0.72	0.23	1	0.0127	1.8082
1KXP	green	af_relaxed	3	1.22	0.13	98.08	2.3	0.61	0	0.0118	1.6932
1KXP	green	af_relaxed	4	1.55	0.0	98.21	0.57	0.4	0	0.0118	1.6841
1KXP	green	af_unrelaxed	0	13.32	0.13	98.46	1.15	1.18	0	0.0235	1.5608
1KXP	green	af_unrelaxed	1	15.35	0.13	98.47	0.57	1.19	0	0.0191	1.538
1KXP	green	af_unrelaxed	2	17.4	0.13	98.34	0.72	1.24	0	0.0186	1.5249
1KXP	green	af_unrelaxed	3	18.54	0.13	98.6	3.59	1.69	0	0.019	1.458
1KXP	green	af_unrelaxed	4	17.24	0.13	98.34	0.43	1.24	0	0.0179	1.5355
1KXP	green	boltz	0	9.72	0.0	99.11	0.57	1.01	0	0.0139	1.1581
1KXP	green	boltz	1	13.4	0.0	99.11	0.29	1.14	0	0.0148	1.1595
1KXP	green	boltz	2	10.94	0.13	98.98	0.57	1.06	0	0.0141	1.1483
1KXP	green	boltz	3	13.8	0.0	99.11	0.29	1.15	0	0.0149	1.2498
1KXP	green	boltz	4	10.7	0.0	99.11	0.29	1.05	0	0.0135	1.1765
1KXP	green	amber_af	0	0.73	0.0	98.08	0.14	0.23	1	0.0127	1.8064
1KXP	green	amber_af	1	1.47	0.0	98.85	0.29	0.39	0	0.0118	1.6776
1KXP	green	amber_af	2	0.57	0.0	97.83	0.86	0.23	1	0.0129	1.833
1KXP	green	amber_af	3	1.06	0.13	98.34	2.44	0.6	0	0.0118	1.6938
1KXP	green	amber_af	4	1.55	0.0	98.21	0.57	0.4	0	0.0118	1.6779
1KXP	green	amber_boltz	0	0.9	0.0	98.6	0.29	0.27	0	0.0117	1.6962
1KXP	green	amber_boltz	1	1.55	0.0	98.47	0.57	0.4	0	0.0116	1.7121
1KXP	green	amber_boltz	2	0.57	0.0	98.21	0.43	0.19	0	0.0117	1.7052
1KXP	green	amber_boltz	3	1.14	0.0	98.85	0.29	0.32	0	0.0116	1.7049
1KXP	green	amber_boltz	4	1.47	0.0	98.34	0.43	0.39	0	0.0117	1.7304
1LFD	green	crystal	0	5.71	0.0	95.98	3.57	1.51	0	0.0071	1.3261
1LFD	green	af_relaxed	0	1.49	0.0	97.19	0.0	0.54	0	0.0114	1.6405
1LFD	green	af_relaxed	1	0.74	0.0	97.59	0.0	0.32	0	0.0115	1.6404
1LFD	green	af_relaxed	2	0.5	0.0	97.59	0.0	0.26	0	0.0116	1.6426
1LFD	green	af_relaxed	3	0.25	0.0	97.19	0.45	0.24	0	0.0124	1.7837
1LFD	green	af_relaxed	4	1.49	0.0	96.79	0.89	0.59	0	0.0116	1.6801
1LFD	green	af_unrelaxed	0	15.65	0.0	97.99	0.0	1.2	0	0.021	1.4026
1LFD	green	af_unrelaxed	1	16.15	0.0	97.19	0.0	1.36	0	0.0162	1.3728
1LFD	green	af_unrelaxed	2	12.67	0.0	98.39	0.0	1.11	0	0.0159	1.3472
1LFD	green	af_unrelaxed	3	16.65	0.0	97.99	0.45	1.22	0	0.019	1.4874
1LFD	green	af_unrelaxed	4	20.87	0.0	97.59	0.45	1.4	0	0.0199	1.4664
1LFD	green	boltz	0	16.89	0.4	97.99	0.45	1.23	0	0.0114	1.0758
1LFD	green	boltz	1	15.15	0.4	98.39	0.45	1.19	0	0.0122	1.1025
1LFD	green	boltz	2	11.42	0.4	98.39	0.0	1.07	0	0.0115	1.088
1LFD	green	boltz	3	15.89	0.0	98.8	0.45	1.2	0	0.0116	1.1176
1LFD	green	boltz	4	13.66	0.4	98.39	0.45	1.14	0	0.0119	1.0977
1LFD	green	amber_af	0	1.24	0.0	97.19	0.0	0.49	0	0.0114	1.6427
1LFD	green	amber_af	1	0.74	0.0	97.59	0.0	0.32	0	0.0115	1.6405
1LFD	green	amber_af	2	0.5	0.0	97.59	0.0	0.26	1	0.0116	1.6544
1LFD	green	amber_af	3	0.99	0.0	97.59	0.0	0.38	0	0.0115	1.6513
1LFD	green	amber_af	4	1.49	0.0	96.79	0.0	0.59	0	0.0116	1.676
1LFD	green	amber_boltz	0	1.24	0.0	96.39	0.0	0.58	0	0.0116	1.6759
1LFD	green	amber_boltz	1	2.73	0.0	96.79	0.45	0.76	0	0.0114	1.6764
1LFD	green	amber_boltz	2	1.49	0.4	97.19	0.0	0.54	0	0.0116	1.6754
1LFD	green	amber_boltz	3	2.98	0.0	96.79	0.0	0.79	0	0.0114	1.7027
1LFD	green	amber_boltz	4	1.74	0.0	96.79	0.45	0.63	0	0.0115	1.6835
1M10	green	crystal	0	38.17	4.98	82.25	5.04	2.8	0	0.0109	1.7803
1M10	green	af_relaxed	0	1.21	0.22	96.32	0.72	0.58	0	0.0117	1.7112
1M10	green	af_relaxed	1	1.47	0.22	95.02	0.24	0.73	0	0.0117	1.699
1M10	green	af_relaxed	2	0.54	0.43	95.02	0.24	0.53	0	0.0118	1.7279
1M10	green	af_relaxed	3	1.07	0.22	95.02	1.2	0.72	0	0.0118	1.7033
1M10	green	af_relaxed	4	1.87	0.22	95.67	0.48	0.75	0	0.0117	1.7139
1M10	green	af_unrelaxed	0	16.48	0.65	95.89	0.48	1.5	0	0.0225	1.6612
1M10	green	af_unrelaxed	1	16.34	0.22	94.81	0.96	1.57	0	0.0197	1.6886
1M10	green	af_unrelaxed	2	13.26	0.65	94.81	0.24	1.49	0	0.0218	1.7241
1M10	green	af_unrelaxed	3	19.69	0.43	95.67	1.44	1.71	0	0.0212	1.6552
1M10	green	af_unrelaxed	4	14.2	0.43	95.02	0.24	1.5	0	0.0198	1.6955
1M10	green	boltz	0	8.04	0.22	96.54	0.0	1.16	0	0.0131	1.1646
1M10	green	boltz	1	10.44	0.22	96.54	0.0	1.26	0	0.0138	1.1778
1M10	green	boltz	2	12.05	0.22	96.54	0.0	1.32	0	0.0156	1.1824
1M10	green	boltz	3	13.13	0.22	96.54	0.0	1.35	0	0.0144	1.1672
1M10	green	boltz	4	11.92	0.43	96.1	0.0	1.36	0	0.014	1.1884
1M10	green	amber_af	0	1.47	0.22	96.1	0.72	0.65	0	0.0117	1.7243
1M10	green	amber_af	1	1.74	0.22	94.81	0.24	0.79	0	0.0117	1.6969
1M10	green	amber_af	2	0.8	0.43	94.81	0.24	0.61	0	0.0118	1.741
1M10	green	amber_af	3	1.21	0.43	95.24	1.2	0.73	0	0.0118	1.7045
1M10	green	amber_af	4	1.74	0.22	95.67	0.48	0.73	0	0.0117	1.7083
1M10	green	amber_boltz	0	0.8	0.22	96.54	0.24	0.48	0	0.012	1.7215
1M10	green	amber_boltz	1	0.27	0.22	96.32	0.48	0.35	0	0.0119	1.7276
1M10	green	amber_boltz	2	1.61	0.22	96.32	0.24	0.65	0	0.0119	1.748
1M10	green	amber_boltz	3	1.34	0.0	96.32	0.0	0.61	0	0.0116	1.7369
1M10	green	amber_boltz	4	1.21	0.22	95.24	0.24	0.67	0	0.0119	1.7494
1M27	green	crystal	0	7.53	0.0	96.47	1.32	1.24	0	0.0085	1.4463
1M27	green	af_relaxed	0	10.39	0.59	95.29	0.0	1.36	1	0.0129	2.0398
1M27	green	af_relaxed	1	2.51	0.0	97.65	0.66	0.61	0	0.012	1.7211
1M27	green	af_relaxed	2	6.45	1.18	94.71	1.97	1.44	1	0.0122	1.9373
1M27	green	af_relaxed	3	7.52	1.18	96.47	1.32	1.24	1	0.0122	1.8457
1M27	green	af_relaxed	4	16.84	1.76	88.82	3.29	2.2	3	0.0523	2.3275
1M27	green	af_unrelaxed	0	90.78	2.94	94.12	0.0	2.32	0	0.0441	3.4846
1M27	green	af_unrelaxed	1	31.92	1.18	96.47	0.66	1.72	0	0.0253	2.142
1M27	green	af_unrelaxed	2	79.51	3.53	91.76	0.0	2.36	0	0.0509	4.0647
1M27	green	af_unrelaxed	3	51.02	1.76	95.29	0.66	2.01	0	0.0187	2.0712
1M27	green	af_unrelaxed	4	43.15	2.35	93.53	0.66	2.04	0	0.0501	2.4874
1M27	green	boltz	0	18.65	0.0	99.41	0.0	1.27	0	0.0113	1.106
1M27	green	boltz	1	20.09	0.0	100.0	0.0	1.3	0	0.011	1.1068
1M27	green	boltz	2	17.22	0.0	99.41	1.32	1.33	0	0.0115	1.1258
1M27	green	boltz	3	25.47	0.59	98.82	0.66	1.4	0	0.0123	1.1112
1M27	green	boltz	4	23.32	0.0	100.0	0.0	1.36	0	0.0144	1.1261
1M27	green	amber_af	0	12.18	0.59	95.29	0.66	1.43	0	0.0129	2.0653
1M27	green	amber_af	1	3.22	0.0	98.24	0.66	0.61	0	0.012	1.7199
1M27	green	amber_af	2	7.88	1.18	95.88	1.32	1.31	0	0.0121	1.8602
1M27	green	amber_af	3	6.81	1.18	96.47	0.66	1.11	2	0.0123	1.8729
1M27	green	amber_af	4	17.56	2.94	90.59	2.63	2.1	5	0.0522	2.3578
1M27	green	amber_boltz	0	1.79	0.0	99.41	1.32	0.53	0	0.012	1.725
1M27	green	amber_boltz	1	2.15	0.0	99.41	0.0	0.49	0	0.0122	1.7062
1M27	green	amber_boltz	2	1.43	0.0	99.41	0.66	0.38	0	0.0122	1.6938
1M27	green	amber_boltz	3	1.43	0.59	98.24	0.0	0.38	0	0.012	1.718
1M27	green	amber_boltz	4	0.36	0.0	99.41	0.66	0.13	0	0.0121	1.7174
1MAH	green	af_relaxed	0	4.27	0.17	95.93	0.0	0.99	2	0.0118	1.7544
1MAH	green	af_relaxed	1	1.97	0.51	94.75	1.01	0.83	1	0.0129	1.9013
1MAH	green	af_relaxed	2	5.47	0.85	95.59	0.4	1.1	1	0.0118	1.839
1MAH	green	af_relaxed	3	9.09	1.02	93.56	2.23	1.67	7	0.0419	2.1203
1MAH	green	af_relaxed	4	2.74	0.85	94.41	2.02	1.18	5	0.013	1.937
1MAH	green	af_unrelaxed	0	33.2	0.68	95.25	0.61	1.83	0	0.0255	1.8446
1MAH	green	af_unrelaxed	1	34.08	0.68	94.73	0.2	1.88	0	0.0278	1.8247
1MAH	green	af_unrelaxed	2	31.23	0.68	95.25	0.81	1.81	0	0.0364	1.7385
1MAH	green	af_unrelaxed	3	52.77	0.85	95.24	2.63	2.35	0	0.0312	2.0144
1MAH	green	af_unrelaxed	4	41.84	0.68	95.75	0.81	1.9	0	0.0279	1.9186
1MAH	green	boltz	0	9.97	0.17	97.63	0.0	1.1	0	0.0187	1.3154
1MAH	green	boltz	1	11.83	0.17	97.29	0.2	1.22	0	0.0152	1.2762
1MAH	green	boltz	2	11.61	0.0	97.46	0.2	1.19	0	0.0144	1.2382
1MAH	green	boltz	3	14.9	0.17	97.46	0.0	1.29	0	0.0143	1.2417
1MAH	green	boltz	4	13.58	0.17	97.63	0.2	1.22	0	0.0131	1.2514
1MAH	green	amber_af	0	4.27	0.17	96.1	0.2	0.97	2	0.0118	1.7552
1MAH	green	amber_af	1	2.08	0.51	95.08	0.81	0.82	1	0.0129	1.9006
1MAH	green	amber_af	2	6.02	0.85	95.59	0.81	1.14	4	0.0118	1.8677
1MAH	green	amber_af	3	5.69	1.19	94.07	2.63	1.53	7	0.0313	2.0458
1MAH	green	amber_af	4	2.52	0.85	94.41	1.42	1.03	2	0.013	1.9212
1MAH	green	amber_boltz	0	2.08	0.0	96.78	0.2	0.68	0	0.012	1.7469
1MAH	green	amber_boltz	1	1.64	0.17	96.95	0.0	0.59	0	0.0119	1.7389
1MAH	green	amber_boltz	2	2.41	0.34	96.44	0.4	0.76	0	0.0119	1.7416
1MAH	green	amber_boltz	3	2.3	0.34	96.27	0.2	0.76	0	0.0121	1.7643
1MAH	green	amber_boltz	4	1.42	0.17	96.61	0.61	0.59	1	0.0118	1.7542
1ML0	green	crystal	0	18.45	1.39	88.4	4.66	2.36	0	0.0099	1.591
1ML0	green	af_relaxed	0	27.74	4.41	86.31	6.99	2.71	5	0.0127	2.3474
1ML0	green	af_relaxed	1	11.24	5.8	77.26	7.25	2.49	8	0.0379	2.3133
1ML0	green	af_relaxed	2	15.74	5.57	80.05	5.18	2.48	18	0.0395	2.9656
1ML0	green	af_relaxed	3	6.29	4.87	77.96	5.96	2.2	9	0.014	2.5453
1ML0	green	af_relaxed	4	13.79	5.1	75.41	6.22	2.54	13	0.0361	2.5689
1ML0	green	af_unrelaxed	0	161.73	15.55	74.71	8.29	3.66	0	0.0385	3.7703
1ML0	green	af_unrelaxed	1	132.72	20.42	68.21	9.07	3.67	0	0.0519	4.7278
1ML0	green	af_unrelaxed	2	121.91	17.87	68.68	8.55	3.61	0	0.0498	4.4209
1ML0	green	af_unrelaxed	3	116.01	17.17	67.98	9.59	3.63	0	0.0382	4.6322
1ML0	green	af_unrelaxed	4	146.45	18.79	66.59	9.59	3.74	0	0.0452	4.5857
1ML0	green	boltz	0	140.71	0.0	97.91	0.0	2.13	0	0.0327	1.7193
1ML0	green	boltz	1	149.95	0.46	97.45	0.0	2.25	0	0.0287	2.047
1ML0	green	boltz	2	180.79	0.7	97.45	0.0	2.33	0	0.0258	1.5742
1ML0	green	boltz	3	150.75	0.0	97.22	0.26	2.28	0	0.0415	2.4174
1ML0	green	boltz	4	146.85	0.23	97.45	0.26	2.24	0	0.0344	1.4982
1ML0	green	amber_af	0	28.64	3.94	85.61	7.51	2.76	5	0.0127	2.3455
1ML0	green	amber_af	1	10.94	4.41	78.19	8.55	2.52	6	0.0378	2.3166
1ML0	green	amber_af	2	17.39	3.71	80.97	5.7	2.54	18	0.0395	2.8923
1ML0	green	amber_af	3	7.19	5.8	76.8	5.96	2.26	10	0.0139	2.4533
1ML0	green	amber_af	4	14.39	5.1	76.33	7.77	2.62	14	0.0359	2.5611
1ML0	green	amber_boltz	0	26.99	0.23	95.82	2.07	1.95	8	0.0204	2.1952
1ML0	green	amber_boltz	1	13.05	1.39	93.74	4.4	2.03	5	0.0127	2.2281
1ML0	green	amber_boltz	2	37.17	2.09	92.11	3.37	2.43	10	0.0131	2.4163
1ML0	green	amber_boltz	3	16.94	2.78	89.1	5.44	2.36	10	0.0322	2.4594
1ML0	green	amber_boltz	4	12.9	1.62	90.02	3.37	2.07	3	0.0321	2.2188
1MLC	green	af_relaxed	0	1.67	0.18	97.12	0.21	0.58	0	0.0112	1.6949
1MLC	green	af_relaxed	1	5.24	0.36	97.3	0.41	0.91	0	0.0113	1.7117
1MLC	green	af_relaxed	2	4.05	0.36	95.5	1.45	1.13	2	0.0113	1.7574
1MLC	green	af_relaxed	3	3.57	0.18	97.3	0.62	0.78	2	0.0112	1.7147
1MLC	green	af_relaxed	4	3.81	0.18	97.12	0.83	0.83	0	0.011	1.7026
1MLC	green	af_unrelaxed	0	20.61	0.54	97.48	0.21	1.41	0	0.024	1.8945
1MLC	green	af_unrelaxed	1	27.88	1.08	96.76	0.62	1.63	0	0.0249	1.9226
1MLC	green	af_unrelaxed	2	31.94	0.72	97.3	0.62	1.62	0	0.0239	1.9509
1MLC	green	af_unrelaxed	3	24.43	0.72	97.66	0.62	1.45	0	0.0245	1.8837
1MLC	green	af_unrelaxed	4	28.59	0.54	97.48	1.24	1.62	0	0.0208	1.7494
1MLC	green	boltz	0	12.03	0.0	98.38	0.41	1.09	0	0.013	1.1681
1MLC	green	boltz	1	11.67	0.0	98.2	0.62	1.08	0	0.0129	1.1796
1MLC	green	boltz	2	11.08	0.0	98.2	0.41	1.06	0	0.0211	1.4277
1MLC	green	boltz	3	12.04	0.18	97.66	0.21	1.17	0	0.0156	1.4179
1MLC	green	boltz	4	12.04	0.18	98.2	0.62	1.09	0	0.0136	1.1816
1MLC	green	amber_af	0	1.91	0.18	97.12	0.21	0.61	0	0.0112	1.6998
1MLC	green	amber_af	1	4.88	0.36	96.94	0.62	0.94	0	0.0113	1.7131
1MLC	green	amber_af	2	4.65	0.36	96.58	1.04	0.97	2	0.0113	1.7553
1MLC	green	amber_af	3	3.22	0.18	97.12	0.62	0.77	2	0.0113	1.7113
1MLC	green	amber_af	4	3.69	0.18	97.3	0.62	0.79	0	0.011	1.6974
1MLC	green	amber_boltz	0	0.95	0.0	98.02	0.62	0.29	0	0.0115	1.69
1MLC	green	amber_boltz	1	1.91	0.0	97.48	0.21	0.56	0	0.0116	1.6682
1MLC	green	amber_boltz	2	3.1	0.18	96.4	1.24	0.91	0	0.0275	1.8904
1MLC	green	amber_boltz	3	1.31	0.0	97.48	0.21	0.46	1	0.0115	1.6938
1MLC	green	amber_boltz	4	2.26	0.0	97.84	0.21	0.54	1	0.0114	1.6819
1MQ8	green	crystal	0	34.64	4.49	79.78	13.71	3.13	0	0.0114	1.8309
1MQ8	green	af_relaxed	0	3.69	0.28	96.63	0.62	0.87	0	0.0113	1.7465
1MQ8	green	af_relaxed	1	2.99	0.28	95.79	0.31	0.88	0	0.0113	1.7558
1MQ8	green	af_relaxed	2	3.34	0.28	96.07	0.0	0.89	0	0.0113	1.7617
1MQ8	green	af_relaxed	3	2.64	0.56	95.79	0.31	0.84	0	0.0113	1.751
1MQ8	green	af_relaxed	4	3.16	0.28	97.19	1.56	0.9	1	0.0113	1.7762
1MQ8	green	af_unrelaxed	0	34.62	0.28	97.19	1.87	1.88	0	0.0248	2.0605
1MQ8	green	af_unrelaxed	1	31.46	0.56	96.91	1.25	1.74	0	0.0242	2.1333
1MQ8	green	af_unrelaxed	2	24.6	0.56	96.91	0.93	1.57	0	0.0278	2.1908
1MQ8	green	af_unrelaxed	3	25.14	0.28	96.91	1.87	1.78	0	0.0214	2.1289
1MQ8	green	af_unrelaxed	4	32.86	0.56	96.91	1.87	1.89	0	0.0261	2.141
1MQ8	green	boltz	0	16.7	0.0	98.03	0.31	1.22	0	0.012	1.2603
1MQ8	green	boltz	1	13.18	0.0	98.03	0.0	1.13	0	0.0139	1.1708
1MQ8	green	boltz	2	15.12	0.0	98.31	0.31	1.18	0	0.0137	1.2093
1MQ8	green	boltz	3	20.93	0.0	97.75	0.0	1.37	0	0.0161	1.5429
1MQ8	green	boltz	4	17.58	0.56	96.63	0.0	1.46	0	0.012	1.1819
1MQ8	green	amber_af	0	3.52	0.28	96.63	0.62	0.86	0	0.0113	1.7478
1MQ8	green	amber_af	1	2.99	0.28	96.35	0.0	0.83	0	0.0113	1.7564
1MQ8	green	amber_af	2	3.34	0.28	95.22	0.0	0.96	0	0.0113	1.7614
1MQ8	green	amber_af	3	2.29	0.28	96.63	0.31	0.72	0	0.0113	1.7503
1MQ8	green	amber_af	4	4.92	0.28	96.91	1.56	1.09	1	0.0114	1.7792
1MQ8	green	amber_boltz	0	2.81	0.0	97.19	0.0	0.72	0	0.0115	1.7353
1MQ8	green	amber_boltz	1	0.88	0.0	97.75	0.0	0.32	0	0.0116	1.7075
1MQ8	green	amber_boltz	2	1.76	0.0	97.47	0.31	0.54	0	0.0118	1.7188
1MQ8	green	amber_boltz	3	3.87	0.28	96.91	0.62	0.86	1	0.0117	1.7664
1MQ8	green	amber_boltz	4	1.76	0.0	96.91	0.62	0.62	0	0.0116	1.7354
1N2C	green	crystal	0	12.55	1.42	91.01	3.34	2.03	0	0.0078	1.4113
1N2C	green	af_relaxed	0	1.2	0.08	97.0	0.65	0.51	0	0.0121	1.6954
1N2C	green	af_relaxed	1	1.15	0.16	97.0	0.65	0.5	0	0.0123	1.6922
1N2C	green	af_relaxed	2	1.0	0.16	97.08	0.28	0.46	0	0.0121	1.6911
1N2C	green	af_relaxed	3	1.35	0.16	97.32	1.02	0.5	1	0.0122	1.7011
1N2C	green	af_relaxed	4	1.4	0.08	97.16	1.39	0.63	2	0.0122	1.7166
1N2C	green	boltz	0	13.12	0.08	97.48	0.28	1.23	0	0.0119	1.1326
1N2C	green	boltz	1	12.32	0.08	97.4	0.46	1.22	0	0.0119	1.152
1N2C	green	boltz	2	11.87	0.08	97.56	0.28	1.18	0	0.0118	1.1274
1N2C	green	boltz	3	12.62	0.16	97.63	0.28	1.19	0	0.0121	1.137
1N2C	green	boltz	4	16.32	0.32	97.63	0.37	1.29	0	0.0129	1.1484
1N2C	green	amber_af	0	1.35	0.08	97.08	0.83	0.53	0	0.0121	1.6962
1N2C	green	amber_af	1	1.2	0.16	97.16	0.74	0.49	0	0.0122	1.6969
1N2C	green	amber_af	2	1.0	0.16	97.16	0.37	0.45	0	0.0121	1.6882
1N2C	green	amber_af	3	1.5	0.24	97.08	0.65	0.55	2	0.0122	1.7032
1N2C	green	amber_af	4	1.45	0.16	97.08	1.76	0.73	3	0.0121	1.7251
1N2C	green	amber_boltz	0	1.6	0.16	96.92	0.56	0.59	0	0.0119	1.7323
1N2C	green	amber_boltz	1	1.4	0.08	96.61	0.46	0.59	1	0.0119	1.7174
1N2C	green	amber_boltz	2	1.25	0.16	96.92	0.37	0.53	0	0.0119	1.7152
1N2C	green	amber_boltz	3	1.35	0.24	96.92	0.65	0.55	0	0.0118	1.7166
1N2C	green	amber_boltz	4	1.9	0.24	97.08	0.65	0.62	0	0.0117	1.739
1NW9	green	crystal	0	21.53	2.49	92.52	2.49	2.1	0	0.0081	1.4854
1NW9	green	af_relaxed	0	3.7	0.92	96.62	2.14	1.13	1	0.0129	1.9319
1NW9	green	af_relaxed	1	7.99	0.31	97.23	1.07	1.1	3	0.0127	2.0232
1NW9	green	af_relaxed	2	4.48	1.85	95.08	1.78	1.26	5	0.0132	2.0462
1NW9	green	af_relaxed	3	14.23	0.31	97.85	2.49	1.5	2	0.0126	1.9548
1NW9	green	af_relaxed	4	11.11	0.0	96.0	1.78	1.53	3	0.0127	2.0
1NW9	green	af_unrelaxed	0	38.85	0.92	96.62	1.78	1.98	0	0.0252	2.1883
1NW9	green	af_unrelaxed	1	46.28	0.92	96.92	1.78	2.02	0	0.0251	2.1967
1NW9	green	af_unrelaxed	2	63.0	0.31	98.15	1.42	1.89	0	0.0398	3.1908
1NW9	green	af_unrelaxed	3	54.91	0.62	97.23	2.85	2.2	0	0.0364	2.158
1NW9	green	af_unrelaxed	4	57.65	0.31	97.85	3.91	2.22	0	0.0321	2.0576
1NW9	green	boltz	0	36.67	0.31	98.46	0.71	1.55	0	0.0113	1.1137
1NW9	green	boltz	1	32.38	0.0	99.38	0.36	1.49	0	0.0112	1.0875
1NW9	green	boltz	2	27.5	0.31	98.15	0.36	1.43	0	0.0133	1.2007
1NW9	green	boltz	3	29.84	0.0	99.08	0.36	1.46	0	0.0117	1.0713
1NW9	green	boltz	4	26.33	0.31	98.77	0.0	1.41	0	0.0112	1.1158
1NW9	green	amber_af	0	13.65	0.62	96.31	1.07	1.41	3	0.0125	1.9252
1NW9	green	amber_af	1	8.19	0.31	97.23	1.07	1.11	3	0.0126	1.9528
1NW9	green	amber_af	2	4.68	2.46	95.08	1.78	1.27	5	0.0132	2.0561
1NW9	green	amber_af	3	14.04	1.54	96.62	3.2	1.76	3	0.0126	1.9423
1NW9	green	amber_af	4	11.5	0.0	96.0	2.49	1.65	2	0.0126	1.9823
1NW9	green	amber_boltz	0	3.7	0.31	98.77	0.36	0.66	1	0.0123	1.8317
1NW9	green	amber_boltz	1	4.48	0.0	99.69	1.07	0.75	0	0.012	1.7367
1NW9	green	amber_boltz	2	2.92	0.0	98.46	0.71	0.58	0	0.0121	1.7339
1NW9	green	amber_boltz	3	3.51	0.0	99.08	0.36	0.64	0	0.012	1.7669
1NW9	green	amber_boltz	4	2.53	0.31	98.46	0.36	0.54	0	0.0122	1.7698
1OC0	green	crystal	0	3.01	0.0	98.48	4.82	1.11	0	0.0128	1.6007
1OC0	green	af_relaxed	0	3.49	0.25	97.47	0.28	0.74	1	0.0118	1.8175
1OC0	green	af_relaxed	1	2.53	0.25	97.47	1.7	0.82	0	0.0122	1.8551
1OC0	green	af_relaxed	2	3.33	0.51	97.73	0.57	0.68	1	0.0116	1.7691
1OC0	green	af_relaxed	3	3.64	0.0	97.98	0.28	0.66	1	0.0118	1.845
1OC0	green	af_relaxed	4	5.7	0.51	95.71	0.85	1.11	2	0.0358	1.9684
1OC0	green	af_unrelaxed	0	25.52	0.51	98.48	0.85	1.4	0	0.0206	1.7001
1OC0	green	af_unrelaxed	1	24.74	0.51	98.48	3.97	1.84	0	0.0203	1.694
1OC0	green	af_unrelaxed	2	26.46	0.51	97.98	0.57	1.42	0	0.0232	1.8018
1OC0	green	af_unrelaxed	3	26.8	0.51	98.48	0.57	1.42	0	0.0231	1.8112
1OC0	green	af_unrelaxed	4	30.92	0.76	98.23	0.57	1.48	0	0.0206	1.8227
1OC0	green	boltz	0	16.32	0.25	97.98	0.0	1.22	0	0.0121	1.1582
1OC0	green	boltz	1	19.66	0.76	97.73	0.0	1.35	0	0.0125	1.1687
1OC0	green	boltz	2	16.16	0.25	97.98	1.13	1.26	0	0.0134	1.2207
1OC0	green	boltz	3	21.72	0.0	97.98	0.28	1.34	0	0.0128	1.1501
1OC0	green	boltz	4	20.61	0.25	97.73	0.0	1.37	0	0.0132	1.1889
1OC0	green	amber_af	0	4.28	0.25	97.22	0.28	0.85	1	0.0118	1.8181
1OC0	green	amber_af	1	0.95	0.0	97.22	1.42	0.54	1	0.0125	1.8864
1OC0	green	amber_af	2	3.8	0.25	97.47	0.85	0.77	1	0.0116	1.7741
1OC0	green	amber_af	3	3.64	0.0	97.98	0.57	0.66	1	0.0117	1.8408
1OC0	green	amber_af	4	5.54	0.51	95.71	0.57	1.1	2	0.0358	1.9631
1OC0	green	amber_boltz	0	2.53	0.51	95.96	0.28	0.82	1	0.0121	1.8491
1OC0	green	amber_boltz	1	1.43	0.51	96.46	0.85	0.61	1	0.0125	1.9
1OC0	green	amber_boltz	2	4.44	0.51	96.46	0.57	0.95	1	0.0121	1.8651
1OC0	green	amber_boltz	3	2.06	0.25	96.72	0.28	0.68	2	0.0127	1.9169
1OC0	green	amber_boltz	4	1.58	0.51	96.46	0.85	0.64	1	0.0127	1.9249
1OFU	green	crystal	0	17.25	0.0	96.67	4.67	1.96	0	0.0074	1.4237
1OFU	green	af_relaxed	0	1.9	0.0	98.33	0.31	0.45	0	0.0107	1.6372
1OFU	green	af_relaxed	1	1.9	0.24	98.33	0.0	0.45	0	0.0108	1.6653
1OFU	green	af_relaxed	2	3.32	0.24	98.33	0.31	0.62	0	0.0106	1.6595
1OFU	green	af_relaxed	3	1.9	0.24	98.33	0.62	0.45	0	0.0107	1.6703
1OFU	green	af_relaxed	4	1.74	0.48	98.1	0.62	0.43	0	0.0107	1.6608
1OFU	green	af_unrelaxed	0	18.69	0.0	98.81	0.31	1.27	0	0.0174	1.54
1OFU	green	af_unrelaxed	1	13.78	0.24	98.1	0.62	1.15	0	0.0171	1.5742
1OFU	green	af_unrelaxed	2	22.32	0.24	98.33	0.62	1.34	0	0.0194	1.6005
1OFU	green	af_unrelaxed	3	19.95	0.24	98.1	0.62	1.3	0	0.0179	1.5587
1OFU	green	af_unrelaxed	4	22.01	0.24	98.33	1.25	1.41	0	0.0203	1.5208
1OFU	green	boltz	0	16.46	0.0	99.05	0.31	1.22	0	0.0114	1.0737
1OFU	green	boltz	1	16.46	0.0	99.05	0.31	1.22	0	0.0109	1.0861
1OFU	green	boltz	2	14.09	0.0	99.29	0.31	1.16	0	0.0107	1.0887
1OFU	green	boltz	3	22.0	0.0	99.29	0.31	1.34	0	0.011	1.0935
1OFU	green	boltz	4	15.19	0.0	98.81	0.62	1.19	0	0.0108	1.105
1OFU	green	amber_af	0	1.58	0.0	98.33	0.31	0.4	0	0.0106	1.6375
1OFU	green	amber_af	1	1.74	0.24	98.33	0.0	0.43	0	0.0108	1.6655
1OFU	green	amber_af	2	3.32	0.24	98.33	0.31	0.62	0	0.0105	1.6557
1OFU	green	amber_af	3	2.06	0.24	98.1	0.62	0.48	0	0.0108	1.6702
1OFU	green	amber_af	4	1.74	0.48	98.33	0.62	0.43	0	0.0107	1.664
1OFU	green	amber_boltz	0	2.06	0.0	98.81	0.0	0.48	0	0.0109	1.7013
1OFU	green	amber_boltz	1	2.22	0.0	98.33	0.0	0.5	0	0.011	1.6925
1OFU	green	amber_boltz	2	1.9	0.0	98.57	0.31	0.45	0	0.0111	1.6924
1OFU	green	amber_boltz	3	2.69	0.24	98.57	0.62	0.56	0	0.0109	1.7274
1OFU	green	amber_boltz	4	1.74	0.0	98.81	0.31	0.43	0	0.0111	1.7009
1OPH	green	crystal	0	8.78	0.51	96.63	1.41	1.3	0	0.0078	1.4735
1OPH	green	af_relaxed	0	1.52	0.17	97.47	1.37	0.6	0	0.0116	1.7133
1OPH	green	af_relaxed	1	0.54	0.0	97.81	0.78	0.23	0	0.0116	1.6805
1OPH	green	af_relaxed	2	1.2	0.0	97.98	0.59	0.34	0	0.0117	1.7156
1OPH	green	af_relaxed	3	1.63	0.17	97.98	0.2	0.42	0	0.0116	1.7126
1OPH	green	af_relaxed	4	1.3	0.0	97.81	0.78	0.4	0	0.0116	1.7317
1OPH	green	af_unrelaxed	0	19.92	0.67	97.47	2.54	1.71	0	0.0198	1.9311
1OPH	green	af_unrelaxed	1	15.23	0.67	96.8	0.59	1.38	0	0.0184	1.6205
1OPH	green	af_unrelaxed	2	21.67	0.34	97.81	0.78	1.37	0	0.0215	2.0819
1OPH	green	af_unrelaxed	3	22.32	0.84	97.64	0.39	1.42	0	0.0203	1.7593
1OPH	green	af_unrelaxed	4	23.18	0.67	97.81	1.37	1.5	0	0.0238	1.759
1OPH	green	boltz	0	9.35	0.0	98.99	0.39	1.0	0	0.0107	1.1205
1OPH	green	boltz	1	11.42	0.34	98.82	0.2	1.07	0	0.0109	1.1367
1OPH	green	boltz	2	11.96	0.17	98.65	0.39	1.09	0	0.0113	1.1153
1OPH	green	boltz	3	9.03	0.0	98.99	0.0	0.98	0	0.0122	1.1427
1OPH	green	boltz	4	10.33	0.17	99.33	0.2	1.03	0	0.0114	1.1247
1OPH	green	amber_af	0	1.63	0.17	97.47	1.17	0.57	0	0.0116	1.7115
1OPH	green	amber_af	1	0.33	0.0	97.64	0.78	0.2	0	0.0116	1.6843
1OPH	green	amber_af	2	1.2	0.0	97.81	0.2	0.38	0	0.0117	1.7156
1OPH	green	amber_af	3	1.41	0.17	97.81	0.2	0.42	0	0.0116	1.7155
1OPH	green	amber_af	4	1.09	0.0	97.64	0.78	0.39	0	0.0116	1.733
1OPH	green	amber_boltz	0	0.65	0.0	98.15	0.0	0.21	0	0.0117	1.6941
1OPH	green	amber_boltz	1	1.3	0.51	97.98	0.2	0.36	0	0.0117	1.709
1OPH	green	amber_boltz	2	1.09	0.17	98.65	0.0	0.31	0	0.0117	1.6988
1OPH	green	amber_boltz	3	0.76	0.0	98.32	0.0	0.24	0	0.0118	1.7046
1OPH	green	amber_boltz	4	1.09	0.17	98.32	0.0	0.31	0	0.0116	1.7279
1OYV	green	crystal	0	14.81	1.35	90.57	1.76	1.9	0	0.0092	1.6002
1OYV	green	af_relaxed	0	3.04	0.8	96.51	0.35	0.82	0	0.0114	1.7542
1OYV	green	af_relaxed	1	3.42	0.54	96.25	0.35	0.89	0	0.0113	1.7606
1OYV	green	af_relaxed	2	2.66	0.27	96.78	0.35	0.75	0	0.0114	1.766
1OYV	green	af_relaxed	3	2.85	0.8	95.98	0.7	0.85	0	0.0114	1.7973
1OYV	green	af_relaxed	4	4.56	0.0	95.98	0.0	1.01	1	0.0114	1.7503
1OYV	green	af_unrelaxed	0	26.97	1.88	94.37	0.35	1.8	0	0.0288	2.2073
1OYV	green	af_unrelaxed	1	31.13	1.88	94.64	1.41	1.96	0	0.037	2.3304
1OYV	green	af_unrelaxed	2	35.13	1.07	95.71	0.7	1.83	0	0.0433	2.6375
1OYV	green	af_unrelaxed	3	34.36	1.07	95.44	1.41	1.95	0	0.0297	2.6876
1OYV	green	af_unrelaxed	4	34.55	1.07	95.17	0.7	1.86	0	0.0298	2.6158
1OYV	green	boltz	0	10.62	0.27	98.12	0.0	1.04	0	0.025	1.3571
1OYV	green	boltz	1	10.45	0.27	97.59	0.0	1.13	0	0.0249	1.3488
1OYV	green	boltz	2	16.52	0.27	97.32	0.0	1.35	0	0.022	1.3647
1OYV	green	boltz	3	9.86	0.0	97.59	0.0	1.1	0	0.0252	1.5727
1OYV	green	boltz	4	19.54	0.27	97.59	0.0	1.37	0	0.0245	1.3429
1OYV	green	amber_af	0	2.85	0.8	96.25	0.35	0.83	0	0.0114	1.756
1OYV	green	amber_af	1	3.23	0.54	96.51	0.35	0.84	0	0.0114	1.7799
1OYV	green	amber_af	2	3.61	0.27	96.78	0.35	0.85	0	0.0114	1.7536
1OYV	green	amber_af	3	3.99	1.07	95.98	0.7	0.96	0	0.0114	1.7685
1OYV	green	amber_af	4	3.99	0.0	96.25	0.0	0.94	1	0.0114	1.7625
1OYV	green	amber_boltz	0	0.76	0.27	97.05	0.35	0.41	0	0.0116	1.7208
1OYV	green	amber_boltz	1	2.85	0.27	96.25	0.35	0.83	1	0.0115	1.7777
1OYV	green	amber_boltz	2	1.71	0.27	95.71	0.7	0.72	1	0.0115	1.7148
1OYV	green	amber_boltz	3	1.33	0.0	97.32	0.0	0.49	0	0.0115	1.7151
1OYV	green	amber_boltz	4	1.52	0.0	97.32	0.0	0.52	0	0.0116	1.7388
1PPE	green	af_relaxed	0	0.55	0.4	96.36	0.48	0.43	0	0.0114	1.6766
1PPE	green	af_relaxed	1	0.82	0.4	96.36	0.48	0.5	0	0.0113	1.6765
1PPE	green	af_relaxed	2	0.55	0.4	96.36	0.48	0.43	0	0.0114	1.6835
1PPE	green	af_relaxed	3	0.55	0.4	97.17	0.48	0.34	0	0.0115	1.6847
1PPE	green	af_relaxed	4	0.27	0.0	96.36	0.48	0.35	0	0.0114	1.6691
1PPE	green	af_unrelaxed	0	9.08	0.4	97.57	0.96	1.07	0	0.02	1.5498
1PPE	green	af_unrelaxed	1	12.65	0.0	97.57	0.0	1.2	0	0.023	1.6096
1PPE	green	af_unrelaxed	2	12.1	0.4	97.98	0.0	1.1	0	0.0194	1.5909
1PPE	green	af_unrelaxed	3	7.44	0.4	97.98	0.0	0.91	0	0.0197	1.6131
1PPE	green	af_unrelaxed	4	11.28	0.0	97.57	0.0	1.16	0	0.0177	1.5907
1PPE	green	boltz	0	4.67	0.4	97.57	0.0	0.83	0	0.0139	1.2049
1PPE	green	boltz	1	7.7	0.0	97.98	0.0	0.93	0	0.0134	1.2425
1PPE	green	boltz	2	7.42	0.0	97.57	0.0	1.0	0	0.0144	1.2241
1PPE	green	boltz	3	4.12	0.0	97.98	0.0	0.7	0	0.0141	1.2579
1PPE	green	boltz	4	4.12	0.4	97.98	0.0	0.7	0	0.0132	1.226
1PPE	green	amber_af	0	0.55	0.4	96.36	0.48	0.43	0	0.0114	1.6768
1PPE	green	amber_af	1	0.27	0.4	96.36	0.48	0.35	0	0.0113	1.6806
1PPE	green	amber_af	2	0.82	0.4	96.36	0.48	0.5	0	0.0114	1.6815
1PPE	green	amber_af	3	0.55	0.4	97.17	0.48	0.34	0	0.0115	1.6892
1PPE	green	amber_af	4	0.27	0.0	96.36	0.48	0.35	0	0.0114	1.6734
1PPE	green	amber_boltz	0	0.27	0.4	96.76	0.0	0.3	0	0.0112	1.6974
1PPE	green	amber_boltz	1	0.82	0.4	96.76	0.48	0.46	0	0.0117	1.7
1PPE	green	amber_boltz	2	0.82	0.4	97.57	0.0	0.35	0	0.0114	1.6824
1PPE	green	amber_boltz	3	0.55	0.4	97.57	0.48	0.28	0	0.0117	1.6871
1PPE	green	amber_boltz	4	0.27	0.4	97.57	0.48	0.19	0	0.0117	1.6986
1PVH	green	crystal	0	18.35	2.19	92.6	9.29	2.46	0	0.0118	1.6929
1PVH	green	af_relaxed	0	0.86	0.0	99.18	0.3	0.26	0	0.0117	1.711
1PVH	green	af_relaxed	1	0.69	0.0	99.18	0.3	0.22	0	0.0117	1.7143
1PVH	green	af_relaxed	2	0.51	0.0	98.9	0.3	0.18	0	0.0116	1.6915
1PVH	green	af_relaxed	3	0.86	0.0	98.08	0.3	0.26	0	0.0116	1.6856
1PVH	green	af_relaxed	4	0.86	0.0	99.18	0.3	0.26	0	0.0117	1.7064
1PVH	green	af_unrelaxed	0	16.8	0.27	99.18	0.0	1.23	0	0.0251	1.7032
1PVH	green	af_unrelaxed	1	18.68	0.0	98.63	0.0	1.27	0	0.0217	1.7309
1PVH	green	af_unrelaxed	2	16.28	0.27	98.36	0.3	1.21	0	0.0258	1.6863
1PVH	green	af_unrelaxed	3	18.51	0.82	98.36	0.0	1.27	0	0.0244	1.6864
1PVH	green	af_unrelaxed	4	17.83	0.27	98.08	0.0	1.25	0	0.0207	1.6986
1PVH	green	boltz	0	10.29	0.0	99.45	0.3	1.03	0	0.0178	1.3284
1PVH	green	boltz	1	11.83	0.0	99.45	0.0	1.09	0	0.0176	1.3621
1PVH	green	boltz	2	9.43	0.0	99.18	0.3	1.0	0	0.017	1.3131
1PVH	green	boltz	3	12.86	0.0	99.18	0.0	1.12	0	0.016	1.325
1PVH	green	boltz	4	9.95	0.0	99.45	0.0	1.02	0	0.0149	1.2546
1PVH	green	amber_af	0	1.37	0.0	98.9	0.3	0.37	0	0.0117	1.7111
1PVH	green	amber_af	1	0.69	0.0	99.18	0.3	0.22	0	0.0116	1.7114
1PVH	green	amber_af	2	0.69	0.0	98.9	0.3	0.22	0	0.0116	1.6937
1PVH	green	amber_af	3	0.86	0.0	98.36	0.3	0.26	0	0.0116	1.6884
1PVH	green	amber_af	4	1.03	0.0	98.9	0.3	0.3	0	0.0116	1.7022
1PVH	green	amber_boltz	0	1.54	0.0	98.63	0.0	0.4	0	0.0118	1.7228
1PVH	green	amber_boltz	1	0.51	0.0	98.9	0.0	0.18	0	0.0118	1.7341
1PVH	green	amber_boltz	2	0.69	0.0	99.18	0.3	0.22	0	0.0117	1.7106
1PVH	green	amber_boltz	3	0.86	0.0	99.18	0.0	0.26	0	0.0118	1.7421
1PVH	green	amber_boltz	4	0.17	0.0	99.45	0.0	0.07	0	0.0117	1.7239
1PXV	green	crystal	0	3.93	0.0	96.88	3.4	1.27	0	0.0209	1.6875
1PXV	green	af_relaxed	0	0.0	0.35	96.18	0.38	0.26	1	0.0117	1.6625
1PXV	green	af_relaxed	1	0.22	0.35	96.53	0.38	0.31	1	0.0118	1.6734
1PXV	green	af_relaxed	2	0.22	0.35	95.49	0.0	0.4	1	0.0118	1.6692
1PXV	green	af_relaxed	3	1.08	0.0	96.88	0.0	0.5	0	0.0118	1.6768
1PXV	green	af_relaxed	4	0.65	0.35	95.83	0.0	0.5	1	0.0116	1.6533
1PXV	green	af_unrelaxed	0	13.57	2.43	95.49	1.13	1.5	0	0.0162	1.5183
1PXV	green	af_unrelaxed	1	15.3	2.08	96.18	0.0	1.45	0	0.0149	1.4667
1PXV	green	af_unrelaxed	2	14.21	2.43	94.79	0.0	1.52	0	0.0154	1.6513
1PXV	green	af_unrelaxed	3	16.58	1.74	95.49	0.38	1.54	0	0.0155	1.463
1PXV	green	af_unrelaxed	4	16.15	2.43	94.79	0.75	1.57	0	0.0187	1.6211
1PXV	green	boltz	0	12.27	0.35	98.61	0.0	1.1	0	0.01	1.0129
1PXV	green	boltz	1	17.01	0.35	98.26	0.0	1.23	0	0.0105	1.0293
1PXV	green	boltz	2	10.55	0.35	98.61	0.38	1.04	0	0.0103	1.007
1PXV	green	boltz	3	13.56	0.35	98.96	0.0	1.14	0	0.0102	1.0149
1PXV	green	boltz	4	14.21	0.35	98.26	0.38	1.16	0	0.0109	1.0232
1PXV	green	amber_af	0	0.22	0.35	96.18	0.38	0.34	1	0.0117	1.6753
1PXV	green	amber_af	1	0.43	0.35	96.53	0.38	0.38	1	0.0118	1.6753
1PXV	green	amber_af	2	0.0	0.35	95.49	0.0	0.31	1	0.0118	1.6663
1PXV	green	amber_af	3	1.29	0.0	96.88	0.0	0.54	1	0.0117	1.6754
1PXV	green	amber_af	4	0.65	0.35	95.83	0.0	0.5	1	0.0116	1.6562
1PXV	green	amber_boltz	0	0.43	0.35	97.92	0.38	0.17	0	0.012	1.6874
1PXV	green	amber_boltz	1	1.08	0.35	97.22	0.0	0.46	0	0.0117	1.727
1PXV	green	amber_boltz	2	0.86	0.35	97.92	0.0	0.28	0	0.0118	1.6864
1PXV	green	amber_boltz	3	1.08	0.35	98.26	0.0	0.31	0	0.0118	1.686
1PXV	green	amber_boltz	4	1.08	0.35	97.22	0.0	0.46	0	0.0116	1.6853
1QA9	green	crystal	0	33.46	10.36	71.5	21.86	3.35	0	0.009	1.5279
1QA9	green	af_relaxed	0	2.17	0.0	97.41	0.0	0.61	0	0.0118	1.7061
1QA9	green	af_relaxed	1	1.55	0.0	97.93	0.0	0.42	0	0.0117	1.6773
1QA9	green	af_relaxed	2	1.24	0.0	97.41	0.0	0.46	0	0.0118	1.6943
1QA9	green	af_relaxed	3	0.93	0.0	96.37	0.55	0.52	0	0.0116	1.6684
1QA9	green	af_relaxed	4	1.86	0.0	97.93	0.55	0.46	0	0.0117	1.6741
1QA9	green	af_unrelaxed	0	17.99	0.52	96.37	0.0	1.5	0	0.0174	1.4345
1QA9	green	af_unrelaxed	1	12.72	0.0	97.41	0.0	1.23	0	0.024	1.5048
1QA9	green	af_unrelaxed	2	23.25	0.0	97.93	1.64	1.54	0	0.018	1.4829
1QA9	green	af_unrelaxed	3	19.53	0.52	97.41	0.55	1.4	0	0.0155	1.5643
1QA9	green	af_unrelaxed	4	24.18	0.0	97.41	0.55	1.49	0	0.0184	1.5243
1QA9	green	boltz	0	9.92	0.0	96.89	0.55	1.2	0	0.0116	1.1044
1QA9	green	boltz	1	9.92	0.0	96.89	0.0	1.2	0	0.0111	1.1046
1QA9	green	boltz	2	6.52	0.0	96.89	0.0	1.05	0	0.0112	1.1488
1QA9	green	boltz	3	11.16	0.0	96.89	0.0	1.25	0	0.0115	1.0814
1QA9	green	boltz	4	7.45	0.0	96.89	0.55	1.1	0	0.0113	1.102
1QA9	green	amber_af	0	2.17	0.0	97.41	0.0	0.61	0	0.0119	1.7226
1QA9	green	amber_af	1	0.93	0.0	97.93	0.0	0.3	0	0.0117	1.6881
1QA9	green	amber_af	2	0.93	0.0	97.41	0.0	0.4	0	0.0118	1.6834
1QA9	green	amber_af	3	0.93	0.0	96.37	0.55	0.52	0	0.0116	1.6678
1QA9	green	amber_af	4	1.55	0.0	97.93	0.55	0.42	0	0.0117	1.6786
1QA9	green	amber_boltz	0	1.55	0.0	96.37	0.0	0.64	0	0.0117	1.6896
1QA9	green	amber_boltz	1	0.93	0.0	96.89	0.0	0.47	0	0.0119	1.6736
1QA9	green	amber_boltz	2	0.62	0.0	96.89	0.55	0.39	0	0.012	1.7077
1QA9	green	amber_boltz	3	1.55	0.0	97.41	0.55	0.51	0	0.0118	1.6855
1QA9	green	amber_boltz	4	0.62	0.0	96.89	0.55	0.39	0	0.0117	1.6633
1R0R	green	crystal	0	0.67	0.0	97.82	1.24	0.33	0	0.0168	1.5761
1R0R	green	af_relaxed	0	0.22	0.0	97.51	1.23	0.25	0	0.0112	1.7049
1R0R	green	af_relaxed	1	0.22	0.0	97.51	0.0	0.18	0	0.0114	1.7079
1R0R	green	af_relaxed	2	0.44	0.0	97.51	0.0	0.26	0	0.0113	1.704
1R0R	green	af_relaxed	3	0.66	0.0	97.51	0.0	0.32	0	0.0111	1.6988
1R0R	green	af_relaxed	4	0.66	0.0	97.2	0.0	0.36	0	0.0112	1.6791
1R0R	green	af_unrelaxed	0	12.54	0.0	98.44	1.65	1.27	0	0.0186	1.4274
1R0R	green	af_unrelaxed	1	11.44	0.0	98.13	0.0	1.07	0	0.018	1.4954
1R0R	green	af_unrelaxed	2	11.43	0.0	98.13	0.0	1.07	0	0.0209	1.4753
1R0R	green	af_unrelaxed	3	9.89	0.0	98.13	0.0	1.02	0	0.0242	1.5144
1R0R	green	af_unrelaxed	4	9.89	0.0	98.44	0.0	1.02	0	0.0196	1.4504
1R0R	green	boltz	0	5.06	0.0	98.44	0.0	0.77	0	0.0106	1.1682
1R0R	green	boltz	1	3.52	0.0	98.13	0.0	0.64	0	0.0107	1.1444
1R0R	green	boltz	2	5.06	0.0	98.44	0.0	0.77	0	0.0106	1.1714
1R0R	green	boltz	3	4.4	0.0	98.44	0.0	0.72	0	0.0104	1.1597
1R0R	green	boltz	4	3.96	0.0	98.13	0.0	0.68	0	0.0104	1.1701
1R0R	green	amber_af	0	0.22	0.0	97.51	1.23	0.25	0	0.0112	1.7059
1R0R	green	amber_af	1	0.22	0.0	97.51	0.0	0.18	0	0.0113	1.7047
1R0R	green	amber_af	2	0.44	0.0	97.82	0.0	0.2	0	0.0113	1.6986
1R0R	green	amber_af	3	0.66	0.0	97.51	0.0	0.32	0	0.0111	1.6943
1R0R	green	amber_af	4	0.44	0.0	97.51	0.0	0.26	0	0.0112	1.6912
1R0R	green	amber_boltz	0	0.44	0.0	98.13	0.0	0.16	0	0.0114	1.714
1R0R	green	amber_boltz	1	0.66	0.0	97.51	0.0	0.32	0	0.0114	1.6968
1R0R	green	amber_boltz	2	0.44	0.0	97.82	0.0	0.2	1	0.0114	1.7062
1R0R	green	amber_boltz	3	0.22	0.0	98.13	0.0	0.08	0	0.0115	1.717
1R0R	green	amber_boltz	4	0.0	0.0	97.82	0.0	0.04	0	0.0116	1.7024
1R6Q	green	crystal	0	0.83	0.0	99.55	1.51	0.39	1	0.0165	1.3673
1R6Q	green	af_relaxed	0	0.83	0.0	98.66	0.0	0.26	0	0.0114	1.6677
1R6Q	green	af_relaxed	1	0.28	0.0	99.55	0.5	0.1	0	0.0114	1.6772
1R6Q	green	af_relaxed	2	1.38	0.0	98.21	0.0	0.37	0	0.0113	1.655
1R6Q	green	af_relaxed	3	0.28	0.0	99.11	0.5	0.1	0	0.0114	1.6715
1R6Q	green	af_relaxed	4	1.1	0.0	98.66	1.01	0.32	0	0.0113	1.6754
1R6Q	green	af_unrelaxed	0	10.22	0.0	99.11	1.01	1.03	0	0.0151	1.3371
1R6Q	green	af_unrelaxed	1	10.49	0.0	98.66	0.5	1.04	0	0.0205	1.3742
1R6Q	green	af_unrelaxed	2	13.8	0.45	98.66	0.5	1.15	0	0.016	1.4497
1R6Q	green	af_unrelaxed	3	7.18	0.0	99.11	0.5	0.9	0	0.017	1.3624
1R6Q	green	af_unrelaxed	4	12.14	0.45	98.66	3.02	1.46	0	0.0174	1.3699
1R6Q	green	boltz	0	7.73	0.0	100.0	0.0	0.92	0	0.0147	1.0209
1R6Q	green	boltz	1	7.45	0.0	100.0	0.5	0.91	0	0.0104	1.051
1R6Q	green	boltz	2	9.94	0.0	100.0	0.0	1.02	0	0.01	1.0142
1R6Q	green	boltz	3	7.73	0.0	100.0	0.0	0.92	0	0.0102	1.0281
1R6Q	green	boltz	4	9.38	0.0	100.0	0.0	1.0	0	0.0097	1.0205
1R6Q	green	amber_af	0	0.55	0.0	98.21	0.5	0.19	1	0.0114	1.7164
1R6Q	green	amber_af	1	0.55	0.0	99.55	0.5	0.19	0	0.0114	1.6737
1R6Q	green	amber_af	2	1.1	0.0	98.21	0.0	0.32	0	0.0113	1.6573
1R6Q	green	amber_af	3	0.28	0.0	99.55	0.5	0.1	0	0.0114	1.6709
1R6Q	green	amber_af	4	1.38	0.0	98.66	1.01	0.37	0	0.0113	1.6771
1R6Q	green	amber_boltz	0	0.55	0.0	98.66	0.0	0.19	0	0.0114	1.7163
1R6Q	green	amber_boltz	1	0.83	0.0	99.11	0.5	0.26	1	0.0115	1.7024
1R6Q	green	amber_boltz	2	0.55	0.0	98.66	0.0	0.19	0	0.0116	1.7122
1R6Q	green	amber_boltz	3	0.83	0.0	98.66	0.0	0.26	0	0.0114	1.7067
1R6Q	green	amber_boltz	4	0.55	0.0	98.66	0.5	0.19	0	0.0116	1.7162
1R8S	green	crystal	0	2.68	0.0	99.13	1.98	0.78	0	0.0157	1.4012
1R8S	green	af_relaxed	0	2.32	0.0	98.25	0.99	0.51	1	0.0118	1.6952
1R8S	green	af_relaxed	1	2.5	0.29	98.83	0.99	0.53	0	0.0117	1.6738
1R8S	green	af_relaxed	2	3.39	0.29	98.25	1.32	0.72	0	0.0118	1.6897
1R8S	green	af_relaxed	3	2.86	0.0	98.83	0.33	0.57	0	0.0118	1.6776
1R8S	green	af_relaxed	4	5.71	0.29	97.96	0.0	0.82	0	0.0117	1.6889
1R8S	green	af_unrelaxed	0	23.06	0.87	98.83	0.99	1.35	0	0.0169	1.534
1R8S	green	af_unrelaxed	1	24.1	0.87	97.38	0.99	1.49	0	0.0285	1.58
1R8S	green	af_unrelaxed	2	28.75	0.58	97.96	0.66	1.46	0	0.0251	1.525
1R8S	green	af_unrelaxed	3	23.59	1.17	98.25	0.0	1.36	0	0.0222	1.612
1R8S	green	af_unrelaxed	4	29.67	0.29	97.67	0.33	1.53	0	0.0192	1.5292
1R8S	green	boltz	0	15.54	0.0	100.0	0.0	1.2	0	0.01	1.0325
1R8S	green	boltz	1	13.04	0.0	100.0	0.33	1.13	0	0.0103	1.0257
1R8S	green	boltz	2	17.14	0.0	99.71	0.0	1.23	0	0.0108	1.0607
1R8S	green	boltz	3	18.57	0.0	100.0	0.33	1.27	0	0.0101	1.0281
1R8S	green	boltz	4	19.46	0.0	99.71	0.33	1.29	0	0.0103	1.0497
1R8S	green	amber_af	0	2.86	0.29	98.25	0.99	0.57	1	0.0118	1.6909
1R8S	green	amber_af	1	2.32	0.29	98.83	0.99	0.51	0	0.0117	1.6768
1R8S	green	amber_af	2	3.93	0.0	98.25	0.99	0.68	0	0.0118	1.6838
1R8S	green	amber_af	3	3.21	0.0	98.83	0.33	0.61	0	0.0118	1.6764
1R8S	green	amber_af	4	6.07	0.29	97.67	0.0	0.9	0	0.0118	1.6871
1R8S	green	amber_boltz	0	1.96	0.0	98.25	0.0	0.46	0	0.012	1.6764
1R8S	green	amber_boltz	1	1.25	0.0	98.83	0.33	0.35	0	0.0119	1.6931
1R8S	green	amber_boltz	2	1.07	0.0	98.54	0.33	0.31	0	0.0118	1.6917
1R8S	green	amber_boltz	3	1.96	0.0	99.13	0.0	0.46	0	0.0119	1.6943
1R8S	green	amber_boltz	4	1.78	0.0	99.13	0.33	0.44	0	0.0119	1.7203
1RKE	green	crystal	0	26.73	0.23	96.06	14.44	2.57	0	0.0117	1.4783
1RKE	green	af_relaxed	0	1.87	0.0	99.08	1.31	0.54	1	0.0113	1.7194
1RKE	green	af_relaxed	1	1.44	0.0	98.85	0.79	0.38	1	0.0112	1.7201
1RKE	green	af_relaxed	2	1.01	0.0	98.85	0.26	0.3	1	0.0111	1.7374
1RKE	green	af_relaxed	3	2.15	0.0	99.08	0.52	0.49	0	0.0112	1.711
1RKE	green	af_relaxed	4	1.87	0.23	98.85	0.79	0.45	0	0.0112	1.7429
1RKE	green	af_unrelaxed	0	15.4	0.92	97.93	0.79	1.21	0	0.0198	1.5132
1RKE	green	af_unrelaxed	1	16.84	0.69	97.93	0.79	1.25	0	0.0227	1.5333
1RKE	green	af_unrelaxed	2	18.42	0.92	98.62	0.79	1.26	0	0.0191	1.5215
1RKE	green	af_unrelaxed	3	14.38	0.69	98.39	1.05	1.18	0	0.0197	1.4461
1RKE	green	af_unrelaxed	4	17.54	1.15	97.7	1.05	1.33	0	0.0186	1.5059
1RKE	green	boltz	0	17.39	0.46	99.31	0.26	1.24	0	0.0114	1.0825
1RKE	green	boltz	1	17.96	0.23	99.77	0.26	1.25	0	0.0119	1.0857
1RKE	green	boltz	2	25.01	0.0	100.0	0.0	1.39	0	0.0132	1.0588
1RKE	green	boltz	3	17.82	0.0	100.0	0.0	1.25	0	0.0117	1.0785
1RKE	green	boltz	4	20.84	0.0	99.54	0.26	1.31	0	0.0111	1.0593
1RKE	green	amber_af	0	2.01	0.0	99.08	1.31	0.56	1	0.0113	1.7129
1RKE	green	amber_af	1	1.87	0.0	99.08	0.79	0.45	1	0.0112	1.7197
1RKE	green	amber_af	2	1.44	0.0	98.85	0.26	0.38	1	0.0111	1.7357
1RKE	green	amber_af	3	2.15	0.0	99.08	0.52	0.49	0	0.0112	1.7045
1RKE	green	amber_af	4	2.01	0.23	98.85	0.52	0.47	0	0.0112	1.7455
1RKE	green	amber_boltz	0	1.87	0.46	99.31	0.26	0.45	0	0.0113	1.7479
1RKE	green	amber_boltz	1	2.44	0.23	98.85	0.26	0.53	0	0.0114	1.7927
1RKE	green	amber_boltz	2	4.17	0.0	99.54	0.0	0.7	0	0.0113	1.8008
1RKE	green	amber_boltz	3	2.15	0.0	99.77	0.0	0.49	0	0.0113	1.7812
1RKE	green	amber_boltz	4	1.72	0.0	99.54	0.0	0.43	0	0.0114	1.7827
1RLB	green	af_relaxed	0	1.88	0.0	98.28	0.57	0.45	0	0.0118	1.6635
1RLB	green	af_relaxed	1	0.94	0.0	97.78	0.29	0.33	0	0.0119	1.6532
1RLB	green	af_relaxed	2	0.31	0.25	97.78	0.0	0.16	0	0.0117	1.6376
1RLB	green	af_relaxed	3	2.66	0.0	98.28	0.29	0.55	0	0.0118	1.6537
1RLB	green	af_relaxed	4	2.19	0.25	97.54	0.86	0.59	0	0.0115	1.6669
1RLB	green	af_unrelaxed	0	16.28	0.49	97.54	1.15	1.35	0	0.0241	1.6549
1RLB	green	af_unrelaxed	1	14.08	0.49	97.54	0.57	1.25	0	0.0194	1.6319
1RLB	green	af_unrelaxed	2	13.76	0.25	97.54	0.0	1.24	0	0.02	1.7465
1RLB	green	af_unrelaxed	3	21.42	0.49	97.78	0.86	1.37	0	0.0203	1.6313
1RLB	green	af_unrelaxed	4	23.63	0.25	97.54	2.01	1.69	0	0.0222	1.732
1RLB	green	boltz	0	18.77	0.25	98.28	0.29	1.27	0	0.0132	1.1619
1RLB	green	boltz	1	19.4	0.25	98.52	0.29	1.28	0	0.0132	1.1753
1RLB	green	boltz	2	13.61	0.25	98.03	0.29	1.14	0	0.0118	1.1774
1RLB	green	boltz	3	19.24	0.25	98.03	0.29	1.28	0	0.0141	1.1734
1RLB	green	boltz	4	17.06	0.0	97.54	0.0	1.33	0	0.0128	1.1391
1RLB	green	amber_af	0	2.03	0.0	98.03	0.57	0.47	0	0.0118	1.6665
1RLB	green	amber_af	1	1.09	0.0	97.78	0.29	0.36	0	0.0119	1.6549
1RLB	green	amber_af	2	0.47	0.25	97.78	0.0	0.21	0	0.0117	1.6319
1RLB	green	amber_af	3	2.97	0.0	98.03	0.57	0.59	0	0.0118	1.6554
1RLB	green	amber_af	4	2.03	0.25	97.54	0.86	0.57	0	0.0115	1.6672
1RLB	green	amber_boltz	0	2.66	0.25	98.52	0.57	0.55	0	0.0118	1.7571
1RLB	green	amber_boltz	1	2.5	0.0	98.52	0.29	0.53	1	0.0117	1.7286
1RLB	green	amber_boltz	2	1.09	0.25	98.28	0.86	0.31	1	0.0117	1.6924
1RLB	green	amber_boltz	3	1.56	0.25	97.78	0.29	0.45	0	0.0116	1.7242
1RLB	green	amber_boltz	4	4.22	0.25	97.54	0.57	0.8	2	0.0119	1.7525
1RV6	green	crystal	0	6.43	1.1	92.82	6.4	1.92	0	0.0135	1.8382
1RV6	green	af_relaxed	0	4.4	0.0	96.69	0.58	0.93	1	0.0113	1.6755
1RV6	green	af_relaxed	1	1.35	0.0	97.24	0.58	0.51	0	0.0113	1.6289
1RV6	green	af_relaxed	2	2.03	0.0	97.79	0.0	0.52	0	0.0112	1.6337
1RV6	green	af_relaxed	3	2.37	0.0	97.79	0.58	0.57	0	0.0113	1.6484
1RV6	green	af_relaxed	4	3.05	0.0	96.69	0.58	0.81	0	0.0113	1.6485
1RV6	green	af_unrelaxed	0	26.07	0.0	97.24	1.74	1.73	0	0.025	1.8304
1RV6	green	af_unrelaxed	1	13.87	0.0	97.24	0.58	1.29	0	0.0249	2.0354
1RV6	green	af_unrelaxed	2	19.63	0.55	96.69	0.58	1.5	0	0.0228	1.9711
1RV6	green	af_unrelaxed	3	22.67	0.0	97.79	0.0	1.4	0	0.0208	1.8879
1RV6	green	af_unrelaxed	4	32.17	0.0	97.24	0.58	1.63	0	0.0194	1.8375
1RV6	green	boltz	0	7.79	0.0	99.45	0.58	0.93	0	0.0147	1.2474
1RV6	green	boltz	1	8.8	0.0	99.45	1.16	1.02	0	0.0132	1.2155
1RV6	green	boltz	2	8.47	0.0	99.45	0.0	0.96	0	0.0136	1.2078
1RV6	green	boltz	3	9.82	0.0	99.45	0.0	1.01	0	0.0143	1.2102
1RV6	green	boltz	4	8.13	0.0	98.9	0.58	0.94	0	0.0138	1.236
1RV6	green	amber_af	0	4.4	0.0	96.69	0.58	0.93	1	0.0113	1.6722
1RV6	green	amber_af	1	1.35	0.0	96.69	0.58	0.57	0	0.0113	1.6303
1RV6	green	amber_af	2	2.37	0.0	97.79	0.0	0.57	0	0.0112	1.6228
1RV6	green	amber_af	3	2.71	0.0	96.69	0.58	0.77	0	0.0113	1.6529
1RV6	green	amber_af	4	3.05	0.0	97.24	0.58	0.74	0	0.0113	1.6531
1RV6	green	amber_boltz	0	0.68	0.0	97.24	0.0	0.36	0	0.0112	1.6393
1RV6	green	amber_boltz	1	0.68	0.0	97.79	0.58	0.27	0	0.0115	1.6385
1RV6	green	amber_boltz	2	0.34	0.0	96.13	0.0	0.39	0	0.0114	1.6477
1RV6	green	amber_boltz	3	0.68	0.0	98.34	0.0	0.22	0	0.0115	1.6421
1RV6	green	amber_boltz	4	0.68	0.0	97.79	0.0	0.27	0	0.0116	1.6498
1S1Q	green	crystal	0	2.07	0.51	98.98	7.22	1.13	2	0.0132	1.6053
1S1Q	green	af_relaxed	0	4.73	0.49	97.55	1.55	0.98	1	0.0118	1.7409
1S1Q	green	af_relaxed	1	4.73	0.0	98.04	0.52	0.74	1	0.012	1.7787
1S1Q	green	af_relaxed	2	5.32	0.49	98.53	0.52	0.79	0	0.0119	1.7729
1S1Q	green	af_relaxed	3	5.32	0.49	99.51	1.03	0.8	0	0.0118	1.7643
1S1Q	green	af_relaxed	4	7.97	0.49	98.04	2.06	1.17	0	0.0119	1.8071
1S1Q	green	af_unrelaxed	0	40.82	0.98	94.61	1.03	1.97	0	0.0191	1.7705
1S1Q	green	af_unrelaxed	1	37.85	0.0	96.57	1.55	1.92	0	0.0187	1.9456
1S1Q	green	af_unrelaxed	2	29.88	2.45	95.1	1.03	1.81	0	0.025	1.8278
1S1Q	green	af_unrelaxed	3	42.26	1.47	98.04	1.55	1.75	0	0.0228	1.6599
1S1Q	green	af_unrelaxed	4	43.21	1.47	95.1	3.09	2.33	0	0.0224	1.9844
1S1Q	green	boltz	0	20.99	0.49	98.53	0.52	1.32	0	0.0123	1.2101
1S1Q	green	boltz	1	22.75	0.98	98.04	0.52	1.35	0	0.0105	1.2242
1S1Q	green	boltz	2	41.97	0.49	98.04	0.0	1.6	0	0.0148	1.2583
1S1Q	green	boltz	3	33.1	0.49	97.06	0.0	1.67	0	0.0137	1.1967
1S1Q	green	boltz	4	19.21	0.49	98.53	0.0	1.28	0	0.0107	1.2393
1S1Q	green	amber_af	0	5.32	0.49	98.04	1.55	0.93	1	0.0118	1.7364
1S1Q	green	amber_af	1	5.02	0.0	98.04	0.52	0.76	1	0.0119	1.7758
1S1Q	green	amber_af	2	4.73	0.49	98.04	0.52	0.74	0	0.0118	1.7575
1S1Q	green	amber_af	3	6.2	0.49	99.51	1.03	0.85	0	0.0119	1.7631
1S1Q	green	amber_af	4	6.2	0.49	98.04	2.06	1.08	0	0.0118	1.8167
1S1Q	green	amber_boltz	0	2.66	0.49	97.55	0.0	0.65	0	0.012	1.759
1S1Q	green	amber_boltz	1	1.77	1.47	96.57	0.52	0.66	0	0.0122	1.7671
1S1Q	green	amber_boltz	2	2.95	0.49	96.57	0.52	0.81	0	0.0119	1.8523
1S1Q	green	amber_boltz	3	5.02	0.49	95.1	0.52	1.11	0	0.012	1.8766
1S1Q	green	amber_boltz	4	2.07	0.98	96.57	0.52	0.7	0	0.012	1.7584
1S78	green	crystal	0	8.37	1.42	89.83	20.63	2.51	0	0.0099	1.6981
1S78	green	af_relaxed	0	1.87	0.61	96.85	1.17	0.69	1	0.012	1.8175
1S78	green	af_relaxed	1	1.61	0.0	97.36	2.58	0.84	2	0.0113	1.7286
1S78	green	af_relaxed	2	2.61	0.2	97.06	1.88	0.92	4	0.0113	1.746
1S78	green	af_relaxed	3	7.1	0.51	96.85	1.17	1.13	7	0.0119	1.8819
1S78	green	af_relaxed	4	8.7	1.12	93.91	2.23	1.64	18	0.0241	2.3125
1S78	green	af_unrelaxed	0	21.71	0.3	96.55	0.35	1.55	0	0.0243	1.8873
1S78	green	af_unrelaxed	1	24.71	0.2	96.95	5.04	2.1	0	0.0276	1.9013
1S78	green	af_unrelaxed	2	22.84	0.41	96.75	2.7	1.88	0	0.0276	1.8841
1S78	green	af_unrelaxed	3	26.88	0.2	96.95	0.82	1.6	0	0.0252	1.8605
1S78	green	af_unrelaxed	4	46.5	0.3	96.75	0.82	1.85	0	0.0289	1.9784
1S78	green	boltz	0	14.73	0.0	98.17	0.0	1.17	0	0.0198	1.4358
1S78	green	boltz	1	15.4	0.1	97.97	0.12	1.2	0	0.0197	1.472
1S78	green	boltz	2	16.81	0.0	98.17	0.35	1.23	0	0.0186	1.3728
1S78	green	boltz	3	15.0	0.1	98.07	0.23	1.18	0	0.0187	1.355
1S78	green	boltz	4	16.81	0.0	98.27	0.35	1.23	0	0.0185	1.3272
1S78	green	amber_af	0	5.29	0.41	96.75	1.29	1.07	4	0.0114	1.7651
1S78	green	amber_af	1	1.47	0.0	97.46	2.46	0.79	2	0.0113	1.7293
1S78	green	amber_af	2	2.61	0.3	96.95	1.76	0.91	6	0.0113	1.7548
1S78	green	amber_af	3	1.47	0.3	95.63	1.17	0.74	6	0.0125	1.9107
1S78	green	amber_af	4	5.49	1.22	93.6	1.76	1.4	19	0.0133	2.2342
1S78	green	amber_boltz	0	1.41	0.0	97.66	0.47	0.45	0	0.0115	1.7183
1S78	green	amber_boltz	1	1.54	0.0	97.87	0.23	0.43	2	0.0115	1.7236
1S78	green	amber_boltz	2	2.01	0.0	97.97	0.12	0.48	2	0.0115	1.7318
1S78	green	amber_boltz	3	1.54	0.1	97.56	0.7	0.49	0	0.0115	1.7188
1S78	green	amber_boltz	4	1.54	0.0	97.36	0.12	0.52	2	0.0116	1.7338
1SBB	green	crystal	0	16.08	0.48	91.83	5.77	2.28	0	0.0095	1.4642
1SBB	green	af_relaxed	0	14.54	2.09	90.49	4.37	2.19	18	0.0368	2.5711
1SBB	green	af_relaxed	1	4.61	0.7	95.36	1.54	1.2	6	0.0133	1.9647
1SBB	green	af_relaxed	2	6.05	1.39	94.43	2.83	1.55	10	0.0144	2.2012
1SBB	green	af_relaxed	3	10.65	1.4	94.87	2.83	1.74	5	0.0305	2.2235
1SBB	green	af_relaxed	4	41.75	2.8	87.88	7.2	2.85	31	0.0454	3.214
1SBB	green	af_unrelaxed	0	110.11	1.86	95.8	0.77	2.3	0	0.0474	3.1253
1SBB	green	af_unrelaxed	1	60.02	0.93	97.44	1.03	1.87	0	0.024	2.0858
1SBB	green	af_unrelaxed	2	60.89	1.17	97.44	0.51	1.87	0	0.0318	2.2945
1SBB	green	af_unrelaxed	3	61.22	0.93	96.27	1.8	2.2	0	0.0364	2.2209
1SBB	green	af_unrelaxed	4	121.55	0.93	96.04	1.54	2.46	0	0.0474	3.3809
1SBB	green	boltz	0	16.56	0.0	98.61	0.77	1.22	0	0.0123	1.1632
1SBB	green	boltz	1	16.41	0.23	97.91	0.0	1.24	0	0.0127	1.1823
1SBB	green	boltz	2	13.25	0.0	98.14	0.26	1.13	0	0.0127	1.1525
1SBB	green	boltz	3	21.9	0.7	98.38	0.26	1.33	0	0.0137	1.1374
1SBB	green	boltz	4	20.74	0.0	98.61	0.0	1.31	0	0.014	1.161
1SBB	green	amber_af	0	21.59	3.02	90.02	4.63	2.38	16	0.0455	2.6591
1SBB	green	amber_af	1	4.75	0.7	93.74	0.77	1.16	8	0.0134	1.9692
1SBB	green	amber_af	2	6.48	1.16	93.5	2.83	1.63	10	0.0144	2.2021
1SBB	green	amber_af	3	10.37	1.63	93.71	2.83	1.8	5	0.0305	2.1894
1SBB	green	amber_af	4	35.85	3.73	87.41	8.23	2.84	23	0.0458	3.1397
1SBB	green	amber_boltz	0	1.58	0.0	98.38	0.26	0.4	0	0.0123	1.6908
1SBB	green	amber_boltz	1	1.01	0.0	97.45	0.0	0.41	0	0.0123	1.6665
1SBB	green	amber_boltz	2	1.15	0.0	98.14	0.26	0.33	0	0.0123	1.6816
1SBB	green	amber_boltz	3	2.88	0.7	97.22	0.26	0.72	1	0.0121	1.7263
1SBB	green	amber_boltz	4	0.86	0.0	97.91	0.0	0.29	0	0.0122	1.697
1SYX	green	crystal	0	5.42	0.52	97.4	6.82	1.54	0	0.0284	2.4724
1SYX	green	af_relaxed	0	0.32	0.0	99.48	0.0	0.12	0	0.0123	1.6226
1SYX	green	af_relaxed	1	0.63	0.0	98.96	0.0	0.21	0	0.0122	1.6303
1SYX	green	af_relaxed	2	0.63	0.0	98.96	0.0	0.21	0	0.0122	1.6294
1SYX	green	af_relaxed	3	0.63	0.0	99.48	0.0	0.21	0	0.0122	1.6194
1SYX	green	af_relaxed	4	0.63	0.0	98.96	0.0	0.21	0	0.0122	1.622
1SYX	green	af_unrelaxed	0	6.94	0.0	100.0	0.0	0.88	0	0.016	1.3795
1SYX	green	af_unrelaxed	1	11.68	0.0	100.0	0.0	1.08	0	0.015	1.3272
1SYX	green	af_unrelaxed	2	10.73	0.0	100.0	0.0	1.05	0	0.0164	1.3868
1SYX	green	af_unrelaxed	3	10.73	0.0	100.0	0.0	1.05	0	0.0178	1.4466
1SYX	green	af_unrelaxed	4	10.73	0.0	100.0	0.0	1.05	0	0.0207	1.4387
1SYX	green	boltz	0	7.9	0.0	100.0	0.0	0.93	0	0.0119	1.0515
1SYX	green	boltz	1	15.78	0.0	100.0	0.0	1.2	0	0.0122	1.0499
1SYX	green	boltz	2	14.84	0.0	100.0	0.0	1.18	0	0.013	1.0636
1SYX	green	boltz	3	13.57	0.0	100.0	0.0	1.14	0	0.0109	1.0734
1SYX	green	boltz	4	10.1	0.0	100.0	0.0	1.03	0	0.0105	1.0818
1SYX	green	amber_af	0	0.32	0.0	99.48	0.0	0.12	0	0.0123	1.6276
1SYX	green	amber_af	1	0.63	0.0	98.96	0.0	0.21	0	0.0122	1.635
1SYX	green	amber_af	2	0.63	0.0	98.96	0.0	0.21	0	0.0122	1.6332
1SYX	green	amber_af	3	0.63	0.0	98.96	0.0	0.21	0	0.0122	1.6262
1SYX	green	amber_af	4	0.63	0.0	98.96	0.0	0.21	0	0.0122	1.6231
1SYX	green	amber_boltz	0	0.95	0.0	99.48	0.0	0.28	0	0.0123	1.6707
1SYX	green	amber_boltz	1	1.89	0.0	98.96	0.0	0.45	0	0.0122	1.6893
1SYX	green	amber_boltz	2	0.95	0.0	99.48	0.0	0.28	0	0.0122	1.6943
1SYX	green	amber_boltz	3	1.89	0.0	98.96	0.0	0.45	0	0.0124	1.6705
1SYX	green	amber_boltz	4	1.89	0.0	98.96	0.0	0.45	0	0.0126	1.669
1T6B	green	crystal	0	7.41	0.48	94.5	15.18	2.18	8	0.0184	1.8939
1T6B	green	af_relaxed	0	1.2	0.83	95.01	2.4	0.97	6	0.0127	1.905
1T6B	green	af_relaxed	1	0.97	0.95	93.47	1.73	0.9	5	0.0126	1.9534
1T6B	green	af_relaxed	2	2.32	0.83	93.94	2.13	1.17	9	0.0127	1.9912
1T6B	green	af_relaxed	3	2.02	0.71	93.59	2.0	1.12	11	0.0126	2.1105
1T6B	green	af_relaxed	4	7.11	1.43	92.04	2.13	1.63	11	0.0247	2.1316
1T6B	green	af_unrelaxed	0	20.36	0.36	97.74	3.06	1.73	0	0.0206	1.7856
1T6B	green	af_unrelaxed	1	35.34	0.36	97.62	1.46	1.74	0	0.023	1.7545
1T6B	green	af_unrelaxed	2	37.51	0.48	97.02	1.2	1.79	0	0.0234	1.8828
1T6B	green	af_unrelaxed	3	37.66	0.36	97.62	1.2	1.7	0	0.0259	1.8449
1T6B	green	af_unrelaxed	4	50.28	0.36	97.5	1.33	1.87	0	0.029	2.1038
1T6B	green	boltz	0	55.71	0.36	97.27	0.0	1.86	0	0.0142	1.1189
1T6B	green	boltz	1	50.25	0.71	96.79	0.0	1.87	0	0.0139	1.0873
1T6B	green	boltz	2	59.49	0.59	96.32	0.0	1.99	0	0.0141	1.0964
1T6B	green	boltz	3	56.98	0.24	97.51	0.0	1.83	0	0.0166	1.0947
1T6B	green	boltz	4	55.14	0.48	97.03	0.0	1.89	0	0.0172	1.0953
1T6B	green	amber_af	0	1.27	0.71	95.01	2.4	0.98	8	0.0128	1.9252
1T6B	green	amber_af	1	1.2	1.07	94.06	1.73	0.92	5	0.0125	1.9391
1T6B	green	amber_af	2	2.09	0.83	93.94	2.0	1.11	11	0.0128	1.9891
1T6B	green	amber_af	3	3.14	0.83	94.18	1.86	1.2	8	0.0126	1.9756
1T6B	green	amber_af	4	7.93	1.54	92.28	2.53	1.72	14	0.0249	2.1654
1T6B	green	amber_boltz	0	8.08	0.59	95.13	0.8	1.28	3	0.0117	1.9342
1T6B	green	amber_boltz	1	5.98	0.95	95.72	0.93	1.12	6	0.0115	1.8899
1T6B	green	amber_boltz	2	8.53	0.71	95.72	0.53	1.26	1	0.0116	1.8605
1T6B	green	amber_boltz	3	9.2	0.12	96.67	1.46	1.33	1	0.012	1.9526
1T6B	green	amber_boltz	4	8.15	0.48	95.96	0.67	1.22	3	0.0118	1.9618
1TMQ	green	crystal	0	9.44	0.51	93.83	5.43	1.97	1	0.01	1.6317
1TMQ	green	af_relaxed	0	0.81	0.17	96.05	0.84	0.52	1	0.0117	1.6905
1TMQ	green	af_relaxed	1	1.38	0.0	96.91	0.63	0.55	1	0.0115	1.6917
1TMQ	green	af_relaxed	2	4.26	0.17	95.71	1.04	1.02	1	0.0116	1.7084
1TMQ	green	af_relaxed	3	8.75	0.69	95.2	1.88	1.51	4	0.0122	1.9133
1TMQ	green	af_relaxed	4	2.53	0.51	94.17	1.67	1.1	2	0.0126	1.8895
1TMQ	green	af_unrelaxed	0	20.27	0.86	95.54	0.84	1.61	0	0.0191	1.5843
1TMQ	green	af_unrelaxed	1	20.5	0.51	96.23	1.04	1.58	0	0.021	1.5552
1TMQ	green	af_unrelaxed	2	29.72	0.86	95.88	1.88	1.95	0	0.0188	1.8396
1TMQ	green	af_unrelaxed	3	53.83	1.03	94.51	2.09	2.32	0	0.0223	2.0005
1TMQ	green	af_unrelaxed	4	46.43	0.69	95.37	3.97	2.42	0	0.0246	2.113
1TMQ	green	boltz	0	10.82	0.17	97.77	0.21	1.1	0	0.0128	1.2117
1TMQ	green	boltz	1	10.25	0.17	97.43	0.0	1.14	0	0.0123	1.227
1TMQ	green	boltz	2	8.98	0.17	97.77	0.21	1.03	0	0.0127	1.2123
1TMQ	green	boltz	3	12.32	0.17	97.6	0.0	1.19	0	0.0132	1.2371
1TMQ	green	boltz	4	10.36	0.17	97.6	0.0	1.12	0	0.0128	1.2141
1TMQ	green	amber_af	0	1.04	0.17	95.88	0.63	0.59	1	0.0117	1.6909
1TMQ	green	amber_af	1	1.38	0.0	97.08	0.84	0.53	2	0.0116	1.6927
1TMQ	green	amber_af	2	3.57	0.17	95.54	0.84	0.96	1	0.0117	1.7148
1TMQ	green	amber_af	3	8.17	0.86	94.85	1.46	1.42	3	0.0121	1.9158
1TMQ	green	amber_af	4	7.02	0.69	95.54	1.88	1.41	1	0.0123	1.8559
1TMQ	green	amber_boltz	0	1.15	0.17	96.23	0.21	0.58	0	0.0116	1.7052
1TMQ	green	amber_boltz	1	0.92	0.17	95.71	0.0	0.58	2	0.0117	1.7084
1TMQ	green	amber_boltz	2	0.58	0.17	96.57	0.42	0.42	0	0.0116	1.7102
1TMQ	green	amber_boltz	3	0.81	0.17	96.23	0.0	0.51	0	0.0115	1.7086
1TMQ	green	amber_boltz	4	0.23	0.17	96.57	0.0	0.31	1	0.0115	1.6951
1UDI	green	af_relaxed	0	0.61	0.33	97.06	0.37	0.37	0	0.0117	1.699
1UDI	green	af_relaxed	1	0.61	0.33	97.39	0.37	0.32	0	0.0116	1.7023
1UDI	green	af_relaxed	2	1.62	0.33	97.39	0.74	0.53	0	0.0116	1.701
1UDI	green	af_relaxed	3	0.81	0.33	97.06	0.37	0.42	0	0.0116	1.6882
1UDI	green	af_relaxed	4	3.25	0.33	97.71	2.57	0.99	1	0.0116	1.745
1UDI	green	boltz	0	5.69	0.0	98.04	0.0	0.81	0	0.0103	1.1
1UDI	green	boltz	1	8.73	0.0	98.69	0.37	0.97	0	0.0108	1.0994
1UDI	green	boltz	2	5.89	0.0	98.69	0.0	0.82	0	0.0107	1.0884
1UDI	green	boltz	3	6.5	0.0	98.37	0.37	0.86	0	0.0102	1.0978
1UDI	green	boltz	4	10.36	0.0	98.37	0.0	1.04	0	0.0125	1.1275
1UDI	green	amber_af	0	0.41	0.33	97.06	0.37	0.31	0	0.0117	1.6949
1UDI	green	amber_af	1	0.61	0.33	97.39	0.37	0.32	0	0.0116	1.7071
1UDI	green	amber_af	2	1.22	0.33	97.39	0.74	0.46	0	0.0116	1.7001
1UDI	green	amber_af	3	0.81	0.33	97.39	0.37	0.37	0	0.0116	1.6984
1UDI	green	amber_af	4	3.45	0.33	97.71	2.57	1.01	0	0.0116	1.7451
1UDI	green	amber_boltz	0	0.2	0.0	97.06	0.0	0.24	0	0.012	1.7069
1UDI	green	amber_boltz	1	0.41	0.0	97.06	0.0	0.31	0	0.0117	1.7271
1UDI	green	amber_boltz	2	0.61	0.33	97.39	0.0	0.32	0	0.0121	1.7333
1UDI	green	amber_boltz	3	0.41	0.33	97.71	0.0	0.21	1	0.0121	1.7102
1UDI	green	amber_boltz	4	0.41	0.0	97.71	0.0	0.21	0	0.0118	1.7246
1US7	green	crystal	0	5.88	1.02	95.15	7.06	1.8	5	0.03	2.1809
1US7	green	af_relaxed	0	1.85	0.0	96.95	0.28	0.63	0	0.0118	1.6505
1US7	green	af_relaxed	1	2.01	0.0	97.46	0.28	0.58	0	0.0118	1.6417
1US7	green	af_relaxed	2	1.54	0.0	97.72	1.13	0.5	0	0.0118	1.6628
1US7	green	af_relaxed	3	1.85	0.0	97.72	0.85	0.51	0	0.0118	1.6502
1US7	green	af_relaxed	4	1.39	0.0	97.46	1.41	0.59	0	0.0118	1.6354
1US7	green	boltz	0	8.34	0.25	97.21	0.0	1.1	0	0.0117	1.0694
1US7	green	boltz	1	7.72	0.51	97.46	0.28	1.03	0	0.0118	1.0726
1US7	green	boltz	2	8.49	0.25	97.46	0.0	1.07	0	0.0119	1.0823
1US7	green	boltz	3	7.72	0.25	97.21	0.0	1.07	0	0.0113	1.0619
1US7	green	boltz	4	9.11	0.25	97.72	0.0	1.05	0	0.0117	1.07
1US7	green	amber_af	0	2.16	0.0	96.95	0.28	0.67	0	0.0118	1.651
1US7	green	amber_af	1	2.47	0.0	97.46	0.28	0.64	0	0.0118	1.641
1US7	green	amber_af	2	1.85	0.0	97.72	1.13	0.55	0	0.0118	1.6651
1US7	green	amber_af	3	2.01	0.0	98.22	0.85	0.47	0	0.0118	1.6473
1US7	green	amber_af	4	1.54	0.0	97.46	1.41	0.62	0	0.0118	1.6407
1US7	green	amber_boltz	0	0.62	0.25	97.46	0.0	0.31	0	0.0118	1.6978
1US7	green	amber_boltz	1	1.39	0.25	97.46	0.0	0.48	0	0.0118	1.6782
1US7	green	amber_boltz	2	0.93	0.51	97.97	0.0	0.29	0	0.0119	1.6925
1US7	green	amber_boltz	3	1.54	0.51	97.72	0.0	0.46	0	0.0119	1.688
1US7	green	amber_boltz	4	1.39	0.25	97.97	0.28	0.38	0	0.0118	1.7042
1VFB	green	af_relaxed	0	3.73	0.0	97.98	0.0	0.67	1	0.0114	1.7033
1VFB	green	af_relaxed	1	5.22	0.0	98.27	0.34	0.78	1	0.0113	1.7106
1VFB	green	af_relaxed	2	5.22	0.29	97.4	0.0	0.9	1	0.0112	1.7129
1VFB	green	af_relaxed	3	8.58	0.29	96.82	2.36	1.44	0	0.0115	1.7991
1VFB	green	af_relaxed	4	4.85	0.29	96.82	0.34	0.95	1	0.0113	1.7363
1VFB	green	boltz	0	16.26	0.0	98.27	0.68	1.21	0	0.0114	1.1732
1VFB	green	boltz	1	16.99	0.0	97.98	0.0	1.24	0	0.0191	1.1462
1VFB	green	boltz	2	20.55	0.0	97.98	0.34	1.31	0	0.0116	1.1295
1VFB	green	boltz	3	13.26	0.0	98.27	0.34	1.13	0	0.0121	1.1592
1VFB	green	boltz	4	15.68	0.0	98.55	0.0	1.2	0	0.0109	1.1545
1VFB	green	amber_af	0	4.48	0.0	97.98	0.0	0.73	1	0.0114	1.7123
1VFB	green	amber_af	1	5.41	0.0	98.27	0.34	0.79	1	0.0113	1.7142
1VFB	green	amber_af	2	5.04	0.29	97.98	0.34	0.77	1	0.0114	1.743
1VFB	green	amber_af	3	8.77	0.29	96.82	2.03	1.4	0	0.0115	1.7988
1VFB	green	amber_af	4	4.66	0.29	96.82	0.34	0.93	1	0.0113	1.732
1VFB	green	amber_boltz	0	0.75	0.0	98.27	0.68	0.24	0	0.0116	1.6966
1VFB	green	amber_boltz	1	1.31	0.0	97.4	0.0	0.47	0	0.0115	1.7089
1VFB	green	amber_boltz	2	4.66	0.29	97.69	0.68	0.81	2	0.0116	1.7638
1VFB	green	amber_boltz	3	1.68	0.29	97.69	0.68	0.49	0	0.0116	1.7122
1VFB	green	amber_boltz	4	1.12	0.0	98.27	0.0	0.32	0	0.0117	1.6939
1WDW	green	crystal	0	14.79	0.32	93.21	5.53	2.18	0	0.0097	1.4817
1WDW	green	af_relaxed	0	1.63	0.16	97.91	0.4	0.43	0	0.012	1.7191
1WDW	green	af_relaxed	1	1.43	0.16	97.42	0.79	0.49	0	0.0121	1.7266
1WDW	green	af_relaxed	2	1.73	0.16	97.58	0.4	0.52	0	0.0119	1.7032
1WDW	green	af_relaxed	3	1.73	0.16	97.91	0.4	0.45	0	0.0121	1.7093
1WDW	green	af_relaxed	4	1.43	0.16	97.75	0.2	0.43	0	0.0121	1.7115
1WDW	green	boltz	0	9.08	0.32	97.91	0.0	1.01	0	0.0103	1.0815
1WDW	green	boltz	1	9.89	0.48	97.91	0.2	1.04	0	0.0106	1.1023
1WDW	green	boltz	2	10.2	0.48	97.91	0.0	1.05	0	0.0111	1.0794
1WDW	green	boltz	3	9.79	0.32	97.75	0.0	1.07	0	0.0103	1.0912
1WDW	green	boltz	4	10.61	0.32	97.91	0.0	1.07	0	0.0115	1.0752
1WDW	green	amber_af	0	1.43	0.16	97.75	0.4	0.43	0	0.012	1.7191
1WDW	green	amber_af	1	1.43	0.16	97.42	0.79	0.49	0	0.0121	1.7247
1WDW	green	amber_af	2	1.43	0.16	97.75	0.4	0.43	0	0.0119	1.7045
1WDW	green	amber_af	3	1.63	0.16	97.91	0.4	0.43	0	0.0121	1.7137
1WDW	green	amber_af	4	1.43	0.16	97.91	0.0	0.4	0	0.0121	1.71
1WDW	green	amber_boltz	0	0.82	0.32	97.58	0.2	0.34	0	0.0121	1.7053
1WDW	green	amber_boltz	1	1.12	0.32	97.42	0.2	0.43	0	0.0121	1.7256
1WDW	green	amber_boltz	2	1.53	0.48	97.26	0.59	0.53	0	0.0119	1.7257
1WDW	green	amber_boltz	3	0.71	0.64	97.58	0.59	0.32	0	0.0121	1.7259
1WDW	green	amber_boltz	4	1.02	0.32	97.75	0.2	0.36	0	0.012	1.7243
1WEJ	green	crystal	0	7.67	0.19	96.45	6.47	1.77	2	0.0103	1.5519
1WEJ	green	af_relaxed	0	4.26	0.19	98.13	0.43	0.71	0	0.0114	1.7496
1WEJ	green	af_relaxed	1	4.38	0.19	97.57	1.72	0.99	1	0.0114	1.7751
1WEJ	green	af_relaxed	2	3.53	0.56	97.57	0.86	0.73	2	0.0116	1.7796
1WEJ	green	af_relaxed	3	2.56	0.19	97.57	0.43	0.63	1	0.0114	1.7192
1WEJ	green	af_relaxed	4	1.34	0.56	96.64	0.65	0.58	0	0.0121	1.8395
1WEJ	green	boltz	0	13.76	0.0	98.32	0.86	1.15	0	0.0117	1.4185
1WEJ	green	boltz	1	15.59	0.0	98.69	0.65	1.2	0	0.0179	1.419
1WEJ	green	boltz	2	16.8	0.0	98.88	0.65	1.23	0	0.0184	1.4847
1WEJ	green	boltz	3	16.56	0.19	98.88	0.65	1.22	0	0.0167	1.5684
1WEJ	green	boltz	4	20.59	0.0	98.88	0.43	1.31	0	0.021	1.2952
1WEJ	green	amber_af	0	4.14	0.19	97.76	0.43	0.75	0	0.0114	1.7469
1WEJ	green	amber_af	1	4.63	0.0	97.94	1.72	0.93	0	0.0114	1.7644
1WEJ	green	amber_af	2	3.65	0.56	97.57	1.08	0.77	1	0.0116	1.7663
1WEJ	green	amber_af	3	2.56	0.19	97.57	0.43	0.63	1	0.0114	1.7228
1WEJ	green	amber_af	4	1.34	0.56	96.45	0.43	0.6	0	0.0121	1.8352
1WEJ	green	amber_boltz	0	2.07	0.0	98.32	1.29	0.56	0	0.0119	1.7453
1WEJ	green	amber_boltz	1	2.19	0.0	97.94	0.86	0.51	1	0.0119	1.7612
1WEJ	green	amber_boltz	2	1.7	0.0	98.32	0.86	0.42	0	0.0117	1.7312
1WEJ	green	amber_boltz	3	1.34	0.37	98.13	0.86	0.36	0	0.0119	1.7326
1WEJ	green	amber_boltz	4	2.92	0.37	98.32	0.43	0.58	0	0.0118	1.7257
1WQ1	green	crystal	0	13.57	1.04	92.95	11.83	2.41	0	0.0113	1.3672
1WQ1	green	af_relaxed	0	1.54	0.0	98.13	0.69	0.4	0	0.0114	1.6946
1WQ1	green	af_relaxed	1	3.59	0.0	96.89	0.46	0.84	0	0.029	1.9166
1WQ1	green	af_relaxed	2	1.28	0.0	98.13	0.69	0.35	0	0.0113	1.676
1WQ1	green	af_relaxed	3	2.05	0.21	98.34	1.83	0.67	0	0.0113	1.7228
1WQ1	green	af_relaxed	4	1.92	0.0	97.93	0.0	0.48	0	0.0113	1.6668
1WQ1	green	boltz	0	18.35	0.0	98.76	0.0	1.26	0	0.0121	1.0157
1WQ1	green	boltz	1	17.45	0.21	98.55	0.23	1.24	0	0.0101	1.0147
1WQ1	green	boltz	2	16.93	0.21	98.76	0.0	1.23	0	0.0126	1.043
1WQ1	green	boltz	3	15.4	0.0	99.17	0.23	1.19	0	0.01	1.0079
1WQ1	green	boltz	4	19.63	0.0	99.17	0.23	1.29	0	0.011	1.0205
1WQ1	green	amber_af	0	1.67	0.0	98.34	0.69	0.42	0	0.0114	1.6905
1WQ1	green	amber_af	1	3.46	0.0	96.89	0.46	0.82	0	0.029	1.9204
1WQ1	green	amber_af	2	1.28	0.0	97.93	0.92	0.37	0	0.0113	1.6789
1WQ1	green	amber_af	3	2.05	0.21	98.34	1.6	0.63	0	0.0114	1.7102
1WQ1	green	amber_af	4	1.92	0.0	97.93	0.0	0.48	0	0.0113	1.6661
1WQ1	green	amber_boltz	0	1.92	0.0	98.13	0.23	0.46	0	0.0114	1.7492
1WQ1	green	amber_boltz	1	2.31	0.21	97.93	0.46	0.53	0	0.0116	1.7494
1WQ1	green	amber_boltz	2	1.54	0.21	98.76	0.23	0.4	0	0.0115	1.7291
1WQ1	green	amber_boltz	3	2.57	0.0	98.55	0.0	0.54	0	0.0117	1.7469
1WQ1	green	amber_boltz	4	2.18	0.0	98.55	0.92	0.49	1	0.0116	1.7757
1XD3	green	crystal	0	3.94	0.0	99.33	1.11	0.71	0	0.0084	1.4284
1XD3	green	af_relaxed	0	0.62	0.0	98.67	0.0	0.21	0	0.0117	1.6868
1XD3	green	af_relaxed	1	0.83	0.0	98.67	0.37	0.26	0	0.0117	1.7061
1XD3	green	af_relaxed	2	0.62	0.0	98.67	0.37	0.21	0	0.0117	1.6876
1XD3	green	af_relaxed	3	0.21	0.0	98.67	0.0	0.08	0	0.0116	1.6866
1XD3	green	af_relaxed	4	1.03	0.0	99.0	0.37	0.3	0	0.0117	1.6865
1XD3	green	boltz	0	10.55	0.0	99.67	0.0	1.04	0	0.01	1.0281
1XD3	green	boltz	1	10.75	0.0	99.33	0.0	1.05	0	0.0099	1.0271
1XD3	green	boltz	2	9.72	0.0	99.0	0.74	1.01	0	0.0104	1.0577
1XD3	green	boltz	3	11.38	0.0	99.0	0.0	1.07	0	0.0101	1.0244
1XD3	green	boltz	4	12.2	0.0	99.33	0.0	1.1	0	0.0099	1.026
1XD3	green	amber_af	0	0.62	0.0	98.67	0.0	0.21	0	0.0117	1.6837
1XD3	green	amber_af	1	0.83	0.0	98.67	0.0	0.26	0	0.0117	1.683
1XD3	green	amber_af	2	0.41	0.0	98.67	0.37	0.15	0	0.0116	1.6868
1XD3	green	amber_af	3	0.21	0.0	98.67	0.0	0.08	0	0.0117	1.6857
1XD3	green	amber_af	4	0.83	0.0	99.0	0.37	0.26	0	0.0117	1.6828
1XD3	green	amber_boltz	0	1.03	0.0	99.33	0.0	0.3	0	0.0116	1.7391
1XD3	green	amber_boltz	1	1.65	0.0	99.33	0.0	0.42	0	0.0118	1.7084
1XD3	green	amber_boltz	2	1.24	0.0	98.67	0.37	0.34	0	0.0118	1.7182
1XD3	green	amber_boltz	3	1.03	0.0	99.33	0.0	0.3	0	0.0117	1.7061
1XD3	green	amber_boltz	4	0.62	0.0	99.33	0.0	0.21	0	0.0118	1.7004
1XQS	green	crystal	0	24.46	1.18	90.12	9.09	2.65	0	0.0095	1.504
1XQS	green	af_relaxed	0	1.03	0.0	99.29	0.27	0.3	0	0.0112	1.6773
1XQS	green	af_relaxed	1	0.74	0.0	98.82	0.0	0.24	0	0.0112	1.6872
1XQS	green	af_relaxed	2	1.47	0.0	99.06	0.82	0.39	0	0.0112	1.6899
1XQS	green	af_relaxed	3	1.47	0.0	99.06	0.0	0.39	0	0.0111	1.6752
1XQS	green	af_relaxed	4	1.47	0.0	99.06	0.0	0.39	0	0.0112	1.677
1XQS	green	boltz	0	8.55	0.0	99.53	0.27	0.96	0	0.0114	1.007
1XQS	green	boltz	1	11.21	0.0	99.29	0.0	1.07	0	0.0109	0.9902
1XQS	green	boltz	2	11.36	0.0	99.29	1.09	1.1	0	0.0114	1.049
1XQS	green	boltz	3	13.12	0.24	99.06	0.82	1.13	0	0.0117	1.018
1XQS	green	boltz	4	10.91	0.0	99.29	0.0	1.06	0	0.0112	0.9859
1XQS	green	amber_af	0	1.03	0.0	99.29	0.27	0.3	0	0.0112	1.6786
1XQS	green	amber_af	1	0.74	0.0	98.82	0.0	0.24	0	0.0111	1.6777
1XQS	green	amber_af	2	1.47	0.0	99.06	0.82	0.39	0	0.0111	1.6861
1XQS	green	amber_af	3	1.18	0.0	99.06	0.0	0.33	0	0.0111	1.6731
1XQS	green	amber_af	4	1.62	0.0	99.06	0.0	0.41	0	0.0112	1.6779
1XQS	green	amber_boltz	0	0.88	0.0	98.59	0.27	0.27	0	0.0113	1.7094
1XQS	green	amber_boltz	1	1.03	0.0	99.29	0.0	0.3	0	0.0113	1.7158
1XQS	green	amber_boltz	2	1.33	0.0	99.06	0.27	0.36	0	0.0112	1.7023
1XQS	green	amber_boltz	3	1.47	0.24	98.82	0.27	0.39	0	0.0112	1.7182
1XQS	green	amber_boltz	4	1.18	0.0	99.29	0.0	0.33	0	0.0113	1.7113
1XU1	green	crystal	0	1.09	0.0	98.83	1.32	0.4	0	0.0102	1.387
1XU1	green	af_relaxed	0	2.15	0.58	98.25	0.0	0.49	0	0.0118	1.6594
1XU1	green	af_relaxed	1	1.79	0.0	96.49	0.0	0.67	0	0.0116	1.6453
1XU1	green	af_relaxed	2	0.72	0.0	97.08	0.0	0.39	0	0.0116	1.656
1XU1	green	af_relaxed	3	2.15	0.0	98.25	0.0	0.49	0	0.0117	1.6745
1XU1	green	af_relaxed	4	1.79	0.0	98.25	0.65	0.44	0	0.0117	1.6685
1XU1	green	boltz	0	11.12	0.0	100.0	0.65	1.06	0	0.0156	1.2358
1XU1	green	boltz	1	17.93	0.0	98.83	0.0	1.25	0	0.0154	1.246
1XU1	green	boltz	2	16.14	0.0	100.0	0.0	1.21	0	0.0138	1.1771
1XU1	green	boltz	3	11.12	0.0	99.42	0.0	1.06	0	0.0157	1.2239
1XU1	green	boltz	4	12.2	0.0	99.42	0.0	1.1	0	0.0153	1.1957
1XU1	green	amber_af	0	2.51	0.58	98.25	0.0	0.53	0	0.0118	1.6633
1XU1	green	amber_af	1	1.79	0.0	96.49	0.0	0.67	0	0.0117	1.6485
1XU1	green	amber_af	2	1.43	0.0	97.08	0.65	0.54	0	0.0116	1.6622
1XU1	green	amber_af	3	1.43	0.0	97.66	0.0	0.45	0	0.0117	1.6817
1XU1	green	amber_af	4	1.79	0.0	98.25	0.0	0.44	0	0.0117	1.6638
1XU1	green	amber_boltz	0	0.36	0.0	98.83	0.65	0.13	0	0.0118	1.6546
1XU1	green	amber_boltz	1	0.72	0.0	98.83	0.65	0.23	0	0.0118	1.6731
1XU1	green	amber_boltz	2	0.0	0.0	98.83	0.65	0.0	0	0.0119	1.6719
1XU1	green	amber_boltz	3	0.36	0.0	98.25	0.65	0.13	0	0.012	1.6507
1XU1	green	amber_boltz	4	1.08	0.0	98.25	0.65	0.31	0	0.0118	1.6765
1Y64	green	crystal	0	82.54	15.15	57.31	19.67	3.8	0	0.0117	2.1787
1Y64	green	af_relaxed	0	0.65	0.0	97.38	0.44	0.34	1	0.0129	1.8143
1Y64	green	af_relaxed	1	1.23	0.13	98.56	0.3	0.34	0	0.0118	1.6677
1Y64	green	af_relaxed	2	1.31	0.26	97.38	1.33	0.57	1	0.0118	1.7042
1Y64	green	af_relaxed	3	0.82	0.0	97.25	0.59	0.39	1	0.0127	1.8141
1Y64	green	af_relaxed	4	1.55	0.0	97.77	0.3	0.45	0	0.0118	1.657
1Y64	green	boltz	0	14.72	0.13	99.21	0.3	1.17	3	0.0384	1.9673
1Y64	green	boltz	1	13.09	0.0	99.21	0.44	1.13	3	0.034	1.7193
1Y64	green	boltz	2	16.36	0.0	98.95	0.74	1.22	2	0.0378	2.329
1Y64	green	boltz	3	11.86	0.0	99.08	0.15	1.09	0	0.0192	1.2529
1Y64	green	boltz	4	11.45	0.0	99.34	0.59	1.07	2	0.0237	1.5856
1Y64	green	amber_af	0	0.57	0.0	97.51	0.59	0.29	1	0.0128	1.8166
1Y64	green	amber_af	1	1.31	0.13	98.56	0.3	0.36	0	0.0118	1.6671
1Y64	green	amber_af	2	1.47	0.26	97.64	1.33	0.56	0	0.0118	1.7075
1Y64	green	amber_af	3	0.57	0.0	97.38	1.18	0.37	1	0.0128	1.8081
1Y64	green	amber_af	4	1.06	0.0	97.9	0.3	0.33	0	0.0118	1.653
1Y64	green	amber_boltz	0	8.83	0.92	95.94	1.48	1.38	11	0.0313	2.8484
1Y64	green	amber_boltz	1	10.54	0.79	95.54	1.78	1.54	9	0.0312	2.9857
1Y64	green	amber_boltz	2	9.48	0.79	96.07	1.18	1.33	11	0.0298	2.7875
1Y64	green	amber_boltz	3	11.45	1.44	94.89	2.37	1.71	14	0.0402	3.2451
1Y64	green	amber_boltz	4	13.82	1.7	93.71	2.37	1.85	20	0.0343	3.2671
1YVB	green	crystal	0	45.25	4.06	86.38	15.08	3.16	0	0.0212	3.4872
1YVB	green	af_relaxed	0	0.55	0.29	97.41	0.98	0.3	0	0.0116	1.6463
1YVB	green	af_relaxed	1	2.0	0.29	97.12	0.66	0.63	1	0.0116	1.6412
1YVB	green	af_relaxed	2	1.82	0.29	97.69	0.66	0.51	1	0.0117	1.6471
1YVB	green	af_relaxed	3	2.55	0.58	96.83	0.33	0.73	1	0.0118	1.6641
1YVB	green	af_relaxed	4	1.46	0.58	97.12	0.0	0.54	0	0.0117	1.6559
1YVB	green	boltz	0	12.76	0.58	97.69	0.33	1.18	0	0.0133	1.2213
1YVB	green	boltz	1	16.03	0.29	97.69	0.0	1.27	0	0.0131	1.1923
1YVB	green	boltz	2	11.3	0.29	97.98	0.33	1.07	0	0.0115	1.2091
1YVB	green	boltz	3	13.48	0.0	97.98	0.0	1.14	0	0.0122	1.1769
1YVB	green	boltz	4	12.21	0.29	97.98	0.0	1.1	0	0.0123	1.2048
1YVB	green	amber_af	0	0.73	0.29	97.41	0.66	0.35	0	0.0116	1.6454
1YVB	green	amber_af	1	1.82	0.29	96.83	0.66	0.64	1	0.0116	1.6506
1YVB	green	amber_af	2	1.82	0.29	97.69	0.66	0.51	1	0.0117	1.6417
1YVB	green	amber_af	3	2.0	0.58	96.83	0.33	0.66	1	0.0118	1.6682
1YVB	green	amber_af	4	1.64	0.58	97.12	0.0	0.57	0	0.0117	1.6591
1YVB	green	amber_boltz	0	1.27	0.58	97.41	0.33	0.47	1	0.0116	1.6829
1YVB	green	amber_boltz	1	0.73	0.58	97.98	0.0	0.24	0	0.0116	1.67
1YVB	green	amber_boltz	2	0.55	0.86	97.41	0.0	0.3	1	0.012	1.6689
1YVB	green	amber_boltz	3	1.27	0.29	97.41	0.0	0.47	0	0.0117	1.6659
1YVB	green	amber_boltz	4	0.18	0.58	97.41	0.0	0.19	0	0.0117	1.6555
1Z0K	green	crystal	0	3.69	0.0	96.46	2.16	1.15	0	0.0089	1.283
1Z0K	green	af_relaxed	0	1.1	0.0	97.79	0.0	0.36	0	0.0115	1.6399
1Z0K	green	af_relaxed	1	0.55	0.44	97.35	0.0	0.31	0	0.0116	1.6331
1Z0K	green	af_relaxed	2	1.1	0.44	97.35	0.0	0.44	0	0.0115	1.6475
1Z0K	green	af_relaxed	3	1.92	0.44	94.69	0.51	0.82	0	0.0115	1.6817
1Z0K	green	af_relaxed	4	4.39	8.41	80.09	7.14	2.1	17	0.0139	2.4674
1Z0K	green	boltz	0	13.72	0.0	97.35	0.51	1.27	0	0.0111	1.1179
1Z0K	green	boltz	1	12.62	0.0	98.23	0.0	1.11	0	0.0107	1.0516
1Z0K	green	boltz	2	12.35	0.0	97.79	0.0	1.15	0	0.0105	1.059
1Z0K	green	boltz	3	17.56	0.0	98.23	0.0	1.24	0	0.0112	1.09
1Z0K	green	boltz	4	11.53	0.0	97.35	0.0	1.2	0	0.0107	1.0829
1Z0K	green	amber_af	0	1.1	0.0	97.79	0.0	0.36	0	0.0115	1.6335
1Z0K	green	amber_af	1	0.55	0.44	97.35	0.0	0.31	0	0.0116	1.6344
1Z0K	green	amber_af	2	0.55	0.44	97.35	0.0	0.31	0	0.0115	1.6549
1Z0K	green	amber_af	3	1.37	0.44	94.69	0.0	0.73	0	0.0115	1.6891
1Z0K	green	amber_af	4	9.6	8.41	78.76	11.22	2.56	17	0.0146	2.5554
1Z0K	green	amber_boltz	0	0.27	0.0	96.46	0.51	0.34	0	0.0117	1.6915
1Z0K	green	amber_boltz	1	1.1	0.0	97.35	0.0	0.44	0	0.0116	1.6805
1Z0K	green	amber_boltz	2	1.37	0.0	96.46	0.0	0.6	0	0.0116	1.6939
1Z0K	green	amber_boltz	3	2.19	0.0	97.35	0.0	0.62	1	0.0117	1.7275
1Z0K	green	amber_boltz	4	1.37	0.0	97.35	0.0	0.49	0	0.0118	1.6944
1Z5Y	green	crystal	0	13.21	0.8	95.2	1.87	1.67	0	0.0226	1.4878
1Z5Y	green	af_relaxed	0	1.99	0.4	97.2	0.47	0.61	0	0.0117	1.6743
1Z5Y	green	af_relaxed	1	1.74	0.4	97.2	0.93	0.58	0	0.0115	1.671
1Z5Y	green	af_relaxed	2	1.0	0.0	97.6	0.0	0.38	0	0.0115	1.6492
1Z5Y	green	af_relaxed	3	1.74	0.0	97.2	0.93	0.58	0	0.0116	1.6379
1Z5Y	green	af_relaxed	4	2.24	0.0	97.2	0.0	0.65	0	0.0116	1.6644
1Z5Y	green	boltz	0	7.48	0.0	98.0	0.47	0.91	0	0.0197	1.1284
1Z5Y	green	boltz	1	11.21	0.0	97.6	0.0	1.15	0	0.0174	1.1261
1Z5Y	green	boltz	2	17.71	0.0	97.6	0.0	1.33	0	0.0191	1.1394
1Z5Y	green	boltz	3	12.21	0.0	98.0	0.47	1.1	0	0.0186	1.1293
1Z5Y	green	boltz	4	14.2	0.0	98.0	0.47	1.16	0	0.0176	1.1398
1Z5Y	green	amber_af	0	1.99	0.4	96.8	0.47	0.66	0	0.0117	1.6821
1Z5Y	green	amber_af	1	1.99	0.4	97.2	0.93	0.61	0	0.0116	1.6735
1Z5Y	green	amber_af	2	1.25	0.0	97.6	0.0	0.43	0	0.0116	1.6458
1Z5Y	green	amber_af	3	1.5	0.0	97.2	0.93	0.54	0	0.0116	1.6491
1Z5Y	green	amber_af	4	2.99	0.0	97.2	0.47	0.74	0	0.0116	1.6621
1Z5Y	green	amber_boltz	0	0.5	0.0	97.2	0.0	0.32	0	0.0118	1.6676
1Z5Y	green	amber_boltz	1	1.25	0.0	97.2	0.0	0.49	0	0.0118	1.6907
1Z5Y	green	amber_boltz	2	1.25	0.0	96.8	0.47	0.54	0	0.0117	1.6774
1Z5Y	green	amber_boltz	3	1.0	0.0	96.8	0.93	0.49	0	0.0117	1.6843
1Z5Y	green	amber_boltz	4	1.5	0.0	97.2	0.93	0.54	0	0.0117	1.6943
1ZHH	green	crystal	0	1.03	0.0	97.8	1.64	0.51	0	0.0088	1.3496
1ZHH	green	af_relaxed	0	3.44	0.36	97.63	1.64	0.88	0	0.0118	1.7186
1ZHH	green	af_relaxed	1	2.41	0.0	97.63	1.02	0.61	0	0.0118	1.7236
1ZHH	green	af_relaxed	2	1.72	0.18	97.81	1.02	0.48	0	0.0118	1.7235
1ZHH	green	af_relaxed	3	2.41	0.18	98.54	0.61	0.52	0	0.0119	1.7106
1ZHH	green	af_relaxed	4	2.87	0.55	97.81	0.41	0.62	0	0.0118	1.7057
1ZHH	green	boltz	0	12.61	0.18	98.18	0.2	1.11	0	0.011	1.0909
1ZHH	green	boltz	1	13.53	0.18	98.54	0.2	1.14	0	0.0112	1.1016
1ZHH	green	boltz	2	16.51	0.18	98.36	0.41	1.22	0	0.0119	1.1104
1ZHH	green	boltz	3	13.64	0.18	98.18	0.2	1.14	0	0.0113	1.0936
1ZHH	green	boltz	4	15.13	0.18	97.81	0.2	1.23	0	0.0116	1.1011
1ZHH	green	amber_af	0	3.44	0.36	97.63	1.84	0.92	0	0.0118	1.7269
1ZHH	green	amber_af	1	2.18	0.0	97.81	1.02	0.54	0	0.0118	1.7226
1ZHH	green	amber_af	2	1.72	0.18	97.81	1.02	0.48	0	0.0118	1.7158
1ZHH	green	amber_af	3	2.64	0.18	98.54	0.82	0.55	0	0.0118	1.7035
1ZHH	green	amber_af	4	2.75	0.55	97.99	0.61	0.56	0	0.0117	1.7025
1ZHH	green	amber_boltz	0	1.83	0.18	98.18	0.82	0.44	0	0.0118	1.7077
1ZHH	green	amber_boltz	1	1.15	0.18	97.99	0.82	0.33	1	0.0118	1.7064
1ZHH	green	amber_boltz	2	2.75	0.18	98.18	0.82	0.56	1	0.0117	1.7326
1ZHH	green	amber_boltz	3	1.26	0.18	97.99	0.61	0.35	1	0.0117	1.7118
1ZHH	green	amber_boltz	4	1.15	0.18	97.26	0.41	0.46	0	0.0118	1.7244
1ZHI	green	crystal	0	9.69	2.23	93.31	12.11	2.27	0	0.0125	1.4657
1ZHI	green	af_relaxed	0	3.8	0.63	96.84	0.35	0.86	0	0.0117	1.7202
1ZHI	green	af_relaxed	1	2.66	0.95	96.84	0.0	0.75	0	0.0118	1.7374
1ZHI	green	af_relaxed	2	3.8	1.58	95.57	1.04	0.99	0	0.0117	1.7282
1ZHI	green	af_relaxed	3	2.28	1.9	96.2	0.69	0.76	0	0.0119	1.7346
1ZHI	green	af_relaxed	4	2.47	0.0	96.2	0.35	0.79	0	0.0117	1.7084
1ZHI	green	boltz	0	14.06	0.32	98.1	0.0	1.16	0	0.0121	1.0962
1ZHI	green	boltz	1	17.86	0.0	98.73	0.0	1.25	0	0.012	1.1037
1ZHI	green	boltz	2	17.29	0.32	98.73	0.0	1.24	0	0.0112	1.0878
1ZHI	green	boltz	3	13.31	0.0	97.78	0.35	1.18	0	0.0118	1.0971
1ZHI	green	boltz	4	18.24	0.32	98.73	0.0	1.26	0	0.0125	1.1145
1ZHI	green	amber_af	0	2.85	0.63	97.15	0.35	0.73	0	0.0117	1.7222
1ZHI	green	amber_af	1	3.23	0.95	96.2	0.0	0.87	0	0.0118	1.6975
1ZHI	green	amber_af	2	2.85	1.58	95.57	1.04	0.89	0	0.0117	1.7366
1ZHI	green	amber_af	3	2.09	1.9	96.2	0.69	0.74	0	0.0118	1.7304
1ZHI	green	amber_af	4	2.47	0.0	96.84	0.35	0.72	0	0.0117	1.7086
1ZHI	green	amber_boltz	0	0.95	0.0	98.1	0.0	0.28	0	0.0117	1.6848
1ZHI	green	amber_boltz	1	1.33	0.0	97.15	0.35	0.51	0	0.0118	1.7222
1ZHI	green	amber_boltz	2	1.9	0.63	98.42	0.0	0.45	0	0.0118	1.7068
1ZHI	green	amber_boltz	3	1.52	0.0	97.47	0.0	0.5	0	0.0119	1.7182
1ZHI	green	amber_boltz	4	1.52	0.32	97.47	0.0	0.5	0	0.0116	1.6717
1ZLI	green	crystal	0	4.84	0.27	96.53	4.53	1.48	2	0.0129	1.4773
1ZLI	green	af_relaxed	0	1.37	0.27	96.53	0.63	0.59	0	0.012	1.6675
1ZLI	green	af_relaxed	1	0.68	0.27	97.6	0.32	0.31	0	0.012	1.6749
1ZLI	green	af_relaxed	2	1.03	0.27	97.07	0.32	0.47	0	0.0119	1.6767
1ZLI	green	af_relaxed	3	0.86	0.27	96.53	0.32	0.49	0	0.0121	1.6632
1ZLI	green	af_relaxed	4	2.05	0.27	96.8	1.9	0.89	0	0.0119	1.6874
1ZLI	green	boltz	0	7.36	0.27	97.07	0.63	1.07	0	0.0143	1.2508
1ZLI	green	boltz	1	8.21	0.27	96.53	0.63	1.17	0	0.0159	1.2664
1ZLI	green	boltz	2	9.07	0.27	97.07	0.63	1.15	0	0.0177	1.275
1ZLI	green	boltz	3	10.61	0.27	96.8	0.32	1.24	0	0.0152	1.2539
1ZLI	green	boltz	4	8.9	0.27	96.53	0.63	1.2	0	0.0153	1.2654
1ZLI	green	amber_af	0	1.2	0.27	96.53	0.63	0.56	0	0.012	1.6643
1ZLI	green	amber_af	1	0.68	0.27	97.6	0.32	0.31	0	0.012	1.6744
1ZLI	green	amber_af	2	0.68	0.27	96.8	0.32	0.42	0	0.0119	1.679
1ZLI	green	amber_af	3	0.86	0.27	96.8	0.32	0.46	0	0.012	1.6684
1ZLI	green	amber_af	4	2.05	0.27	96.8	1.9	0.89	0	0.0119	1.6805
1ZLI	green	amber_boltz	0	0.86	0.27	97.07	0.95	0.43	0	0.0122	1.7099
1ZLI	green	amber_boltz	1	0.51	0.27	97.07	0.95	0.34	0	0.0121	1.6921
1ZLI	green	amber_boltz	2	1.03	0.27	97.07	0.32	0.47	0	0.012	1.7082
1ZLI	green	amber_boltz	3	0.51	0.27	96.8	0.63	0.37	0	0.012	1.696
1ZLI	green	amber_boltz	4	0.34	0.27	96.8	0.32	0.32	0	0.012	1.7079
1ZM4	green	crystal	0	29.68	1.56	90.32	5.92	2.59	1	0.0111	1.6537
1ZM4	green	af_relaxed	0	1.44	0.1	98.34	0.93	0.38	0	0.0118	1.7311
1ZM4	green	af_relaxed	1	1.81	0.29	97.85	1.28	0.56	0	0.0117	1.7322
1ZM4	green	af_relaxed	2	1.87	0.1	98.05	0.93	0.45	0	0.0116	1.7097
1ZM4	green	af_relaxed	3	2.25	0.1	98.15	1.74	0.69	0	0.0116	1.736
1ZM4	green	af_relaxed	4	1.81	0.29	98.05	2.9	0.79	0	0.0116	1.7464
1ZM4	green	boltz	0	21.12	0.2	98.83	0.23	1.32	0	0.0124	1.0917
1ZM4	green	boltz	1	22.5	0.2	98.83	0.23	1.34	0	0.0119	1.0942
1ZM4	green	boltz	2	22.06	0.1	98.63	0.35	1.34	0	0.0136	1.1011
1ZM4	green	boltz	3	20.25	0.2	98.83	0.12	1.3	0	0.0128	1.0817
1ZM4	green	boltz	4	19.31	0.2	98.73	0.58	1.28	0	0.012	1.0946
1ZM4	green	amber_af	0	1.31	0.2	98.15	0.93	0.36	1	0.0118	1.7335
1ZM4	green	amber_af	1	2.06	0.39	97.76	1.39	0.64	0	0.0117	1.7251
1ZM4	green	amber_af	2	1.87	0.2	98.05	0.81	0.45	0	0.0116	1.7119
1ZM4	green	amber_af	3	2.31	0.1	98.24	1.86	0.71	0	0.0116	1.7342
1ZM4	green	amber_af	4	1.87	0.2	97.85	2.67	0.81	0	0.0116	1.7522
1ZM4	green	amber_boltz	0	2.75	0.0	98.63	0.7	0.56	0	0.0116	1.7406
1ZM4	green	amber_boltz	1	2.5	0.0	98.63	0.35	0.53	0	0.0116	1.739
1ZM4	green	amber_boltz	2	2.25	0.1	98.24	0.7	0.5	0	0.0114	1.7403
1ZM4	green	amber_boltz	3	2.06	0.1	98.54	0.35	0.48	0	0.0115	1.7292
1ZM4	green	amber_boltz	4	1.94	0.1	98.15	0.23	0.46	1	0.0116	1.7538
2A1A	green	crystal	0	8.81	0.48	94.05	10.68	2.15	3	0.0136	1.5813
2A1A	green	af_relaxed	0	1.55	0.0	98.12	0.51	0.4	0	0.012	1.685
2A1A	green	af_relaxed	1	1.55	0.0	97.89	0.26	0.43	0	0.0121	1.6948
2A1A	green	af_relaxed	2	0.85	0.0	97.89	0.51	0.29	0	0.0121	1.7055
2A1A	green	af_relaxed	3	2.25	0.94	96.95	1.03	0.69	2	0.0121	1.7519
2A1A	green	af_relaxed	4	1.13	0.23	97.65	0.77	0.4	0	0.012	1.7043
2A1A	green	boltz	0	14.24	0.23	97.89	0.0	1.19	0	0.0121	1.0793
2A1A	green	boltz	1	15.93	0.47	98.12	0.26	1.21	0	0.011	1.0595
2A1A	green	boltz	2	20.72	0.23	98.36	0.26	1.31	0	0.0123	1.0746
2A1A	green	boltz	3	15.23	0.23	98.36	0.26	1.19	0	0.0111	1.1011
2A1A	green	boltz	4	17.34	0.7	98.12	0.26	1.24	0	0.0117	1.0683
2A1A	green	amber_af	0	1.69	0.0	98.36	0.51	0.42	0	0.0121	1.6928
2A1A	green	amber_af	1	1.13	0.0	98.12	0.26	0.32	0	0.012	1.6894
2A1A	green	amber_af	2	0.99	0.0	97.89	0.26	0.32	0	0.0121	1.709
2A1A	green	amber_af	3	1.69	0.94	97.18	0.77	0.57	2	0.0121	1.7491
2A1A	green	amber_af	4	1.27	0.23	97.42	0.26	0.46	0	0.0121	1.7105
2A1A	green	amber_boltz	0	1.97	0.23	97.18	0.26	0.61	1	0.012	1.7586
2A1A	green	amber_boltz	1	1.83	0.23	97.65	0.26	0.52	0	0.012	1.7207
2A1A	green	amber_boltz	2	2.54	0.23	97.65	0.51	0.61	1	0.0121	1.7154
2A1A	green	amber_boltz	3	2.68	0.23	97.42	0.26	0.67	1	0.0122	1.7266
2A1A	green	amber_boltz	4	2.54	0.7	97.18	0.26	0.69	1	0.0119	1.7276
2A5T	green	crystal	0	9.96	0.75	95.52	2.55	1.64	0	0.0078	1.4383
2A5T	green	af_relaxed	0	0.92	0.0	97.05	1.24	0.52	0	0.0118	1.6787
2A5T	green	af_relaxed	1	0.92	0.0	97.6	0.62	0.36	0	0.0118	1.6842
2A5T	green	af_relaxed	2	0.69	0.0	97.42	0.62	0.34	0	0.0119	1.6893
2A5T	green	af_relaxed	3	0.69	0.0	97.42	0.41	0.34	0	0.0118	1.6769
2A5T	green	af_relaxed	4	0.8	0.0	96.86	0.41	0.44	0	0.012	1.6857
2A5T	green	boltz	0	10.33	0.0	98.34	0.41	1.03	0	0.0114	1.1212
2A5T	green	boltz	1	11.14	0.0	97.6	0.0	1.15	0	0.0116	1.1171
2A5T	green	boltz	2	9.07	0.0	97.6	0.21	1.07	0	0.0111	1.1177
2A5T	green	boltz	3	10.34	0.0	97.97	0.21	1.04	0	0.0117	1.1372
2A5T	green	boltz	4	10.79	0.0	97.6	0.21	1.14	0	0.0115	1.1133
2A5T	green	amber_af	0	0.92	0.0	97.23	1.24	0.49	0	0.0118	1.6821
2A5T	green	amber_af	1	0.92	0.0	97.42	0.62	0.39	0	0.0118	1.6828
2A5T	green	amber_af	2	0.8	0.0	97.42	0.83	0.37	0	0.0119	1.6873
2A5T	green	amber_af	3	0.57	0.0	97.42	0.21	0.31	0	0.0118	1.6749
2A5T	green	amber_af	4	0.92	0.0	96.68	0.41	0.49	0	0.0119	1.6858
2A5T	green	amber_boltz	0	0.69	0.0	97.6	0.41	0.31	0	0.012	1.6773
2A5T	green	amber_boltz	1	1.49	0.18	97.42	0.83	0.5	0	0.0119	1.7011
2A5T	green	amber_boltz	2	0.69	0.0	97.23	0.62	0.37	0	0.0119	1.6913
2A5T	green	amber_boltz	3	0.46	0.0	97.23	0.21	0.3	0	0.012	1.6784
2A5T	green	amber_boltz	4	0.46	0.0	97.23	0.62	0.3	0	0.0119	1.6696
2A9K	green	crystal	0	1.51	0.0	97.58	2.48	0.78	1	0.0092	1.2281
2A9K	green	af_relaxed	0	2.18	0.27	96.77	1.55	0.84	0	0.0117	1.69
2A9K	green	af_relaxed	1	4.52	0.81	93.01	2.8	1.51	4	0.0141	2.1836
2A9K	green	af_relaxed	2	6.53	0.27	97.58	0.93	0.95	3	0.012	1.8066
2A9K	green	af_relaxed	3	7.37	0.27	96.51	1.24	1.21	3	0.0122	1.8738
2A9K	green	af_relaxed	4	2.01	0.27	95.7	0.93	0.77	4	0.0134	1.9744
2A9K	green	boltz	0	20.95	0.0	98.39	0.62	1.32	0	0.0102	1.0548
2A9K	green	boltz	1	23.65	0.27	98.12	0.0	1.37	0	0.011	1.0351
2A9K	green	boltz	2	21.29	0.27	98.39	0.0	1.32	0	0.0108	1.0196
2A9K	green	boltz	3	22.13	0.27	98.66	0.62	1.34	0	0.0123	1.0592
2A9K	green	boltz	4	37.37	0.0	98.66	0.0	1.55	0	0.0128	1.0519
2A9K	green	amber_af	0	2.18	0.0	97.31	1.55	0.77	0	0.0117	1.6841
2A9K	green	amber_af	1	4.52	0.81	93.01	2.48	1.48	5	0.0141	2.1849
2A9K	green	amber_af	2	2.18	0.54	95.16	1.24	0.9	3	0.0128	1.9381
2A9K	green	amber_af	3	7.37	0.27	96.77	1.24	1.18	3	0.0122	1.8746
2A9K	green	amber_af	4	3.02	0.27	95.7	0.62	0.89	2	0.0133	1.9582
2A9K	green	amber_boltz	0	0.84	0.0	98.12	0.31	0.26	0	0.012	1.6892
2A9K	green	amber_boltz	1	2.51	0.27	97.58	0.0	0.62	1	0.0118	1.7215
2A9K	green	amber_boltz	2	2.35	0.27	98.39	0.0	0.51	0	0.0118	1.6937
2A9K	green	amber_boltz	3	1.68	0.54	98.39	0.31	0.42	0	0.0119	1.7219
2A9K	green	amber_boltz	4	3.18	0.0	98.39	0.31	0.61	0	0.0119	1.7659
2ABZ	green	crystal	0	14.37	0.28	96.59	3.58	1.8	1	0.0109	1.462
2ABZ	green	af_relaxed	0	1.62	0.28	96.07	0.0	0.68	0	0.0122	1.7089
2ABZ	green	af_relaxed	1	1.26	0.28	96.91	0.0	0.53	0	0.0121	1.7036
2ABZ	green	af_relaxed	2	0.9	0.56	96.07	0.0	0.54	0	0.0122	1.7133
2ABZ	green	af_relaxed	3	1.08	0.56	96.07	0.0	0.58	0	0.012	1.7179
2ABZ	green	af_relaxed	4	1.62	0.28	95.79	0.65	0.7	0	0.0122	1.7264
2ABZ	green	boltz	0	24.97	0.28	97.47	0.98	1.49	0	0.0145	1.8143
2ABZ	green	boltz	1	27.09	0.28	96.63	1.63	1.8	0	0.025	1.7328
2ABZ	green	boltz	2	28.02	0.28	96.91	1.63	1.78	0	0.0224	2.4033
2ABZ	green	boltz	3	23.17	0.28	96.35	0.65	1.6	0	0.0182	1.8298
2ABZ	green	boltz	4	30.51	0.56	96.91	0.65	1.65	0	0.0228	1.5796
2ABZ	green	amber_af	0	1.79	0.28	96.07	0.0	0.71	0	0.0121	1.7108
2ABZ	green	amber_af	1	1.44	0.28	96.91	0.0	0.56	0	0.0121	1.7045
2ABZ	green	amber_af	2	0.72	0.56	96.07	0.0	0.5	0	0.0122	1.7134
2ABZ	green	amber_af	3	1.08	0.56	95.79	0.0	0.6	0	0.0121	1.7136
2ABZ	green	amber_af	4	1.62	0.28	95.51	0.65	0.72	0	0.0122	1.7289
2ABZ	green	amber_boltz	0	4.12	0.56	95.22	0.65	1.03	2	0.0122	1.8353
2ABZ	green	amber_boltz	1	4.49	0.28	95.51	1.95	1.26	0	0.0121	1.7886
2ABZ	green	amber_boltz	2	5.2	0.56	95.22	1.95	1.33	0	0.0122	1.8294
2ABZ	green	amber_boltz	3	3.23	0.28	95.22	1.3	1.03	1	0.0123	1.8009
2ABZ	green	amber_boltz	4	4.49	0.56	94.66	0.65	1.09	0	0.0122	1.8089
2AJF	green	crystal	0	12.49	1.7	87.97	14.58	2.59	1	0.0108	1.5047
2AJF	green	af_relaxed	0	1.22	0.26	96.35	1.03	0.59	1	0.0127	1.8317
2AJF	green	af_relaxed	1	2.12	0.52	95.96	1.33	0.86	4	0.013	1.8818
2AJF	green	af_relaxed	2	9.14	0.78	93.87	2.36	1.68	13	0.0254	2.1006
2AJF	green	af_relaxed	3	4.57	0.39	95.83	0.74	1.02	3	0.025	1.9529
2AJF	green	af_relaxed	4	2.69	0.13	97.91	1.03	0.59	1	0.012	1.736
2AJF	green	boltz	0	33.16	0.13	98.44	0.44	1.5	0	0.0164	1.234
2AJF	green	boltz	1	31.11	0.13	98.44	1.18	1.53	0	0.0151	1.1813
2AJF	green	boltz	2	20.91	0.26	98.57	0.44	1.31	0	0.0146	1.2196
2AJF	green	boltz	3	24.42	0.13	98.17	0.59	1.38	0	0.0163	1.2617
2AJF	green	boltz	4	23.69	0.26	98.04	0.74	1.37	0	0.0158	1.2013
2AJF	green	amber_af	0	3.02	0.13	97.26	2.5	1.03	2	0.012	1.77
2AJF	green	amber_af	1	2.12	0.52	96.22	1.33	0.83	3	0.013	1.8793
2AJF	green	amber_af	2	7.84	0.65	94.39	2.21	1.57	12	0.0254	2.0925
2AJF	green	amber_af	3	4.73	0.52	95.7	0.74	1.04	2	0.025	1.9447
2AJF	green	amber_af	4	2.69	0.13	98.04	0.88	0.56	2	0.0119	1.7406
2AJF	green	amber_boltz	0	4.24	0.0	98.04	1.18	0.76	1	0.012	1.7852
2AJF	green	amber_boltz	1	4.33	0.0	97.91	1.47	0.86	3	0.012	1.7612
2AJF	green	amber_boltz	2	3.35	0.13	98.04	0.59	0.63	1	0.0119	1.7339
2AJF	green	amber_boltz	3	4.82	0.0	97.52	1.03	0.86	1	0.0121	1.7932
2AJF	green	amber_boltz	4	2.94	0.13	97.39	1.03	0.71	0	0.0119	1.7482
2AYO	green	crystal	0	64.46	9.98	73.4	16.94	3.53	1	0.014	2.1668
2AYO	green	af_relaxed	0	1.74	0.0	96.71	0.26	0.64	0	0.0118	1.6996
2AYO	green	af_relaxed	1	1.59	0.24	97.65	0.26	0.48	0	0.0117	1.6908
2AYO	green	af_relaxed	2	1.16	0.47	97.18	0.0	0.48	0	0.0117	1.6909
2AYO	green	af_relaxed	3	1.3	0.0	97.41	0.0	0.47	0	0.0118	1.6755
2AYO	green	af_relaxed	4	2.32	0.24	97.65	0.0	0.59	0	0.0118	1.7056
2AYO	green	boltz	0	10.58	0.24	98.12	0.0	1.04	0	0.0106	1.0824
2AYO	green	boltz	1	9.28	0.0	97.88	0.0	1.02	0	0.0107	1.0663
2AYO	green	boltz	2	13.33	0.0	97.65	0.26	1.21	0	0.0115	1.0663
2AYO	green	boltz	3	13.77	0.0	97.88	0.26	1.17	0	0.011	1.0457
2AYO	green	boltz	4	14.35	0.0	98.12	0.26	1.16	0	0.0117	1.0788
2AYO	green	amber_af	0	2.17	0.0	96.71	0.26	0.7	0	0.0118	1.698
2AYO	green	amber_af	1	1.3	0.24	97.65	0.26	0.43	0	0.0117	1.6933
2AYO	green	amber_af	2	1.01	0.47	97.18	0.0	0.45	0	0.0117	1.691
2AYO	green	amber_af	3	1.3	0.0	97.18	0.0	0.51	0	0.0118	1.6742
2AYO	green	amber_af	4	2.75	0.47	97.65	0.0	0.64	0	0.0118	1.7068
2AYO	green	amber_boltz	0	0.87	0.0	97.65	0.0	0.34	0	0.012	1.714
2AYO	green	amber_boltz	1	0.43	0.0	96.94	0.26	0.33	0	0.0121	1.7116
2AYO	green	amber_boltz	2	0.43	0.0	97.18	0.26	0.3	0	0.0118	1.7093
2AYO	green	amber_boltz	3	0.58	0.0	97.65	0.0	0.27	0	0.0119	1.7195
2AYO	green	amber_boltz	4	0.14	0.0	96.47	0.52	0.29	0	0.0129	1.8484
2B42	green	crystal	0	3.25	0.37	96.47	5.63	1.42	0	0.0141	1.6833
2B42	green	af_relaxed	0	0.5	0.18	97.06	0.23	0.34	1	0.0116	1.7123
2B42	green	af_relaxed	1	0.25	0.18	97.24	0.23	0.24	1	0.0116	1.7098
2B42	green	af_relaxed	2	1.63	0.37	97.06	0.23	0.58	3	0.0117	1.7281
2B42	green	af_relaxed	3	0.63	0.37	97.06	0.94	0.37	2	0.0116	1.7326
2B42	green	af_relaxed	4	1.0	0.74	96.88	0.0	0.48	1	0.0116	1.7193
2B42	green	boltz	0	13.01	0.0	97.98	0.23	1.13	0	0.03	1.5984
2B42	green	boltz	1	9.51	0.0	98.35	0.0	1.0	0	0.0147	1.5595
2B42	green	boltz	2	10.26	0.0	98.35	0.23	1.03	0	0.0177	1.4677
2B42	green	boltz	3	9.88	0.0	98.35	0.23	1.02	0	0.0286	1.6586
2B42	green	boltz	4	10.38	0.0	98.16	0.0	1.04	0	0.019	1.4411
2B42	green	amber_af	0	0.5	0.18	97.24	0.0	0.31	1	0.0116	1.7092
2B42	green	amber_af	1	0.25	0.18	97.06	0.23	0.26	1	0.0116	1.7137
2B42	green	amber_af	2	1.25	0.37	97.43	0.23	0.46	1	0.0117	1.7199
2B42	green	amber_af	3	0.75	0.37	97.06	0.94	0.4	2	0.0116	1.7292
2B42	green	amber_af	4	1.25	0.55	97.06	0.47	0.51	1	0.0116	1.7055
2B42	green	amber_boltz	0	1.63	0.0	97.79	0.23	0.46	1	0.0116	1.7266
2B42	green	amber_boltz	1	1.13	0.18	97.98	0.0	0.33	2	0.0118	1.7194
2B42	green	amber_boltz	2	1.0	0.0	98.16	0.23	0.3	0	0.0116	1.7134
2B42	green	amber_boltz	3	1.0	0.0	98.35	0.23	0.3	0	0.0118	1.7269
2B42	green	amber_boltz	4	1.5	0.0	98.16	0.47	0.39	1	0.0118	1.7361
2B4J	green	crystal	0	5.82	0.0	98.57	3.88	1.27	6	0.0179	1.6293
2B4J	green	af_relaxed	0	0.7	0.28	97.75	0.32	0.28	0	0.0118	1.7319
2B4J	green	af_relaxed	1	2.61	0.28	98.03	0.0	0.55	1	0.0119	1.7408
2B4J	green	af_relaxed	2	0.35	0.0	98.59	1.62	0.29	0	0.0117	1.7086
2B4J	green	af_relaxed	3	1.22	0.0	97.18	2.27	0.76	0	0.0117	1.7273
2B4J	green	af_relaxed	4	5.4	0.85	95.77	1.94	1.3	3	0.0118	1.8818
2B4J	green	boltz	0	13.42	0.56	98.03	0.0	1.14	0	0.011	1.0578
2B4J	green	boltz	1	10.11	0.56	97.75	0.0	1.08	0	0.0107	1.0743
2B4J	green	boltz	2	16.04	0.56	98.03	0.0	1.21	0	0.0108	1.0732
2B4J	green	boltz	3	10.98	0.56	98.03	0.32	1.06	0	0.0107	1.0504
2B4J	green	boltz	4	10.63	0.28	97.75	0.32	1.1	0	0.0111	1.0998
2B4J	green	amber_af	0	0.52	0.28	97.46	0.32	0.29	0	0.0118	1.731
2B4J	green	amber_af	1	5.57	0.0	97.18	0.65	0.95	0	0.0345	1.9335
2B4J	green	amber_af	2	0.7	0.0	98.59	1.29	0.31	0	0.0118	1.7081
2B4J	green	amber_af	3	1.05	0.0	97.18	2.27	0.72	0	0.0117	1.7231
2B4J	green	amber_af	4	4.36	0.28	96.06	1.29	1.07	2	0.0117	1.8616
2B4J	green	amber_boltz	0	0.52	0.85	96.9	0.32	0.36	0	0.0119	1.7486
2B4J	green	amber_boltz	1	0.17	0.28	97.18	0.0	0.22	0	0.0122	1.7135
2B4J	green	amber_boltz	2	0.52	0.28	97.75	0.0	0.24	1	0.0119	1.745
2B4J	green	amber_boltz	3	0.35	0.56	97.46	0.32	0.23	0	0.012	1.7277
2B4J	green	amber_boltz	4	0.17	0.28	96.34	0.65	0.31	0	0.012	1.753
2BTF	green	af_relaxed	0	1.01	0.2	97.25	0.0	0.44	0	0.0118	1.665
2BTF	green	af_relaxed	1	1.27	0.2	97.84	0.7	0.39	0	0.0118	1.6742
2BTF	green	af_relaxed	2	1.39	0.2	97.64	0.23	0.45	1	0.0117	1.6643
2BTF	green	af_relaxed	3	1.65	0.2	97.84	0.23	0.45	1	0.0117	1.6813
2BTF	green	af_relaxed	4	1.01	0.59	97.45	0.0	0.41	0	0.0118	1.6639
2BTF	green	boltz	0	7.6	0.0	98.23	0.0	0.92	0	0.0107	1.0934
2BTF	green	boltz	1	12.29	0.0	98.62	0.0	1.1	0	0.0112	1.0927
2BTF	green	boltz	2	9.25	0.0	98.23	0.0	0.99	0	0.0116	1.1014
2BTF	green	boltz	3	7.98	0.0	98.62	0.0	0.94	0	0.0101	1.1068
2BTF	green	boltz	4	10.52	0.2	98.43	0.0	1.04	0	0.0109	1.089
2BTF	green	amber_af	0	0.76	0.2	97.45	0.0	0.35	0	0.0118	1.6616
2BTF	green	amber_af	1	1.14	0.2	97.84	0.7	0.36	0	0.0118	1.6784
2BTF	green	amber_af	2	1.27	0.2	97.64	0.23	0.43	1	0.0117	1.6654
2BTF	green	amber_af	3	1.9	0.2	97.64	0.23	0.53	1	0.0117	1.6756
2BTF	green	amber_af	4	1.01	0.59	97.45	0.0	0.41	0	0.0118	1.6568
2BTF	green	amber_boltz	0	0.63	0.2	98.43	0.0	0.21	0	0.0119	1.6678
2BTF	green	amber_boltz	1	0.63	0.2	98.23	0.0	0.21	0	0.0117	1.6838
2BTF	green	amber_boltz	2	0.51	0.2	97.64	0.23	0.25	0	0.012	1.6911
2BTF	green	amber_boltz	3	0.38	0.0	98.23	0.0	0.14	0	0.012	1.6763
2BTF	green	amber_boltz	4	0.89	0.2	98.04	0.0	0.27	0	0.0118	1.6888
2C0L	green	crystal	0	5.92	0.74	93.63	3.85	1.69	0	0.0087	1.3758
2C0L	green	af_relaxed	0	0.94	0.0	98.29	0.3	0.28	0	0.0116	1.671
2C0L	green	af_relaxed	1	1.09	0.0	98.05	0.0	0.31	0	0.0116	1.6709
2C0L	green	af_relaxed	2	0.78	0.0	98.54	0.59	0.25	0	0.0115	1.6668
2C0L	green	af_relaxed	3	0.62	0.0	98.05	0.0	0.21	0	0.0115	1.6509
2C0L	green	af_relaxed	4	0.94	0.0	98.54	0.89	0.28	0	0.0116	1.6689
2C0L	green	boltz	0	10.14	0.0	98.78	0.3	1.03	0	0.0107	1.0023
2C0L	green	boltz	1	8.89	0.0	99.02	0.0	0.98	0	0.0105	0.9997
2C0L	green	boltz	2	11.38	0.0	98.78	0.0	1.07	0	0.0106	0.9933
2C0L	green	boltz	3	9.51	0.0	98.78	0.0	1.0	0	0.0104	1.0141
2C0L	green	boltz	4	8.11	0.0	98.29	0.0	0.94	0	0.0109	1.0036
2C0L	green	amber_af	0	1.56	0.0	98.05	0.3	0.4	0	0.0117	1.6667
2C0L	green	amber_af	1	1.25	0.0	98.29	0.0	0.34	0	0.0116	1.6769
2C0L	green	amber_af	2	0.94	0.0	98.54	0.59	0.28	0	0.0115	1.6703
2C0L	green	amber_af	3	0.62	0.0	98.05	0.0	0.21	0	0.0115	1.6523
2C0L	green	amber_af	4	0.94	0.0	98.78	0.89	0.28	0	0.0115	1.6699
2C0L	green	amber_boltz	0	0.94	0.0	98.54	1.18	0.34	0	0.0116	1.7224
2C0L	green	amber_boltz	1	0.78	0.0	98.54	0.0	0.25	0	0.0117	1.7048
2C0L	green	amber_boltz	2	0.62	0.0	98.54	0.3	0.21	0	0.0117	1.7259
2C0L	green	amber_boltz	3	1.4	0.0	98.29	0.0	0.37	0	0.0118	1.7101
2C0L	green	amber_boltz	4	0.94	0.0	98.54	0.3	0.28	0	0.0116	1.7153
2CFH	green	af_relaxed	0	1.41	0.65	95.1	0.74	0.72	0	0.0114	1.6867
2CFH	green	af_relaxed	1	2.62	0.33	96.41	0.74	0.79	1	0.0115	1.7244
2CFH	green	af_relaxed	2	1.82	0.98	95.75	1.1	0.77	1	0.0114	1.6826
2CFH	green	af_relaxed	3	2.62	0.33	96.41	1.1	0.82	0	0.0114	1.6933
2CFH	green	af_relaxed	4	2.02	0.65	95.1	1.1	0.84	1	0.0113	1.7021
2CFH	green	boltz	0	11.71	0.0	98.04	0.0	1.08	0	0.0103	1.0278
2CFH	green	boltz	1	9.89	0.0	98.04	0.37	1.02	0	0.0117	1.0632
2CFH	green	boltz	2	14.33	0.0	98.04	0.37	1.16	0	0.0161	1.0693
2CFH	green	boltz	3	10.09	0.0	98.04	0.37	1.03	0	0.0111	1.0598
2CFH	green	boltz	4	13.12	0.0	97.71	0.0	1.19	0	0.0106	1.0728
2CFH	green	amber_af	0	1.41	0.65	95.1	0.74	0.72	0	0.0115	1.6933
2CFH	green	amber_af	1	2.82	0.33	96.41	0.0	0.81	1	0.0115	1.7253
2CFH	green	amber_af	2	1.61	0.98	95.75	1.47	0.83	1	0.0114	1.6801
2CFH	green	amber_af	3	2.42	0.33	96.41	1.47	0.89	0	0.0114	1.6975
2CFH	green	amber_af	4	1.82	0.65	95.42	1.47	0.89	1	0.0113	1.7011
2CFH	green	amber_boltz	0	0.61	0.0	98.37	0.0	0.2	1	0.0116	1.6298
2CFH	green	amber_boltz	1	1.01	0.0	98.37	0.74	0.3	0	0.0113	1.6541
2CFH	green	amber_boltz	2	1.61	0.0	98.37	0.74	0.41	0	0.0112	1.6545
2CFH	green	amber_boltz	3	1.82	0.0	98.04	0.74	0.44	0	0.0114	1.6386
2CFH	green	amber_boltz	4	0.61	0.0	98.04	0.74	0.2	0	0.0116	1.6585
2DD8	green	crystal	0	13.74	0.81	92.07	4.51	2.13	0	0.0081	1.5383
2DD8	green	af_relaxed	0	5.58	0.32	95.63	1.13	1.15	7	0.0131	2.0819
2DD8	green	af_relaxed	1	6.76	0.81	95.31	1.88	1.41	6	0.0281	2.0467
2DD8	green	af_relaxed	2	5.36	0.97	95.15	2.82	1.47	8	0.0137	2.2035
2DD8	green	af_relaxed	3	5.36	0.97	96.44	0.94	1.02	3	0.0117	1.7858
2DD8	green	af_relaxed	4	7.19	1.13	93.85	3.76	1.74	12	0.0136	2.229
2DD8	green	boltz	0	10.08	0.0	98.06	0.0	1.02	0	0.0126	1.1538
2DD8	green	boltz	1	10.08	0.0	98.06	0.0	1.02	0	0.012	1.1454
2DD8	green	boltz	2	8.15	0.0	98.38	0.0	0.94	0	0.0157	1.2198
2DD8	green	boltz	3	9.66	0.0	98.06	0.19	1.01	0	0.0137	1.2648
2DD8	green	boltz	4	9.12	0.0	98.38	0.38	0.99	0	0.0114	1.1627
2DD8	green	amber_af	0	4.5	0.49	95.15	1.5	1.2	5	0.0132	2.0543
2DD8	green	amber_af	1	6.44	1.29	94.98	2.26	1.47	6	0.0282	2.1154
2DD8	green	amber_af	2	3.97	2.1	93.53	3.38	1.51	12	0.0133	2.1065
2DD8	green	amber_af	3	5.68	0.97	95.95	1.32	1.18	4	0.0117	1.793
2DD8	green	amber_af	4	6.97	1.62	93.69	3.95	1.75	14	0.0136	2.2752
2DD8	green	amber_boltz	0	1.07	0.16	97.9	0.19	0.34	1	0.0117	1.6885
2DD8	green	amber_boltz	1	0.32	0.0	97.73	0.19	0.18	0	0.0118	1.6758
2DD8	green	amber_boltz	2	0.64	0.0	98.06	0.19	0.21	1	0.0118	1.6668
2DD8	green	amber_boltz	3	0.64	0.0	97.9	0.56	0.24	1	0.0117	1.6837
2DD8	green	amber_boltz	4	0.64	0.0	97.9	0.38	0.24	1	0.012	1.6727
2FD6	green	crystal	0	20.44	1.52	93.78	4.23	2.19	0	0.0094	1.6517
2FD6	green	af_relaxed	0	2.58	0.15	97.46	1.18	0.71	0	0.0113	1.7233
2FD6	green	af_relaxed	1	5.45	0.15	97.01	2.88	1.31	0	0.0118	1.836
2FD6	green	af_relaxed	2	4.06	0.3	97.46	1.86	1.0	0	0.0115	1.7782
2FD6	green	af_relaxed	3	3.97	0.0	97.46	2.54	1.1	0	0.0116	1.7866
2FD6	green	af_relaxed	4	1.39	0.15	96.56	2.37	0.88	2	0.0118	1.8334
2FD6	green	boltz	0	22.22	0.3	97.76	0.68	1.39	0	0.0172	1.3494
2FD6	green	boltz	1	23.5	0.15	97.91	1.18	1.44	0	0.0197	1.4154
2FD6	green	boltz	2	23.01	0.15	98.21	0.51	1.35	0	0.0168	1.3537
2FD6	green	boltz	3	17.55	0.3	98.36	0.51	1.24	0	0.0194	1.3543
2FD6	green	boltz	4	24.9	0.3	97.91	0.85	1.41	0	0.0186	1.3302
2FD6	green	amber_af	0	2.38	0.15	97.61	1.18	0.66	0	0.0113	1.7209
2FD6	green	amber_af	1	5.65	0.15	97.16	3.05	1.33	1	0.0118	1.8281
2FD6	green	amber_af	2	4.16	0.3	97.46	1.52	0.95	1	0.0115	1.7949
2FD6	green	amber_af	3	4.56	0.0	97.46	2.71	1.17	1	0.0116	1.7929
2FD6	green	amber_af	4	4.36	0.0	97.31	2.37	1.13	1	0.0113	1.7576
2FD6	green	amber_boltz	0	1.78	0.75	96.71	1.18	0.7	1	0.0113	1.7451
2FD6	green	amber_boltz	1	1.98	0.15	97.76	1.69	0.69	0	0.0115	1.7414
2FD6	green	amber_boltz	2	1.88	0.3	97.76	1.18	0.56	1	0.0114	1.7645
2FD6	green	amber_boltz	3	1.19	0.45	98.06	0.68	0.33	0	0.0114	1.7213
2FD6	green	amber_boltz	4	1.78	0.45	96.86	1.69	0.8	1	0.0112	1.7512
2FJG	green	crystal	0	7.06	0.58	94.57	16.26	2.18	3	0.0147	1.7577
2FJG	green	af_relaxed	0	6.3	0.0	96.91	1.76	1.22	5	0.0117	1.8162
2FJG	green	af_relaxed	1	5.17	0.19	97.3	0.88	0.91	1	0.0115	1.7915
2FJG	green	af_relaxed	2	7.06	0.0	96.53	1.1	1.15	3	0.0116	1.8221
2FJG	green	af_relaxed	3	7.19	0.39	96.72	1.32	1.19	5	0.012	1.8227
2FJG	green	af_relaxed	4	1.51	0.58	95.75	1.76	0.87	4	0.012	1.839
2FJG	green	boltz	0	13.37	0.0	98.26	0.22	1.14	0	0.0118	1.1722
2FJG	green	boltz	1	14.89	0.0	98.07	0.22	1.18	0	0.0112	1.1513
2FJG	green	boltz	2	12.99	0.0	98.26	0.0	1.12	0	0.013	1.1566
2FJG	green	boltz	3	13.75	0.0	98.65	0.22	1.15	0	0.0117	1.1474
2FJG	green	boltz	4	12.36	0.19	98.46	0.0	1.1	0	0.011	1.1447
2FJG	green	amber_af	0	6.18	0.0	96.91	2.42	1.32	5	0.0116	1.8151
2FJG	green	amber_af	1	5.17	0.39	96.91	1.76	1.15	0	0.0115	1.7885
2FJG	green	amber_af	2	6.3	0.0	96.33	1.1	1.12	3	0.0116	1.7442
2FJG	green	amber_af	3	7.31	0.39	96.33	1.32	1.24	3	0.012	1.8335
2FJG	green	amber_af	4	2.14	0.58	96.33	1.98	0.96	3	0.0121	1.8466
2FJG	green	amber_boltz	0	1.26	0.0	98.07	0.66	0.35	0	0.0116	1.7093
2FJG	green	amber_boltz	1	2.4	0.0	97.88	0.44	0.55	0	0.0117	1.6803
2FJG	green	amber_boltz	2	1.51	0.0	97.88	0.44	0.42	0	0.0114	1.6859
2FJG	green	amber_boltz	3	2.65	0.0	97.88	0.44	0.58	2	0.0115	1.7057
2FJG	green	amber_boltz	4	1.51	0.0	98.07	0.0	0.39	1	0.0115	1.6885
2FJU	green	crystal	0	13.77	0.23	96.15	2.69	1.73	0	0.0114	1.6907
2FJU	green	af_relaxed	0	6.37	0.58	96.2	1.02	1.12	2	0.0121	1.7666
2FJU	green	af_relaxed	1	1.5	0.46	95.05	1.02	0.74	2	0.013	1.8881
2FJU	green	af_relaxed	2	5.52	0.35	96.2	0.77	1.06	4	0.012	1.7924
2FJU	green	af_relaxed	3	4.37	0.46	95.03	2.3	1.34	7	0.0236	1.9886
2FJU	green	af_relaxed	4	6.45	0.35	95.74	1.02	1.16	4	0.0123	1.8427
2FJU	green	boltz	0	20.28	0.12	97.7	0.26	1.37	0	0.012	1.1406
2FJU	green	boltz	1	28.88	0.0	98.16	0.26	1.45	0	0.0153	1.1262
2FJU	green	boltz	2	26.44	0.23	98.39	0.0	1.41	0	0.0129	1.1365
2FJU	green	boltz	3	25.08	0.0	98.27	0.0	1.39	0	0.012	1.1114
2FJU	green	boltz	4	23.07	0.0	98.39	0.26	1.36	0	0.014	1.1328
2FJU	green	amber_af	0	6.8	0.58	96.2	1.02	1.14	1	0.0121	1.7713
2FJU	green	amber_af	1	1.15	0.46	94.93	1.15	0.72	3	0.013	1.8925
2FJU	green	amber_af	2	5.16	0.46	95.85	0.9	1.06	4	0.0121	1.8055
2FJU	green	amber_af	3	4.08	0.58	95.15	2.17	1.29	6	0.0235	1.9737
2FJU	green	amber_af	4	6.88	0.46	95.97	1.15	1.2	5	0.0123	1.849
2FJU	green	amber_boltz	0	2.44	0.12	96.66	0.13	0.74	0	0.0118	1.7432
2FJU	green	amber_boltz	1	4.87	0.12	97.0	0.26	0.93	1	0.0119	1.7858
2FJU	green	amber_boltz	2	3.58	0.23	96.77	0.26	0.85	0	0.0118	1.7684
2FJU	green	amber_boltz	3	4.51	0.0	97.12	0.26	0.89	2	0.0119	1.7707
2FJU	green	amber_boltz	4	3.08	0.0	97.12	0.26	0.76	0	0.0119	1.7566
2G77	green	af_relaxed	0	1.69	0.0	97.6	0.43	0.51	0	0.0121	1.6788
2G77	green	af_relaxed	1	0.96	0.0	98.2	0.65	0.29	0	0.012	1.6741
2G77	green	af_relaxed	2	2.17	0.0	98.2	0.43	0.49	0	0.0121	1.7085
2G77	green	af_relaxed	3	1.09	0.0	98.2	0.22	0.31	0	0.0121	1.6759
2G77	green	af_relaxed	4	1.93	0.0	97.8	0.65	0.5	0	0.012	1.6897
2G77	green	boltz	0	18.7	0.0	99.0	0.0	1.27	0	0.0106	1.029
2G77	green	boltz	1	16.78	0.0	99.4	0.0	1.23	0	0.0107	1.0272
2G77	green	boltz	2	17.01	0.0	99.2	0.0	1.23	0	0.0102	1.0212
2G77	green	boltz	3	17.5	0.2	99.0	0.0	1.24	0	0.0105	1.0335
2G77	green	boltz	4	17.38	0.0	99.2	0.0	1.24	0	0.012	1.038
2G77	green	amber_af	0	1.21	0.0	97.8	0.65	0.38	0	0.0121	1.6745
2G77	green	amber_af	1	1.09	0.0	98.2	0.65	0.31	0	0.012	1.6757
2G77	green	amber_af	2	2.29	0.0	98.6	0.43	0.51	0	0.0121	1.7094
2G77	green	amber_af	3	1.09	0.0	98.2	0.43	0.31	0	0.0121	1.6712
2G77	green	amber_af	4	2.41	0.0	97.8	0.65	0.57	0	0.012	1.6905
2G77	green	amber_boltz	0	1.69	0.0	98.4	0.22	0.42	0	0.012	1.7161
2G77	green	amber_boltz	1	1.21	0.0	99.2	0.43	0.34	0	0.0122	1.7461
2G77	green	amber_boltz	2	1.21	0.0	98.8	0.0	0.34	0	0.0121	1.7361
2G77	green	amber_boltz	3	2.41	0.2	98.6	0.22	0.52	0	0.0121	1.7431
2G77	green	amber_boltz	4	2.05	0.0	98.4	0.43	0.48	0	0.012	1.7448
2GAF	green	af_relaxed	0	0.33	0.41	97.53	0.29	0.22	1	0.0132	1.8066
2GAF	green	af_relaxed	1	1.24	0.14	97.94	0.58	0.36	0	0.0123	1.6764
2GAF	green	af_relaxed	2	2.15	0.14	97.67	0.73	0.56	0	0.0125	1.7031
2GAF	green	af_relaxed	3	1.32	0.27	97.81	0.29	0.4	0	0.0125	1.6984
2GAF	green	af_relaxed	4	1.82	0.14	98.49	0.87	0.44	1	0.0124	1.6901
2GAF	green	boltz	0	15.11	0.14	98.63	1.31	1.27	0	0.0139	1.1224
2GAF	green	boltz	1	16.76	0.0	98.63	1.45	1.35	0	0.0133	1.1209
2GAF	green	boltz	2	21.05	0.27	98.63	1.45	1.44	0	0.0132	1.1273
2GAF	green	boltz	3	15.61	0.0	98.9	1.02	1.2	0	0.0134	1.1292
2GAF	green	boltz	4	21.14	0.0	98.63	1.45	1.44	0	0.0132	1.132
2GAF	green	amber_af	0	0.33	0.55	97.26	0.44	0.26	2	0.0133	1.8073
2GAF	green	amber_af	1	1.24	0.14	98.08	0.44	0.34	0	0.0123	1.6791
2GAF	green	amber_af	2	2.23	0.14	97.94	0.44	0.51	0	0.0125	1.6984
2GAF	green	amber_af	3	1.65	0.14	97.81	0.29	0.46	0	0.0125	1.7004
2GAF	green	amber_af	4	1.82	0.14	98.35	0.73	0.44	1	0.0124	1.6896
2GAF	green	amber_boltz	0	1.49	0.27	98.63	1.31	0.48	0	0.012	1.7037
2GAF	green	amber_boltz	1	2.39	0.0	98.63	1.31	0.61	0	0.0118	1.7184
2GAF	green	amber_boltz	2	2.23	0.41	98.08	1.16	0.55	1	0.0119	1.7407
2GAF	green	amber_boltz	3	1.82	0.0	98.63	1.16	0.49	0	0.0118	1.7157
2GAF	green	amber_boltz	4	1.9	0.14	98.22	1.89	0.66	1	0.0118	1.7363
2GTP	green	crystal	0	5.0	0.0	97.48	3.31	1.26	3	0.0133	1.4006
2GTP	green	af_relaxed	0	0.42	0.23	98.17	0.51	0.15	0	0.0128	1.8156
2GTP	green	af_relaxed	1	0.42	0.0	98.63	0.0	0.15	0	0.0119	1.6797
2GTP	green	af_relaxed	2	0.42	0.23	98.4	0.26	0.15	0	0.0128	1.804
2GTP	green	af_relaxed	3	0.42	0.23	98.17	0.26	0.15	0	0.0128	1.811
2GTP	green	af_relaxed	4	0.28	0.68	97.49	0.26	0.21	1	0.0128	1.7922
2GTP	green	boltz	0	7.43	0.0	99.09	0.0	0.91	0	0.0099	1.009
2GTP	green	boltz	1	9.68	0.0	98.86	0.0	1.01	0	0.0104	1.03
2GTP	green	boltz	2	7.29	0.0	99.09	0.26	0.9	0	0.0103	1.0209
2GTP	green	boltz	3	9.54	0.0	98.63	0.26	1.0	0	0.0109	1.0171
2GTP	green	boltz	4	7.85	0.0	99.09	0.0	0.93	0	0.0106	1.0064
2GTP	green	amber_af	0	0.42	0.23	98.17	0.51	0.15	0	0.0128	1.8153
2GTP	green	amber_af	1	0.42	0.0	98.63	0.0	0.15	0	0.0119	1.6824
2GTP	green	amber_af	2	0.42	0.23	98.4	0.26	0.15	0	0.0128	1.8088
2GTP	green	amber_af	3	0.42	0.23	98.17	0.26	0.15	0	0.0128	1.8043
2GTP	green	amber_af	4	0.14	0.23	97.72	0.26	0.12	0	0.0129	1.8098
2GTP	green	amber_boltz	0	0.84	0.0	99.09	0.0	0.26	0	0.012	1.6935
2GTP	green	amber_boltz	1	0.56	0.0	99.32	0.0	0.19	0	0.0119	1.6957
2GTP	green	amber_boltz	2	0.42	0.0	98.63	0.0	0.15	0	0.012	1.6814
2GTP	green	amber_boltz	3	0.7	0.0	98.86	0.26	0.23	0	0.0119	1.6886
2GTP	green	amber_boltz	4	0.42	0.0	98.63	0.0	0.15	0	0.0117	1.6943
2H7V	green	crystal	0	6.95	1.81	92.1	8.27	2.06	0	0.0188	1.7614
2H7V	green	af_relaxed	0	1.53	0.45	96.64	0.25	0.61	0	0.0114	1.7035
2H7V	green	af_relaxed	1	2.92	0.22	97.09	1.0	0.74	0	0.0115	1.7292
2H7V	green	af_relaxed	2	3.61	0.67	97.09	1.0	0.81	0	0.0113	1.7365
2H7V	green	af_relaxed	3	2.5	0.45	97.32	1.5	0.8	1	0.0113	1.7432
2H7V	green	af_relaxed	4	2.64	0.45	97.76	1.0	0.6	0	0.0114	1.7471
2H7V	green	boltz	0	16.69	0.0	99.33	0.0	1.22	0	0.0108	1.0301
2H7V	green	boltz	1	17.53	0.0	99.11	0.0	1.24	0	0.0109	1.033
2H7V	green	boltz	2	16.69	0.22	99.33	0.0	1.22	0	0.0107	1.0407
2H7V	green	boltz	3	15.3	0.22	99.11	0.0	1.19	0	0.0103	1.0582
2H7V	green	boltz	4	14.88	0.0	99.33	0.0	1.18	0	0.0106	1.032
2H7V	green	amber_af	0	1.67	0.45	96.64	0.25	0.63	0	0.0114	1.7033
2H7V	green	amber_af	1	3.06	0.22	96.64	1.0	0.81	0	0.0115	1.7296
2H7V	green	amber_af	2	3.89	0.67	96.87	1.25	0.94	0	0.0112	1.7438
2H7V	green	amber_af	3	2.78	0.45	97.54	1.0	0.66	0	0.0113	1.7392
2H7V	green	amber_af	4	2.78	0.45	97.76	0.75	0.62	0	0.0114	1.7427
2H7V	green	amber_boltz	0	1.39	0.0	98.88	0.25	0.37	0	0.0115	1.7459
2H7V	green	amber_boltz	1	2.22	0.0	99.11	0.0	0.5	0	0.0114	1.7036
2H7V	green	amber_boltz	2	2.09	0.0	98.88	0.25	0.48	1	0.0115	1.7297
2H7V	green	amber_boltz	3	2.5	0.0	98.88	0.0	0.53	0	0.0116	1.7429
2H7V	green	amber_boltz	4	1.81	0.0	98.88	0.25	0.44	0	0.0114	1.7171
2HLE	green	crystal	0	13.99	0.96	92.33	8.76	2.34	1	0.0187	1.7962
2HLE	green	af_relaxed	0	0.39	0.32	94.95	0.0	0.49	0	0.0129	1.858
2HLE	green	af_relaxed	1	0.59	0.63	95.58	0.0	0.5	0	0.0129	1.8564
2HLE	green	af_relaxed	2	0.59	0.63	95.27	0.36	0.53	0	0.0129	1.8507
2HLE	green	af_relaxed	3	2.15	0.32	96.21	1.08	0.77	0	0.0118	1.7406
2HLE	green	af_relaxed	4	2.55	0.0	96.53	0.72	0.77	0	0.0117	1.7257
2HLE	green	boltz	0	14.49	0.0	98.74	0.36	1.17	0	0.0133	1.1421
2HLE	green	boltz	1	16.46	0.0	97.79	0.0	1.27	0	0.013	1.1553
2HLE	green	boltz	2	18.21	0.0	97.79	0.0	1.31	0	0.014	1.1442
2HLE	green	boltz	3	17.63	0.0	97.48	0.0	1.35	0	0.0132	1.1847
2HLE	green	boltz	4	18.41	0.0	98.11	0.0	1.26	0	0.014	1.1761
2HLE	green	amber_af	0	0.59	0.32	94.95	0.0	0.55	0	0.0129	1.8507
2HLE	green	amber_af	1	0.59	0.63	95.27	0.0	0.53	0	0.0129	1.8504
2HLE	green	amber_af	2	0.78	0.63	95.27	0.36	0.58	0	0.0129	1.8584
2HLE	green	amber_af	3	1.76	0.32	96.21	1.8	0.88	1	0.0118	1.7694
2HLE	green	amber_af	4	3.13	0.32	96.53	0.72	0.83	0	0.0118	1.7261
2HLE	green	amber_boltz	0	1.57	0.0	98.11	0.36	0.4	0	0.0116	1.697
2HLE	green	amber_boltz	1	1.76	0.0	97.79	0.0	0.48	0	0.0117	1.704
2HLE	green	amber_boltz	2	1.76	0.32	97.79	0.0	0.48	1	0.0118	1.7097
2HLE	green	amber_boltz	3	2.35	0.0	97.16	0.0	0.67	0	0.0118	1.7401
2HLE	green	amber_boltz	4	1.18	0.0	97.79	0.0	0.38	0	0.0116	1.7202
2HQS	green	crystal	0	4.23	0.19	98.64	2.63	1.02	1	0.0103	1.3043
2HQS	green	af_relaxed	0	0.26	0.0	98.26	0.24	0.1	0	0.0117	1.6611
2HQS	green	af_relaxed	1	0.51	0.0	98.26	0.48	0.18	0	0.0116	1.6672
2HQS	green	af_relaxed	2	0.77	0.19	98.45	0.0	0.24	0	0.0117	1.6704
2HQS	green	af_relaxed	3	0.51	0.0	98.64	0.71	0.18	0	0.0118	1.6724
2HQS	green	af_relaxed	4	1.02	0.0	98.06	0.0	0.3	0	0.0117	1.6684
2HQS	green	boltz	0	9.72	0.19	99.03	0.0	1.01	0	0.0103	1.0963
2HQS	green	boltz	1	8.83	0.19	99.42	0.24	0.97	0	0.0102	1.098
2HQS	green	boltz	2	12.41	0.19	98.84	0.0	1.11	0	0.0105	1.0989
2HQS	green	boltz	3	8.7	0.19	99.03	0.0	0.97	0	0.0102	1.0991
2HQS	green	boltz	4	11.64	0.19	98.84	0.0	1.08	0	0.0103	1.09
2HQS	green	amber_af	0	0.26	0.0	98.06	0.24	0.1	0	0.0117	1.6594
2HQS	green	amber_af	1	0.38	0.0	98.26	0.71	0.14	0	0.0116	1.6677
2HQS	green	amber_af	2	1.02	0.0	98.45	0.0	0.3	0	0.0117	1.6673
2HQS	green	amber_af	3	0.51	0.0	98.64	0.48	0.18	0	0.0117	1.6771
2HQS	green	amber_af	4	0.51	0.0	98.45	0.0	0.18	0	0.0117	1.6626
2HQS	green	amber_boltz	0	0.77	0.19	98.26	0.0	0.24	0	0.0117	1.6834
2HQS	green	amber_boltz	1	0.38	0.19	98.45	0.24	0.14	0	0.0117	1.8973
2HQS	green	amber_boltz	2	2.05	0.19	98.45	0.24	0.47	0	0.0117	1.6898
2HQS	green	amber_boltz	3	0.77	0.19	98.45	0.48	0.24	0	0.0118	1.6891
2HQS	green	amber_boltz	4	0.9	0.19	98.45	0.24	0.27	0	0.0117	1.6912
2HRK	green	crystal	0	6.16	1.08	96.4	2.1	1.32	0	0.0099	1.2409
2HRK	green	af_relaxed	0	1.34	0.0	97.12	0.41	0.52	0	0.0115	1.692
2HRK	green	af_relaxed	1	1.12	0.0	96.76	0.41	0.52	0	0.0116	1.6947
2HRK	green	af_relaxed	2	0.9	0.0	97.12	0.0	0.43	0	0.0115	1.6851
2HRK	green	af_relaxed	3	1.34	0.0	97.12	0.41	0.52	0	0.0115	1.6967
2HRK	green	af_relaxed	4	1.34	0.0	97.12	0.0	0.52	0	0.0115	1.6928
2HRK	green	boltz	0	8.97	0.0	97.84	0.0	1.02	0	0.0112	1.0795
2HRK	green	boltz	1	9.42	0.0	98.2	0.82	1.0	0	0.0108	1.1105
2HRK	green	boltz	2	7.4	0.0	98.2	0.41	0.91	0	0.0114	1.1056
2HRK	green	boltz	3	10.76	0.0	97.84	0.41	1.09	0	0.0109	1.1048
2HRK	green	boltz	4	10.99	0.0	98.56	0.82	1.06	0	0.0119	1.1083
2HRK	green	amber_af	0	1.34	0.0	96.76	0.41	0.56	0	0.0115	1.6981
2HRK	green	amber_af	1	1.34	0.0	96.76	0.0	0.56	0	0.0116	1.692
2HRK	green	amber_af	2	0.67	0.0	97.12	0.0	0.38	0	0.0116	1.6872
2HRK	green	amber_af	3	1.12	0.0	97.12	0.41	0.48	0	0.0115	1.6929
2HRK	green	amber_af	4	1.34	0.0	97.12	0.0	0.52	0	0.0115	1.693
2HRK	green	amber_boltz	0	0.45	0.0	97.48	0.41	0.26	1	0.0116	1.7419
2HRK	green	amber_boltz	1	0.22	0.0	97.48	0.82	0.19	2	0.0117	1.7022
2HRK	green	amber_boltz	2	0.9	0.0	97.84	0.82	0.31	1	0.0116	1.7311
2HRK	green	amber_boltz	3	1.57	0.0	96.76	0.41	0.6	0	0.0115	1.73
2HRK	green	amber_boltz	4	0.45	0.0	97.48	0.41	0.26	0	0.0116	1.7462
2I25	green	crystal	0	2.98	0.0	98.33	0.0	0.59	1	0.0234	1.7434
2I25	green	af_relaxed	0	1.08	0.0	99.16	0.0	0.31	1	0.0114	1.6864
2I25	green	af_relaxed	1	0.81	0.0	98.74	0.0	0.25	0	0.0114	1.6405
2I25	green	af_relaxed	2	0.27	0.0	98.74	0.0	0.1	0	0.0115	1.6607
2I25	green	af_relaxed	3	0.54	0.0	99.58	0.0	0.18	0	0.0113	1.651
2I25	green	af_relaxed	4	7.59	0.0	97.07	1.49	1.21	3	0.012	1.8438
2I25	green	boltz	0	13.29	0.0	98.74	0.0	1.13	0	0.0158	1.2013
2I25	green	boltz	1	14.11	0.0	99.16	0.99	1.16	0	0.0149	1.2464
2I25	green	boltz	2	12.48	0.0	99.16	0.0	1.11	0	0.0144	1.226
2I25	green	boltz	3	16.55	0.0	98.74	0.0	1.22	0	0.0149	1.1872
2I25	green	boltz	4	13.56	0.0	98.74	0.0	1.14	0	0.0157	1.1854
2I25	green	amber_af	0	1.36	0.0	99.16	0.0	0.36	0	0.0113	1.6605
2I25	green	amber_af	1	0.54	0.0	98.74	0.0	0.18	0	0.0114	1.6372
2I25	green	amber_af	2	0.54	0.0	98.74	0.0	0.18	0	0.0115	1.6617
2I25	green	amber_af	3	0.81	0.0	99.58	0.0	0.25	0	0.0113	1.6549
2I25	green	amber_af	4	7.05	0.0	97.49	1.49	1.12	3	0.012	1.8497
2I25	green	amber_boltz	0	2.44	0.0	98.74	0.0	0.53	0	0.0114	1.7023
2I25	green	amber_boltz	1	2.17	0.0	98.74	0.5	0.49	0	0.0114	1.6651
2I25	green	amber_boltz	2	1.08	0.0	98.33	0.0	0.31	0	0.0114	1.683
2I25	green	amber_boltz	3	2.17	0.0	98.33	0.0	0.49	0	0.0114	1.6531
2I25	green	amber_boltz	4	0.81	0.0	98.74	0.0	0.25	0	0.0114	1.6576
2I9B	green	crystal	0	16.54	3.46	84.57	8.5	2.59	10	0.0212	2.3031
2I9B	green	af_relaxed	0	2.07	1.31	95.81	0.29	0.77	0	0.0114	1.7514
2I9B	green	af_relaxed	1	3.96	1.31	96.34	0.88	0.93	0	0.0116	1.7892
2I9B	green	af_relaxed	2	1.72	1.05	96.07	1.17	0.75	0	0.0114	1.7448
2I9B	green	af_relaxed	3	1.89	0.79	95.81	1.17	0.8	0	0.0114	1.7652
2I9B	green	af_relaxed	4	2.07	0.26	96.6	0.59	0.7	0	0.0115	1.7351
2I9B	green	boltz	0	24.62	0.0	98.69	0.88	1.38	0	0.0181	1.5567
2I9B	green	boltz	1	18.95	0.26	98.17	0.59	1.28	0	0.0168	1.4478
2I9B	green	boltz	2	28.74	0.0	98.69	0.29	1.45	0	0.0182	1.5091
2I9B	green	boltz	3	25.85	0.0	98.43	1.47	1.53	0	0.0198	1.572
2I9B	green	boltz	4	23.27	0.0	98.69	1.47	1.48	0	0.0185	1.5733
2I9B	green	amber_af	0	2.24	1.31	95.81	0.29	0.79	0	0.0115	1.7481
2I9B	green	amber_af	1	3.44	1.57	96.07	0.88	0.9	0	0.0116	1.7893
2I9B	green	amber_af	2	1.89	1.05	95.81	1.17	0.8	0	0.0114	1.7468
2I9B	green	amber_af	3	1.38	0.79	95.55	1.47	0.8	0	0.0114	1.77
2I9B	green	amber_af	4	2.41	0.52	96.86	0.59	0.71	0	0.0115	1.7331
2I9B	green	amber_boltz	0	1.89	0.0	99.21	1.47	0.58	0	0.0116	1.767
2I9B	green	amber_boltz	1	1.72	0.0	98.17	0.88	0.43	0	0.0117	1.7828
2I9B	green	amber_boltz	2	2.41	0.0	98.17	1.47	0.65	1	0.0116	1.7826
2I9B	green	amber_boltz	3	1.89	0.0	97.91	1.76	0.66	0	0.0116	1.7782
2I9B	green	amber_boltz	4	1.72	0.0	98.43	2.93	0.78	0	0.0118	1.7882
2IDO	green	crystal	0	4.68	0.0	97.08	0.0	0.9	0	0.0072	1.3628
2IDO	green	af_relaxed	0	0.26	0.0	99.17	0.48	0.1	0	0.0119	1.6822
2IDO	green	af_relaxed	1	0.51	0.0	98.35	0.48	0.18	0	0.0119	1.6947
2IDO	green	af_relaxed	2	0.26	0.0	98.76	0.48	0.1	0	0.0117	1.6923
2IDO	green	af_relaxed	3	0.77	0.0	99.17	0.0	0.24	0	0.0119	1.6728
2IDO	green	af_relaxed	4	1.03	0.83	98.35	0.0	0.3	0	0.0119	1.696
2IDO	green	boltz	0	6.41	0.0	99.59	0.0	0.85	0	0.01	1.0197
2IDO	green	boltz	1	8.97	0.0	99.17	0.0	0.98	0	0.0098	1.0279
2IDO	green	boltz	2	7.44	0.0	99.59	0.0	0.91	0	0.01	1.0441
2IDO	green	boltz	3	10.0	0.0	99.59	0.0	1.02	0	0.01	1.0174
2IDO	green	boltz	4	10.77	0.0	98.76	0.0	1.05	0	0.0102	1.0345
2IDO	green	amber_af	0	0.26	0.0	99.17	0.48	0.1	0	0.0119	1.6783
2IDO	green	amber_af	1	0.51	0.0	98.35	0.48	0.18	0	0.0119	1.6898
2IDO	green	amber_af	2	0.51	0.0	98.76	0.48	0.18	0	0.0117	1.6822
2IDO	green	amber_af	3	0.51	0.0	99.17	0.0	0.18	0	0.0119	1.6796
2IDO	green	amber_af	4	0.51	0.83	98.35	0.0	0.18	0	0.0119	1.6989
2IDO	green	amber_boltz	0	0.51	0.0	99.59	0.0	0.18	0	0.012	1.6844
2IDO	green	amber_boltz	1	0.77	0.0	99.17	0.0	0.24	0	0.0121	1.6849
2IDO	green	amber_boltz	2	0.26	0.0	99.59	0.0	0.1	0	0.012	1.709
2IDO	green	amber_boltz	3	0.77	0.0	98.76	0.0	0.24	0	0.012	1.7026
2IDO	green	amber_boltz	4	0.51	0.0	97.93	0.0	0.19	0	0.0121	1.6735
2J0T	green	crystal	0	7.22	2.86	92.5	4.48	1.86	1	0.0076	1.2279
2J0T	green	af_relaxed	0	0.46	0.0	98.21	0.42	0.16	1	0.012	1.6974
2J0T	green	af_relaxed	1	1.6	0.0	97.14	0.0	0.56	1	0.012	1.6943
2J0T	green	af_relaxed	2	0.69	0.0	97.5	0.0	0.32	1	0.0119	1.7002
2J0T	green	af_relaxed	3	1.14	0.0	97.86	0.42	0.36	0	0.0119	1.7149
2J0T	green	af_relaxed	4	1.37	0.0	97.5	0.0	0.47	1	0.0119	1.683
2J0T	green	boltz	0	9.38	0.0	98.57	0.0	1.0	0	0.0201	1.4624
2J0T	green	boltz	1	12.58	0.0	98.57	0.42	1.11	0	0.0177	1.4821
2J0T	green	boltz	2	7.32	0.36	98.21	0.42	0.9	0	0.0208	1.4031
2J0T	green	boltz	3	9.6	0.0	98.57	0.42	1.01	0	0.0208	1.4779
2J0T	green	boltz	4	11.44	0.0	98.93	0.42	1.07	0	0.02	1.4283
2J0T	green	amber_af	0	0.69	0.0	98.21	0.0	0.22	1	0.0119	1.7004
2J0T	green	amber_af	1	1.6	0.0	97.14	0.0	0.56	1	0.0119	1.6928
2J0T	green	amber_af	2	0.69	0.0	97.5	0.0	0.32	1	0.012	1.7001
2J0T	green	amber_af	3	0.91	0.0	97.86	0.42	0.31	1	0.0119	1.7141
2J0T	green	amber_af	4	1.37	0.0	97.5	0.0	0.47	1	0.0119	1.7024
2J0T	green	amber_boltz	0	0.46	0.0	98.57	0.84	0.16	1	0.012	1.7261
2J0T	green	amber_boltz	1	0.91	0.0	97.86	0.0	0.31	1	0.0121	1.7595
2J0T	green	amber_boltz	2	0.0	0.0	97.5	1.26	0.18	1	0.0121	1.7338
2J0T	green	amber_boltz	3	0.69	0.0	98.57	0.42	0.22	0	0.0122	1.7268
2J0T	green	amber_boltz	4	1.37	0.0	98.57	0.84	0.37	1	0.0121	1.7567
2J7P	green	crystal	0	3.0	0.55	98.18	2.73	0.92	0	0.0127	1.3934
2J7P	green	af_relaxed	0	2.19	0.18	98.01	0.23	0.49	0	0.0112	1.7222
2J7P	green	af_relaxed	1	1.96	0.36	97.64	1.36	0.64	0	0.0112	1.7258
2J7P	green	af_relaxed	2	2.54	0.36	97.83	0.91	0.58	0	0.0112	1.7196
2J7P	green	af_relaxed	3	3.11	0.54	97.46	1.14	0.75	0	0.0112	1.7427
2J7P	green	af_relaxed	4	3.46	0.36	98.01	2.5	0.94	0	0.0111	1.7475
2J7P	green	boltz	0	20.87	0.18	98.91	0.23	1.31	0	0.0119	1.0875
2J7P	green	boltz	1	20.07	0.18	98.91	0.45	1.3	0	0.0147	1.0983
2J7P	green	boltz	2	22.02	0.36	98.73	0.45	1.34	0	0.0136	1.1568
2J7P	green	boltz	3	16.26	0.18	98.91	0.0	1.21	0	0.0117	1.0886
2J7P	green	boltz	4	19.03	0.18	99.09	0.0	1.28	0	0.0121	1.077
2J7P	green	amber_af	0	1.96	0.18	97.83	0.0	0.5	0	0.0112	1.7204
2J7P	green	amber_af	1	1.84	0.36	97.28	1.14	0.62	0	0.0113	1.7264
2J7P	green	amber_af	2	2.88	0.36	97.64	0.91	0.65	0	0.0112	1.7198
2J7P	green	amber_af	3	3.34	0.54	97.46	1.14	0.78	0	0.0112	1.7408
2J7P	green	amber_af	4	3.23	0.36	97.83	2.73	0.99	1	0.0111	1.7621
2J7P	green	amber_boltz	0	1.73	0.36	98.55	0.23	0.43	0	0.0113	1.767
2J7P	green	amber_boltz	1	3.11	0.36	98.55	0.68	0.6	1	0.0114	1.7822
2J7P	green	amber_boltz	2	2.08	0.36	98.91	0.23	0.48	0	0.0114	1.7573
2J7P	green	amber_boltz	3	1.27	0.18	99.09	0.23	0.35	0	0.0113	1.751
2J7P	green	amber_boltz	4	1.38	0.36	99.09	0.23	0.37	1	0.0112	1.7521
2MTA	green	af_relaxed	0	1.1	0.34	96.98	0.41	0.49	0	0.0118	1.7114
2MTA	green	af_relaxed	1	0.77	0.17	97.32	0.81	0.37	0	0.0117	1.7079
2MTA	green	af_relaxed	2	1.21	0.0	97.32	0.61	0.47	0	0.0117	1.7203
2MTA	green	af_relaxed	3	2.63	0.34	95.98	0.2	0.83	0	0.0119	1.8101
2MTA	green	af_relaxed	4	0.77	0.17	97.65	0.81	0.32	0	0.0117	1.7038
2MTA	green	boltz	0	13.06	0.17	98.16	0.0	1.13	0	0.0191	1.3437
2MTA	green	boltz	1	13.72	0.17	97.82	0.0	1.19	0	0.0178	1.4423
2MTA	green	boltz	2	12.51	0.34	97.99	0.2	1.11	0	0.0174	1.3537
2MTA	green	boltz	3	15.04	0.17	98.16	0.2	1.18	0	0.0183	1.3441
2MTA	green	boltz	4	13.94	0.17	97.99	0.0	1.15	0	0.0177	1.3394
2MTA	green	amber_af	0	0.88	0.34	97.15	0.41	0.42	0	0.0118	1.7097
2MTA	green	amber_af	1	0.66	0.17	97.32	0.81	0.35	0	0.0116	1.7077
2MTA	green	amber_af	2	0.99	0.0	97.32	0.81	0.42	0	0.0117	1.7169
2MTA	green	amber_af	3	2.41	0.34	96.31	0.2	0.77	0	0.012	1.8146
2MTA	green	amber_af	4	1.1	0.34	97.65	0.61	0.39	0	0.0117	1.7075
2MTA	green	amber_boltz	0	1.21	0.17	97.99	0.0	0.34	0	0.012	1.7452
2MTA	green	amber_boltz	1	0.66	0.17	97.82	0.0	0.26	0	0.0119	1.7464
2MTA	green	amber_boltz	2	0.66	0.17	97.49	0.2	0.32	0	0.012	1.7403
2MTA	green	amber_boltz	3	0.88	0.17	97.99	0.0	0.27	0	0.0118	1.7431
2MTA	green	amber_boltz	4	0.99	0.17	97.99	0.0	0.3	0	0.0119	1.7512
2NZ8	green	crystal	0	5.32	0.67	96.64	4.17	1.47	2	0.0107	1.355
2NZ8	green	af_relaxed	0	1.23	0.0	98.23	0.49	0.34	0	0.0118	1.6799
2NZ8	green	af_relaxed	1	1.23	0.0	97.57	0.0	0.43	0	0.0118	1.6819
2NZ8	green	af_relaxed	2	1.36	0.0	98.01	0.25	0.37	0	0.0117	1.6776
2NZ8	green	af_relaxed	3	1.63	0.0	97.57	0.25	0.5	0	0.0118	1.6782
2NZ8	green	af_relaxed	4	1.5	0.0	97.57	0.25	0.48	0	0.0118	1.6926
2NZ8	green	boltz	0	13.22	0.0	98.89	0.25	1.13	0	0.0112	1.0953
2NZ8	green	boltz	1	12.0	0.22	98.45	0.25	1.09	0	0.0111	1.0971
2NZ8	green	boltz	2	13.5	0.0	99.12	0.25	1.14	0	0.0108	1.0967
2NZ8	green	boltz	3	14.72	0.22	98.45	0.25	1.17	0	0.0111	1.0939
2NZ8	green	boltz	4	11.31	0.0	98.67	0.25	1.07	0	0.011	1.0809
2NZ8	green	amber_af	0	1.36	0.0	98.23	0.49	0.37	0	0.0118	1.678
2NZ8	green	amber_af	1	1.23	0.0	97.57	0.0	0.43	0	0.0118	1.6814
2NZ8	green	amber_af	2	1.23	0.0	98.01	0.25	0.34	0	0.0117	1.68
2NZ8	green	amber_af	3	1.63	0.0	97.57	0.25	0.5	0	0.0118	1.676
2NZ8	green	amber_af	4	1.36	0.0	97.57	0.25	0.46	0	0.0118	1.6905
2NZ8	green	amber_boltz	0	1.09	0.0	98.45	0.0	0.31	0	0.0119	1.698
2NZ8	green	amber_boltz	1	1.77	0.44	97.79	0.0	0.48	0	0.0119	1.7036
2NZ8	green	amber_boltz	2	1.36	0.0	98.01	0.25	0.37	0	0.0119	1.7115
2NZ8	green	amber_boltz	3	2.18	0.22	97.79	0.0	0.54	0	0.0119	1.7084
2NZ8	green	amber_boltz	4	1.09	0.22	97.79	0.0	0.36	0	0.0119	1.7086
2O3B	green	crystal	0	6.8	0.0	94.88	0.31	1.23	0	0.0093	1.5017
2O3B	green	af_relaxed	0	1.56	0.0	96.5	0.31	0.63	0	0.0115	1.7139
2O3B	green	af_relaxed	1	1.39	0.0	98.11	0.31	0.37	0	0.0115	1.6934
2O3B	green	af_relaxed	2	1.22	0.27	97.04	0.31	0.51	0	0.0115	1.7035
2O3B	green	af_relaxed	3	1.22	0.0	97.04	0.31	0.51	0	0.0115	1.6976
2O3B	green	af_relaxed	4	1.39	0.0	97.3	0.62	0.5	0	0.0115	1.7045
2O3B	green	boltz	0	7.64	0.0	97.04	0.0	1.09	0	0.0104	1.1243
2O3B	green	boltz	1	6.43	0.27	97.3	0.0	0.99	0	0.0104	1.1311
2O3B	green	boltz	2	6.08	0.27	97.3	0.0	0.97	0	0.0102	1.1458
2O3B	green	boltz	3	8.16	0.0	97.57	0.0	1.03	0	0.0106	1.1334
2O3B	green	boltz	4	7.82	0.0	97.3	0.0	1.06	0	0.0104	1.1255
2O3B	green	amber_af	0	1.56	0.0	96.5	0.31	0.63	0	0.0115	1.7079
2O3B	green	amber_af	1	1.39	0.0	97.84	0.31	0.41	0	0.0116	1.6958
2O3B	green	amber_af	2	1.22	0.27	96.5	0.31	0.57	0	0.0115	1.7078
2O3B	green	amber_af	3	1.22	0.0	97.3	0.31	0.47	0	0.0115	1.6931
2O3B	green	amber_af	4	1.04	0.0	97.3	0.31	0.44	0	0.0115	1.7041
2O3B	green	amber_boltz	0	0.69	0.27	97.3	0.0	0.36	0	0.0116	1.7335
2O3B	green	amber_boltz	1	0.69	0.27	96.5	0.0	0.45	0	0.0116	1.7326
2O3B	green	amber_boltz	2	0.17	0.27	97.3	0.0	0.2	0	0.0119	1.7169
2O3B	green	amber_boltz	3	0.87	0.0	97.04	0.0	0.44	0	0.0116	1.745
2O3B	green	amber_boltz	4	1.22	0.0	97.04	0.0	0.51	0	0.0117	1.7334
2O8V	green	crystal	0	16.06	3.63	86.4	7.45	2.5	1	0.0069	1.5337
2O8V	green	af_relaxed	0	1.87	0.0	97.9	0.35	0.47	1	0.0117	1.6536
2O8V	green	af_relaxed	1	1.12	0.0	97.9	1.06	0.36	0	0.0116	1.6492
2O8V	green	af_relaxed	2	0.56	0.0	98.2	0.71	0.19	0	0.0116	1.629
2O8V	green	af_relaxed	3	2.05	0.0	97.9	0.35	0.5	0	0.0116	1.6746
2O8V	green	af_relaxed	4	2.43	0.3	98.8	0.35	0.52	0	0.0116	1.6924
2O8V	green	boltz	0	20.35	0.0	99.1	0.35	1.3	0	0.0109	1.0982
2O8V	green	boltz	1	18.66	0.0	98.8	0.35	1.27	0	0.0104	1.0732
2O8V	green	boltz	2	18.86	0.0	99.7	0.0	1.27	0	0.0117	1.1586
2O8V	green	boltz	3	12.51	0.0	99.7	0.35	1.11	0	0.0122	1.1005
2O8V	green	boltz	4	23.91	0.0	99.4	0.0	1.37	0	0.0165	1.1143
2O8V	green	amber_af	0	1.68	0.0	97.9	0.35	0.44	1	0.0117	1.6576
2O8V	green	amber_af	1	0.75	0.0	97.9	1.06	0.28	0	0.0116	1.6476
2O8V	green	amber_af	2	0.56	0.0	98.2	0.71	0.19	0	0.0115	1.6288
2O8V	green	amber_af	3	2.24	0.3	97.9	0.35	0.53	0	0.0116	1.678
2O8V	green	amber_af	4	2.24	0.3	98.8	0.35	0.5	0	0.0116	1.6891
2O8V	green	amber_boltz	0	2.24	0.0	97.9	0.0	0.53	0	0.0119	1.7243
2O8V	green	amber_boltz	1	1.49	0.3	98.2	0.35	0.39	1	0.0119	1.7509
2O8V	green	amber_boltz	2	1.49	0.0	98.8	0.0	0.39	0	0.0116	1.681
2O8V	green	amber_boltz	3	0.75	0.0	99.1	0.35	0.24	0	0.0117	1.6746
2O8V	green	amber_boltz	4	2.43	0.0	98.5	0.0	0.52	0	0.012	1.7424
2OOB	green	crystal	0	3.73	0.0	99.11	3.96	1.12	2	0.017	1.8083
2OOB	green	af_relaxed	0	0.0	0.0	99.11	0.0	0.0	0	0.0115	1.6096
2OOB	green	af_relaxed	1	0.0	0.0	99.11	0.0	0.0	0	0.0113	1.6343
2OOB	green	af_relaxed	2	1.06	0.0	99.11	0.0	0.31	0	0.0112	1.7491
2OOB	green	af_relaxed	3	3.19	0.0	100.0	0.0	0.61	0	0.0115	1.7127
2OOB	green	af_relaxed	4	3.19	0.0	99.11	0.0	0.61	0	0.0111	1.7719
2OOB	green	boltz	0	6.92	0.0	100.0	0.0	0.88	0	0.0114	1.1302
2OOB	green	boltz	1	7.45	0.0	100.0	0.0	0.91	0	0.0118	1.0738
2OOB	green	boltz	2	4.79	0.0	99.11	0.0	0.75	0	0.0111	1.106
2OOB	green	boltz	3	9.58	0.0	99.11	0.99	1.0	0	0.0119	1.1701
2OOB	green	boltz	4	8.52	0.0	98.21	0.0	0.96	0	0.0119	1.0972
2OOB	green	amber_af	0	0.0	0.0	99.11	0.0	0.0	0	0.0115	1.6194
2OOB	green	amber_af	1	0.0	0.0	99.11	0.0	0.0	0	0.0114	1.6235
2OOB	green	amber_af	2	1.06	0.0	99.11	0.0	0.31	0	0.0112	1.7505
2OOB	green	amber_af	3	2.66	0.0	100.0	0.0	0.55	0	0.0116	1.7083
2OOB	green	amber_af	4	3.72	0.0	99.11	0.0	0.66	0	0.0111	1.7745
2OOB	green	amber_boltz	0	0.53	0.0	99.11	0.99	0.18	0	0.0115	1.7498
2OOB	green	amber_boltz	1	1.06	0.0	100.0	0.0	0.31	0	0.0115	1.6984
2OOB	green	amber_boltz	2	0.0	0.0	99.11	0.0	0.0	0	0.0117	1.7093
2OOB	green	amber_boltz	3	0.53	0.0	99.11	0.0	0.18	0	0.0116	1.7195
2OOB	green	amber_boltz	4	0.0	0.0	98.21	0.99	0.0	0	0.0116	1.7105
2OOR	green	crystal	0	0.8	0.11	95.14	5.19	1.13	4	0.0107	1.3717
2OOR	green	af_relaxed	0	1.6	0.0	97.58	0.56	0.49	0	0.0115	1.6698
2OOR	green	af_relaxed	1	1.09	0.0	97.47	2.24	0.69	1	0.0115	1.7007
2OOR	green	af_relaxed	2	0.87	0.0	97.58	0.42	0.36	0	0.0114	1.6812
2OOR	green	af_relaxed	3	1.45	0.0	97.47	0.28	0.49	0	0.0113	1.675
2OOR	green	af_relaxed	4	1.24	0.0	97.8	0.7	0.39	0	0.0114	1.6842
2OOR	green	boltz	0	10.18	0.0	98.13	0.7	1.03	0	0.0109	1.1402
2OOR	green	boltz	1	13.3	0.11	98.13	0.7	1.13	0	0.0116	1.1538
2OOR	green	boltz	2	11.77	0.0	98.35	0.56	1.09	0	0.0107	1.1496
2OOR	green	boltz	3	10.68	0.0	98.35	0.42	1.05	0	0.0109	1.1341
2OOR	green	boltz	4	12.65	0.0	98.24	0.56	1.11	0	0.011	1.1344
2OOR	green	amber_af	0	1.38	0.0	97.69	0.42	0.44	0	0.0115	1.6731
2OOR	green	amber_af	1	1.09	0.0	97.47	2.52	0.73	0	0.0115	1.688
2OOR	green	amber_af	2	0.8	0.0	97.58	0.28	0.34	0	0.0114	1.6826
2OOR	green	amber_af	3	1.6	0.0	97.47	0.56	0.51	0	0.0114	1.6755
2OOR	green	amber_af	4	1.45	0.0	97.8	0.56	0.43	0	0.0114	1.6885
2OOR	green	amber_boltz	0	0.94	0.0	98.02	0.7	0.28	0	0.0113	1.715
2OOR	green	amber_boltz	1	0.87	0.11	97.8	0.7	0.31	0	0.0112	1.7285
2OOR	green	amber_boltz	2	1.24	0.0	98.02	0.98	0.34	1	0.0114	1.7232
2OOR	green	amber_boltz	3	1.6	0.11	97.91	0.7	0.43	1	0.0112	1.739
2OOR	green	amber_boltz	4	1.09	0.0	98.35	0.98	0.31	0	0.0113	1.7257
2OT3	green	crystal	0	6.35	0.5	97.77	2.37	1.19	1	0.0126	1.3899
2OT3	green	af_relaxed	0	2.7	0.0	98.77	0.0	0.56	0	0.0119	1.6746
2OT3	green	af_relaxed	1	2.1	0.0	98.77	0.81	0.48	0	0.012	1.7003
2OT3	green	af_relaxed	2	1.65	0.25	98.77	0.0	0.42	0	0.0119	1.685
2OT3	green	af_relaxed	3	1.95	0.25	98.28	0.27	0.46	0	0.012	1.7451
2OT3	green	af_relaxed	4	2.1	0.0	98.77	0.0	0.48	0	0.0119	1.6874
2OT3	green	boltz	0	18.77	0.0	98.52	0.27	1.27	0	0.0122	1.0761
2OT3	green	boltz	1	14.86	0.0	99.01	0.0	1.18	0	0.0113	1.0566
2OT3	green	boltz	2	15.16	0.0	98.77	0.0	1.19	0	0.0117	1.0653
2OT3	green	boltz	3	11.41	0.0	99.26	0.0	1.07	0	0.0111	1.0458
2OT3	green	boltz	4	14.12	0.0	99.26	0.27	1.16	0	0.012	1.058
2OT3	green	amber_af	0	2.4	0.0	99.01	0.27	0.52	0	0.0119	1.6843
2OT3	green	amber_af	1	2.1	0.0	98.77	0.81	0.48	0	0.012	1.6943
2OT3	green	amber_af	2	2.25	0.25	99.01	0.0	0.5	0	0.0119	1.6832
2OT3	green	amber_af	3	1.95	0.25	98.28	0.27	0.46	0	0.012	1.7485
2OT3	green	amber_af	4	2.25	0.0	99.26	0.0	0.5	0	0.012	1.6867
2OT3	green	amber_boltz	0	1.95	0.0	99.01	0.27	0.46	0	0.0119	1.736
2OT3	green	amber_boltz	1	1.8	0.0	99.01	0.0	0.44	0	0.012	1.703
2OT3	green	amber_boltz	2	1.8	0.0	99.51	0.0	0.44	0	0.0121	1.7132
2OT3	green	amber_boltz	3	0.9	0.0	99.51	0.0	0.27	0	0.0122	1.7017
2OT3	green	amber_boltz	4	1.8	0.0	99.01	0.27	0.44	0	0.0121	1.7414
2OUL	green	crystal	0	5.25	0.0	97.38	6.48	1.52	1	0.0173	1.6499
2OUL	green	af_relaxed	0	0.56	0.0	97.08	0.34	0.35	0	0.0119	1.6153
2OUL	green	af_relaxed	1	1.31	0.0	96.5	0.34	0.59	0	0.012	1.6079
2OUL	green	af_relaxed	2	1.87	0.0	97.08	0.0	0.61	0	0.0119	1.6249
2OUL	green	af_relaxed	3	1.12	0.0	96.79	0.0	0.52	0	0.0119	1.6264
2OUL	green	af_relaxed	4	0.94	0.29	97.67	0.0	0.35	0	0.0119	1.6337
2OUL	green	boltz	0	7.5	0.29	98.83	0.34	0.91	0	0.0117	1.1619
2OUL	green	boltz	1	9.75	0.29	97.96	0.68	1.02	0	0.0132	1.2031
2OUL	green	boltz	2	7.87	0.29	98.25	0.0	0.93	0	0.0126	1.1709
2OUL	green	boltz	3	9.56	0.0	98.25	0.0	1.0	0	0.0113	1.125
2OUL	green	boltz	4	6.94	0.29	97.96	0.34	0.89	0	0.0117	1.174
2OUL	green	amber_af	0	0.0	0.0	97.38	0.34	0.12	0	0.0118	1.6192
2OUL	green	amber_af	1	1.87	0.0	96.21	0.34	0.71	0	0.0119	1.6046
2OUL	green	amber_af	2	1.87	0.0	97.08	0.34	0.61	0	0.0119	1.6247
2OUL	green	amber_af	3	1.12	0.0	97.08	0.0	0.48	0	0.0119	1.6278
2OUL	green	amber_af	4	0.56	0.29	97.67	0.0	0.26	0	0.012	1.6335
2OUL	green	amber_boltz	0	1.12	0.0	98.25	0.0	0.32	0	0.0123	1.6569
2OUL	green	amber_boltz	1	0.37	0.29	97.38	0.34	0.26	0	0.0122	1.6699
2OUL	green	amber_boltz	2	0.94	0.29	98.25	0.0	0.28	0	0.0121	1.6387
2OUL	green	amber_boltz	3	0.56	0.0	97.67	0.34	0.26	0	0.012	1.6539
2OUL	green	amber_boltz	4	0.75	0.0	97.67	0.0	0.31	0	0.0121	1.6564
2OZA	green	crystal	0	26.48	2.56	88.08	11.0	2.8	0	0.0098	1.4064
2OZA	green	af_relaxed	0	3.66	0.6	95.8	1.0	0.95	2	0.012	1.757
2OZA	green	af_relaxed	1	3.94	1.05	95.35	1.33	1.1	0	0.012	1.7951
2OZA	green	af_relaxed	2	4.03	0.0	95.19	1.5	1.16	2	0.0256	1.9299
2OZA	green	af_relaxed	3	2.2	0.3	95.65	0.67	0.8	7	0.0131	2.0036
2OZA	green	af_relaxed	4	4.49	0.75	95.2	0.5	1.06	3	0.012	1.7868
2OZA	green	boltz	0	31.34	0.3	97.45	0.33	1.59	0	0.0127	1.1049
2OZA	green	boltz	1	31.07	0.15	96.4	0.5	1.72	0	0.012	1.1079
2OZA	green	boltz	2	28.95	0.15	97.6	0.33	1.53	0	0.0122	1.1063
2OZA	green	boltz	3	31.36	0.3	97.75	0.0	1.54	0	0.0136	1.1196
2OZA	green	boltz	4	39.78	0.3	97.3	0.67	1.71	0	0.0134	1.1304
2OZA	green	amber_af	0	3.57	0.6	95.8	0.83	0.94	2	0.012	1.7582
2OZA	green	amber_af	1	3.94	1.05	95.35	1.33	1.1	0	0.012	1.7931
2OZA	green	amber_af	2	3.85	0.15	95.19	1.33	1.1	3	0.0255	1.9349
2OZA	green	amber_af	3	2.02	0.45	94.9	1.0	0.82	4	0.0134	2.0398
2OZA	green	amber_af	4	3.94	0.75	95.05	0.83	1.02	4	0.012	1.7849
2OZA	green	amber_boltz	0	4.4	0.0	96.7	0.17	0.93	1	0.0117	1.7853
2OZA	green	amber_boltz	1	3.76	0.3	94.9	1.0	1.02	7	0.0119	1.8362
2OZA	green	amber_boltz	2	3.02	0.0	97.45	0.17	0.7	0	0.0117	1.7599
2OZA	green	amber_boltz	3	6.69	0.15	96.4	0.67	1.11	2	0.012	1.8475
2OZA	green	amber_boltz	4	6.5	0.3	95.65	0.83	1.16	2	0.0119	1.834
2PCC	green	af_relaxed	0	0.63	0.0	97.24	0.59	0.35	0	0.0123	1.6948
2PCC	green	af_relaxed	1	0.79	0.0	97.24	1.17	0.44	0	0.0124	1.6899
2PCC	green	af_relaxed	2	1.11	0.0	96.98	1.17	0.55	1	0.0124	1.7019
2PCC	green	af_relaxed	3	0.32	0.0	96.23	2.64	0.69	2	0.0132	1.8128
2PCC	green	af_relaxed	4	0.63	0.0	98.49	0.59	0.21	0	0.0124	1.6848
2PCC	green	boltz	0	5.86	0.0	99.25	0.0	0.82	0	0.0103	1.1008
2PCC	green	boltz	1	7.12	0.0	99.25	0.0	0.89	0	0.0102	1.1024
2PCC	green	boltz	2	9.65	0.0	99.25	0.0	1.01	0	0.0108	1.0852
2PCC	green	boltz	3	8.86	0.0	99.25	0.59	0.97	0	0.0104	1.1005
2PCC	green	boltz	4	6.33	0.0	99.25	0.29	0.85	0	0.0102	1.111
2PCC	green	amber_af	0	0.47	0.0	97.24	0.88	0.31	0	0.0124	1.7002
2PCC	green	amber_af	1	0.95	0.0	96.98	0.88	0.46	0	0.0124	1.6897
2PCC	green	amber_af	2	0.95	0.0	96.98	0.88	0.46	1	0.0124	1.6992
2PCC	green	amber_af	3	0.95	0.0	97.24	1.76	0.61	0	0.0123	1.7061
2PCC	green	amber_af	4	0.47	0.0	98.24	0.29	0.17	0	0.0124	1.6887
2PCC	green	amber_boltz	0	0.47	0.0	98.74	0.0	0.17	0	0.0128	1.6987
2PCC	green	amber_boltz	1	0.47	0.0	98.99	0.0	0.17	0	0.0129	1.6978
2PCC	green	amber_boltz	2	1.42	0.0	98.99	0.0	0.38	0	0.0125	1.7126
2PCC	green	amber_boltz	3	0.63	0.0	98.49	0.59	0.21	0	0.0125	1.7164
2PCC	green	amber_boltz	4	0.32	0.0	98.99	0.29	0.12	0	0.0128	1.6959
2SIC	green	af_relaxed	0	0.75	0.26	97.09	0.35	0.4	0	0.0111	1.6838
2SIC	green	af_relaxed	1	0.37	0.26	96.56	1.05	0.38	0	0.011	1.6903
2SIC	green	af_relaxed	2	0.37	0.53	96.83	0.0	0.33	0	0.0111	1.6905
2SIC	green	af_relaxed	3	0.56	0.26	96.56	0.35	0.41	0	0.0109	1.6827
2SIC	green	af_relaxed	4	0.75	0.0	96.83	0.35	0.43	0	0.011	1.6853
2SIC	green	boltz	0	5.99	0.26	97.62	0.0	0.91	0	0.011	1.136
2SIC	green	boltz	1	5.43	0.0	97.35	0.35	0.92	0	0.0111	1.1576
2SIC	green	boltz	2	5.62	0.53	97.88	0.0	0.83	0	0.0108	1.1695
2SIC	green	boltz	3	5.24	0.26	97.62	0.0	0.86	0	0.0112	1.1828
2SIC	green	boltz	4	6.93	0.53	97.35	0.0	1.01	0	0.0113	1.18
2SIC	green	amber_af	0	0.75	0.26	96.83	0.35	0.43	0	0.0111	1.6838
2SIC	green	amber_af	1	0.56	0.26	96.56	1.05	0.43	0	0.011	1.6888
2SIC	green	amber_af	2	0.56	0.53	96.56	0.35	0.41	0	0.0111	1.6936
2SIC	green	amber_af	3	0.56	0.26	96.56	0.35	0.41	0	0.0109	1.6801
2SIC	green	amber_af	4	0.56	0.0	96.83	0.35	0.38	0	0.0111	1.6897
2SIC	green	amber_boltz	0	0.37	0.0	97.09	0.0	0.3	0	0.0111	1.7008
2SIC	green	amber_boltz	1	0.37	0.0	96.83	0.0	0.33	0	0.0112	1.6947
2SIC	green	amber_boltz	2	0.19	0.26	97.62	0.35	0.15	1	0.0113	1.7077
2SIC	green	amber_boltz	3	0.19	0.0	97.35	0.0	0.2	0	0.0114	1.7181
2SIC	green	amber_boltz	4	0.37	0.0	96.56	0.0	0.36	0	0.0112	1.725
2SNI	green	af_relaxed	0	0.2	0.0	97.01	0.76	0.25	0	0.0112	1.69
2SNI	green	af_relaxed	1	0.41	0.0	97.01	1.52	0.46	0	0.0113	1.7093
2SNI	green	af_relaxed	2	0.41	0.0	97.61	0.38	0.23	0	0.0111	1.6951
2SNI	green	af_relaxed	3	0.41	0.0	97.01	0.38	0.32	0	0.011	1.6874
2SNI	green	af_relaxed	4	4.69	0.0	95.52	1.52	1.19	0	0.0112	1.7509
2SNI	green	boltz	0	3.67	0.3	97.91	0.0	0.68	0	0.0106	1.1378
2SNI	green	boltz	1	2.86	0.3	97.91	0.0	0.6	0	0.0104	1.1719
2SNI	green	boltz	2	3.06	0.3	97.91	0.0	0.62	0	0.0103	1.1364
2SNI	green	boltz	3	4.49	0.3	97.91	0.0	0.75	0	0.0104	1.1333
2SNI	green	boltz	4	3.88	0.3	98.21	0.0	0.68	0	0.0105	1.1423
2SNI	green	amber_af	0	0.2	0.0	97.01	0.76	0.25	0	0.0112	1.6912
2SNI	green	amber_af	1	0.41	0.3	97.31	1.52	0.41	0	0.0112	1.7126
2SNI	green	amber_af	2	0.41	0.0	97.31	0.38	0.28	0	0.0111	1.7029
2SNI	green	amber_af	3	0.61	0.0	97.01	0.38	0.37	0	0.011	1.6958
2SNI	green	amber_af	4	4.69	0.0	95.52	1.52	1.19	0	0.0111	1.7623
2SNI	green	amber_boltz	0	0.2	0.0	97.31	0.0	0.21	0	0.0113	1.7099
2SNI	green	amber_boltz	1	0.2	0.0	97.91	0.0	0.1	0	0.0116	1.7039
2SNI	green	amber_boltz	2	0.2	0.0	97.31	0.0	0.21	0	0.0114	1.7014
2SNI	green	amber_boltz	3	0.41	0.0	97.01	0.0	0.32	0	0.0114	1.7164
2SNI	green	amber_boltz	4	0.41	0.0	97.31	0.0	0.28	0	0.0115	1.7032
2UUY	green	crystal	0	0.5	0.0	98.89	0.44	0.17	0	0.0142	1.4161
2UUY	green	af_relaxed	0	0.25	0.0	97.42	0.0	0.21	0	0.0116	1.6659
2UUY	green	af_relaxed	1	1.75	0.0	97.05	0.88	0.6	0	0.0116	1.7162
2UUY	green	af_relaxed	2	1.0	0.0	97.05	0.44	0.46	0	0.0115	1.6703
2UUY	green	af_relaxed	3	0.25	0.0	97.79	0.44	0.14	0	0.0115	1.6667
2UUY	green	af_relaxed	4	0.5	0.0	97.42	0.0	0.29	0	0.0116	1.6968
2UUY	green	boltz	0	3.0	0.0	98.52	0.0	0.59	0	0.0235	1.4266
2UUY	green	boltz	1	4.26	0.0	98.52	0.0	0.71	0	0.0219	1.5638
2UUY	green	boltz	2	4.01	0.0	98.52	0.0	0.69	0	0.0218	1.6151
2UUY	green	boltz	3	7.76	0.0	98.52	0.0	0.92	0	0.0289	1.4485
2UUY	green	boltz	4	5.76	0.0	98.52	0.0	0.81	0	0.0234	1.51
2UUY	green	amber_af	0	0.5	0.0	97.05	0.0	0.34	0	0.0117	1.6585
2UUY	green	amber_af	1	1.25	0.0	96.68	0.88	0.56	0	0.0116	1.7048
2UUY	green	amber_af	2	0.75	0.0	97.42	0.44	0.35	0	0.0116	1.6804
2UUY	green	amber_af	3	0.25	0.0	97.42	0.44	0.21	0	0.0114	1.6716
2UUY	green	amber_af	4	0.75	0.0	97.79	0.0	0.29	0	0.0116	1.696
2UUY	green	amber_boltz	0	0.0	0.0	97.79	0.0	0.05	0	0.0117	1.6676
2UUY	green	amber_boltz	1	0.0	0.0	97.42	0.0	0.11	0	0.0117	1.6678
2UUY	green	amber_boltz	2	0.25	0.0	98.15	0.0	0.1	0	0.0118	1.6734
2UUY	green	amber_boltz	3	0.5	0.0	97.05	0.0	0.34	0	0.0115	1.6818
2UUY	green	amber_boltz	4	0.25	0.0	98.15	0.0	0.1	0	0.0117	1.6703
2VDB	green	crystal	0	16.89	1.77	89.87	7.01	2.42	0	0.0181	1.5647
2VDB	green	af_relaxed	0	0.81	0.0	98.88	1.65	0.42	0	0.012	1.6892
2VDB	green	af_relaxed	1	0.6	0.0	98.72	2.01	0.43	0	0.012	1.6954
2VDB	green	af_relaxed	2	1.01	0.0	99.04	0.37	0.3	0	0.0119	1.6995
2VDB	green	af_relaxed	3	0.6	0.0	99.04	0.73	0.2	0	0.012	1.6676
2VDB	green	af_relaxed	4	1.01	0.0	98.56	0.37	0.3	0	0.012	1.6753
2VDB	green	boltz	0	9.07	0.0	99.04	0.18	0.98	0	0.0163	1.1665
2VDB	green	boltz	1	8.97	0.0	99.04	0.18	0.98	0	0.0152	1.1059
2VDB	green	boltz	2	10.89	0.0	99.04	0.18	1.05	0	0.0152	1.1485
2VDB	green	boltz	3	10.38	0.0	99.04	0.18	1.04	0	0.0162	1.1718
2VDB	green	boltz	4	8.87	0.0	99.04	0.18	0.98	0	0.0156	1.1446
2VDB	green	amber_af	0	0.91	0.0	98.88	1.47	0.4	0	0.012	1.687
2VDB	green	amber_af	1	0.71	0.0	98.72	1.65	0.39	0	0.012	1.6978
2VDB	green	amber_af	2	1.01	0.0	98.72	0.55	0.3	0	0.0119	1.7006
2VDB	green	amber_af	3	0.71	0.0	99.04	0.92	0.23	0	0.012	1.6705
2VDB	green	amber_af	4	0.91	0.0	98.72	0.37	0.27	0	0.0119	1.6753
2VDB	green	amber_boltz	0	1.21	0.0	99.2	0.55	0.34	0	0.012	1.7117
2VDB	green	amber_boltz	1	0.81	0.0	98.72	0.37	0.25	0	0.012	1.7045
2VDB	green	amber_boltz	2	1.01	0.0	98.88	0.37	0.3	1	0.0121	1.7023
2VDB	green	amber_boltz	3	0.91	0.0	98.72	0.37	0.27	0	0.012	1.7144
2VDB	green	amber_boltz	4	0.71	0.0	99.2	0.18	0.23	0	0.0121	1.7104
2VIS	green	crystal	0	23.27	2.31	86.42	12.21	2.82	3	0.0139	1.994
2VIS	green	af_relaxed	0	1.61	0.58	97.98	2.64	0.74	1	0.0112	1.6988
2VIS	green	af_relaxed	1	1.33	0.14	97.4	0.66	0.48	0	0.0112	1.6792
2VIS	green	af_relaxed	2	1.9	0.29	97.54	1.16	0.6	1	0.0112	1.6921
2VIS	green	af_relaxed	3	2.47	0.29	97.54	1.16	0.67	2	0.0112	1.7051
2VIS	green	af_relaxed	4	2.18	0.29	97.25	0.66	0.63	0	0.0112	1.6917
2VIS	green	boltz	0	13.21	0.29	97.98	0.0	1.14	0	0.0152	1.2699
2VIS	green	boltz	1	14.15	0.29	97.83	0.17	1.2	0	0.0152	1.2897
2VIS	green	boltz	2	15.67	0.29	98.12	0.17	1.2	0	0.0156	1.2791
2VIS	green	boltz	3	14.63	0.14	97.98	0.5	1.18	0	0.0153	1.3321
2VIS	green	boltz	4	15.86	0.29	98.12	0.17	1.2	0	0.0164	1.2868
2VIS	green	amber_af	0	1.52	0.43	98.12	2.64	0.71	0	0.0112	1.6996
2VIS	green	amber_af	1	1.42	0.14	97.4	0.17	0.5	0	0.0111	1.6817
2VIS	green	amber_af	2	1.71	0.29	97.54	0.99	0.52	1	0.0112	1.6906
2VIS	green	amber_af	3	2.37	0.43	97.54	0.99	0.61	2	0.0112	1.7058
2VIS	green	amber_af	4	1.8	0.29	97.25	0.66	0.58	0	0.0112	1.693
2VIS	green	amber_boltz	0	1.23	0.29	97.25	0.33	0.48	0	0.0113	1.6949
2VIS	green	amber_boltz	1	2.09	0.14	97.4	0.17	0.6	0	0.0115	1.7077
2VIS	green	amber_boltz	2	1.33	0.14	97.83	0.0	0.4	0	0.0114	1.6909
2VIS	green	amber_boltz	3	1.99	0.14	97.54	0.33	0.56	0	0.0114	1.6962
2VIS	green	amber_boltz	4	1.9	0.14	97.54	0.33	0.55	0	0.0113	1.7089
2VXT	green	crystal	0	4.07	0.0	97.71	0.58	0.75	0	0.0137	1.6082
2VXT	green	af_relaxed	0	0.9	0.18	97.19	0.58	0.42	0	0.0113	1.645
2VXT	green	af_relaxed	1	0.79	0.18	97.37	0.19	0.37	2	0.0113	1.6442
2VXT	green	af_relaxed	2	1.13	0.18	97.72	0.39	0.38	0	0.0113	1.6325
2VXT	green	af_relaxed	3	1.01	0.35	97.54	0.58	0.39	0	0.0113	1.6405
2VXT	green	af_relaxed	4	1.13	0.18	97.54	0.39	0.42	1	0.0113	1.6497
2VXT	green	boltz	0	9.13	0.0	98.6	0.0	0.99	0	0.0122	1.2152
2VXT	green	boltz	1	8.12	0.0	98.25	0.39	0.94	0	0.0126	1.1936
2VXT	green	boltz	2	6.31	0.18	98.42	0.58	0.85	0	0.0133	1.2986
2VXT	green	boltz	3	5.19	0.0	98.25	0.19	0.78	0	0.0121	1.1967
2VXT	green	boltz	4	8.23	0.0	98.25	0.58	0.95	0	0.0131	1.2047
2VXT	green	amber_af	0	0.9	0.18	97.19	0.58	0.42	0	0.0113	1.6406
2VXT	green	amber_af	1	0.9	0.18	97.37	0.39	0.4	2	0.0113	1.6428
2VXT	green	amber_af	2	1.24	0.18	97.89	0.39	0.37	0	0.0113	1.6386
2VXT	green	amber_af	3	0.9	0.35	97.72	0.58	0.34	0	0.0113	1.6477
2VXT	green	amber_af	4	1.24	0.18	97.54	0.39	0.44	1	0.0113	1.6506
2VXT	green	amber_boltz	0	0.79	0.18	97.54	0.19	0.34	0	0.0115	1.662
2VXT	green	amber_boltz	1	0.45	0.0	97.37	0.58	0.28	0	0.0115	1.6652
2VXT	green	amber_boltz	2	0.56	0.0	97.37	0.58	0.31	0	0.0116	1.6478
2VXT	green	amber_boltz	3	0.79	0.0	97.37	0.39	0.37	1	0.0116	1.6554
2VXT	green	amber_boltz	4	0.68	0.0	97.72	0.78	0.28	0	0.0114	1.6547
2W9E	green	crystal	0	8.54	0.58	93.27	9.96	2.16	4	0.0113	1.497
2W9E	green	af_relaxed	0	1.5	0.0	98.46	0.22	0.39	0	0.0114	1.664
2W9E	green	af_relaxed	1	2.25	0.0	98.46	0.65	0.5	0	0.0113	1.6658
2W9E	green	af_relaxed	2	2.0	0.0	98.46	0.65	0.47	0	0.0113	1.6753
2W9E	green	af_relaxed	3	5.26	0.0	97.88	0.65	0.81	1	0.0115	1.7352
2W9E	green	af_relaxed	4	5.76	0.0	98.27	0.65	0.81	2	0.0114	1.7431
2W9E	green	boltz	0	15.03	0.0	99.23	0.43	1.18	0	0.0123	1.1423
2W9E	green	boltz	1	13.15	0.38	98.85	0.22	1.13	0	0.0112	1.1679
2W9E	green	boltz	2	14.15	0.19	98.85	0.0	1.16	0	0.0126	1.169
2W9E	green	boltz	3	16.91	0.19	99.04	0.65	1.23	0	0.0118	1.1474
2W9E	green	boltz	4	17.54	0.19	98.85	0.0	1.24	0	0.0122	1.1708
2W9E	green	amber_af	0	1.38	0.0	98.65	0.22	0.37	0	0.0114	1.6606
2W9E	green	amber_af	1	2.88	0.0	98.46	0.65	0.58	0	0.0113	1.6686
2W9E	green	amber_af	2	2.25	0.0	98.27	0.65	0.5	0	0.0113	1.678
2W9E	green	amber_af	3	3.76	0.19	97.31	0.65	0.8	2	0.0116	1.7549
2W9E	green	amber_af	4	5.76	0.0	97.88	0.43	0.84	2	0.0114	1.7434
2W9E	green	amber_boltz	0	1.63	0.0	99.04	0.0	0.41	0	0.0115	1.6778
2W9E	green	amber_boltz	1	1.25	0.38	98.65	0.65	0.35	0	0.0117	1.6916
2W9E	green	amber_boltz	2	1.75	0.0	98.08	0.0	0.43	1	0.0115	1.9569
2W9E	green	amber_boltz	3	2.25	0.19	98.85	0.65	0.5	0	0.0117	1.7063
2W9E	green	amber_boltz	4	1.88	0.19	98.46	0.22	0.45	0	0.0115	1.7161
2X9A	green	crystal	0	13.38	0.0	96.6	5.08	1.89	0	0.0097	1.3305
2X9A	green	af_relaxed	0	0.45	0.0	98.64	0.0	0.16	0	0.0116	1.6282
2X9A	green	af_relaxed	1	0.45	0.0	98.64	0.0	0.16	0	0.0117	1.6471
2X9A	green	af_relaxed	2	0.45	0.0	98.64	0.0	0.16	0	0.0118	1.6219
2X9A	green	af_relaxed	3	0.45	0.0	99.32	0.0	0.16	0	0.0118	1.6269
2X9A	green	af_relaxed	4	0.45	0.0	97.96	0.0	0.17	0	0.0117	1.6365
2X9A	green	boltz	0	5.35	0.0	100.0	0.0	0.79	0	0.0115	1.0482
2X9A	green	boltz	1	12.04	0.0	99.32	0.85	1.09	0	0.0123	1.0938
2X9A	green	boltz	2	5.8	0.0	100.0	0.0	0.82	0	0.0107	1.0412
2X9A	green	boltz	3	5.35	0.0	100.0	0.0	0.79	0	0.0114	1.0534
2X9A	green	boltz	4	6.69	0.0	99.32	0.0	0.87	0	0.0111	1.0714
2X9A	green	amber_af	0	0.89	0.0	98.64	0.0	0.27	0	0.0116	1.631
2X9A	green	amber_af	1	0.45	0.0	98.64	0.0	0.16	0	0.0117	1.6479
2X9A	green	amber_af	2	0.45	0.0	98.64	0.0	0.16	0	0.0118	1.6232
2X9A	green	amber_af	3	0.45	0.0	99.32	0.0	0.16	0	0.0118	1.6267
2X9A	green	amber_af	4	0.45	0.0	97.96	0.0	0.17	0	0.0117	1.6359
2X9A	green	amber_boltz	0	0.45	0.0	98.64	0.0	0.16	0	0.0117	1.6702
2X9A	green	amber_boltz	1	1.34	0.0	99.32	0.0	0.36	0	0.0118	1.6455
2X9A	green	amber_boltz	2	0.45	0.0	100.0	0.0	0.16	0	0.0119	1.6346
2X9A	green	amber_boltz	3	0.45	0.0	97.96	0.0	0.17	0	0.0118	1.6468
2X9A	green	amber_boltz	4	0.89	0.0	99.32	0.0	0.27	0	0.0119	1.6353
2YVJ	green	crystal	0	39.73	2.58	85.52	26.34	3.31	0	0.0082	2.3653
2YVJ	green	af_relaxed	0	0.92	0.0	96.43	0.51	0.51	0	0.0112	1.7148
2YVJ	green	af_relaxed	1	0.79	0.2	95.83	0.51	0.54	0	0.0112	1.7104
2YVJ	green	af_relaxed	2	0.66	0.2	96.23	0.25	0.47	0	0.0113	1.7128
2YVJ	green	af_relaxed	3	0.66	0.2	96.83	0.25	0.41	0	0.0112	1.71
2YVJ	green	af_relaxed	4	1.83	0.2	96.43	0.51	0.68	0	0.0112	1.733
2YVJ	green	boltz	0	12.71	0.0	97.42	0.0	1.23	0	0.0122	1.1555
2YVJ	green	boltz	1	10.61	0.2	97.82	0.76	1.09	0	0.0123	1.1639
2YVJ	green	boltz	2	13.64	0.0	97.42	0.0	1.26	0	0.0132	1.1635
2YVJ	green	boltz	3	11.41	0.0	98.02	1.02	1.08	0	0.0119	1.1781
2YVJ	green	boltz	4	14.42	0.0	97.82	0.51	1.21	0	0.0135	1.1619
2YVJ	green	amber_af	0	0.52	0.2	96.23	0.51	0.43	0	0.0112	1.7162
2YVJ	green	amber_af	1	0.79	0.2	95.83	0.51	0.54	0	0.0112	1.7134
2YVJ	green	amber_af	2	0.79	0.2	96.23	0.25	0.5	0	0.0113	1.71
2YVJ	green	amber_af	3	0.66	0.2	96.43	0.25	0.45	0	0.0112	1.7095
2YVJ	green	amber_af	4	1.31	0.2	96.63	0.51	0.57	0	0.0111	1.7241
2YVJ	green	amber_boltz	0	0.92	0.0	97.22	0.0	0.42	0	0.0112	1.7376
2YVJ	green	amber_boltz	1	0.79	0.2	96.63	0.51	0.46	0	0.0111	1.7518
2YVJ	green	amber_boltz	2	1.18	0.0	97.02	0.0	0.5	0	0.011	1.7505
2YVJ	green	amber_boltz	3	1.18	0.0	96.63	1.02	0.55	0	0.0113	1.748
2YVJ	green	amber_boltz	4	1.97	0.0	97.42	0.51	0.58	0	0.0112	1.7356
2Z0E	green	crystal	0	7.69	0.0	97.41	0.28	1.04	0	0.0077	1.4067
2Z0E	green	af_relaxed	0	0.86	0.7	96.73	1.04	0.48	0	0.0121	1.7292
2Z0E	green	af_relaxed	1	1.44	0.23	97.2	0.26	0.53	0	0.0121	1.7198
2Z0E	green	af_relaxed	2	0.58	0.23	97.2	0.78	0.34	0	0.0119	1.6947
2Z0E	green	af_relaxed	3	1.15	0.0	97.43	1.31	0.53	0	0.0121	1.709
2Z0E	green	af_relaxed	4	1.01	0.0	97.43	0.26	0.41	0	0.0121	1.6974
2Z0E	green	boltz	0	19.74	0.47	98.36	0.26	1.29	0	0.0116	1.1841
2Z0E	green	boltz	1	18.3	0.23	99.07	0.52	1.26	0	0.0114	1.1292
2Z0E	green	boltz	2	18.44	0.23	98.6	0.0	1.26	0	0.0112	1.1429
2Z0E	green	boltz	3	15.13	0.0	98.83	0.52	1.18	0	0.0119	1.109
2Z0E	green	boltz	4	17.58	0.47	98.36	0.26	1.24	0	0.0119	1.1555
2Z0E	green	amber_af	0	0.72	0.47	96.73	1.04	0.45	0	0.0121	1.7251
2Z0E	green	amber_af	1	1.44	0.23	97.2	0.26	0.53	0	0.0121	1.7187
2Z0E	green	amber_af	2	0.72	0.23	97.2	1.04	0.39	0	0.0119	1.6947
2Z0E	green	amber_af	3	1.15	0.0	97.43	1.57	0.59	0	0.0121	1.7145
2Z0E	green	amber_af	4	1.01	0.0	97.43	0.26	0.41	0	0.0121	1.6966
2Z0E	green	amber_boltz	0	1.15	0.23	97.66	0.0	0.4	0	0.0121	1.7267
2Z0E	green	amber_boltz	1	1.58	0.0	98.13	0.26	0.4	1	0.012	1.7122
2Z0E	green	amber_boltz	2	1.73	0.23	97.43	0.52	0.54	2	0.012	1.7203
2Z0E	green	amber_boltz	3	1.58	0.0	98.13	0.0	0.4	0	0.0118	1.7204
2Z0E	green	amber_boltz	4	2.16	0.47	97.2	0.78	0.64	1	0.0119	1.7413
3A4S	green	crystal	0	16.64	0.49	91.22	3.17	2.12	0	0.0073	1.1764
3A4S	green	af_relaxed	0	0.57	0.94	95.31	0.0	0.52	0	0.0121	1.769
3A4S	green	af_relaxed	1	1.43	0.0	96.71	1.59	0.74	0	0.0119	1.7666
3A4S	green	af_relaxed	2	0.86	0.47	96.71	0.53	0.47	0	0.0121	1.8031
3A4S	green	af_relaxed	3	0.86	0.94	96.71	2.65	0.79	0	0.0121	1.7752
3A4S	green	af_relaxed	4	0.29	0.47	97.18	1.06	0.28	0	0.0122	1.7602
3A4S	green	boltz	0	13.76	0.47	98.12	0.0	1.15	0	0.0123	1.1206
3A4S	green	boltz	1	13.76	0.94	97.65	0.53	1.22	0	0.0134	1.4566
3A4S	green	boltz	2	12.61	0.94	98.12	0.0	1.11	0	0.0133	1.1419
3A4S	green	boltz	3	16.05	0.0	98.59	0.0	1.21	0	0.0123	1.1335
3A4S	green	boltz	4	14.62	0.0	98.12	0.0	1.17	0	0.016	1.1155
3A4S	green	amber_af	0	0.86	0.94	95.31	0.0	0.59	0	0.0121	1.7688
3A4S	green	amber_af	1	2.01	0.0	97.18	1.59	0.77	0	0.0119	1.7618
3A4S	green	amber_af	2	1.15	0.47	96.71	0.53	0.53	0	0.0121	1.8011
3A4S	green	amber_af	3	1.43	0.94	97.18	2.65	0.85	0	0.0121	1.7749
3A4S	green	amber_af	4	1.15	0.47	97.65	1.06	0.42	0	0.0122	1.7678
3A4S	green	amber_boltz	0	1.15	0.0	98.12	0.0	0.33	0	0.0123	1.7112
3A4S	green	amber_boltz	1	1.72	0.94	97.65	0.53	0.5	0	0.0122	1.8003
3A4S	green	amber_boltz	2	1.43	0.47	98.12	0.0	0.38	0	0.0123	1.7437
3A4S	green	amber_boltz	3	1.72	0.0	98.12	0.0	0.43	0	0.0124	1.715
3A4S	green	amber_boltz	4	1.43	0.0	98.12	0.53	0.38	0	0.0123	1.7491
3AAA	green	crystal	0	3.41	0.16	96.5	1.81	1.06	2	0.0161	1.4885
3AAA	green	af_relaxed	0	0.6	0.0	98.25	0.18	0.2	0	0.0116	1.6759
3AAA	green	af_relaxed	1	0.5	0.0	98.41	0.54	0.17	0	0.0116	1.6939
3AAA	green	af_relaxed	2	1.2	0.16	98.73	0.36	0.34	1	0.0115	1.7023
3AAA	green	af_relaxed	3	1.4	0.0	98.41	0.72	0.37	0	0.0116	1.6908
3AAA	green	af_relaxed	4	1.2	0.16	98.41	0.36	0.34	0	0.0116	1.686
3AAA	green	boltz	0	11.03	0.0	98.57	0.0	1.06	0	0.0155	1.0826
3AAA	green	boltz	1	10.93	0.0	99.04	0.18	1.06	0	0.0143	1.0754
3AAA	green	boltz	2	10.73	0.0	98.73	0.36	1.05	0	0.0188	1.102
3AAA	green	boltz	3	9.93	0.0	98.41	0.18	1.02	0	0.0109	1.0747
3AAA	green	boltz	4	9.83	0.0	98.73	0.18	1.01	0	0.0115	1.0877
3AAA	green	amber_af	0	0.5	0.0	98.25	0.18	0.17	0	0.0116	1.675
3AAA	green	amber_af	1	0.5	0.0	98.57	0.36	0.17	0	0.0117	1.6898
3AAA	green	amber_af	2	1.1	0.32	98.25	0.54	0.32	1	0.0115	1.7033
3AAA	green	amber_af	3	1.1	0.0	98.41	0.72	0.32	0	0.0116	1.6931
3AAA	green	amber_af	4	1.4	0.16	98.41	0.36	0.37	0	0.0116	1.6916
3AAA	green	amber_boltz	0	1.4	0.0	98.57	0.18	0.37	0	0.0118	1.6919
3AAA	green	amber_boltz	1	1.0	0.0	99.04	0.36	0.3	1	0.0118	1.6899
3AAA	green	amber_boltz	2	1.4	0.0	98.89	0.54	0.37	0	0.0117	1.6997
3AAA	green	amber_boltz	3	0.5	0.0	98.57	0.36	0.17	0	0.0118	1.6913
3AAA	green	amber_boltz	4	1.4	0.0	98.89	0.18	0.37	0	0.0117	1.6872
3AAD	green	crystal	0	19.26	4.38	83.21	16.49	2.9	2	0.0168	1.8478
3AAD	green	af_relaxed	0	0.59	0.0	99.03	0.77	0.2	0	0.012	1.6776
3AAD	green	af_relaxed	1	2.07	0.97	95.64	1.03	0.79	0	0.0119	1.7307
3AAD	green	af_relaxed	2	1.18	0.0	98.06	0.77	0.33	1	0.012	1.7369
3AAD	green	af_relaxed	3	2.66	0.48	95.88	1.8	1.03	3	0.0119	1.7692
3AAD	green	af_relaxed	4	0.44	0.48	94.92	0.77	0.51	2	0.0127	1.8407
3AAD	green	boltz	0	31.56	0.0	99.27	0.0	1.48	0	0.012	1.2695
3AAD	green	boltz	1	21.03	0.0	98.55	0.0	1.32	0	0.0099	1.0552
3AAD	green	boltz	2	25.49	0.0	99.27	0.26	1.4	2	0.0196	1.4603
3AAD	green	boltz	3	31.12	0.24	98.54	0.26	1.48	0	0.0149	1.5128
3AAD	green	boltz	4	28.73	0.24	99.02	0.0	1.45	1	0.0239	2.1113
3AAD	green	amber_af	0	0.59	0.0	99.03	0.77	0.2	0	0.0119	1.6778
3AAD	green	amber_af	1	1.92	0.97	95.64	1.55	0.9	1	0.0119	1.7367
3AAD	green	amber_af	2	1.04	0.0	98.06	0.77	0.3	1	0.012	1.7331
3AAD	green	amber_af	3	2.52	0.48	95.88	2.32	1.1	3	0.012	1.7787
3AAD	green	amber_af	4	2.81	0.97	95.88	1.29	0.94	2	0.0119	1.7257
3AAD	green	amber_boltz	0	1.78	0.0	96.37	0.52	0.68	3	0.0132	1.9823
3AAD	green	amber_boltz	1	2.52	0.0	97.58	0.0	0.62	0	0.0121	1.7201
3AAD	green	amber_boltz	2	2.52	1.21	96.13	2.84	1.14	7	0.0182	2.3232
3AAD	green	amber_boltz	3	7.1	0.73	95.88	1.8	1.37	9	0.0184	2.4456
3AAD	green	amber_boltz	4	4.74	0.73	95.4	2.32	1.34	6	0.0198	2.442
3BIW	green	crystal	0	20.92	4.43	83.43	5.02	2.53	0	0.0108	1.6358
3BIW	green	af_relaxed	0	0.91	0.0	95.47	0.5	0.59	0	0.0118	1.6985
3BIW	green	af_relaxed	1	0.73	0.0	95.75	0.33	0.53	1	0.0118	1.7126
3BIW	green	af_relaxed	2	0.82	0.28	95.61	2.01	0.79	0	0.0119	1.7007
3BIW	green	af_relaxed	3	0.46	0.14	96.46	0.5	0.39	0	0.0119	1.6932
3BIW	green	af_relaxed	4	0.46	0.42	95.33	0.84	0.49	1	0.0126	1.8214
3BIW	green	boltz	0	15.89	0.0	97.17	0.17	1.36	0	0.0161	1.227
3BIW	green	boltz	1	15.7	0.0	97.31	0.17	1.33	0	0.015	1.1946
3BIW	green	boltz	2	19.09	0.0	97.31	0.17	1.41	0	0.0172	1.1952
3BIW	green	boltz	3	17.99	0.0	97.03	0.17	1.42	0	0.0149	1.2298
3BIW	green	boltz	4	16.34	0.14	97.45	0.17	1.32	0	0.0149	1.1885
3BIW	green	amber_af	0	0.73	0.0	95.89	0.67	0.52	0	0.0118	1.6991
3BIW	green	amber_af	1	0.64	0.0	95.61	0.5	0.52	1	0.0119	1.7124
3BIW	green	amber_af	2	0.82	0.28	95.89	2.01	0.77	0	0.0119	1.694
3BIW	green	amber_af	3	0.64	0.14	96.46	0.5	0.44	0	0.0119	1.693
3BIW	green	amber_af	4	0.27	0.42	95.33	0.67	0.43	1	0.0126	1.8194
3BIW	green	amber_boltz	0	0.64	0.0	96.18	0.17	0.47	0	0.012	1.7247
3BIW	green	amber_boltz	1	1.1	0.14	97.31	0.0	0.45	0	0.0119	1.7136
3BIW	green	amber_boltz	2	1.19	0.0	96.74	0.17	0.54	1	0.0118	1.6987
3BIW	green	amber_boltz	3	1.28	0.0	96.03	0.17	0.62	0	0.0118	1.7128
3BIW	green	amber_boltz	4	1.28	0.0	96.46	0.0	0.58	0	0.0117	1.6959
3BP8	green	crystal	0	25.43	4.02	83.31	5.9	2.67	0	0.011	1.6662
3BP8	green	af_relaxed	0	0.93	0.12	96.98	1.15	0.5	0	0.0112	1.7059
3BP8	green	af_relaxed	1	1.55	0.24	96.38	0.43	0.64	0	0.0111	1.7257
3BP8	green	af_relaxed	2	1.7	0.24	96.62	0.72	0.64	0	0.0112	1.7245
3BP8	green	af_relaxed	3	2.17	0.12	96.26	0.86	0.74	0	0.0112	1.7334
3BP8	green	af_relaxed	4	1.94	0.12	96.98	0.86	0.63	0	0.0111	1.7341
3BP8	green	boltz	0	17.21	0.0	97.95	1.15	1.29	0	0.0123	1.1329
3BP8	green	boltz	1	16.97	0.0	98.91	0.86	1.23	0	0.0113	1.1255
3BP8	green	boltz	2	23.03	0.12	98.07	1.01	1.36	0	0.0132	1.1484
3BP8	green	boltz	3	17.83	0.0	98.43	1.73	1.43	0	0.0123	1.1367
3BP8	green	boltz	4	18.76	0.0	98.43	1.29	1.36	0	0.0126	1.1448
3BP8	green	amber_af	0	0.7	0.12	96.86	1.15	0.46	0	0.0112	1.7105
3BP8	green	amber_af	1	1.47	0.24	96.38	0.43	0.63	0	0.0111	1.7244
3BP8	green	amber_af	2	1.47	0.24	96.62	0.72	0.6	0	0.0112	1.7245
3BP8	green	amber_af	3	2.01	0.12	96.26	1.01	0.72	0	0.0112	1.7328
3BP8	green	amber_af	4	2.09	0.12	96.98	0.86	0.66	0	0.0111	1.7313
3BP8	green	amber_boltz	0	1.16	0.0	98.31	1.15	0.37	1	0.0111	1.7579
3BP8	green	amber_boltz	1	1.01	0.0	98.67	1.01	0.3	1	0.0112	1.7501
3BP8	green	amber_boltz	2	2.01	0.12	97.71	1.44	0.65	1	0.0109	1.8
3BP8	green	amber_boltz	3	0.54	0.12	96.86	2.3	0.65	0	0.0123	1.8855
3BP8	green	amber_boltz	4	2.4	0.0	97.95	1.44	0.65	0	0.0111	1.7659
3BX7	green	crystal	0	4.9	1.04	96.89	1.18	1.0	0	0.0079	1.4756
3BX7	green	af_relaxed	0	1.54	0.35	97.92	0.0	0.42	0	0.0116	1.6648
3BX7	green	af_relaxed	1	1.1	0.0	97.92	1.18	0.39	0	0.0117	1.6626
3BX7	green	af_relaxed	2	2.65	0.35	96.54	0.39	0.78	0	0.0116	1.6759
3BX7	green	af_relaxed	3	3.31	0.35	97.92	1.57	0.79	1	0.0118	1.7035
3BX7	green	af_relaxed	4	5.96	0.0	96.89	0.79	1.01	0	0.0116	1.7292
3BX7	green	boltz	0	21.63	0.35	96.89	1.18	1.57	0	0.012	1.2
3BX7	green	boltz	1	18.54	0.0	97.58	1.18	1.41	0	0.013	1.2293
3BX7	green	boltz	2	20.97	0.0	98.27	0.0	1.32	0	0.0137	1.224
3BX7	green	boltz	3	20.97	0.35	96.89	0.79	1.5	0	0.0129	1.2049
3BX7	green	boltz	4	23.39	0.35	97.58	0.79	1.45	0	0.0124	1.1644
3BX7	green	amber_af	0	1.54	0.35	97.92	0.0	0.42	0	0.0116	1.656
3BX7	green	amber_af	1	0.88	0.35	97.92	0.79	0.29	0	0.0116	1.6697
3BX7	green	amber_af	2	3.31	0.35	96.54	0.79	0.85	0	0.0116	1.6819
3BX7	green	amber_af	3	3.09	0.35	97.58	0.39	0.69	1	0.0118	1.7057
3BX7	green	amber_af	4	5.74	0.0	97.23	0.79	0.96	0	0.0115	1.7291
3BX7	green	amber_boltz	0	3.75	0.35	96.19	0.79	0.92	1	0.0116	1.7038
3BX7	green	amber_boltz	1	2.87	0.69	96.19	1.18	0.89	0	0.0117	1.6899
3BX7	green	amber_boltz	2	1.32	0.0	95.85	0.79	0.65	0	0.0116	1.6844
3BX7	green	amber_boltz	3	3.09	0.35	96.19	0.0	0.86	0	0.0117	1.7127
3BX7	green	amber_boltz	4	4.19	0.35	96.89	0.79	0.89	0	0.0117	1.7039
3CPH	green	crystal	0	5.51	0.65	96.07	3.33	1.46	0	0.0112	1.2983
3CPH	green	af_relaxed	0	3.47	0.0	99.18	1.11	0.67	1	0.0118	1.7511
3CPH	green	af_relaxed	1	2.75	0.0	99.35	0.93	0.56	1	0.0119	1.7069
3CPH	green	af_relaxed	2	6.84	0.0	97.71	2.41	1.23	2	0.0117	1.8182
3CPH	green	af_relaxed	3	4.08	0.16	98.53	1.48	0.82	1	0.0117	1.7504
3CPH	green	af_relaxed	4	5.0	0.0	98.36	1.48	0.89	3	0.0117	1.7388
3CPH	green	boltz	0	23.69	0.0	99.67	0.19	1.37	0	0.0117	1.0717
3CPH	green	boltz	1	22.15	0.0	99.02	0.19	1.34	0	0.0127	1.0851
3CPH	green	boltz	2	26.13	0.0	99.51	0.19	1.41	0	0.0116	1.0911
3CPH	green	boltz	3	18.88	0.0	99.02	0.0	1.27	0	0.0111	1.0909
3CPH	green	boltz	4	19.91	0.0	99.35	0.19	1.3	0	0.0123	1.085
3CPH	green	amber_af	0	3.67	0.0	99.18	1.11	0.69	1	0.0118	1.7418
3CPH	green	amber_af	1	2.55	0.0	99.35	1.11	0.57	1	0.0118	1.7136
3CPH	green	amber_af	2	5.61	0.0	97.71	1.85	1.07	3	0.0117	1.7992
3CPH	green	amber_af	3	3.57	0.0	98.53	1.3	0.73	0	0.0117	1.7467
3CPH	green	amber_af	4	4.59	0.0	98.36	1.67	0.9	3	0.0118	1.7326
3CPH	green	amber_boltz	0	3.06	0.0	99.35	0.56	0.6	1	0.0117	1.7195
3CPH	green	amber_boltz	1	2.35	0.0	98.36	0.74	0.51	0	0.0118	1.7242
3CPH	green	amber_boltz	2	2.65	0.0	98.2	0.56	0.55	1	0.0118	1.7292
3CPH	green	amber_boltz	3	1.43	0.0	98.53	0.19	0.38	1	0.0119	1.7059
3CPH	green	amber_boltz	4	2.55	0.16	99.02	0.37	0.54	1	0.0117	1.7177
3D5S	green	crystal	0	12.72	0.28	96.08	6.31	1.99	0	0.0096	1.446
3D5S	green	af_relaxed	0	0.69	0.0	98.04	0.33	0.22	0	0.0119	1.6605
3D5S	green	af_relaxed	1	0.17	0.0	98.04	0.33	0.07	0	0.012	1.6601
3D5S	green	af_relaxed	2	0.35	0.0	98.6	0.66	0.13	0	0.0121	1.6601
3D5S	green	af_relaxed	3	0.52	0.0	98.88	0.0	0.18	0	0.0119	1.6528
3D5S	green	af_relaxed	4	0.69	0.0	99.16	0.33	0.22	0	0.0119	1.6671
3D5S	green	boltz	0	15.99	0.0	99.16	0.0	1.21	0	0.0099	1.0268
3D5S	green	boltz	1	13.21	0.0	98.88	0.0	1.13	0	0.01	1.0348
3D5S	green	boltz	2	13.73	0.0	98.6	0.0	1.15	0	0.0102	1.023
3D5S	green	boltz	3	15.47	0.0	98.88	0.0	1.19	0	0.0105	1.0309
3D5S	green	boltz	4	14.25	0.28	98.88	0.0	1.16	0	0.0105	1.0838
3D5S	green	amber_af	0	0.35	0.0	98.04	0.33	0.13	0	0.0119	1.6614
3D5S	green	amber_af	1	0.35	0.0	98.04	0.33	0.13	0	0.012	1.6615
3D5S	green	amber_af	2	0.52	0.0	98.6	0.33	0.18	0	0.012	1.6548
3D5S	green	amber_af	3	0.52	0.0	98.88	0.0	0.18	0	0.012	1.6525
3D5S	green	amber_af	4	0.69	0.0	98.88	0.33	0.22	0	0.0119	1.6673
3D5S	green	amber_boltz	0	1.56	0.0	99.16	0.0	0.4	1	0.012	1.7087
3D5S	green	amber_boltz	1	0.87	0.0	99.16	0.33	0.27	0	0.0121	1.719
3D5S	green	amber_boltz	2	1.74	0.28	98.32	0.66	0.43	1	0.012	1.7362
3D5S	green	amber_boltz	3	1.39	0.0	99.16	0.33	0.37	0	0.0119	1.7132
3D5S	green	amber_boltz	4	1.91	0.28	99.16	0.0	0.46	1	0.0121	1.7572
3DAW	green	crystal	0	14.74	0.39	93.5	9.26	2.33	4	0.0136	1.5989
3DAW	green	af_relaxed	0	1.24	0.2	98.23	0.45	0.34	0	0.0118	1.6734
3DAW	green	af_relaxed	1	1.36	0.2	98.62	0.45	0.37	0	0.0119	1.6869
3DAW	green	af_relaxed	2	1.61	0.2	98.43	0.0	0.41	0	0.0118	1.667
3DAW	green	af_relaxed	3	1.48	0.0	98.03	0.9	0.39	0	0.0119	1.6674
3DAW	green	af_relaxed	4	0.74	0.2	98.03	0.22	0.24	0	0.0119	1.6619
3DAW	green	boltz	0	11.0	0.0	99.21	0.0	1.06	0	0.0104	1.0736
3DAW	green	boltz	1	9.64	0.0	99.41	0.0	1.01	0	0.0104	1.0567
3DAW	green	boltz	2	13.6	0.0	99.41	0.67	1.14	0	0.0114	1.0904
3DAW	green	boltz	3	14.58	0.0	99.02	0.0	1.17	0	0.0106	1.0492
3DAW	green	boltz	4	15.2	0.2	99.21	0.45	1.19	0	0.0111	1.0612
3DAW	green	amber_af	0	1.36	0.2	98.23	0.45	0.37	0	0.0118	1.6789
3DAW	green	amber_af	1	1.48	0.2	98.43	0.67	0.39	0	0.0119	1.7009
3DAW	green	amber_af	2	1.36	0.2	98.43	0.0	0.37	0	0.0118	1.6665
3DAW	green	amber_af	3	1.11	0.0	98.23	1.35	0.42	0	0.0118	1.6668
3DAW	green	amber_af	4	0.86	0.2	98.03	0.22	0.27	0	0.0119	1.6691
3DAW	green	amber_boltz	0	1.11	0.0	98.82	0.0	0.32	0	0.012	1.6997
3DAW	green	amber_boltz	1	0.99	0.0	98.62	0.22	0.29	0	0.012	1.6873
3DAW	green	amber_boltz	2	0.99	0.0	98.62	0.45	0.29	0	0.0119	1.6874
3DAW	green	amber_boltz	3	0.99	0.0	98.43	0.0	0.29	0	0.012	1.6762
3DAW	green	amber_boltz	4	1.73	0.0	98.62	0.22	0.43	0	0.0118	1.6893
3EO1	green	crystal	0	25.46	1.31	83.74	8.7	2.79	0	0.009	1.707
3EO1	green	af_relaxed	0	2.57	0.37	96.46	1.7	0.95	0	0.0111	1.7285
3EO1	green	af_relaxed	1	1.1	0.56	94.79	2.55	0.98	2	0.0118	1.8557
3EO1	green	af_relaxed	2	3.79	0.93	95.9	1.91	1.16	3	0.0114	1.7946
3EO1	green	af_relaxed	3	5.63	0.19	95.53	1.91	1.33	0	0.0114	1.8067
3EO1	green	af_relaxed	4	5.87	0.74	94.04	2.12	1.47	4	0.0133	2.1941
3EO1	green	boltz	0	13.95	0.19	97.58	0.0	1.24	0	0.0158	1.391
3EO1	green	boltz	1	12.11	0.37	97.39	0.21	1.22	0	0.0146	1.28
3EO1	green	boltz	2	15.42	0.19	97.95	0.21	1.2	0	0.0154	1.2565
3EO1	green	boltz	3	15.18	0.19	97.77	0.0	1.24	0	0.015	1.2832
3EO1	green	boltz	4	12.24	0.37	97.39	0.21	1.22	0	0.0204	1.6074
3EO1	green	amber_af	0	1.96	0.37	96.28	1.49	0.84	0	0.0111	1.7273
3EO1	green	amber_af	1	3.67	0.74	95.34	2.34	1.26	2	0.0114	1.8036
3EO1	green	amber_af	2	3.43	0.93	96.28	1.91	1.1	3	0.0113	1.7987
3EO1	green	amber_af	3	5.14	0.19	95.72	2.12	1.32	0	0.0114	1.8084
3EO1	green	amber_af	4	6.73	0.56	94.23	2.55	1.57	4	0.0132	2.0933
3EO1	green	amber_boltz	0	0.98	0.19	97.77	0.85	0.34	0	0.0115	1.6859
3EO1	green	amber_boltz	1	0.98	0.56	97.21	1.06	0.46	0	0.0114	1.6814
3EO1	green	amber_boltz	2	1.59	0.0	98.14	1.06	0.43	0	0.0113	1.6857
3EO1	green	amber_boltz	3	1.1	0.56	97.58	1.06	0.42	0	0.0114	1.6992
3EO1	green	amber_boltz	4	0.86	0.74	97.77	0.42	0.32	0	0.0115	1.7123
3EOA	green	crystal	0	8.11	1.5	94.0	11.13	2.14	4	0.0107	1.3617
3EOA	green	af_relaxed	0	3.52	0.0	97.84	1.13	0.72	2	0.0115	1.6963
3EOA	green	af_relaxed	1	3.2	0.0	97.34	0.94	0.74	1	0.0114	1.6962
3EOA	green	af_relaxed	2	3.2	0.0	97.01	1.13	0.82	1	0.0115	1.71
3EOA	green	af_relaxed	3	4.48	0.33	97.34	0.94	0.85	1	0.0115	1.7398
3EOA	green	af_relaxed	4	3.41	0.17	97.34	0.94	0.76	3	0.0114	1.7139
3EOA	green	boltz	0	13.44	0.33	97.84	0.0	1.17	0	0.0107	1.1587
3EOA	green	boltz	1	13.23	0.17	97.67	0.0	1.2	0	0.0108	1.1597
3EOA	green	boltz	2	11.41	0.33	98.01	0.38	1.07	0	0.0107	1.1631
3EOA	green	boltz	3	12.91	0.0	97.67	0.19	1.19	0	0.0107	1.178
3EOA	green	boltz	4	15.15	0.5	97.51	0.0	1.28	0	0.0115	1.1731
3EOA	green	amber_af	0	3.84	0.0	98.01	1.13	0.71	2	0.0114	1.6956
3EOA	green	amber_af	1	3.09	0.17	97.51	0.75	0.7	1	0.0115	1.6982
3EOA	green	amber_af	2	3.41	0.0	97.18	0.57	0.78	2	0.0114	1.7074
3EOA	green	amber_af	3	4.58	0.33	97.34	1.13	0.9	1	0.0114	1.7441
3EOA	green	amber_af	4	3.41	0.33	97.51	0.94	0.73	4	0.0114	1.7228
3EOA	green	amber_boltz	0	1.49	0.17	97.51	0.0	0.49	0	0.0117	1.6988
3EOA	green	amber_boltz	1	1.6	0.17	97.84	0.57	0.44	2	0.0117	1.7284
3EOA	green	amber_boltz	2	1.07	0.17	97.51	0.94	0.41	0	0.0117	1.6972
3EOA	green	amber_boltz	3	1.81	0.17	97.34	0.57	0.57	0	0.0117	1.7038
3EOA	green	amber_boltz	4	1.92	0.33	98.01	0.75	0.46	1	0.0116	1.7453
3F1P	green	crystal	0	2.19	0.0	99.55	2.87	0.84	4	0.0221	1.9222
3F1P	green	af_relaxed	0	2.47	0.0	98.19	0.96	0.53	0	0.0121	1.6763
3F1P	green	af_relaxed	1	1.1	0.0	97.74	0.96	0.37	0	0.0122	1.6776
3F1P	green	af_relaxed	2	1.1	0.0	98.19	0.96	0.32	0	0.0122	1.6873
3F1P	green	af_relaxed	3	2.47	0.0	98.19	0.96	0.53	0	0.0121	1.6764
3F1P	green	af_relaxed	4	1.1	0.0	97.74	0.48	0.37	0	0.0122	1.7107
3F1P	green	boltz	0	16.19	0.0	98.64	0.96	1.21	0	0.0116	1.1369
3F1P	green	boltz	1	9.87	0.0	99.55	0.0	1.02	0	0.0121	1.0966
3F1P	green	boltz	2	6.86	0.0	99.1	0.0	0.88	0	0.0116	1.0913
3F1P	green	boltz	3	9.87	0.0	98.64	0.48	1.02	0	0.0117	1.1048
3F1P	green	boltz	4	6.86	0.0	98.64	0.96	0.88	0	0.0113	1.1236
3F1P	green	amber_af	0	1.64	0.45	98.19	0.96	0.41	0	0.0121	1.6782
3F1P	green	amber_af	1	1.1	0.0	97.74	0.96	0.37	0	0.0122	1.6893
3F1P	green	amber_af	2	1.64	0.0	98.19	0.96	0.41	0	0.0122	1.6842
3F1P	green	amber_af	3	1.37	0.0	98.64	0.96	0.37	0	0.0121	1.6802
3F1P	green	amber_af	4	1.37	0.0	97.74	0.48	0.43	0	0.0122	1.7077
3F1P	green	amber_boltz	0	0.55	0.0	97.29	0.48	0.32	0	0.0123	1.7005
3F1P	green	amber_boltz	1	0.27	0.0	98.64	0.0	0.1	0	0.0122	1.6789
3F1P	green	amber_boltz	2	0.27	0.0	98.19	0.0	0.1	0	0.0122	1.656
3F1P	green	amber_boltz	3	0.27	0.0	98.19	0.0	0.1	0	0.0122	1.6712
3F1P	green	amber_boltz	4	0.27	0.0	97.74	0.48	0.16	0	0.0121	1.6724
3FN1	green	af_relaxed	0	0.74	0.0	98.39	0.44	0.24	0	0.0115	1.7221
3FN1	green	af_relaxed	1	0.25	0.0	97.98	0.0	0.1	0	0.0116	1.7089
3FN1	green	af_relaxed	2	0.99	0.0	98.39	0.0	0.29	0	0.0115	1.7168
3FN1	green	af_relaxed	3	0.5	0.0	98.39	0.87	0.17	0	0.0115	1.7302
3FN1	green	af_relaxed	4	0.25	0.0	97.58	0.44	0.18	0	0.0116	1.7079
3FN1	green	boltz	0	6.94	0.0	98.79	0.0	0.88	0	0.0119	1.2914
3FN1	green	boltz	1	8.18	0.0	98.79	0.0	0.94	0	0.0106	1.1195
3FN1	green	boltz	2	7.93	0.0	98.79	0.0	0.93	0	0.0119	1.2436
3FN1	green	boltz	3	12.14	0.0	98.79	0.0	1.1	0	0.0107	1.1325
3FN1	green	boltz	4	8.92	0.0	98.79	0.0	0.98	0	0.0109	1.126
3FN1	green	amber_af	0	0.74	0.0	98.39	0.44	0.24	0	0.0115	1.7178
3FN1	green	amber_af	1	0.5	0.0	97.98	0.0	0.18	0	0.0116	1.716
3FN1	green	amber_af	2	0.74	0.0	98.39	0.0	0.24	0	0.0116	1.7128
3FN1	green	amber_af	3	0.5	0.0	98.39	0.87	0.17	0	0.0115	1.7301
3FN1	green	amber_af	4	0.25	0.0	97.58	0.44	0.18	0	0.0116	1.7069
3FN1	green	amber_boltz	0	0.0	0.0	98.39	0.0	0.0	0	0.0118	1.73
3FN1	green	amber_boltz	1	0.25	0.0	98.39	0.0	0.09	0	0.0119	1.7274
3FN1	green	amber_boltz	2	0.25	0.0	99.19	0.0	0.09	0	0.0118	1.7428
3FN1	green	amber_boltz	3	1.49	0.0	98.39	0.0	0.39	0	0.0118	1.758
3FN1	green	amber_boltz	4	0.25	0.0	98.39	0.0	0.09	0	0.0116	1.7554
3G6D	green	crystal	0	9.62	0.94	92.31	9.71	2.23	1	0.0098	1.4786
3G6D	green	af_relaxed	0	3.23	0.38	96.06	1.1	0.92	0	0.0111	1.7088
3G6D	green	af_relaxed	1	2.99	0.19	97.37	1.76	0.9	0	0.0113	1.7233
3G6D	green	af_relaxed	2	4.11	0.56	96.06	0.66	0.96	1	0.0114	1.7373
3G6D	green	af_relaxed	3	6.34	0.19	97.19	1.54	1.14	0	0.0113	1.7503
3G6D	green	af_relaxed	4	8.96	0.0	97.75	2.64	1.36	3	0.0115	1.803
3G6D	green	boltz	0	10.58	0.0	98.69	0.22	1.04	0	0.0122	1.2656
3G6D	green	boltz	1	8.59	0.0	98.69	0.44	0.96	0	0.0116	1.1842
3G6D	green	boltz	2	9.96	0.19	98.87	0.0	1.02	0	0.0114	1.2067
3G6D	green	boltz	3	10.95	0.0	98.12	0.22	1.06	0	0.0115	1.2061
3G6D	green	boltz	4	10.83	0.0	97.94	0.22	1.07	0	0.0111	1.224
3G6D	green	amber_af	0	2.99	0.38	96.06	1.32	0.95	0	0.0111	1.7067
3G6D	green	amber_af	1	2.99	0.38	97.19	1.76	0.92	1	0.0113	1.7318
3G6D	green	amber_af	2	4.73	0.56	96.06	0.66	1.01	1	0.0114	1.736
3G6D	green	amber_af	3	6.72	0.19	97.19	1.76	1.21	0	0.0113	1.7574
3G6D	green	amber_af	4	10.2	0.0	97.75	2.42	1.38	2	0.0116	1.7936
3G6D	green	amber_boltz	0	0.5	0.19	97.94	0.0	0.19	0	0.0116	1.6941
3G6D	green	amber_boltz	1	0.37	0.19	98.5	0.44	0.14	0	0.0115	1.6872
3G6D	green	amber_boltz	2	0.75	0.0	98.31	0.0	0.24	1	0.0116	1.6809
3G6D	green	amber_boltz	3	0.75	0.0	98.12	0.44	0.24	0	0.0115	1.6875
3G6D	green	amber_boltz	4	0.62	0.19	97.94	0.66	0.22	0	0.0116	1.6902
3H11	green	crystal	0	11.78	0.46	94.47	1.5	1.6	0	0.0116	1.633
3H11	green	af_relaxed	0	5.16	2.05	96.36	0.99	1.02	4	0.0369	2.103
3H11	green	af_relaxed	1	1.81	0.91	96.36	1.24	0.75	2	0.014	2.0206
3H11	green	af_relaxed	2	2.37	1.14	95.45	1.73	1.02	3	0.014	2.0458
3H11	green	af_relaxed	3	5.58	1.36	96.14	0.74	1.07	5	0.0367	2.1395
3H11	green	af_relaxed	4	3.21	0.91	95.68	2.23	1.18	3	0.014	2.0421
3H11	green	boltz	0	37.83	0.23	97.73	0.25	1.62	0	0.013	1.1235
3H11	green	boltz	1	30.7	0.23	98.18	0.5	1.47	0	0.0138	1.089
3H11	green	boltz	2	43.39	0.23	97.95	0.5	1.63	0	0.0134	1.0937
3H11	green	boltz	3	29.46	0.23	97.5	0.0	1.56	0	0.0139	1.0853
3H11	green	boltz	4	41.51	0.0	97.95	0.0	1.61	0	0.0142	1.134
3H11	green	amber_af	0	4.88	1.59	95.91	0.74	1.04	5	0.037	2.1772
3H11	green	amber_af	1	3.21	1.14	96.14	1.73	1.06	5	0.0143	2.0985
3H11	green	amber_af	2	2.65	0.91	95.68	1.73	1.03	3	0.014	2.0493
3H11	green	amber_af	3	6.0	1.59	95.68	1.24	1.2	7	0.0368	2.1895
3H11	green	amber_af	4	2.09	0.91	96.36	2.72	1.05	5	0.0138	2.0395
3H11	green	amber_boltz	0	6.69	0.23	97.73	0.74	0.93	1	0.0124	1.8361
3H11	green	amber_boltz	1	4.46	0.23	97.73	0.5	0.78	1	0.0125	1.8578
3H11	green	amber_boltz	2	2.51	0.45	96.14	1.24	0.87	2	0.013	1.9564
3H11	green	amber_boltz	3	1.81	0.91	96.36	0.5	0.68	5	0.0129	1.9227
3H11	green	amber_boltz	4	7.81	0.0	96.59	0.99	1.15	2	0.0124	1.8545
3H2V	green	crystal	0	32.28	1.65	92.15	26.07	3.05	6	0.0286	1.8924
3H2V	green	af_relaxed	0	3.02	0.82	97.13	1.42	0.86	0	0.0115	1.8216
3H2V	green	af_relaxed	1	6.54	0.41	99.18	0.94	0.86	1	0.0113	1.8709
3H2V	green	af_relaxed	2	6.28	0.0	97.13	1.42	1.12	1	0.0389	2.0727
3H2V	green	af_relaxed	3	15.33	1.23	95.49	1.42	1.62	3	0.0123	2.1883
3H2V	green	af_relaxed	4	5.28	0.41	97.95	1.89	1.0	0	0.0113	1.7747
3H2V	green	boltz	0	17.1	0.0	99.59	0.0	1.23	0	0.0107	1.0223
3H2V	green	boltz	1	23.14	0.41	99.18	0.0	1.36	0	0.0117	1.0915
3H2V	green	boltz	2	12.83	0.41	99.18	0.47	1.12	0	0.0107	1.0608
3H2V	green	boltz	3	16.35	0.82	98.77	0.94	1.22	0	0.0109	1.0987
3H2V	green	boltz	4	11.82	0.0	99.59	0.47	1.09	0	0.0109	1.0633
3H2V	green	amber_af	0	3.27	0.82	97.13	0.47	0.77	0	0.0116	1.8263
3H2V	green	amber_af	1	7.04	0.41	98.77	1.42	1.0	1	0.0113	1.8683
3H2V	green	amber_af	2	6.28	0.0	96.31	1.89	1.3	1	0.0389	2.0602
3H2V	green	amber_af	3	16.09	0.82	95.9	2.36	1.78	3	0.0123	2.156
3H2V	green	amber_af	4	5.28	0.41	97.95	1.89	1.0	0	0.0114	1.7825
3H2V	green	amber_boltz	0	1.26	0.0	99.18	0.0	0.35	0	0.0114	1.7172
3H2V	green	amber_boltz	1	2.26	0.41	98.77	0.0	0.5	1	0.0113	1.7573
3H2V	green	amber_boltz	2	1.01	0.41	99.18	0.47	0.3	0	0.0114	1.7029
3H2V	green	amber_boltz	3	0.5	0.0	98.36	0.0	0.17	0	0.0114	1.7258
3H2V	green	amber_boltz	4	0.75	0.0	99.59	0.0	0.24	0	0.0114	1.7037
3HI6	green	crystal	0	3.24	0.0	95.99	1.33	0.99	0	0.0103	1.2303
3HI6	green	af_relaxed	0	3.45	0.33	96.5	0.76	0.86	3	0.0113	1.743
3HI6	green	af_relaxed	1	10.88	1.33	95.33	1.52	1.52	13	0.012	1.9588
3HI6	green	af_relaxed	2	5.92	0.0	96.5	1.33	1.15	2	0.0113	1.7462
3HI6	green	af_relaxed	3	5.6	0.5	97.0	1.71	1.15	3	0.0114	1.7556
3HI6	green	af_relaxed	4	6.57	0.17	95.83	2.66	1.47	1	0.0112	1.79
3HI6	green	boltz	0	12.93	0.17	98.0	0.0	1.12	0	0.0111	1.1436
3HI6	green	boltz	1	19.61	0.33	97.67	0.0	1.36	0	0.0117	1.123
3HI6	green	boltz	2	21.65	0.17	97.83	0.38	1.37	0	0.0125	1.1284
3HI6	green	boltz	3	17.89	0.33	97.67	0.19	1.32	0	0.0113	1.136
3HI6	green	boltz	4	17.67	0.17	97.67	0.0	1.32	0	0.0111	1.1206
3HI6	green	amber_af	0	3.66	0.33	96.33	0.76	0.9	2	0.0113	1.7611
3HI6	green	amber_af	1	10.88	0.83	95.0	1.9	1.61	12	0.012	2.0287
3HI6	green	amber_af	2	5.71	0.0	96.67	1.33	1.12	1	0.0113	1.7323
3HI6	green	amber_af	3	6.03	0.5	96.83	1.71	1.2	3	0.0113	1.7601
3HI6	green	amber_af	4	6.89	0.17	95.83	2.28	1.44	3	0.0112	1.7814
3HI6	green	amber_boltz	0	2.15	0.33	97.5	0.57	0.59	1	0.0117	1.678
3HI6	green	amber_boltz	1	1.94	0.0	97.0	0.19	0.63	0	0.0114	1.6883
3HI6	green	amber_boltz	2	3.12	0.17	98.0	0.38	0.6	0	0.0115	1.6826
3HI6	green	amber_boltz	3	2.05	0.17	97.17	0.38	0.63	0	0.0114	1.6653
3HI6	green	amber_boltz	4	3.02	0.17	97.17	0.76	0.74	0	0.0114	1.6784
3HMX	green	crystal	0	19.92	3.06	84.47	10.13	2.73	0	0.0077	1.548
3HMX	green	af_relaxed	0	7.44	0.67	95.64	0.99	1.21	2	0.0116	1.8305
3HMX	green	af_relaxed	1	7.3	0.67	95.75	2.35	1.48	9	0.0116	1.8248
3HMX	green	af_relaxed	2	2.36	0.67	96.31	1.36	0.87	2	0.0113	1.7339
3HMX	green	af_relaxed	3	3.08	0.45	96.31	2.35	1.13	0	0.0114	1.7529
3HMX	green	af_relaxed	4	8.23	0.34	96.31	2.73	1.53	9	0.0343	1.9726
3HMX	green	boltz	0	24.48	0.11	97.76	0.25	1.43	0	0.0164	1.2777
3HMX	green	boltz	1	25.56	0.11	97.76	0.25	1.45	0	0.021	1.3975
3HMX	green	boltz	2	20.54	0.11	97.65	0.74	1.38	0	0.0206	1.4763
3HMX	green	boltz	3	24.12	0.34	97.32	0.12	1.5	0	0.0192	1.5026
3HMX	green	boltz	4	20.33	0.11	97.76	0.5	1.36	0	0.0179	1.2749
3HMX	green	amber_af	0	7.08	0.78	95.53	0.99	1.2	2	0.0116	1.834
3HMX	green	amber_af	1	7.73	0.56	96.09	2.35	1.47	10	0.0116	1.8293
3HMX	green	amber_af	2	1.93	0.89	95.97	1.86	0.94	3	0.0113	1.7437
3HMX	green	amber_af	3	3.08	0.45	96.2	2.48	1.16	1	0.0114	1.7656
3HMX	green	amber_af	4	8.16	0.56	95.97	1.98	1.45	8	0.0343	1.9627
3HMX	green	amber_boltz	0	2.22	0.11	97.2	0.62	0.64	0	0.0114	1.698
3HMX	green	amber_boltz	1	3.72	0.22	97.09	0.99	0.82	3	0.0114	1.7528
3HMX	green	amber_boltz	2	1.14	0.45	96.42	0.87	0.56	4	0.0122	1.846
3HMX	green	amber_boltz	3	1.0	0.45	95.75	1.24	0.66	4	0.0122	1.804
3HMX	green	amber_boltz	4	2.5	0.0	96.87	0.99	0.72	2	0.0116	1.7559
3K75	green	crystal	0	15.8	0.51	92.62	3.71	2.1	1	0.0092	1.3203
3K75	green	af_relaxed	0	0.47	0.0	96.96	0.56	0.34	0	0.0118	1.6736
3K75	green	af_relaxed	1	0.63	0.25	97.47	0.0	0.32	0	0.0117	1.6717
3K75	green	af_relaxed	2	0.79	0.51	96.96	0.0	0.43	0	0.0117	1.6845
3K75	green	af_relaxed	3	0.32	0.25	97.22	0.0	0.26	1	0.0117	1.6753
3K75	green	af_relaxed	4	0.63	0.25	96.71	0.0	0.42	0	0.0118	1.6676
3K75	green	boltz	0	8.22	0.0	97.97	0.0	0.95	0	0.0107	1.081
3K75	green	boltz	1	8.06	0.25	97.72	0.0	1.0	0	0.0117	1.0737
3K75	green	boltz	2	9.17	0.0	97.97	0.0	0.99	0	0.0108	1.0764
3K75	green	boltz	3	12.17	0.0	97.47	0.0	1.2	0	0.0123	1.0841
3K75	green	boltz	4	5.69	0.0	97.72	0.28	0.87	0	0.011	1.0917
3K75	green	amber_af	0	1.11	0.0	96.96	0.28	0.5	0	0.0118	1.674
3K75	green	amber_af	1	0.79	0.25	97.47	0.0	0.35	0	0.0117	1.6724
3K75	green	amber_af	2	0.79	0.51	97.22	0.0	0.39	0	0.0117	1.6847
3K75	green	amber_af	3	0.63	0.25	97.47	0.0	0.32	1	0.0117	1.6827
3K75	green	amber_af	4	0.63	0.25	96.96	0.0	0.39	0	0.0117	1.6675
3K75	green	amber_boltz	0	0.0	0.0	97.97	0.28	0.01	0	0.0119	1.6912
3K75	green	amber_boltz	1	0.16	0.0	97.97	0.28	0.07	1	0.0118	1.6944
3K75	green	amber_boltz	2	0.0	0.0	97.47	0.0	0.11	0	0.0118	1.6937
3K75	green	amber_boltz	3	0.32	0.25	97.47	0.0	0.22	0	0.0118	1.6861
3K75	green	amber_boltz	4	0.32	0.25	97.47	0.0	0.22	0	0.0119	1.694
3L5W	green	crystal	0	7.38	0.76	94.9	7.13	1.91	3	0.0123	1.4991
3L5W	green	af_relaxed	0	2.09	0.0	97.18	1.08	0.65	0	0.0113	1.6701
3L5W	green	af_relaxed	1	2.33	0.0	97.36	0.43	0.64	0	0.0113	1.6851
3L5W	green	af_relaxed	2	4.91	0.19	97.18	1.29	0.99	1	0.0113	1.7345
3L5W	green	af_relaxed	3	4.66	0.38	96.99	1.94	1.13	1	0.0291	1.8986
3L5W	green	af_relaxed	4	6.87	0.0	96.42	1.51	1.25	0	0.0114	1.7639
3L5W	green	boltz	0	9.46	0.0	98.49	0.43	1.0	0	0.0133	1.1896
3L5W	green	boltz	1	9.46	0.0	99.06	0.22	1.0	0	0.0139	1.2015
3L5W	green	boltz	2	12.77	0.19	98.49	0.22	1.12	0	0.012	1.1988
3L5W	green	boltz	3	11.05	0.0	98.87	0.22	1.06	0	0.0136	1.2033
3L5W	green	boltz	4	11.3	0.0	98.68	0.43	1.07	0	0.0127	1.207
3L5W	green	amber_af	0	2.21	0.0	97.18	1.29	0.73	1	0.0114	1.6832
3L5W	green	amber_af	1	2.21	0.0	97.55	0.86	0.59	0	0.0113	1.6813
3L5W	green	amber_af	2	5.03	0.19	97.36	1.08	0.91	1	0.0113	1.7342
3L5W	green	amber_af	3	4.3	0.19	97.18	1.72	1.04	1	0.0291	1.9028
3L5W	green	amber_af	4	7.49	0.0	96.8	1.29	1.19	1	0.0114	1.8007
3L5W	green	amber_boltz	0	1.23	0.0	98.12	0.65	0.34	1	0.0114	1.6832
3L5W	green	amber_boltz	1	0.61	0.0	97.93	0.43	0.22	0	0.0115	1.6662
3L5W	green	amber_boltz	2	1.1	0.19	98.31	0.0	0.32	0	0.0116	1.6903
3L5W	green	amber_boltz	3	1.35	0.0	98.49	0.22	0.36	0	0.0114	1.6832
3L5W	green	amber_boltz	4	1.47	0.0	98.31	0.65	0.39	0	0.0115	1.6896
3L89	green	crystal	0	11.97	0.91	92.73	3.58	1.97	0	0.0075	1.3441
3L89	green	af_relaxed	0	0.66	0.45	97.46	0.0	0.33	0	0.0116	1.6674
3L89	green	af_relaxed	1	0.76	0.75	97.31	0.16	0.37	0	0.0115	1.6742
3L89	green	af_relaxed	2	0.76	0.75	97.6	0.65	0.32	1	0.0115	1.7119
3L89	green	af_relaxed	3	3.5	0.0	97.31	0.81	0.77	1	0.0116	1.7624
3L89	green	af_relaxed	4	4.07	0.45	95.51	0.98	1.0	0	0.0313	1.8756
3L89	green	boltz	0	21.32	0.0	98.65	0.0	1.32	0	0.0124	1.2031
3L89	green	boltz	1	19.53	0.0	98.5	0.16	1.29	0	0.0128	1.1823
3L89	green	boltz	2	22.84	0.0	97.9	0.16	1.37	0	0.0141	1.1687
3L89	green	boltz	3	21.51	0.45	98.5	0.0	1.33	0	0.0123	1.1694
3L89	green	boltz	4	19.72	0.0	98.5	0.0	1.29	0	0.012	1.1952
3L89	green	amber_af	0	0.38	0.45	97.46	0.0	0.25	0	0.0116	1.6589
3L89	green	amber_af	1	0.57	0.75	97.31	0.0	0.32	0	0.0115	1.6706
3L89	green	amber_af	2	0.66	0.75	97.6	0.65	0.3	2	0.0115	1.738
3L89	green	amber_af	3	3.6	0.0	97.16	0.81	0.8	3	0.0117	1.7648
3L89	green	amber_af	4	3.88	0.6	97.16	0.65	0.83	1	0.0115	1.714
3L89	green	amber_boltz	0	2.08	0.0	98.35	0.0	0.48	1	0.0116	1.7242
3L89	green	amber_boltz	1	1.61	0.0	98.35	0.33	0.41	0	0.0117	1.6942
3L89	green	amber_boltz	2	2.27	0.0	97.75	0.16	0.56	0	0.0116	1.7007
3L89	green	amber_boltz	3	2.27	0.3	97.46	0.49	0.61	0	0.0115	1.7018
3L89	green	amber_boltz	4	2.65	0.0	98.65	0.16	0.55	0	0.0115	1.7044
3LVK	green	crystal	0	14.94	0.22	93.01	10.62	2.41	0	0.0229	1.5072
3LVK	green	af_relaxed	0	0.41	0.43	98.26	0.0	0.15	0	0.0118	1.6659
3LVK	green	af_relaxed	1	0.82	0.22	98.7	1.02	0.26	0	0.0118	1.6578
3LVK	green	af_relaxed	2	0.55	0.43	98.7	0.0	0.19	0	0.0117	1.6547
3LVK	green	af_relaxed	3	1.09	0.22	98.7	1.28	0.4	0	0.0117	1.6826
3LVK	green	af_relaxed	4	0.82	0.22	98.48	0.26	0.26	0	0.0115	1.6579
3LVK	green	boltz	0	16.02	0.0	99.35	0.26	1.21	0	0.0117	1.1149
3LVK	green	boltz	1	10.68	0.0	99.57	0.0	1.05	0	0.0129	1.1178
3LVK	green	boltz	2	16.56	0.0	99.35	0.51	1.22	0	0.0135	1.2643
3LVK	green	boltz	3	13.28	0.0	99.13	0.51	1.13	0	0.0119	1.2103
3LVK	green	boltz	4	15.74	0.0	99.35	0.0	1.2	0	0.0166	1.1065
3LVK	green	amber_af	0	0.55	0.43	98.26	0.0	0.19	0	0.0117	1.6689
3LVK	green	amber_af	1	0.96	0.22	98.7	0.0	0.29	0	0.0118	1.6618
3LVK	green	amber_af	2	0.55	0.43	98.7	0.0	0.19	0	0.0118	1.6613
3LVK	green	amber_af	3	1.09	0.22	98.7	1.28	0.4	1	0.0117	1.6957
3LVK	green	amber_af	4	0.96	0.22	98.48	0.26	0.29	0	0.0115	1.6563
3LVK	green	amber_boltz	0	1.51	0.0	98.91	0.51	0.39	0	0.0116	1.7153
3LVK	green	amber_boltz	1	1.64	0.0	98.7	0.0	0.41	0	0.0117	1.6932
3LVK	green	amber_boltz	2	1.09	0.0	98.7	0.51	0.32	0	0.0119	1.6973
3LVK	green	amber_boltz	3	1.23	0.22	98.26	0.0	0.34	1	0.0117	1.7228
3LVK	green	amber_boltz	4	1.92	0.0	98.48	0.0	0.46	0	0.0116	1.7169
3MJ9	green	crystal	0	21.65	0.62	92.97	4.22	2.25	0	0.0084	1.4619
3MJ9	green	af_relaxed	0	5.87	0.62	97.04	1.76	1.17	3	0.0113	1.791
3MJ9	green	af_relaxed	1	7.18	0.78	97.04	1.58	1.21	2	0.0113	1.8163
3MJ9	green	af_relaxed	2	5.97	1.71	94.08	1.93	1.44	12	0.013	2.1401
3MJ9	green	af_relaxed	3	1.72	1.09	96.26	2.28	0.95	3	0.0119	1.8626
3MJ9	green	af_relaxed	4	3.94	0.31	96.88	2.81	1.21	2	0.0111	1.7787
3MJ9	green	boltz	0	19.22	0.16	98.6	0.18	1.28	0	0.0138	1.1627
3MJ9	green	boltz	1	15.88	0.16	98.75	0.53	1.2	0	0.0128	1.1453
3MJ9	green	boltz	2	16.7	0.0	99.22	0.53	1.22	0	0.012	1.1412
3MJ9	green	boltz	3	20.84	0.0	98.75	0.0	1.31	0	0.0127	1.1605
3MJ9	green	boltz	4	15.89	0.0	99.22	0.18	1.2	0	0.0142	1.1421
3MJ9	green	amber_af	0	6.47	0.93	96.88	1.58	1.2	4	0.0113	1.7923
3MJ9	green	amber_af	1	1.92	0.62	96.11	1.23	0.79	1	0.0116	1.8631
3MJ9	green	amber_af	2	6.27	1.56	94.08	2.11	1.49	12	0.0132	2.2007
3MJ9	green	amber_af	3	2.22	0.93	96.42	2.64	1.06	5	0.0119	1.8803
3MJ9	green	amber_af	4	4.25	0.31	96.88	2.28	1.17	2	0.0112	1.783
3MJ9	green	amber_boltz	0	1.92	0.16	98.6	0.35	0.46	1	0.0111	1.7183
3MJ9	green	amber_boltz	1	0.61	0.16	98.75	0.35	0.2	0	0.0112	1.7025
3MJ9	green	amber_boltz	2	1.11	0.16	98.75	0.53	0.32	0	0.0113	1.7247
3MJ9	green	amber_boltz	3	2.43	0.16	98.6	0.18	0.52	0	0.0113	1.7191
3MJ9	green	amber_boltz	4	0.1	0.0	96.73	0.88	0.25	1	0.0118	1.8029
3MXW	green	crystal	0	3.13	0.17	97.41	1.19	0.78	1	0.0117	1.3272
3MXW	green	af_relaxed	0	0.67	0.0	98.1	0.59	0.22	0	0.0115	1.6854
3MXW	green	af_relaxed	1	1.79	0.35	97.58	0.2	0.52	2	0.0114	1.7497
3MXW	green	af_relaxed	2	2.57	0.35	97.24	1.58	0.83	3	0.0115	1.7487
3MXW	green	af_relaxed	3	2.12	0.35	97.93	0.0	0.5	0	0.0114	1.7431
3MXW	green	af_relaxed	4	1.67	0.17	97.75	0.59	0.47	0	0.0115	1.729
3MXW	green	boltz	0	15.41	0.17	98.27	0.0	1.19	0	0.0105	1.1247
3MXW	green	boltz	1	14.4	0.0	98.45	0.0	1.16	0	0.0106	1.1292
3MXW	green	boltz	2	13.96	0.0	98.45	0.2	1.15	0	0.0105	1.1698
3MXW	green	boltz	3	19.21	0.17	98.45	0.0	1.28	0	0.0111	1.1618
3MXW	green	boltz	4	17.2	0.35	97.93	0.0	1.25	0	0.0108	1.1488
3MXW	green	amber_af	0	0.67	0.0	98.1	0.59	0.22	0	0.0115	1.6881
3MXW	green	amber_af	1	1.9	0.35	97.41	0.2	0.57	2	0.0114	1.7461
3MXW	green	amber_af	2	2.23	0.35	97.58	1.78	0.78	2	0.0114	1.7375
3MXW	green	amber_af	3	2.23	0.35	97.75	0.2	0.55	0	0.0114	1.7428
3MXW	green	amber_af	4	1.67	0.35	97.58	0.59	0.51	0	0.0115	1.7309
3MXW	green	amber_boltz	0	1.45	0.35	97.75	0.39	0.44	1	0.0118	1.7296
3MXW	green	amber_boltz	1	1.23	0.17	97.93	0.2	0.36	0	0.0116	1.7188
3MXW	green	amber_boltz	2	1.0	0.17	98.27	0.59	0.3	0	0.0117	1.7245
3MXW	green	amber_boltz	3	1.23	0.17	97.58	0.2	0.43	0	0.0116	1.7534
3MXW	green	amber_boltz	4	1.23	0.17	97.58	0.59	0.43	2	0.0116	1.7571
3P57	green	crystal	0	12.75	0.0	94.18	7.73	2.18	0	0.0111	1.6924
3P57	green	af_relaxed	0	6.83	0.0	96.86	1.66	1.23	0	0.0121	1.8679
3P57	green	af_relaxed	1	5.9	0.52	95.29	1.66	1.32	0	0.0121	1.8714
3P57	green	af_relaxed	2	6.21	1.05	94.76	5.52	1.77	2	0.0122	1.9354
3P57	green	af_relaxed	3	1.55	0.0	93.72	3.31	1.21	1	0.0134	2.0782
3P57	green	af_relaxed	4	1.24	0.52	94.24	1.66	0.9	0	0.0136	2.0839
3P57	green	boltz	0	41.93	0.0	97.38	0.55	1.72	0	0.0158	1.0384
3P57	green	boltz	1	20.81	0.0	97.38	0.0	1.43	0	0.0125	1.0498
3P57	green	boltz	2	23.01	0.0	97.91	0.0	1.38	0	0.0133	1.0087
3P57	green	boltz	3	26.73	0.0	98.43	1.1	1.45	0	0.0172	1.3755
3P57	green	boltz	4	19.25	0.0	97.38	0.0	1.4	0	0.0124	1.1295
3P57	green	amber_af	0	5.9	0.0	96.34	1.66	1.23	0	0.0122	1.8728
3P57	green	amber_af	1	4.66	1.57	94.76	1.66	1.27	1	0.0121	1.8613
3P57	green	amber_af	2	6.83	0.52	95.29	4.42	1.69	2	0.0124	2.0217
3P57	green	amber_af	3	2.48	0.0	94.24	2.21	1.18	2	0.0134	2.0782
3P57	green	amber_af	4	0.93	0.52	93.72	1.1	0.73	0	0.0136	2.0802
3P57	green	amber_boltz	0	6.52	0.0	97.91	0.55	0.88	0	0.012	1.8675
3P57	green	amber_boltz	1	2.79	0.0	96.34	0.0	0.81	0	0.012	1.7903
3P57	green	amber_boltz	2	2.48	1.05	95.29	0.55	0.86	0	0.0122	1.8117
3P57	green	amber_boltz	3	3.42	0.0	98.43	0.55	0.63	0	0.0122	1.7661
3P57	green	amber_boltz	4	0.62	0.0	96.86	0.0	0.4	0	0.0119	1.8081
3PC8	green	crystal	0	3.6	0.59	97.06	0.68	0.82	0	0.007	1.1257
3PC8	green	af_relaxed	0	1.75	0.0	98.24	0.64	0.43	0	0.0121	1.67
3PC8	green	af_relaxed	1	1.4	0.0	98.82	0.0	0.37	0	0.0121	1.7058
3PC8	green	af_relaxed	2	2.45	0.0	98.82	0.64	0.53	0	0.0122	1.6884
3PC8	green	af_relaxed	3	1.75	0.0	98.82	0.0	0.43	0	0.0121	1.6746
3PC8	green	af_relaxed	4	3.14	0.0	98.82	1.28	0.69	0	0.0122	1.6757
3PC8	green	boltz	0	11.19	0.0	98.82	1.28	1.15	0	0.01	1.1026
3PC8	green	boltz	1	9.44	0.0	99.41	0.0	1.0	0	0.0106	1.0987
3PC8	green	boltz	2	11.19	0.0	98.82	0.0	1.07	0	0.01	1.1064
3PC8	green	boltz	3	13.29	0.0	99.41	0.0	1.13	0	0.0101	1.0519
3PC8	green	boltz	4	8.04	0.0	99.41	0.0	0.94	0	0.0101	1.0873
3PC8	green	amber_af	0	1.4	0.0	98.82	0.64	0.37	0	0.0122	1.6845
3PC8	green	amber_af	1	1.4	0.0	98.82	0.0	0.37	0	0.012	1.6974
3PC8	green	amber_af	2	2.8	0.0	98.82	0.64	0.57	0	0.0122	1.6928
3PC8	green	amber_af	3	1.75	0.0	98.82	0.0	0.43	0	0.0121	1.6772
3PC8	green	amber_af	4	2.8	0.0	98.82	1.28	0.65	0	0.0122	1.6756
3PC8	green	amber_boltz	0	0.35	0.0	97.65	0.64	0.2	0	0.0124	1.6538
3PC8	green	amber_boltz	1	1.05	0.0	98.24	0.0	0.31	0	0.0123	1.6798
3PC8	green	amber_boltz	2	0.7	0.0	98.82	0.0	0.23	0	0.0124	1.6682
3PC8	green	amber_boltz	3	1.4	0.0	98.24	0.0	0.37	0	0.0123	1.6775
3PC8	green	amber_boltz	4	0.35	0.0	98.24	0.0	0.13	0	0.0123	1.6914
3R9A	green	af_relaxed	0	0.95	0.45	97.17	0.0	0.44	1	0.0118	1.6609
3R9A	green	af_relaxed	1	1.04	0.15	97.32	1.25	0.51	0	0.0116	1.664
3R9A	green	af_relaxed	2	1.61	0.15	97.47	1.25	0.59	0	0.0116	1.6708
3R9A	green	af_relaxed	3	2.18	0.15	97.02	0.53	0.66	0	0.0117	1.6787
3R9A	green	af_relaxed	4	1.14	0.15	97.32	0.36	0.45	1	0.0116	1.6743
3R9A	green	boltz	0	9.88	0.0	98.36	0.0	1.02	0	0.0113	1.0302
3R9A	green	boltz	1	10.73	0.0	98.36	0.0	1.05	0	0.0104	1.032
3R9A	green	boltz	2	15.01	0.15	98.07	0.18	1.18	0	0.0113	1.0474
3R9A	green	boltz	3	14.06	0.15	98.07	0.0	1.16	0	0.0112	1.041
3R9A	green	boltz	4	14.72	0.3	97.77	0.0	1.23	0	0.0128	1.0473
3R9A	green	amber_af	0	1.04	0.3	97.17	0.18	0.46	1	0.0118	1.6627
3R9A	green	amber_af	1	1.71	0.15	97.32	1.25	0.63	0	0.0116	1.6578
3R9A	green	amber_af	2	1.71	0.15	97.62	1.07	0.53	0	0.0116	1.6707
3R9A	green	amber_af	3	1.99	0.15	97.02	0.53	0.64	0	0.0117	1.6821
3R9A	green	amber_af	4	1.33	0.15	97.02	0.36	0.53	2	0.0116	1.6825
3R9A	green	amber_boltz	0	0.66	0.0	97.92	0.0	0.24	0	0.0117	1.6842
3R9A	green	amber_boltz	1	0.57	0.0	97.92	0.0	0.21	0	0.0118	1.7003
3R9A	green	amber_boltz	2	0.95	0.0	98.07	0.0	0.28	0	0.0116	1.7172
3R9A	green	amber_boltz	3	1.04	0.3	97.47	0.0	0.41	0	0.0116	1.7209
3R9A	green	amber_boltz	4	1.04	0.3	97.62	0.0	0.39	0	0.0116	1.7097
3RJQ	green	crystal	0	26.23	0.99	91.6	7.48	2.57	0	0.0073	2.0694
3RJQ	green	af_relaxed	0	5.9	1.45	95.18	1.93	1.38	1	0.0116	1.833
3RJQ	green	af_relaxed	1	9.17	1.2	94.46	2.21	1.63	2	0.0118	1.9075
3RJQ	green	af_relaxed	2	7.61	1.2	94.22	2.21	1.57	1	0.0117	1.8436
3RJQ	green	af_relaxed	3	9.48	1.45	95.18	2.21	1.6	4	0.0118	1.9171
3RJQ	green	af_relaxed	4	8.39	0.72	94.46	2.49	1.63	3	0.0118	1.8853
3RJQ	green	boltz	0	31.54	0.0	98.31	0.0	1.48	0	0.0194	1.3278
3RJQ	green	boltz	1	34.04	0.48	96.87	0.28	1.7	0	0.02	1.4356
3RJQ	green	boltz	2	38.4	0.24	97.11	0.0	1.72	0	0.0206	1.409
3RJQ	green	boltz	3	30.93	0.24	97.59	0.0	1.56	0	0.0207	1.3996
3RJQ	green	boltz	4	42.13	0.48	97.11	0.28	1.76	0	0.02	1.3965
3RJQ	green	amber_af	0	6.52	1.45	95.42	1.66	1.35	1	0.0116	1.8346
3RJQ	green	amber_af	1	8.86	1.2	94.7	2.21	1.6	1	0.0118	1.8937
3RJQ	green	amber_af	2	7.92	1.2	94.22	2.21	1.59	0	0.0117	1.8412
3RJQ	green	amber_af	3	9.48	1.45	95.18	2.21	1.6	4	0.0118	1.9209
3RJQ	green	amber_af	4	7.46	0.72	95.42	2.21	1.49	2	0.0117	1.8601
3RJQ	green	amber_boltz	0	3.57	0.0	97.83	0.0	0.69	0	0.0117	1.7311
3RJQ	green	amber_boltz	1	4.51	0.48	96.63	0.28	0.94	0	0.0117	1.7847
3RJQ	green	amber_boltz	2	4.19	0.24	96.39	0.0	0.94	1	0.0116	1.7586
3RJQ	green	amber_boltz	3	3.57	0.24	97.59	0.0	0.73	1	0.0117	1.7883
3RJQ	green	amber_boltz	4	7.46	1.45	95.66	0.83	1.21	5	0.012	1.8678
3RVW	green	crystal	0	3.42	0.16	96.73	3.03	1.2	1	0.0188	1.5567
3RVW	green	af_relaxed	0	3.3	0.16	95.35	0.71	0.94	1	0.0257	1.8982
3RVW	green	af_relaxed	1	5.59	0.78	96.12	1.23	1.14	4	0.0117	1.8066
3RVW	green	af_relaxed	2	1.2	0.47	95.19	1.23	0.74	1	0.0122	1.8418
3RVW	green	af_relaxed	3	3.9	0.93	94.42	1.76	1.24	3	0.0269	1.9255
3RVW	green	af_relaxed	4	2.9	0.62	94.57	1.23	1.02	6	0.0258	1.9254
3RVW	green	boltz	0	13.49	0.31	97.98	0.18	1.14	0	0.0114	1.1837
3RVW	green	boltz	1	16.4	0.31	98.29	0.0	1.22	0	0.0121	1.1687
3RVW	green	boltz	2	14.09	0.47	97.98	0.35	1.16	0	0.0118	1.1842
3RVW	green	boltz	3	17.3	0.31	97.52	0.35	1.34	0	0.0128	1.1685
3RVW	green	boltz	4	17.49	0.47	97.83	0.35	1.28	0	0.0116	1.1671
3RVW	green	amber_af	0	3.0	0.31	95.5	0.88	0.9	1	0.0258	1.8888
3RVW	green	amber_af	1	2.0	0.62	95.5	1.41	0.89	2	0.0121	1.843
3RVW	green	amber_af	2	2.8	0.47	96.28	1.23	0.89	2	0.0121	1.8725
3RVW	green	amber_af	3	4.5	0.78	95.19	2.29	1.33	3	0.0268	1.9222
3RVW	green	amber_af	4	3.4	0.16	94.73	1.23	1.06	2	0.0258	1.9106
3RVW	green	amber_boltz	0	1.4	0.16	97.52	0.18	0.47	0	0.0116	1.6745
3RVW	green	amber_boltz	1	1.9	0.0	97.52	0.53	0.55	1	0.0116	1.7128
3RVW	green	amber_boltz	2	1.2	0.0	97.52	0.71	0.43	1	0.0116	1.6915
3RVW	green	amber_boltz	3	2.4	0.0	97.21	0.35	0.67	0	0.0115	1.7181
3RVW	green	amber_boltz	4	1.9	0.16	97.21	0.71	0.6	2	0.0116	1.7468
3S9D	green	crystal	0	2.87	0.0	99.65	2.54	0.88	1	0.0157	1.3633
3S9D	green	af_relaxed	0	4.21	0.66	97.02	0.35	0.87	0	0.0117	1.7024
3S9D	green	af_relaxed	1	2.81	0.33	97.02	0.7	0.74	0	0.0116	1.6805
3S9D	green	af_relaxed	2	3.61	0.0	98.68	1.4	0.76	0	0.0117	1.6724
3S9D	green	af_relaxed	3	5.62	0.33	96.03	0.35	1.08	0	0.0118	1.7023
3S9D	green	af_relaxed	4	4.82	0.33	96.69	1.75	1.14	0	0.0116	1.7071
3S9D	green	boltz	0	17.67	0.33	98.34	0.35	1.25	0	0.0144	1.1785
3S9D	green	boltz	1	18.88	0.0	97.68	0.0	1.34	0	0.0163	1.2068
3S9D	green	boltz	2	18.27	0.0	98.01	0.35	1.26	0	0.0163	1.1649
3S9D	green	boltz	3	18.87	0.0	98.01	0.0	1.27	0	0.0164	1.2356
3S9D	green	boltz	4	23.49	0.33	97.35	0.0	1.49	0	0.0168	1.183
3S9D	green	amber_af	0	4.01	0.33	96.69	0.35	0.9	0	0.0117	1.6938
3S9D	green	amber_af	1	2.81	0.33	97.02	0.7	0.74	0	0.0116	1.6823
3S9D	green	amber_af	2	2.41	0.0	98.68	1.05	0.54	0	0.0116	1.6781
3S9D	green	amber_af	3	6.22	0.33	95.7	0.35	1.14	0	0.0118	1.7018
3S9D	green	amber_af	4	5.02	0.0	96.69	2.45	1.27	0	0.0115	1.6971
3S9D	green	amber_boltz	0	1.4	0.33	98.34	0.0	0.37	0	0.0117	1.6736
3S9D	green	amber_boltz	1	1.2	0.0	98.34	0.35	0.34	0	0.0117	1.6598
3S9D	green	amber_boltz	2	2.81	0.0	98.34	0.35	0.57	0	0.0117	1.6666
3S9D	green	amber_boltz	3	2.01	0.0	98.68	0.0	0.47	0	0.0117	1.6994
3S9D	green	amber_boltz	4	2.61	0.33	97.68	0.35	0.62	0	0.0116	1.6889
3SE8	green	crystal	0	4.94	0.0	96.87	0.73	0.95	0	0.0078	1.2943
3SE8	green	af_relaxed	0	1.92	0.0	98.06	1.32	0.55	0	0.0116	1.693
3SE8	green	af_relaxed	1	2.17	0.26	97.28	0.44	0.63	2	0.0116	1.7066
3SE8	green	af_relaxed	2	1.67	0.0	97.41	0.73	0.53	2	0.0117	1.7199
3SE8	green	af_relaxed	3	2.01	0.13	97.41	0.73	0.58	1	0.0115	1.71
3SE8	green	af_relaxed	4	2.01	0.0	97.41	0.44	0.58	3	0.0116	1.7077
3SE8	green	boltz	0	10.71	0.13	98.19	0.15	1.05	0	0.0157	1.2974
3SE8	green	boltz	1	11.54	0.0	97.8	0.29	1.12	0	0.0135	1.2559
3SE8	green	boltz	2	12.8	0.13	97.8	0.0	1.16	0	0.0161	1.3097
3SE8	green	boltz	3	12.96	0.26	98.19	0.15	1.12	0	0.0157	1.3999
3SE8	green	boltz	4	11.63	0.26	98.06	0.0	1.08	0	0.0127	1.2084
3SE8	green	amber_af	0	1.59	0.0	97.93	1.47	0.55	0	0.0116	1.6977
3SE8	green	amber_af	1	2.17	0.26	97.41	0.59	0.61	2	0.0116	1.7085
3SE8	green	amber_af	2	2.01	0.0	97.41	0.44	0.58	2	0.0117	1.7214
3SE8	green	amber_af	3	1.51	0.13	97.02	0.59	0.56	1	0.0115	1.711
3SE8	green	amber_af	4	1.92	0.0	97.54	0.44	0.55	1	0.0117	1.7097
3SE8	green	amber_boltz	0	0.84	0.13	98.19	0.15	0.26	0	0.0117	1.6772
3SE8	green	amber_boltz	1	1.25	0.0	97.8	0.15	0.39	0	0.0116	1.6961
3SE8	green	amber_boltz	2	1.67	0.13	98.06	0.15	0.42	1	0.0115	1.6776
3SE8	green	amber_boltz	3	1.67	0.13	98.06	0.44	0.42	0	0.0115	1.6848
3SE8	green	amber_boltz	4	1.09	0.0	98.71	0.15	0.31	0	0.0116	1.6777
3SGQ	green	crystal	0	8.57	0.0	96.54	4.4	1.68	12	0.0236	2.6103
3SGQ	green	af_relaxed	0	0.31	0.0	95.67	0.0	0.41	0	0.0114	1.7084
3SGQ	green	af_relaxed	1	0.61	0.0	95.67	0.55	0.5	0	0.0113	1.703
3SGQ	green	af_relaxed	2	0.31	0.0	95.67	0.0	0.41	0	0.0114	1.7131
3SGQ	green	af_relaxed	3	0.31	0.0	96.54	0.0	0.34	0	0.0113	1.6869
3SGQ	green	af_relaxed	4	0.31	0.0	96.1	0.0	0.38	0	0.0113	1.6962
3SGQ	green	boltz	0	3.98	0.0	97.4	0.0	0.8	0	0.014	1.2617
3SGQ	green	boltz	1	3.67	0.0	97.4	0.0	0.77	0	0.0128	1.2681
3SGQ	green	boltz	2	3.67	0.0	97.4	0.0	0.77	0	0.0128	1.3275
3SGQ	green	boltz	3	3.37	0.0	97.4	0.0	0.75	0	0.0136	1.2613
3SGQ	green	boltz	4	5.2	0.0	97.4	0.0	0.89	0	0.0145	1.2601
3SGQ	green	amber_af	0	0.31	0.0	95.67	0.0	0.41	0	0.0114	1.6983
3SGQ	green	amber_af	1	0.31	0.0	96.1	0.55	0.38	0	0.0113	1.7097
3SGQ	green	amber_af	2	0.31	0.0	96.1	0.0	0.38	0	0.0114	1.7198
3SGQ	green	amber_af	3	0.31	0.0	96.1	0.0	0.38	0	0.0113	1.6916
3SGQ	green	amber_af	4	0.61	0.0	96.54	0.0	0.43	0	0.0113	1.6988
3SGQ	green	amber_boltz	0	0.31	0.0	96.54	0.0	0.34	0	0.0115	1.7045
3SGQ	green	amber_boltz	1	0.31	0.0	96.1	0.55	0.38	0	0.0117	1.7169
3SGQ	green	amber_boltz	2	0.61	0.0	96.54	0.0	0.43	0	0.0118	1.7212
3SGQ	green	amber_boltz	3	0.61	0.0	97.4	0.0	0.32	0	0.0116	1.7085
3SGQ	green	amber_boltz	4	0.61	0.0	96.97	0.0	0.38	0	0.0115	1.7067
3SZK	green	crystal	0	5.64	0.0	93.18	0.6	1.25	0	0.0077	1.1157
3SZK	green	af_relaxed	0	2.55	0.25	95.98	0.29	0.82	0	0.0119	1.7124
3SZK	green	af_relaxed	1	2.07	0.0	96.48	1.18	0.76	0	0.0119	1.7369
3SZK	green	af_relaxed	2	4.79	0.0	96.98	1.76	1.11	0	0.012	1.8104
3SZK	green	af_relaxed	3	2.87	0.25	96.98	1.47	0.88	1	0.0119	1.7937
3SZK	green	af_relaxed	4	4.47	0.75	97.24	1.76	1.05	2	0.0121	1.875
3SZK	green	boltz	0	18.99	0.25	97.99	0.0	1.28	0	0.0111	1.0291
3SZK	green	boltz	1	14.37	0.25	98.49	0.29	1.16	0	0.0106	1.0691
3SZK	green	boltz	2	19.48	0.25	98.49	0.29	1.29	0	0.0108	1.0589
3SZK	green	boltz	3	17.4	0.25	98.24	0.0	1.24	0	0.0105	1.0421
3SZK	green	boltz	4	21.87	0.25	98.24	0.0	1.33	0	0.0107	1.0502
3SZK	green	amber_af	0	2.55	0.25	95.98	0.29	0.82	0	0.0119	1.7123
3SZK	green	amber_af	1	2.39	0.0	96.48	0.88	0.75	0	0.0119	1.7393
3SZK	green	amber_af	2	6.06	0.0	96.98	2.06	1.25	0	0.012	1.8042
3SZK	green	amber_af	3	4.15	0.25	96.73	1.47	1.03	0	0.0119	1.7782
3SZK	green	amber_af	4	5.11	0.75	96.98	2.06	1.18	4	0.0121	1.8643
3SZK	green	amber_boltz	0	3.19	0.25	96.48	0.29	0.84	1	0.012	1.7764
3SZK	green	amber_boltz	1	0.64	0.25	97.24	0.29	0.35	0	0.0122	1.7523
3SZK	green	amber_boltz	2	2.55	0.25	98.24	0.59	0.54	0	0.0121	1.7386
3SZK	green	amber_boltz	3	2.39	0.5	96.98	0.88	0.7	1	0.0121	1.7988
3SZK	green	amber_boltz	4	3.03	0.25	98.24	0.0	0.59	1	0.0122	1.7756
3U7Y	green	crystal	0	11.29	0.66	95.11	4.18	1.88	0	0.0068	1.4407
3U7Y	green	af_relaxed	0	1.1	0.0	98.17	0.3	0.32	1	0.0117	1.6625
3U7Y	green	af_relaxed	1	1.27	0.0	97.9	0.75	0.37	0	0.0116	1.6752
3U7Y	green	af_relaxed	2	1.27	0.0	97.77	0.3	0.4	0	0.0118	1.6835
3U7Y	green	af_relaxed	3	1.1	0.0	97.9	0.15	0.34	0	0.0117	1.6753
3U7Y	green	af_relaxed	4	1.19	0.0	97.38	0.6	0.45	0	0.0116	1.6731
3U7Y	green	boltz	0	12.39	0.13	98.3	0.15	1.11	0	0.0143	1.2742
3U7Y	green	boltz	1	9.75	0.13	98.3	0.45	1.01	0	0.0171	1.3386
3U7Y	green	boltz	2	10.1	0.13	98.56	0.45	1.03	0	0.0161	1.4099
3U7Y	green	boltz	3	11.96	0.0	98.03	0.3	1.09	0	0.0143	1.2805
3U7Y	green	boltz	4	13.4	0.0	98.56	0.3	1.14	0	0.0153	1.2377
3U7Y	green	amber_af	0	1.36	0.0	98.17	0.3	0.37	1	0.0117	1.6665
3U7Y	green	amber_af	1	1.19	0.0	97.9	0.9	0.36	0	0.0116	1.6753
3U7Y	green	amber_af	2	1.27	0.0	97.9	0.3	0.37	0	0.0118	1.6821
3U7Y	green	amber_af	3	1.02	0.0	97.9	0.15	0.32	0	0.0117	1.6713
3U7Y	green	amber_af	4	1.27	0.0	97.51	0.6	0.45	0	0.0116	1.6755
3U7Y	green	amber_boltz	0	1.02	0.0	97.9	0.15	0.32	0	0.0115	1.6812
3U7Y	green	amber_boltz	1	1.02	0.0	98.3	0.45	0.3	0	0.0117	1.6699
3U7Y	green	amber_boltz	2	0.59	0.0	98.82	0.0	0.2	0	0.0117	1.6895
3U7Y	green	amber_boltz	3	1.44	0.0	98.03	0.15	0.38	0	0.0116	1.6827
3U7Y	green	amber_boltz	4	1.02	0.0	98.43	0.0	0.3	0	0.0115	1.6727
3V6Z	green	crystal	0	8.29	0.17	95.34	10.12	2.04	13	0.0117	1.8571
3V6Z	green	af_relaxed	0	4.93	0.34	97.94	1.75	0.96	1	0.0115	1.7448
3V6Z	green	af_relaxed	1	6.49	0.69	97.94	1.95	1.09	1	0.0116	1.7938
3V6Z	green	af_relaxed	2	2.35	0.69	97.59	1.56	0.75	0	0.0114	1.7252
3V6Z	green	af_relaxed	3	3.81	0.34	97.77	0.58	0.72	2	0.0116	1.7885
3V6Z	green	af_relaxed	4	6.27	1.03	95.7	1.75	1.33	10	0.0135	2.1011
3V6Z	green	boltz	0	13.66	0.34	97.77	0.97	1.2	0	0.0167	1.1909
3V6Z	green	boltz	1	18.37	0.34	98.45	0.0	1.26	0	0.0161	1.2732
3V6Z	green	boltz	2	15.79	0.17	98.8	0.78	1.2	0	0.0124	1.1504
3V6Z	green	boltz	3	17.13	0.52	98.28	0.39	1.23	0	0.0138	1.2649
3V6Z	green	boltz	4	17.14	0.17	98.63	0.58	1.23	0	0.0122	1.294
3V6Z	green	amber_af	0	4.59	0.52	98.11	1.36	0.84	1	0.0115	1.7535
3V6Z	green	amber_af	1	5.93	0.52	97.77	1.75	1.06	1	0.0115	1.7997
3V6Z	green	amber_af	2	2.69	0.69	97.94	1.17	0.62	0	0.0114	1.7233
3V6Z	green	amber_af	3	4.37	0.52	97.77	0.58	0.77	3	0.0116	1.7925
3V6Z	green	amber_af	4	7.95	0.69	95.53	1.95	1.46	11	0.0139	2.1351
3V6Z	green	amber_boltz	0	1.34	0.17	97.94	0.97	0.38	0	0.0115	1.6736
3V6Z	green	amber_boltz	1	1.46	0.17	97.59	0.97	0.47	1	0.0116	1.6717
3V6Z	green	amber_boltz	2	1.57	0.52	98.45	0.97	0.4	0	0.0115	1.6785
3V6Z	green	amber_boltz	3	2.69	0.34	98.11	0.97	0.56	0	0.0116	1.6759
3V6Z	green	amber_boltz	4	1.68	0.34	97.94	0.39	0.43	0	0.0115	1.6892
3VLB	green	crystal	0	14.62	0.81	93.65	3.43	2.0	0	0.0154	1.6821
3VLB	green	af_relaxed	0	1.54	0.16	97.09	1.33	0.65	0	0.0113	1.6815
3VLB	green	af_relaxed	1	1.1	0.0	97.25	1.14	0.5	0	0.0112	1.6703
3VLB	green	af_relaxed	2	1.21	0.0	97.25	1.14	0.52	0	0.0112	1.6727
3VLB	green	af_relaxed	3	0.77	0.0	96.93	1.33	0.52	0	0.0113	1.6577
3VLB	green	af_relaxed	4	1.1	0.0	97.25	0.38	0.46	1	0.0113	1.6615
3VLB	green	boltz	0	12.31	0.49	97.57	0.19	1.19	0	0.0143	1.2926
3VLB	green	boltz	1	10.22	0.32	97.73	0.19	1.09	0	0.0237	1.3685
3VLB	green	boltz	2	8.46	0.32	98.22	0.38	0.96	0	0.0146	1.4858
3VLB	green	boltz	3	18.02	0.32	97.9	0.19	1.28	0	0.0168	1.3213
3VLB	green	boltz	4	11.1	0.16	98.06	0.38	1.06	0	0.0127	1.2602
3VLB	green	amber_af	0	1.32	0.16	96.93	1.14	0.58	1	0.0113	1.7071
3VLB	green	amber_af	1	1.1	0.0	97.25	1.33	0.55	0	0.0112	1.6679
3VLB	green	amber_af	2	1.43	0.0	97.09	1.14	0.58	0	0.0112	1.6766
3VLB	green	amber_af	3	1.21	0.0	97.25	1.71	0.66	1	0.0112	1.6742
3VLB	green	amber_af	4	1.1	0.0	97.09	0.38	0.48	1	0.0113	1.6598
3VLB	green	amber_boltz	0	0.99	0.32	96.76	0.57	0.49	2	0.0109	1.6937
3VLB	green	amber_boltz	1	0.77	0.16	97.09	0.57	0.41	1	0.011	1.6895
3VLB	green	amber_boltz	2	0.66	0.16	97.25	0.76	0.36	1	0.0114	1.6926
3VLB	green	amber_boltz	3	1.32	0.16	97.25	0.38	0.5	2	0.0109	1.6999
3VLB	green	amber_boltz	4	0.33	0.0	96.76	0.76	0.32	2	0.0111	1.6966
3WD5	green	crystal	0	13.43	4.3	89.78	14.34	2.57	7	0.0257	2.2639
3WD5	green	af_relaxed	0	3.1	0.18	97.0	0.82	0.77	2	0.0114	1.7314
3WD5	green	af_relaxed	1	4.25	0.53	96.47	0.82	0.94	0	0.0285	1.852
3WD5	green	af_relaxed	2	1.61	0.35	97.7	0.61	0.47	0	0.011	1.6681
3WD5	green	af_relaxed	3	2.18	0.18	97.53	1.02	0.6	1	0.0109	1.6761
3WD5	green	af_relaxed	4	5.74	0.35	95.23	1.02	1.15	2	0.0284	1.8649
3WD5	green	boltz	0	14.48	0.0	98.06	0.0	1.17	0	0.0123	1.1677
3WD5	green	boltz	1	13.22	0.0	98.06	0.2	1.13	0	0.0117	1.1749
3WD5	green	boltz	2	11.95	0.18	98.06	0.0	1.09	0	0.0116	1.1564
3WD5	green	boltz	3	15.75	0.0	97.35	0.0	1.33	0	0.0108	1.1578
3WD5	green	boltz	4	12.07	0.0	98.06	0.0	1.09	0	0.0125	1.1976
3WD5	green	amber_af	0	3.22	0.18	96.64	0.61	0.83	2	0.0114	1.7326
3WD5	green	amber_af	1	4.02	0.53	96.64	1.02	0.91	0	0.0285	1.855
3WD5	green	amber_af	2	1.61	0.35	97.53	0.61	0.51	0	0.011	1.6737
3WD5	green	amber_af	3	2.07	0.18	97.53	1.23	0.64	1	0.011	1.6772
3WD5	green	amber_af	4	6.09	0.0	96.47	1.84	1.27	3	0.0283	1.937
3WD5	green	amber_boltz	0	1.38	0.35	97.17	0.41	0.52	0	0.0112	1.6839
3WD5	green	amber_boltz	1	2.3	0.0	97.53	0.0	0.61	1	0.0113	1.7203
3WD5	green	amber_boltz	2	1.49	0.0	97.0	0.61	0.56	1	0.0112	1.6778
3WD5	green	amber_boltz	3	1.38	0.18	97.0	0.41	0.54	0	0.0114	1.6778
3WD5	green	amber_boltz	4	0.92	0.0	96.82	0.2	0.47	0	0.0112	1.676
4CPA	green	crystal	0	43.94	3.24	87.02	23.89	3.29	41	0.0263	4.7268
4CPA	green	af_relaxed	0	0.94	0.29	96.46	1.02	0.52	1	0.0122	1.6919
4CPA	green	af_relaxed	1	1.51	0.29	96.76	0.34	0.59	0	0.0122	1.6848
4CPA	green	af_relaxed	2	1.13	0.59	95.87	0.34	0.61	0	0.0122	1.6988
4CPA	green	af_relaxed	3	1.32	0.29	96.46	0.0	0.59	0	0.0122	1.6969
4CPA	green	af_relaxed	4	2.26	0.29	96.17	0.34	0.76	0	0.012	1.6967
4CPA	green	boltz	0	6.6	0.29	97.35	1.02	1.0	0	0.0144	1.2535
4CPA	green	boltz	1	7.92	0.29	97.05	1.71	1.28	0	0.0146	1.2641
4CPA	green	boltz	2	6.98	0.29	97.35	1.37	1.11	0	0.0146	1.2346
4CPA	green	boltz	3	6.22	0.29	97.35	2.05	1.2	0	0.0139	1.2671
4CPA	green	boltz	4	5.47	0.29	97.64	1.71	1.05	0	0.0142	1.2522
4CPA	green	amber_af	0	1.13	0.29	96.46	1.02	0.56	1	0.0122	1.6966
4CPA	green	amber_af	1	1.7	0.29	96.76	0.34	0.62	0	0.0121	1.6826
4CPA	green	amber_af	2	1.13	0.29	96.17	0.34	0.58	0	0.0122	1.698
4CPA	green	amber_af	3	1.7	0.29	96.17	0.0	0.68	0	0.0121	1.6843
4CPA	green	amber_af	4	1.89	0.29	96.17	0.34	0.71	0	0.012	1.6996
4CPA	green	amber_boltz	0	0.57	0.29	97.05	1.02	0.37	0	0.0122	1.7258
4CPA	green	amber_boltz	1	1.7	0.29	96.76	1.71	0.8	0	0.0122	1.7185
4CPA	green	amber_boltz	2	1.32	0.29	96.76	1.02	0.57	0	0.0123	1.7256
4CPA	green	amber_boltz	3	0.75	0.29	96.46	1.71	0.65	0	0.0123	1.7309
4CPA	green	amber_boltz	4	0.94	0.29	97.05	1.71	0.63	0	0.0122	1.7161
4DN4	green	crystal	0	3.68	0.42	94.58	3.61	1.45	1	0.0081	1.2943
4DN4	green	af_relaxed	0	1.08	0.21	97.51	0.48	0.41	0	0.0112	1.6551
4DN4	green	af_relaxed	1	1.76	0.21	97.3	0.72	0.56	0	0.0113	1.6478
4DN4	green	af_relaxed	2	0.54	0.62	98.13	0.48	0.18	0	0.0112	1.6479
4DN4	green	af_relaxed	3	2.03	0.83	97.72	0.95	0.53	1	0.0113	1.6514
4DN4	green	af_relaxed	4	1.76	0.41	97.72	0.0	0.49	0	0.0112	1.6688
4DN4	green	boltz	0	5.82	0.0	98.96	0.24	0.82	0	0.0117	1.1401
4DN4	green	boltz	1	5.82	0.0	98.96	0.72	0.82	0	0.0111	1.1371
4DN4	green	boltz	2	6.09	0.21	98.55	0.24	0.83	0	0.0107	1.1413
4DN4	green	boltz	3	4.6	0.21	98.76	0.0	0.73	0	0.0111	1.1766
4DN4	green	boltz	4	4.33	0.0	98.76	0.24	0.71	0	0.0106	1.1313
4DN4	green	amber_af	0	1.08	0.41	97.93	0.48	0.33	1	0.0113	1.6536
4DN4	green	amber_af	1	1.62	0.21	97.3	0.72	0.54	0	0.0113	1.6499
4DN4	green	amber_af	2	0.68	0.41	98.13	0.24	0.22	0	0.0113	1.6515
4DN4	green	amber_af	3	2.03	0.41	97.72	0.72	0.53	0	0.0113	1.6527
4DN4	green	amber_af	4	1.49	0.41	97.72	0.24	0.45	0	0.0113	1.6702
4DN4	green	amber_boltz	0	0.41	0.21	98.34	0.24	0.15	0	0.0114	1.6592
4DN4	green	amber_boltz	1	0.68	0.21	98.13	0.48	0.22	0	0.0115	1.6606
4DN4	green	amber_boltz	2	0.54	0.41	97.93	0.24	0.2	0	0.0116	1.6617
4DN4	green	amber_boltz	3	0.68	0.41	98.34	0.0	0.22	0	0.0117	1.6579
4DN4	green	amber_boltz	4	0.54	0.0	98.55	0.0	0.18	0	0.0116	1.6411
4DW2	green	crystal	0	103.93	1.91	89.47	24.82	3.61	10	0.0166	2.0482
4DW2	green	af_relaxed	0	5.06	0.47	96.24	1.6	1.18	2	0.0114	1.7709
4DW2	green	af_relaxed	1	3.95	0.47	96.56	3.19	1.29	5	0.0122	1.8981
4DW2	green	af_relaxed	2	29.8	0.31	97.5	3.19	1.95	0	0.035	2.2102
4DW2	green	af_relaxed	3	3.04	0.78	94.52	1.42	1.08	2	0.0127	1.9683
4DW2	green	af_relaxed	4	6.68	0.63	97.03	1.6	1.19	4	0.0116	1.8202
4DW2	green	boltz	0	14.48	0.0	98.12	0.53	1.17	0	0.0136	1.2473
4DW2	green	boltz	1	12.45	0.16	98.44	0.18	1.11	0	0.0124	1.2417
4DW2	green	boltz	2	21.16	0.0	98.12	0.71	1.32	0	0.0135	1.2658
4DW2	green	boltz	3	11.54	0.0	98.12	0.35	1.08	0	0.0119	1.2943
4DW2	green	boltz	4	13.16	0.31	97.97	0.35	1.14	0	0.0125	1.2297
4DW2	green	amber_af	0	5.87	0.31	96.4	2.13	1.31	3	0.0114	1.7798
4DW2	green	amber_af	1	3.34	0.31	96.4	3.37	1.26	5	0.0121	1.903
4DW2	green	amber_af	2	8.2	0.94	96.23	2.66	1.52	5	0.0256	1.8827
4DW2	green	amber_af	3	3.24	1.41	94.68	1.95	1.2	5	0.0126	1.9833
4DW2	green	amber_af	4	7.39	0.63	97.03	1.42	1.19	4	0.0116	1.827
4DW2	green	amber_boltz	0	1.21	0.0	96.87	1.06	0.55	0	0.0113	1.6996
4DW2	green	amber_boltz	1	1.11	0.16	96.71	0.89	0.53	1	0.0117	1.6822
4DW2	green	amber_boltz	2	1.82	0.31	97.34	1.06	0.59	0	0.0113	1.6961
4DW2	green	amber_boltz	3	1.21	0.0	97.5	1.06	0.46	0	0.0115	1.6846
4DW2	green	amber_boltz	4	1.11	0.16	96.87	0.89	0.51	0	0.0115	1.6866
4ETQ	green	crystal	0	2.62	0.31	96.57	1.41	0.88	0	0.0093	1.274
4ETQ	green	af_relaxed	0	4.06	0.62	97.06	0.51	0.86	1	0.0117	1.721
4ETQ	green	af_relaxed	1	2.97	0.31	96.44	1.03	0.83	2	0.0114	1.7304
4ETQ	green	af_relaxed	2	3.56	0.15	97.37	0.86	0.77	3	0.0114	1.7172
4ETQ	green	af_relaxed	3	4.06	0.47	96.12	0.51	0.96	2	0.0258	1.8906
4ETQ	green	af_relaxed	4	6.73	0.77	96.28	0.17	1.12	4	0.0117	1.7772
4ETQ	green	boltz	0	13.36	0.15	98.45	0.34	1.14	0	0.011	1.1036
4ETQ	green	boltz	1	15.24	0.31	98.14	0.51	1.19	0	0.0112	1.1045
4ETQ	green	boltz	2	10.1	0.15	98.45	0.0	1.03	0	0.0105	1.1063
4ETQ	green	boltz	3	10.89	0.15	98.3	0.0	1.05	0	0.0114	1.104
4ETQ	green	boltz	4	12.18	0.15	98.14	0.17	1.1	0	0.0107	1.1169
4ETQ	green	amber_af	0	3.07	0.46	97.37	0.17	0.72	0	0.0115	1.6879
4ETQ	green	amber_af	1	2.87	0.46	96.28	1.03	0.84	2	0.0114	1.7215
4ETQ	green	amber_af	2	3.46	0.31	97.37	0.86	0.76	2	0.0114	1.7191
4ETQ	green	amber_af	3	4.35	0.47	96.27	0.51	0.97	2	0.0258	1.8893
4ETQ	green	amber_af	4	6.13	0.77	96.13	0.34	1.1	3	0.0117	1.7727
4ETQ	green	amber_boltz	0	1.48	0.31	97.68	0.17	0.46	0	0.0116	1.6934
4ETQ	green	amber_boltz	1	1.58	0.46	97.52	0.68	0.5	1	0.0116	1.6932
4ETQ	green	amber_boltz	2	0.79	0.31	98.14	0.34	0.25	1	0.0117	1.691
4ETQ	green	amber_boltz	3	1.19	0.31	97.99	0.17	0.34	1	0.0116	1.6772
4ETQ	green	amber_boltz	4	1.68	0.46	97.52	0.0	0.52	2	0.0117	1.695
4FP8	green	crystal	0	3.79	0.42	97.47	2.74	1.11	0	0.008	1.4858
4FP8	green	af_relaxed	0	4.9	0.98	96.21	0.81	1.01	2	0.0114	1.7527
4FP8	green	af_relaxed	1	3.88	0.98	96.07	1.45	1.07	2	0.0113	1.768
4FP8	green	af_relaxed	2	3.7	1.4	94.52	1.77	1.22	3	0.0295	1.8897
4FP8	green	af_relaxed	3	2.77	0.7	95.79	1.29	0.94	6	0.0122	1.8929
4FP8	green	af_relaxed	4	1.85	0.84	95.51	0.65	0.76	2	0.0119	1.8154
4FP8	green	boltz	0	15.99	0.14	98.31	0.32	1.21	0	0.0137	1.2075
4FP8	green	boltz	1	18.12	0.14	98.46	0.48	1.26	0	0.015	1.2238
4FP8	green	boltz	2	23.76	0.28	98.74	0.32	1.37	0	0.0146	1.2195
4FP8	green	boltz	3	24.4	0.42	97.75	0.32	1.43	0	0.0133	1.2516
4FP8	green	boltz	4	21.73	0.14	97.89	0.16	1.36	0	0.0153	1.2717
4FP8	green	amber_af	0	4.53	0.98	96.07	0.97	1.0	3	0.0114	1.7582
4FP8	green	amber_af	1	4.25	0.98	95.79	1.45	1.12	2	0.0113	1.7766
4FP8	green	amber_af	2	4.07	0.98	95.37	1.94	1.23	3	0.0114	1.7866
4FP8	green	amber_af	3	1.29	0.7	97.19	0.65	0.5	5	0.012	1.8266
4FP8	green	amber_af	4	6.1	0.98	96.21	0.81	1.09	4	0.0116	1.7974
4FP8	green	amber_boltz	0	1.85	0.28	97.89	0.32	0.47	1	0.0113	1.6999
4FP8	green	amber_boltz	1	2.87	0.28	97.89	0.16	0.6	0	0.0113	1.7146
4FP8	green	amber_boltz	2	2.31	0.14	98.17	0.32	0.51	1	0.0115	1.7253
4FP8	green	amber_boltz	3	4.25	0.7	97.75	0.48	0.76	5	0.0117	1.7822
4FP8	green	amber_boltz	4	1.94	0.84	95.93	0.48	0.74	0	0.0121	1.8221
4FQI	green	crystal	0	2.77	0.0	97.93	1.64	0.75	0	0.0193	1.7235
4FQI	green	af_relaxed	0	1.56	0.11	97.17	1.76	0.74	1	0.0114	1.6826
4FQI	green	af_relaxed	1	2.06	0.11	97.06	1.39	0.75	1	0.0114	1.6719
4FQI	green	af_relaxed	2	2.63	0.33	96.73	1.26	0.83	1	0.0115	1.6921
4FQI	green	af_relaxed	3	2.13	0.22	96.95	0.63	0.67	1	0.0115	1.6861
4FQI	green	af_relaxed	4	2.99	0.11	96.62	1.01	0.81	1	0.0114	1.6815
4FQI	green	boltz	0	20.06	0.0	97.71	0.13	1.36	0	0.0135	1.1831
4FQI	green	boltz	1	18.14	0.0	98.47	0.0	1.26	0	0.0139	1.1965
4FQI	green	boltz	2	22.98	0.0	98.37	0.5	1.35	0	0.0141	1.2268
4FQI	green	boltz	3	16.36	0.11	98.15	0.0	1.22	0	0.0138	1.2008
4FQI	green	boltz	4	17.5	0.0	98.37	0.13	1.24	0	0.0129	1.2159
4FQI	green	amber_af	0	1.71	0.11	97.17	1.76	0.76	1	0.0114	1.684
4FQI	green	amber_af	1	1.0	0.22	96.3	1.51	0.68	1	0.0121	1.7839
4FQI	green	amber_af	2	2.49	0.33	96.73	1.13	0.78	2	0.0115	1.6961
4FQI	green	amber_af	3	2.27	0.22	96.73	0.63	0.71	0	0.0115	1.6824
4FQI	green	amber_af	4	3.2	0.11	96.41	1.13	0.89	1	0.0114	1.6852
4FQI	green	amber_boltz	0	3.48	0.11	97.49	0.38	0.74	1	0.0116	1.7108
4FQI	green	amber_boltz	1	1.85	0.0	97.49	0.0	0.55	0	0.0116	1.6903
4FQI	green	amber_boltz	2	2.7	0.0	97.93	0.38	0.57	3	0.0115	1.7125
4FQI	green	amber_boltz	3	1.14	0.0	97.71	0.38	0.39	2	0.0115	1.6808
4FQI	green	amber_boltz	4	2.13	0.0	97.6	0.5	0.57	0	0.0116	1.7141
4FZA	green	crystal	0	11.39	2.5	88.98	10.55	2.43	3	0.0107	1.5305
4FZA	green	af_relaxed	0	1.11	0.17	97.84	0.37	0.36	0	0.0119	1.6733
4FZA	green	af_relaxed	1	0.91	0.0	98.0	0.18	0.28	0	0.0119	1.6685
4FZA	green	af_relaxed	2	0.81	0.17	97.84	0.18	0.29	0	0.0121	1.6643
4FZA	green	af_relaxed	3	0.91	0.67	97.0	0.92	0.45	0	0.0119	1.6841
4FZA	green	af_relaxed	4	1.52	0.17	97.34	0.18	0.52	0	0.012	1.6966
4FZA	green	boltz	0	11.03	0.17	98.17	0.0	1.06	0	0.0105	1.0344
4FZA	green	boltz	1	12.24	0.17	98.34	0.0	1.1	0	0.0103	1.0447
4FZA	green	boltz	2	11.84	0.17	98.34	0.37	1.09	0	0.0104	1.0355
4FZA	green	boltz	3	10.22	0.17	98.0	0.0	1.03	0	0.0105	1.0316
4FZA	green	boltz	4	16.6	0.17	98.17	0.0	1.22	0	0.0117	1.0386
4FZA	green	amber_af	0	1.01	0.17	98.0	0.18	0.3	0	0.0119	1.6702
4FZA	green	amber_af	1	1.01	0.0	97.84	0.18	0.34	0	0.012	1.6659
4FZA	green	amber_af	2	1.31	0.17	97.84	0.18	0.4	0	0.012	1.6746
4FZA	green	amber_af	3	0.61	0.67	97.0	1.11	0.41	0	0.0119	1.6798
4FZA	green	amber_af	4	1.62	0.17	97.5	0.18	0.51	0	0.012	1.6983
4FZA	green	amber_boltz	0	1.42	0.5	97.67	0.37	0.45	0	0.012	1.7069
4FZA	green	amber_boltz	1	1.01	0.17	97.84	0.18	0.34	0	0.0121	1.708
4FZA	green	amber_boltz	2	1.42	0.17	98.17	0.18	0.38	0	0.0121	1.7149
4FZA	green	amber_boltz	3	1.11	0.0	97.67	0.18	0.39	0	0.0122	1.7024
4FZA	green	amber_boltz	4	1.72	0.17	97.34	0.55	0.55	1	0.0119	1.7164
4G6J	green	crystal	0	3.0	0.36	96.27	2.78	1.18	10	0.0102	1.5584
4G6J	green	af_relaxed	0	1.94	0.7	95.43	0.99	0.78	2	0.0126	1.9825
4G6J	green	af_relaxed	1	3.76	0.7	95.96	1.39	1.05	0	0.0113	1.7407
4G6J	green	af_relaxed	2	3.53	0.7	96.49	1.79	1.07	2	0.0113	1.7295
4G6J	green	af_relaxed	3	2.62	0.88	96.66	1.19	0.82	2	0.0114	1.7632
4G6J	green	af_relaxed	4	2.96	0.53	97.01	0.99	0.76	2	0.0114	1.7468
4G6J	green	boltz	0	9.12	0.35	97.72	0.4	1.05	0	0.0123	1.2274
4G6J	green	boltz	1	11.52	0.18	98.24	0.4	1.08	0	0.0115	1.1875
4G6J	green	boltz	2	12.77	0.18	98.42	0.2	1.12	0	0.0121	1.1537
4G6J	green	boltz	3	10.38	0.0	98.07	0.2	1.04	0	0.0143	1.15
4G6J	green	boltz	4	9.92	0.18	98.24	0.2	1.02	0	0.0116	1.1514
4G6J	green	amber_af	0	1.71	0.7	95.43	1.19	0.8	2	0.0129	1.9714
4G6J	green	amber_af	1	3.76	0.53	95.96	1.79	1.13	0	0.0113	1.7427
4G6J	green	amber_af	2	3.53	0.7	96.31	1.19	0.95	2	0.0113	1.7272
4G6J	green	amber_af	3	2.28	0.88	96.84	1.19	0.76	2	0.0114	1.7639
4G6J	green	amber_af	4	3.31	0.53	96.49	0.99	0.85	2	0.0114	1.742
4G6J	green	amber_boltz	0	0.57	0.35	96.84	0.6	0.39	1	0.0114	1.6676
4G6J	green	amber_boltz	1	0.34	0.35	97.72	0.99	0.19	0	0.0115	1.6833
4G6J	green	amber_boltz	2	0.91	0.18	97.19	0.4	0.42	0	0.0113	1.6754
4G6J	green	amber_boltz	3	0.91	0.0	97.36	0.6	0.4	0	0.0114	1.6804
4G6J	green	amber_boltz	4	0.68	0.18	97.19	0.8	0.37	0	0.0115	1.6829
4G6M	green	crystal	0	1.27	0.0	97.06	1.79	0.71	0	0.0117	1.5343
4G6M	green	af_relaxed	0	0.92	0.89	95.17	0.99	0.61	5	0.0121	1.8457
4G6M	green	af_relaxed	1	2.64	0.89	95.17	1.99	1.11	5	0.0121	1.8821
4G6M	green	af_relaxed	2	2.3	0.72	94.63	2.58	1.19	6	0.0124	1.888
4G6M	green	af_relaxed	3	2.99	0.18	96.96	1.19	0.83	2	0.0112	1.7338
4G6M	green	af_relaxed	4	1.61	0.54	96.06	0.99	0.68	2	0.0121	1.8193
4G6M	green	boltz	0	14.62	0.18	97.67	0.4	1.24	0	0.0152	1.152
4G6M	green	boltz	1	14.38	0.18	97.67	0.0	1.23	0	0.0127	1.1626
4G6M	green	boltz	2	13.46	0.18	97.67	0.2	1.21	0	0.012	1.1571
4G6M	green	boltz	3	9.55	0.18	98.03	0.2	1.0	0	0.0122	1.1441
4G6M	green	boltz	4	15.99	0.36	98.03	0.2	1.21	0	0.0117	1.1566
4G6M	green	amber_af	0	1.15	0.89	94.99	0.8	0.67	5	0.012	1.8416
4G6M	green	amber_af	1	2.64	0.72	95.71	1.59	1.0	8	0.0123	1.8814
4G6M	green	amber_af	2	2.99	0.72	94.45	1.59	1.12	6	0.0125	1.8912
4G6M	green	amber_af	3	2.64	0.18	96.96	0.99	0.73	2	0.0112	1.7213
4G6M	green	amber_af	4	1.38	0.54	96.24	0.6	0.62	3	0.0121	1.8221
4G6M	green	amber_boltz	0	2.76	0.36	97.5	0.8	0.67	0	0.0114	1.7233
4G6M	green	amber_boltz	1	1.49	0.36	97.5	0.6	0.49	0	0.0117	1.6999
4G6M	green	amber_boltz	2	1.95	0.18	97.14	0.4	0.62	0	0.0115	1.6984
4G6M	green	amber_boltz	3	1.95	0.18	98.21	0.2	0.46	0	0.0114	1.683
4G6M	green	amber_boltz	4	2.3	0.36	97.32	0.4	0.64	1	0.0115	1.7141
4GAM	green	crystal	0	9.03	0.34	92.75	7.72	2.11	1	0.0068	1.2278
4GAM	green	af_relaxed	0	1.82	0.08	97.14	0.69	0.6	2	0.0124	1.7282
4GAM	green	af_relaxed	1	1.72	0.17	96.97	1.48	0.73	0	0.0124	1.7213
4GAM	green	af_relaxed	2	1.77	0.17	96.97	0.79	0.61	1	0.0122	1.7242
4GAM	green	af_relaxed	3	1.77	0.17	97.22	0.39	0.58	1	0.0122	1.7153
4GAM	green	af_relaxed	4	1.88	0.5	97.06	0.79	0.62	1	0.0124	1.7252
4GAM	green	boltz	0	20.23	0.17	98.15	0.59	1.3	0	0.013	1.1023
4GAM	green	boltz	1	20.02	0.08	97.98	0.49	1.3	0	0.013	1.1146
4GAM	green	boltz	2	18.77	0.08	98.23	0.3	1.27	0	0.013	1.1113
4GAM	green	boltz	3	18.14	0.17	98.4	0.3	1.26	0	0.0125	1.0961
4GAM	green	boltz	4	19.29	0.25	98.15	0.69	1.28	0	0.0126	1.1132
4GAM	green	amber_af	0	1.56	0.08	97.31	0.69	0.53	1	0.0123	1.7167
4GAM	green	amber_af	1	1.46	0.17	97.06	1.58	0.7	0	0.0124	1.7198
4GAM	green	amber_af	2	1.67	0.17	96.89	0.49	0.6	1	0.0121	1.7267
4GAM	green	amber_af	3	2.14	0.17	96.97	0.39	0.66	2	0.0123	1.73
4GAM	green	amber_af	4	1.04	0.17	96.05	0.59	0.57	0	0.0131	1.807
4GAM	green	amber_boltz	0	2.87	0.08	97.14	0.59	0.73	0	0.012	1.754
4GAM	green	amber_boltz	1	2.61	0.08	96.89	0.89	0.73	0	0.012	1.7408
4GAM	green	amber_boltz	2	1.93	0.08	97.39	0.69	0.58	1	0.012	1.7466
4GAM	green	amber_boltz	3	2.19	0.08	97.14	0.49	0.65	0	0.0121	1.7453
4GAM	green	amber_boltz	4	2.5	0.08	97.06	1.09	0.73	0	0.0121	1.7465
4GXU	green	crystal	0	4.88	0.11	97.63	2.01	1.06	0	0.0076	1.5742
4GXU	green	af_relaxed	0	2.12	0.43	96.98	1.0	0.66	0	0.0116	1.6929
4GXU	green	af_relaxed	1	4.1	0.43	95.04	1.25	1.11	7	0.0236	1.9114
4GXU	green	af_relaxed	2	7.14	0.32	96.88	1.13	1.12	11	0.0118	1.8445
4GXU	green	af_relaxed	3	6.57	0.86	94.94	1.76	1.4	12	0.0309	1.9795
4GXU	green	af_relaxed	4	1.41	0.22	96.98	0.88	0.55	0	0.0115	1.6617
4GXU	green	boltz	0	21.5	0.22	98.06	0.5	1.33	0	0.0146	1.2882
4GXU	green	boltz	1	17.18	0.32	98.38	0.0	1.24	0	0.0135	1.2551
4GXU	green	boltz	2	19.44	0.22	98.28	0.0	1.29	0	0.0154	1.2537
4GXU	green	boltz	3	16.62	0.43	98.17	0.25	1.22	0	0.0135	1.2452
4GXU	green	boltz	4	21.43	0.32	98.06	0.5	1.33	0	0.0137	1.2443
4GXU	green	amber_af	0	2.19	0.43	96.98	1.0	0.67	0	0.0116	1.6929
4GXU	green	amber_af	1	3.96	0.65	95.58	1.13	1.03	7	0.0236	1.9098
4GXU	green	amber_af	2	7.77	0.75	96.34	1.51	1.31	11	0.0119	1.8634
4GXU	green	amber_af	3	6.71	0.32	94.4	1.38	1.36	8	0.0309	1.9516
4GXU	green	amber_af	4	1.41	0.22	96.88	0.75	0.56	0	0.0116	1.6613
4GXU	green	amber_boltz	0	2.33	0.22	97.2	0.63	0.66	5	0.0115	1.7263
4GXU	green	amber_boltz	1	1.63	0.32	97.84	0.5	0.45	3	0.0118	1.7223
4GXU	green	amber_boltz	2	1.7	0.22	97.31	0.38	0.55	3	0.0115	1.7056
4GXU	green	amber_boltz	3	1.55	0.43	96.98	0.0	0.58	2	0.0117	1.6975
4GXU	green	amber_boltz	4	1.98	0.32	97.09	0.5	0.63	4	0.0116	1.7164
4H03	green	crystal	0	3.34	0.13	97.38	4.12	1.21	0	0.0084	1.3371
4H03	green	af_relaxed	0	1.22	0.13	98.31	0.44	0.34	1	0.0118	1.6763
4H03	green	af_relaxed	1	3.58	0.13	98.44	1.03	0.66	3	0.0118	1.7288
4H03	green	af_relaxed	2	5.13	0.65	95.7	1.91	1.28	10	0.0135	2.151
4H03	green	af_relaxed	3	6.59	0.39	96.09	2.65	1.45	14	0.0131	2.0488
4H03	green	af_relaxed	4	7.32	0.65	95.31	2.79	1.57	10	0.0252	2.0552
4H03	green	boltz	0	12.94	0.13	98.31	0.15	1.12	0	0.011	1.0789
4H03	green	boltz	1	13.11	0.13	98.44	0.0	1.13	0	0.0109	1.0774
4H03	green	boltz	2	11.23	0.13	98.44	0.44	1.07	0	0.0106	1.0889
4H03	green	boltz	3	14.33	0.13	98.44	0.15	1.16	0	0.0113	1.0704
4H03	green	boltz	4	16.77	0.13	98.57	0.0	1.23	0	0.0117	1.1109
4H03	green	amber_af	0	1.3	0.0	98.44	0.44	0.36	0	0.0118	1.6755
4H03	green	amber_af	1	3.66	0.0	98.57	1.03	0.67	2	0.0118	1.7231
4H03	green	amber_af	2	6.02	0.39	95.83	2.5	1.42	11	0.0133	2.0142
4H03	green	amber_af	3	7.16	0.39	96.48	3.09	1.5	14	0.0131	2.0492
4H03	green	amber_af	4	10.17	1.3	94.65	3.53	1.81	16	0.0334	2.138
4H03	green	amber_boltz	0	1.55	0.0	98.31	0.15	0.4	1	0.0118	1.6922
4H03	green	amber_boltz	1	1.63	0.13	98.04	0.15	0.41	1	0.0118	1.7083
4H03	green	amber_boltz	2	1.38	0.13	98.31	0.15	0.37	1	0.0119	1.6942
4H03	green	amber_boltz	3	1.71	0.13	98.04	0.15	0.42	0	0.0117	1.6939
4H03	green	amber_boltz	4	2.03	0.26	97.65	0.15	0.55	1	0.0117	1.6959
4HX3	green	crystal	0	1.75	0.29	97.7	3.53	0.91	1	0.0137	1.7324
4HX3	green	af_relaxed	0	9.51	0.0	96.86	1.77	1.38	2	0.0119	1.9364
4HX3	green	af_relaxed	1	3.88	0.57	96.29	2.12	1.17	1	0.0126	2.0465
4HX3	green	af_relaxed	2	6.4	0.29	97.43	2.12	1.21	1	0.0116	1.8898
4HX3	green	af_relaxed	3	5.43	0.0	97.14	1.06	0.97	2	0.0114	1.8015
4HX3	green	af_relaxed	4	2.33	0.0	95.43	3.18	1.21	0	0.0123	2.2907
4HX3	green	boltz	0	15.34	0.0	97.43	0.0	1.3	0	0.0122	1.1631
4HX3	green	boltz	1	11.65	0.0	97.14	0.0	1.24	0	0.0126	1.1622
4HX3	green	boltz	2	15.92	0.0	97.14	0.0	1.36	0	0.0128	1.189
4HX3	green	boltz	3	16.12	0.0	97.14	0.0	1.36	0	0.0129	1.1925
4HX3	green	boltz	4	18.25	0.0	97.43	0.0	1.37	0	0.0125	1.1674
4HX3	green	amber_af	0	9.31	0.0	96.57	2.12	1.46	3	0.0119	1.9385
4HX3	green	amber_af	1	4.66	0.57	96.57	2.12	1.21	2	0.0128	2.072
4HX3	green	amber_af	2	6.01	0.29	97.43	2.12	1.19	2	0.0116	1.8821
4HX3	green	amber_af	3	5.43	0.29	96.57	1.41	1.13	2	0.0115	1.8249
4HX3	green	amber_af	4	3.3	0.29	95.43	2.83	1.28	3	0.0122	1.9649
4HX3	green	amber_boltz	0	1.16	0.0	98.0	0.35	0.33	0	0.0115	1.7548
4HX3	green	amber_boltz	1	1.55	0.0	97.14	0.0	0.55	0	0.0115	1.7442
4HX3	green	amber_boltz	2	1.36	0.0	96.86	0.0	0.56	0	0.0116	1.7555
4HX3	green	amber_boltz	3	1.94	0.0	96.86	0.0	0.65	0	0.0118	1.7521
4HX3	green	amber_boltz	4	2.52	0.0	97.43	0.0	0.65	0	0.0116	1.7466
4IZ7	green	crystal	0	1.6	0.7	96.26	1.58	0.81	2	0.0142	1.4238
4IZ7	green	af_relaxed	0	1.27	0.47	97.44	0.51	0.46	0	0.0119	1.6594
4IZ7	green	af_relaxed	1	1.69	0.23	96.74	0.76	0.63	0	0.0119	1.7011
4IZ7	green	af_relaxed	2	1.27	0.47	96.74	0.51	0.55	0	0.0121	1.6783
4IZ7	green	af_relaxed	3	2.4	0.23	97.21	0.51	0.67	0	0.0119	1.6918
4IZ7	green	af_relaxed	4	0.85	0.23	96.98	0.25	0.44	0	0.012	1.6743
4IZ7	green	boltz	0	13.96	0.23	98.14	0.51	1.15	0	0.0102	1.0936
4IZ7	green	boltz	1	15.09	0.23	98.14	0.0	1.18	0	0.0109	1.1192
4IZ7	green	boltz	2	8.6	0.0	98.37	0.51	0.96	0	0.01	1.0824
4IZ7	green	boltz	3	12.13	0.0	97.91	0.25	1.12	0	0.0102	1.0544
4IZ7	green	boltz	4	13.11	0.0	98.14	0.51	1.13	0	0.0104	1.0581
4IZ7	green	amber_af	0	1.41	0.47	97.21	0.51	0.52	0	0.0119	1.6647
4IZ7	green	amber_af	1	1.27	0.23	96.74	0.76	0.55	0	0.0119	1.7031
4IZ7	green	amber_af	2	1.69	0.47	96.74	0.51	0.63	0	0.0121	1.6786
4IZ7	green	amber_af	3	2.54	0.23	97.44	0.25	0.65	0	0.0119	1.6845
4IZ7	green	amber_af	4	1.27	0.23	96.98	0.0	0.53	0	0.012	1.6804
4IZ7	green	amber_boltz	0	1.41	0.23	97.21	0.0	0.52	0	0.0122	1.7123
4IZ7	green	amber_boltz	1	1.41	0.47	97.67	0.0	0.45	4	0.0121	1.734
4IZ7	green	amber_boltz	2	0.7	0.0	97.44	0.25	0.34	0	0.0123	1.6832
4IZ7	green	amber_boltz	3	1.13	0.0	98.14	0.25	0.32	2	0.0122	1.7197
4IZ7	green	amber_boltz	4	1.13	0.0	97.44	0.25	0.43	0	0.012	1.6989
4JCV	green	crystal	0	39.77	0.0	89.51	4.3	2.62	0	0.0118	1.6039
4JCV	green	af_relaxed	0	2.93	0.0	98.15	0.41	0.58	0	0.0113	1.7304
4JCV	green	af_relaxed	1	2.61	0.0	97.82	1.23	0.66	0	0.0113	1.7307
4JCV	green	af_relaxed	2	48.43	5.88	82.18	9.63	3.11	62	0.0344	3.6219
4JCV	green	af_relaxed	3	4.23	0.17	97.31	1.84	1.04	0	0.0112	1.7714
4JCV	green	af_relaxed	4	2.93	0.0	97.31	0.61	0.71	0	0.0113	1.7466
4JCV	green	boltz	0	17.28	0.0	99.16	0.0	1.24	0	0.0129	1.1208
4JCV	green	boltz	1	18.47	0.17	99.33	0.41	1.26	0	0.0124	1.131
4JCV	green	boltz	2	22.17	0.0	98.82	0.82	1.34	0	0.0143	1.1308
4JCV	green	boltz	3	23.57	0.0	99.16	0.61	1.36	0	0.0127	1.1543
4JCV	green	boltz	4	32.71	0.0	98.66	0.0	1.5	0	0.0136	1.1405
4JCV	green	amber_af	0	3.15	0.0	98.15	0.41	0.61	0	0.0113	1.7299
4JCV	green	amber_af	1	2.39	0.0	97.82	1.02	0.57	0	0.0113	1.7361
4JCV	green	amber_af	2	53.43	7.06	80.5	8.81	3.15	65	0.0351	3.9247
4JCV	green	amber_af	3	4.67	0.0	97.31	1.84	1.07	0	0.0112	1.7725
4JCV	green	amber_af	4	3.04	0.0	97.65	0.82	0.67	0	0.0113	1.7502
4JCV	green	amber_boltz	0	1.3	0.0	98.15	0.41	0.36	2	0.0113	1.7563
4JCV	green	amber_boltz	1	1.85	0.0	97.82	0.2	0.49	2	0.0114	1.75
4JCV	green	amber_boltz	2	1.3	0.17	97.14	1.02	0.52	2	0.0114	1.7643
4JCV	green	amber_boltz	3	1.85	0.0	97.82	0.82	0.49	1	0.0113	1.7509
4JCV	green	amber_boltz	4	4.56	0.17	96.81	0.61	0.93	2	0.0113	1.8353
4LW4	green	crystal	0	6.51	0.11	96.98	3.42	1.44	3	0.0242	1.8289
4LW4	green	af_relaxed	0	2.69	0.32	97.31	0.41	0.69	0	0.0114	1.7085
4LW4	green	af_relaxed	1	2.19	0.32	96.56	2.6	1.03	0	0.0114	1.7249
4LW4	green	af_relaxed	2	2.26	0.54	97.09	0.41	0.67	0	0.0115	1.7158
4LW4	green	af_relaxed	3	1.98	0.32	96.34	0.55	0.71	0	0.0115	1.7068
4LW4	green	af_relaxed	4	2.33	0.22	97.09	0.55	0.67	0	0.0114	1.6978
4LW4	green	boltz	0	12.66	0.11	98.06	0.27	1.11	0	0.0103	1.0765
4LW4	green	boltz	1	13.22	0.11	97.95	0.27	1.14	0	0.0106	1.0628
4LW4	green	boltz	2	13.23	0.11	97.85	0.0	1.17	0	0.0102	1.0704
4LW4	green	boltz	3	13.72	0.11	97.52	0.14	1.24	0	0.0104	1.0771
4LW4	green	boltz	4	17.32	0.11	98.39	0.0	1.24	0	0.0108	1.0798
4LW4	green	amber_af	0	2.62	0.32	97.31	0.55	0.68	0	0.0114	1.7169
4LW4	green	amber_af	1	2.4	0.32	96.66	2.47	1.03	0	0.0114	1.724
4LW4	green	amber_af	2	2.26	0.54	97.09	0.55	0.67	0	0.0115	1.7155
4LW4	green	amber_af	3	2.19	0.43	96.45	0.55	0.73	0	0.0115	1.7031
4LW4	green	amber_af	4	2.33	0.22	97.2	0.27	0.66	0	0.0114	1.7
4LW4	green	amber_boltz	0	1.13	0.11	96.77	0.41	0.52	2	0.0117	1.72
4LW4	green	amber_boltz	1	1.34	0.32	96.99	0.14	0.54	0	0.0114	1.7282
4LW4	green	amber_boltz	2	1.34	0.32	97.2	0.27	0.51	1	0.0116	1.7351
4LW4	green	amber_boltz	3	1.41	0.32	96.77	0.14	0.58	0	0.0115	1.7212
4LW4	green	amber_boltz	4	1.98	0.22	97.31	0.14	0.6	0	0.0114	1.7427
4M3K	green	crystal	0	1.21	0.27	98.38	0.32	0.34	0	0.0157	1.6873
4M3K	green	af_relaxed	0	4.33	0.81	96.24	0.32	0.97	2	0.0114	1.7928
4M3K	green	af_relaxed	1	5.89	0.81	95.97	1.28	1.18	2	0.0113	1.7911
4M3K	green	af_relaxed	2	5.02	0.0	95.97	0.96	1.04	0	0.0113	1.8028
4M3K	green	af_relaxed	3	3.64	1.34	92.74	3.19	1.5	4	0.0126	2.1048
4M3K	green	af_relaxed	4	5.71	1.34	95.7	0.32	1.11	2	0.0114	1.8205
4M3K	green	boltz	0	8.15	0.27	97.85	0.0	0.98	0	0.0106	1.1217
4M3K	green	boltz	1	9.36	0.54	97.85	0.0	1.03	0	0.0124	1.1314
4M3K	green	boltz	2	17.5	0.27	97.85	0.32	1.28	0	0.0114	1.1439
4M3K	green	boltz	3	15.6	0.54	97.85	0.0	1.23	0	0.0116	1.1444
4M3K	green	boltz	4	10.05	0.81	97.58	0.0	1.11	0	0.0104	1.1731
4M3K	green	amber_af	0	3.98	0.81	96.77	0.64	0.88	2	0.0114	1.7881
4M3K	green	amber_af	1	4.67	0.81	96.24	1.6	1.15	2	0.0113	1.7992
4M3K	green	amber_af	2	5.54	0.0	95.97	1.28	1.16	0	0.0113	1.8115
4M3K	green	amber_af	3	6.06	0.81	93.82	3.19	1.63	5	0.0125	2.0466
4M3K	green	amber_af	4	6.23	1.88	94.89	0.0	1.2	3	0.0115	1.8699
4M3K	green	amber_boltz	0	1.21	0.54	97.04	0.96	0.51	0	0.0117	1.7397
4M3K	green	amber_boltz	1	1.73	0.81	95.97	0.96	0.71	2	0.0116	1.7641
4M3K	green	amber_boltz	2	1.04	0.27	96.51	0.32	0.53	0	0.0115	1.7382
4M3K	green	amber_boltz	3	0.69	0.54	96.24	0.0	0.48	0	0.0114	1.7306
4M3K	green	amber_boltz	4	1.56	0.81	96.51	0.0	0.63	1	0.0116	1.7611
4M5Z	green	crystal	0	4.23	0.32	96.03	4.01	1.43	1	0.0117	1.7487
4M5Z	green	af_relaxed	0	0.93	0.0	97.48	0.73	0.38	0	0.0115	1.6823
4M5Z	green	af_relaxed	1	1.65	0.0	97.64	0.73	0.49	0	0.0115	1.6861
4M5Z	green	af_relaxed	2	2.06	0.0	97.64	0.36	0.55	0	0.0115	1.678
4M5Z	green	af_relaxed	3	1.24	0.0	97.64	2.37	0.7	0	0.0115	1.6748
4M5Z	green	af_relaxed	4	3.61	0.16	97.48	0.73	0.75	0	0.0115	1.7171
4M5Z	green	boltz	0	13.91	0.0	98.74	0.73	1.15	0	0.0128	1.1913
4M5Z	green	boltz	1	12.16	0.0	98.11	0.0	1.1	0	0.0137	1.1694
4M5Z	green	boltz	2	10.82	0.0	98.11	0.0	1.05	0	0.0129	1.1657
4M5Z	green	boltz	3	11.85	0.0	98.43	0.36	1.09	0	0.0155	1.1945
4M5Z	green	boltz	4	14.53	0.0	98.74	0.18	1.17	0	0.0146	1.1656
4M5Z	green	amber_af	0	1.03	0.0	97.48	0.73	0.41	0	0.0115	1.6812
4M5Z	green	amber_af	1	1.24	0.0	97.8	0.73	0.39	0	0.0114	1.6758
4M5Z	green	amber_af	2	2.37	0.0	97.48	0.55	0.62	0	0.0115	1.6827
4M5Z	green	amber_af	3	1.65	0.0	97.17	2.73	0.9	1	0.0115	1.6965
4M5Z	green	amber_af	4	3.71	0.16	97.64	0.73	0.74	0	0.0115	1.7165
4M5Z	green	amber_boltz	0	1.03	0.16	97.96	0.55	0.31	0	0.0118	1.694
4M5Z	green	amber_boltz	1	1.65	0.0	98.11	0.36	0.41	0	0.0117	1.6974
4M5Z	green	amber_boltz	2	0.93	0.0	97.64	0.18	0.36	1	0.0119	1.7006
4M5Z	green	amber_boltz	3	1.44	0.0	97.96	0.36	0.39	0	0.0118	1.6952
4M5Z	green	amber_boltz	4	0.41	0.0	98.11	0.0	0.15	0	0.0117	1.7097
4M76	green	crystal	0	7.01	0.42	96.39	1.49	1.26	0	0.0063	1.1852
4M76	green	af_relaxed	0	0.93	0.21	97.88	0.25	0.31	0	0.012	1.6975
4M76	green	af_relaxed	1	1.32	0.21	97.45	0.99	0.47	0	0.0119	1.7203
4M76	green	af_relaxed	2	6.35	0.85	95.75	1.24	1.22	1	0.012	1.8261
4M76	green	af_relaxed	3	3.3	0.42	95.54	0.99	0.93	2	0.0127	1.927
4M76	green	af_relaxed	4	4.63	0.0	95.97	0.5	1.01	0	0.0294	1.9617
4M76	green	boltz	0	13.75	0.0	97.45	0.0	1.26	0	0.0103	1.0737
4M76	green	boltz	1	13.35	0.21	97.66	0.25	1.21	0	0.0108	1.0926
4M76	green	boltz	2	16.26	0.0	97.45	0.25	1.32	0	0.0105	1.0836
4M76	green	boltz	3	15.34	0.0	97.66	0.0	1.26	0	0.0104	1.0668
4M76	green	boltz	4	15.73	0.0	97.45	0.0	1.31	0	0.0105	1.0991
4M76	green	amber_af	0	0.93	0.0	97.88	0.25	0.31	0	0.012	1.6963
4M76	green	amber_af	1	1.32	0.21	97.45	0.99	0.47	0	0.0119	1.7244
4M76	green	amber_af	2	7.27	0.85	95.97	1.24	1.25	2	0.0121	1.8345
4M76	green	amber_af	3	3.17	0.21	95.33	0.99	0.93	1	0.0127	1.9221
4M76	green	amber_af	4	4.49	0.0	96.18	0.5	0.99	0	0.0294	1.9569
4M76	green	amber_boltz	0	2.64	0.0	97.45	0.5	0.66	0	0.0122	1.7341
4M76	green	amber_boltz	1	1.85	0.21	97.03	0.5	0.62	0	0.012	1.7189
4M76	green	amber_boltz	2	1.98	0.0	98.09	0.5	0.47	0	0.0122	1.7513
4M76	green	amber_boltz	3	1.98	0.21	97.24	0.0	0.61	0	0.0122	1.7276
4M76	green	amber_boltz	4	1.32	0.42	97.03	0.25	0.53	1	0.0122	1.7327
4POU	green	crystal	0	3.94	0.0	96.55	2.56	1.21	0	0.0158	1.6089
4POU	green	af_relaxed	0	5.58	0.85	95.34	1.01	1.13	1	0.0116	1.7727
4POU	green	af_relaxed	1	6.14	0.0	95.76	2.02	1.36	0	0.0118	1.7767
4POU	green	af_relaxed	2	3.91	0.0	95.76	1.01	0.97	1	0.0115	1.7356
4POU	green	af_relaxed	3	5.3	0.0	97.46	2.02	1.12	2	0.0116	1.7505
4POU	green	af_relaxed	4	5.02	0.42	95.76	2.02	1.29	2	0.0117	1.838
4POU	green	boltz	0	12.56	0.42	97.88	0.0	1.14	0	0.0124	1.163
4POU	green	boltz	1	10.89	0.42	97.88	0.0	1.08	0	0.0125	1.1647
4POU	green	boltz	2	10.05	0.0	98.31	0.0	1.02	0	0.0126	1.1912
4POU	green	boltz	3	9.77	0.42	97.88	0.0	1.04	0	0.0121	1.1686
4POU	green	boltz	4	15.35	0.42	97.88	0.51	1.22	0	0.0122	1.1634
4POU	green	amber_af	0	5.02	0.85	95.34	1.01	1.09	1	0.0116	1.7996
4POU	green	amber_af	1	5.02	0.0	95.76	2.02	1.29	1	0.0118	1.7805
4POU	green	amber_af	2	5.58	0.0	95.34	1.01	1.13	1	0.0115	1.7441
4POU	green	amber_af	3	5.86	0.0	97.03	2.02	1.22	2	0.0115	1.7473
4POU	green	amber_af	4	1.67	0.85	94.92	1.52	0.91	1	0.012	1.8551
4POU	green	amber_boltz	0	1.95	0.42	98.73	0.0	0.46	0	0.0118	1.7006
4POU	green	amber_boltz	1	2.23	0.42	98.31	0.0	0.5	0	0.0118	1.674
4POU	green	amber_boltz	2	0.28	0.0	97.88	0.0	0.13	0	0.0118	1.7013
4POU	green	amber_boltz	3	1.95	0.42	97.46	0.0	0.57	0	0.0118	1.6912
4POU	green	amber_boltz	4	1.67	0.42	97.88	0.51	0.45	0	0.0116	1.7001
4Y7M	green	crystal	0	2.17	0.0	97.81	2.08	0.78	1	0.0127	1.5038
4Y7M	green	af_relaxed	0	9.9	1.09	93.72	1.68	1.6	4	0.0331	2.1671
4Y7M	green	af_relaxed	1	9.73	0.82	95.63	0.67	1.31	4	0.0116	1.9493
4Y7M	green	af_relaxed	2	11.14	0.55	94.81	1.34	1.52	6	0.012	1.9903
4Y7M	green	af_relaxed	3	13.62	0.82	94.23	2.01	1.76	2	0.0486	2.1256
4Y7M	green	af_relaxed	4	8.67	0.0	95.63	1.01	1.27	6	0.0115	1.8448
4Y7M	green	boltz	0	10.97	0.0	98.63	0.0	1.06	0	0.0138	1.125
4Y7M	green	boltz	1	16.63	0.27	98.63	0.0	1.22	0	0.0119	1.1157
4Y7M	green	boltz	2	11.33	0.0	98.63	0.0	1.07	0	0.0111	1.136
4Y7M	green	boltz	3	12.57	0.0	98.91	0.34	1.11	0	0.0125	1.1363
4Y7M	green	boltz	4	12.21	0.0	98.63	0.0	1.1	0	0.0117	1.1096
4Y7M	green	amber_af	0	9.2	1.64	92.9	2.01	1.67	3	0.0329	2.0778
4Y7M	green	amber_af	1	11.67	1.37	94.54	1.01	1.46	5	0.0121	1.9519
4Y7M	green	amber_af	2	12.03	0.55	95.08	1.68	1.61	6	0.012	2.0102
4Y7M	green	amber_af	3	13.97	0.82	95.05	1.34	1.59	3	0.0486	2.1285
4Y7M	green	amber_af	4	8.67	0.55	96.17	1.34	1.32	4	0.0118	1.8702
4Y7M	green	amber_boltz	0	1.06	0.0	97.27	0.0	0.45	0	0.0115	1.6395
4Y7M	green	amber_boltz	1	2.12	0.27	97.81	0.0	0.53	0	0.0114	1.6666
4Y7M	green	amber_boltz	2	1.41	0.0	97.81	0.0	0.42	0	0.0115	1.6561
4Y7M	green	amber_boltz	3	1.95	0.0	98.09	0.0	0.46	0	0.0116	1.655
4Y7M	green	amber_boltz	4	1.59	0.0	96.99	0.0	0.58	0	0.0115	1.6649
5C7X	green	crystal	0	0.92	0.57	95.24	2.67	0.93	0	0.0109	1.3167
5C7X	green	af_relaxed	0	1.86	0.19	98.3	1.11	0.48	0	0.0114	1.7098
5C7X	green	af_relaxed	1	2.49	0.19	98.49	0.89	0.53	0	0.0113	1.6958
5C7X	green	af_relaxed	2	4.6	0.38	98.11	1.56	0.88	1	0.0113	1.7414
5C7X	green	af_relaxed	3	5.34	0.38	96.03	0.89	1.06	2	0.032	1.9299
5C7X	green	af_relaxed	4	4.47	0.0	97.73	1.11	0.82	2	0.0114	1.7724
5C7X	green	boltz	0	8.08	0.19	98.68	0.44	0.94	0	0.0108	1.1804
5C7X	green	boltz	1	5.59	0.38	98.68	0.0	0.8	0	0.0107	1.1681
5C7X	green	boltz	2	8.21	0.0	98.3	0.22	0.95	0	0.0108	1.1835
5C7X	green	boltz	3	9.7	0.19	98.49	0.22	1.01	0	0.011	1.1649
5C7X	green	boltz	4	6.34	0.19	98.49	0.22	0.85	0	0.011	1.1685
5C7X	green	amber_af	0	1.74	0.19	98.49	1.11	0.46	0	0.0114	1.7179
5C7X	green	amber_af	1	2.11	0.19	98.3	1.11	0.52	1	0.0113	1.7127
5C7X	green	amber_af	2	5.09	0.38	98.49	1.78	0.96	1	0.0113	1.7394
5C7X	green	amber_af	3	2.49	0.76	96.98	1.11	0.74	0	0.0121	1.8463
5C7X	green	amber_af	4	4.35	0.19	98.11	1.11	0.75	1	0.0114	1.7669
5C7X	green	amber_boltz	0	0.37	0.19	98.3	0.22	0.13	0	0.0117	1.6828
5C7X	green	amber_boltz	1	0.5	0.0	98.87	0.22	0.17	0	0.0118	1.6909
5C7X	green	amber_boltz	2	0.75	0.38	98.68	0.22	0.24	1	0.0117	1.6889
5C7X	green	amber_boltz	3	0.62	0.19	98.11	0.44	0.21	1	0.0115	1.6857
5C7X	green	amber_boltz	4	0.5	0.19	98.68	0.22	0.17	0	0.0116	1.6945
5CBA	green	crystal	0	3.35	0.0	96.6	4.82	1.36	0	0.0118	1.635
5CBA	green	af_relaxed	0	1.97	0.34	97.28	0.79	0.6	0	0.0112	1.6935
5CBA	green	af_relaxed	1	5.26	0.34	95.92	1.18	1.12	3	0.0114	1.7832
5CBA	green	af_relaxed	2	6.13	0.34	96.26	0.39	1.09	1	0.0116	1.7972
5CBA	green	af_relaxed	3	4.82	0.34	96.6	0.0	0.97	1	0.0112	1.7102
5CBA	green	af_relaxed	4	5.92	0.34	96.94	0.39	1.0	1	0.0113	1.7187
5CBA	green	boltz	0	17.32	0.0	98.64	0.79	1.24	0	0.0138	1.179
5CBA	green	boltz	1	22.8	0.0	98.3	1.18	1.41	0	0.0143	1.1704
5CBA	green	boltz	2	15.79	0.0	98.64	0.39	1.2	0	0.0138	1.1979
5CBA	green	boltz	3	16.66	0.0	98.64	0.0	1.22	0	0.0132	1.2032
5CBA	green	boltz	4	19.51	0.0	98.3	0.39	1.29	0	0.0134	1.1759
5CBA	green	amber_af	0	2.19	0.34	97.28	1.18	0.68	0	0.0112	1.6925
5CBA	green	amber_af	1	5.26	0.0	95.58	1.18	1.14	2	0.0114	1.7931
5CBA	green	amber_af	2	5.04	0.0	96.6	0.79	0.99	1	0.0116	1.7997
5CBA	green	amber_af	3	4.82	0.34	96.6	0.39	0.97	1	0.0112	1.7098
5CBA	green	amber_af	4	5.7	0.34	96.6	0.79	1.03	1	0.0113	1.7098
5CBA	green	amber_boltz	0	0.66	0.0	97.28	0.39	0.35	0	0.0113	1.6853
5CBA	green	amber_boltz	1	2.19	0.0	98.3	0.79	0.49	0	0.0112	1.6782
5CBA	green	amber_boltz	2	0.88	0.0	97.96	0.0	0.28	0	0.0115	1.6617
5CBA	green	amber_boltz	3	0.66	0.0	97.96	0.0	0.23	0	0.0114	1.6652
5CBA	green	amber_boltz	4	1.75	0.0	97.62	0.0	0.51	0	0.0114	1.6815
5E5M	green	crystal	0	4.7	0.0	97.31	3.09	1.25	0	0.0096	1.3745
5E5M	green	af_relaxed	0	2.94	0.9	96.86	1.55	0.92	0	0.0112	1.8652
5E5M	green	af_relaxed	1	14.39	0.9	96.41	3.61	1.83	1	0.0121	2.0345
5E5M	green	af_relaxed	2	11.75	0.45	94.17	4.12	1.95	1	0.0119	2.0163
5E5M	green	af_relaxed	3	7.64	0.45	97.76	2.06	1.21	1	0.0115	1.8905
5E5M	green	af_relaxed	4	10.28	1.79	94.17	3.09	1.8	0	0.0408	2.0409
5E5M	green	boltz	0	11.75	0.45	99.1	0.0	1.08	0	0.0152	1.1742
5E5M	green	boltz	1	14.99	0.0	98.65	0.0	1.18	0	0.0159	1.1792
5E5M	green	boltz	2	16.45	0.0	99.55	0.0	1.22	0	0.0158	1.1878
5E5M	green	boltz	3	14.98	0.45	97.76	0.52	1.23	0	0.0195	1.1956
5E5M	green	boltz	4	15.87	0.0	98.21	1.03	1.21	0	0.0146	1.2009
5E5M	green	amber_af	0	2.64	0.9	95.96	2.58	1.14	1	0.0113	1.8617
5E5M	green	amber_af	1	14.39	0.45	96.86	3.61	1.78	2	0.0122	2.0966
5E5M	green	amber_af	2	9.99	0.9	93.72	4.64	1.94	1	0.0119	2.0008
5E5M	green	amber_af	3	7.05	0.45	97.76	2.06	1.18	1	0.0115	1.9033
5E5M	green	amber_af	4	10.87	0.9	94.62	2.58	1.74	0	0.0408	2.065
5E5M	green	amber_boltz	0	0.29	0.45	98.65	0.0	0.11	0	0.0112	1.6691
5E5M	green	amber_boltz	1	1.18	0.0	99.1	0.0	0.33	0	0.0113	1.6768
5E5M	green	amber_boltz	2	1.76	0.0	98.65	0.0	0.43	0	0.0113	1.6552
5E5M	green	amber_boltz	3	1.76	0.45	98.21	0.52	0.43	0	0.0112	1.6686
5E5M	green	amber_boltz	4	2.06	0.0	98.65	0.0	0.48	1	0.0113	1.6881
5GRJ	green	crystal	0	27.91	0.23	95.82	2.37	2.01	0	0.012	1.4147
5GRJ	green	af_relaxed	0	1.93	0.0	96.07	0.26	0.73	0	0.0112	1.6667
5GRJ	green	af_relaxed	1	6.53	0.46	96.3	1.58	1.26	2	0.0114	1.7727
5GRJ	green	af_relaxed	2	7.42	0.23	95.15	2.64	1.56	2	0.0113	1.7599
5GRJ	green	af_relaxed	3	9.35	0.23	94.46	3.17	1.75	2	0.0116	1.8464
5GRJ	green	af_relaxed	4	11.87	0.69	94.69	1.32	1.55	4	0.0118	1.8546
5GRJ	green	boltz	0	11.28	0.0	97.92	0.79	1.09	0	0.0131	1.1696
5GRJ	green	boltz	1	10.09	0.0	98.15	0.0	1.03	0	0.0128	1.1711
5GRJ	green	boltz	2	7.72	0.23	97.69	0.26	0.99	0	0.0125	1.1755
5GRJ	green	boltz	3	8.61	0.0	98.38	0.26	0.96	0	0.0125	1.1816
5GRJ	green	boltz	4	8.31	0.0	97.46	0.0	1.06	0	0.0126	1.1718
5GRJ	green	amber_af	0	2.23	0.0	96.3	0.53	0.75	0	0.0113	1.6651
5GRJ	green	amber_af	1	6.38	0.23	96.77	1.06	1.07	0	0.0114	1.7195
5GRJ	green	amber_af	2	6.68	0.46	95.84	2.64	1.48	3	0.0113	1.7719
5GRJ	green	amber_af	3	9.79	0.23	95.38	3.17	1.72	1	0.0116	1.8153
5GRJ	green	amber_af	4	10.53	0.69	95.38	1.32	1.45	2	0.0118	1.8504
5GRJ	green	amber_boltz	0	0.3	0.0	97.23	0.53	0.25	0	0.0114	1.68
5GRJ	green	amber_boltz	1	0.74	0.0	96.77	0.0	0.44	0	0.0114	1.6933
5GRJ	green	amber_boltz	2	0.3	0.46	96.3	0.53	0.36	0	0.0115	1.6722
5GRJ	green	amber_boltz	3	0.89	0.0	96.77	0.26	0.47	0	0.0115	1.7113
5GRJ	green	amber_boltz	4	0.74	0.0	96.77	0.0	0.44	0	0.0115	1.6581
5HGG	green	crystal	0	0.7	0.0	98.1	0.64	0.23	0	0.0145	1.46
5HGG	green	af_relaxed	0	2.46	0.27	96.75	2.23	1.0	1	0.0114	1.7515
5HGG	green	af_relaxed	1	8.08	0.27	94.58	2.55	1.62	1	0.0401	1.9666
5HGG	green	af_relaxed	2	5.97	0.81	96.21	1.59	1.24	1	0.0115	1.815
5HGG	green	af_relaxed	3	7.9	0.81	95.12	1.59	1.42	4	0.0119	1.8433
5HGG	green	af_relaxed	4	10.18	0.54	96.48	1.59	1.41	3	0.0117	1.8381
5HGG	green	boltz	0	10.89	0.0	98.64	0.96	1.05	0	0.0295	1.3165
5HGG	green	boltz	1	8.96	0.0	98.64	0.0	0.98	0	0.0123	1.4279
5HGG	green	boltz	2	10.54	0.0	98.37	0.32	1.04	0	0.0253	1.2623
5HGG	green	boltz	3	12.3	0.0	98.37	0.32	1.1	0	0.0134	1.4078
5HGG	green	boltz	4	12.12	0.0	98.64	0.64	1.1	0	0.018	1.1841
5HGG	green	amber_af	0	2.46	0.0	96.75	2.23	1.0	0	0.0114	1.7283
5HGG	green	amber_af	1	8.25	0.27	94.85	1.59	1.46	1	0.0401	1.9778
5HGG	green	amber_af	2	5.62	0.54	95.93	1.59	1.24	1	0.0115	1.8182
5HGG	green	amber_af	3	6.67	0.81	94.85	1.59	1.38	2	0.0119	1.8103
5HGG	green	amber_af	4	11.06	0.81	95.39	1.59	1.54	1	0.0117	1.8351
5HGG	green	amber_boltz	0	0.53	0.0	97.83	0.32	0.22	0	0.0116	1.7345
5HGG	green	amber_boltz	1	0.35	0.0	97.83	0.64	0.17	0	0.0117	1.72
5HGG	green	amber_boltz	2	0.53	0.0	97.02	0.64	0.35	0	0.0118	1.7229
5HGG	green	amber_boltz	3	1.05	0.0	97.02	0.96	0.48	0	0.0117	1.7312
5HGG	green	amber_boltz	4	1.05	0.0	97.83	0.32	0.35	1	0.0117	1.7176
5HYS	green	crystal	0	1.31	0.31	97.37	0.88	0.48	0	0.007	1.2306
5HYS	green	af_relaxed	0	3.72	0.0	97.53	1.59	0.91	1	0.0114	1.7245
5HYS	green	af_relaxed	1	4.93	0.15	97.68	1.59	0.98	6	0.0118	1.8051
5HYS	green	af_relaxed	2	3.62	0.46	96.6	1.41	0.98	5	0.0269	1.8906
5HYS	green	af_relaxed	3	8.25	0.62	95.98	1.06	1.24	5	0.0397	2.0368
5HYS	green	af_relaxed	4	3.62	0.46	97.06	1.59	0.97	6	0.0307	1.8549
5HYS	green	boltz	0	14.09	0.15	98.45	0.0	1.16	0	0.0111	1.1593
5HYS	green	boltz	1	13.09	0.31	98.3	0.35	1.13	0	0.0161	1.1787
5HYS	green	boltz	2	15.6	0.15	98.61	0.0	1.2	0	0.0114	1.148
5HYS	green	boltz	3	17.01	0.31	98.15	0.53	1.23	0	0.0114	1.1722
5HYS	green	boltz	4	18.23	0.15	98.45	0.35	1.26	0	0.0122	1.1631
5HYS	green	amber_af	0	4.13	0.0	97.22	1.76	1.03	2	0.0114	1.7619
5HYS	green	amber_af	1	3.22	0.46	97.06	1.23	0.85	5	0.0125	1.9069
5HYS	green	amber_af	2	3.82	0.46	96.75	1.23	0.94	5	0.0268	1.8929
5HYS	green	amber_af	3	7.85	0.46	95.83	1.41	1.33	4	0.0397	2.0366
5HYS	green	amber_af	4	3.92	0.46	97.06	1.76	1.03	3	0.0307	1.8637
5HYS	green	amber_boltz	0	1.31	0.0	98.45	0.0	0.36	1	0.0115	1.7029
5HYS	green	amber_boltz	1	1.71	0.46	97.68	0.0	0.49	3	0.0117	1.728
5HYS	green	amber_boltz	2	2.11	0.15	98.15	0.18	0.48	0	0.0116	1.7021
5HYS	green	amber_boltz	3	2.31	0.0	98.15	0.35	0.51	0	0.0117	1.72
5HYS	green	amber_boltz	4	1.41	0.15	98.15	0.35	0.37	1	0.0116	1.7274
5JMO	green	crystal	0	2.11	0.0	96.92	1.68	0.84	0	0.009	1.3009
5JMO	green	af_relaxed	0	7.78	0.34	95.55	0.84	1.24	1	0.0118	1.8382
5JMO	green	af_relaxed	1	5.49	0.0	96.23	1.05	1.07	3	0.0116	1.8175
5JMO	green	af_relaxed	2	6.41	0.68	95.55	1.05	1.18	5	0.0118	1.8672
5JMO	green	af_relaxed	3	12.93	1.88	91.44	3.37	2.03	11	0.0138	2.4492
5JMO	green	af_relaxed	4	0.46	0.86	93.66	2.32	0.86	4	0.0124	1.9425
5JMO	green	boltz	0	13.28	0.17	96.4	0.63	1.37	0	0.0177	1.3231
5JMO	green	boltz	1	17.52	0.34	97.6	0.42	1.33	0	0.0168	1.3165
5JMO	green	boltz	2	12.59	0.34	97.09	0.42	1.27	0	0.0193	1.3608
5JMO	green	boltz	3	13.51	0.17	97.43	0.42	1.25	0	0.0171	1.3376
5JMO	green	boltz	4	18.89	0.17	96.92	0.84	1.46	0	0.0175	1.3159
5JMO	green	amber_af	0	7.67	0.34	95.55	0.84	1.23	0	0.0118	1.8524
5JMO	green	amber_af	1	5.61	0.17	96.23	1.05	1.08	4	0.0116	1.8224
5JMO	green	amber_af	2	6.29	0.34	95.55	1.05	1.17	4	0.0118	1.8689
5JMO	green	amber_af	3	10.64	1.37	91.61	3.37	1.95	15	0.0137	2.3292
5JMO	green	amber_af	4	4.81	0.34	95.72	2.53	1.35	2	0.0116	1.859
5JMO	green	amber_boltz	0	2.17	0.0	95.89	0.42	0.78	0	0.0118	1.7408
5JMO	green	amber_boltz	1	2.29	0.17	96.06	0.21	0.78	1	0.0116	1.8089
5JMO	green	amber_boltz	2	1.83	0.51	96.23	0.21	0.7	2	0.0117	1.7936
5JMO	green	amber_boltz	3	1.95	0.17	96.4	0.42	0.7	1	0.0116	1.7662
5JMO	green	amber_boltz	4	1.95	0.17	96.06	0.63	0.73	1	0.0115	1.8097
5KOV	green	crystal	0	11.04	0.0	96.15	0.0	1.32	0	0.0071	1.0256
5KOV	green	af_relaxed	0	3.68	0.46	95.84	0.51	0.94	5	0.0255	1.8973
5KOV	green	af_relaxed	1	3.48	0.15	95.38	0.34	0.96	0	0.0116	1.6957
5KOV	green	af_relaxed	2	3.39	0.0	95.99	1.53	1.05	0	0.0115	1.7037
5KOV	green	af_relaxed	3	3.48	0.15	95.22	0.34	0.97	1	0.0116	1.6968
5KOV	green	af_relaxed	4	2.71	0.15	95.69	0.34	0.86	0	0.0116	1.7059
5KOV	green	boltz	0	25.37	0.31	97.23	0.0	1.54	0	0.0122	1.1537
5KOV	green	boltz	1	26.45	0.31	97.69	0.0	1.48	0	0.0119	1.1482
5KOV	green	boltz	2	25.18	0.31	97.69	0.0	1.46	0	0.0125	1.1772
5KOV	green	boltz	3	28.86	0.46	97.84	0.17	1.48	0	0.0122	1.1482
5KOV	green	boltz	4	23.14	0.31	97.69	0.17	1.42	0	0.0121	1.1464
5KOV	green	amber_af	0	3.48	0.31	95.84	0.85	0.93	5	0.0255	1.8947
5KOV	green	amber_af	1	3.39	0.15	95.53	0.17	0.94	0	0.0116	1.6894
5KOV	green	amber_af	2	2.9	0.0	95.99	1.7	1.03	0	0.0115	1.7036
5KOV	green	amber_af	3	3.39	0.15	95.07	0.51	0.97	1	0.0115	1.6949
5KOV	green	amber_af	4	2.23	0.15	95.53	0.34	0.81	0	0.0116	1.7064
5KOV	green	amber_boltz	0	3.0	0.0	96.61	0.34	0.81	2	0.0115	1.7185
5KOV	green	amber_boltz	1	3.39	0.0	96.15	0.51	0.89	3	0.0115	1.7206
5KOV	green	amber_boltz	2	2.81	0.31	96.92	0.17	0.75	2	0.0116	1.7348
5KOV	green	amber_boltz	3	4.65	0.0	96.76	0.17	0.94	1	0.0115	1.7268
5KOV	green	amber_boltz	4	2.71	0.15	97.38	0.51	0.68	2	0.0117	1.7149
5O14	green	crystal	0	6.6	0.0	97.08	2.26	1.3	0	0.008	1.2852
5O14	green	af_relaxed	0	0.6	0.0	97.87	0.54	0.23	0	0.0112	1.6545
5O14	green	af_relaxed	1	2.9	0.3	96.95	1.08	0.78	2	0.0112	1.6976
5O14	green	af_relaxed	2	1.0	0.0	97.41	1.8	0.61	0	0.011	1.682
5O14	green	af_relaxed	3	6.29	0.61	97.1	1.44	1.13	4	0.0115	1.8472
5O14	green	af_relaxed	4	9.69	1.83	93.14	3.06	1.82	16	0.013	2.2357
5O14	green	boltz	0	7.39	0.46	98.17	0.18	0.91	0	0.0109	1.1214
5O14	green	boltz	1	7.49	0.15	98.32	0.0	0.91	0	0.0108	1.1202
5O14	green	boltz	2	6.69	0.15	98.32	0.0	0.87	0	0.0104	1.136
5O14	green	boltz	3	7.79	0.3	98.02	0.0	0.93	0	0.0111	1.1331
5O14	green	boltz	4	7.2	0.3	98.48	0.0	0.9	0	0.012	1.1304
5O14	green	amber_af	0	0.6	0.0	97.56	0.36	0.29	0	0.0112	1.655
5O14	green	amber_af	1	2.9	0.3	96.95	0.9	0.76	1	0.0111	1.704
5O14	green	amber_af	2	1.1	0.0	97.41	1.8	0.63	0	0.011	1.6795
5O14	green	amber_af	3	1.8	0.46	96.04	1.62	0.87	5	0.0119	1.8783
5O14	green	amber_af	4	10.79	1.98	93.45	3.24	1.87	16	0.0127	2.1292
5O14	green	amber_boltz	0	0.6	0.3	97.41	0.36	0.32	0	0.0115	1.6563
5O14	green	amber_boltz	1	0.6	0.3	98.02	0.36	0.2	0	0.0115	1.6534
5O14	green	amber_boltz	2	0.5	0.3	97.71	0.36	0.24	1	0.0116	1.6584
5O14	green	amber_boltz	3	0.9	0.3	97.71	0.0	0.34	0	0.0113	1.6619
5O14	green	amber_boltz	4	1.2	0.15	97.56	0.18	0.43	0	0.0112	1.6582
5O1R	green	crystal	0	5.15	0.55	96.14	11.5	1.84	6	0.0138	1.8665
5O1R	green	af_relaxed	0	0.49	0.0	98.35	0.22	0.17	0	0.0113	1.6611
5O1R	green	af_relaxed	1	0.61	0.0	97.8	0.43	0.25	0	0.0112	1.6528
5O1R	green	af_relaxed	2	0.61	0.0	98.17	0.43	0.2	0	0.0113	1.6549
5O1R	green	af_relaxed	3	1.59	0.0	98.53	0.65	0.41	1	0.0113	1.6584
5O1R	green	af_relaxed	4	1.22	0.18	98.17	0.43	0.34	1	0.0113	1.6729
5O1R	green	boltz	0	7.47	0.0	98.53	0.0	0.91	0	0.0106	1.1695
5O1R	green	boltz	1	11.14	0.37	98.35	0.0	1.06	0	0.0106	1.177
5O1R	green	boltz	2	10.04	0.0	98.72	0.0	1.02	0	0.0107	1.1665
5O1R	green	boltz	3	8.81	0.0	98.53	0.0	0.97	0	0.0108	1.1641
5O1R	green	boltz	4	10.65	0.0	98.72	0.0	1.05	0	0.0109	1.1727
5O1R	green	amber_af	0	0.61	0.0	98.35	0.0	0.2	0	0.0113	1.6587
5O1R	green	amber_af	1	0.86	0.18	97.62	0.43	0.34	1	0.0113	1.6725
5O1R	green	amber_af	2	0.86	0.0	98.35	0.43	0.26	0	0.0112	1.656
5O1R	green	amber_af	3	1.59	0.0	98.17	0.65	0.41	1	0.0112	1.6597
5O1R	green	amber_af	4	1.47	0.18	97.99	0.43	0.39	1	0.0112	1.6692
5O1R	green	amber_boltz	0	0.12	0.0	99.08	0.0	0.05	0	0.0116	1.6884
5O1R	green	amber_boltz	1	0.24	0.37	98.53	0.22	0.09	0	0.0115	1.6899
5O1R	green	amber_boltz	2	0.61	0.0	98.9	0.0	0.2	0	0.0115	1.6821
5O1R	green	amber_boltz	3	0.49	0.0	98.9	0.0	0.17	0	0.0115	1.6843
5O1R	green	amber_boltz	4	0.73	0.0	98.53	0.43	0.23	0	0.0115	1.697
5SV3	green	crystal	0	0.9	0.0	98.61	0.83	0.27	0	0.0085	1.2801
5SV3	green	af_relaxed	0	1.57	0.0	97.92	0.42	0.42	0	0.0114	1.6348
5SV3	green	af_relaxed	1	0.67	0.0	97.92	0.42	0.24	0	0.0113	1.6197
5SV3	green	af_relaxed	2	0.9	0.35	97.57	1.25	0.44	0	0.0114	1.6354
5SV3	green	af_relaxed	3	1.34	0.69	97.57	0.83	0.45	0	0.0113	1.6343
5SV3	green	af_relaxed	4	2.24	0.0	98.26	2.08	0.74	1	0.0114	1.6621
5SV3	green	boltz	0	11.66	0.0	99.31	0.0	1.08	0	0.0099	1.0601
5SV3	green	boltz	1	13.68	0.0	98.96	0.0	1.14	0	0.0103	1.0394
5SV3	green	boltz	2	17.49	0.0	99.31	0.0	1.24	0	0.0098	1.0486
5SV3	green	boltz	3	7.85	0.0	98.96	0.0	0.93	0	0.0121	1.0877
5SV3	green	boltz	4	11.66	0.0	98.61	0.0	1.08	0	0.0106	1.0397
5SV3	green	amber_af	0	1.57	0.0	97.92	0.42	0.42	0	0.0114	1.6187
5SV3	green	amber_af	1	0.9	0.0	97.57	0.42	0.36	0	0.0113	1.6141
5SV3	green	amber_af	2	0.9	0.0	97.57	1.25	0.44	0	0.0114	1.6367
5SV3	green	amber_af	3	1.12	0.69	97.57	0.83	0.41	0	0.0113	1.6349
5SV3	green	amber_af	4	2.24	0.35	98.26	2.08	0.74	0	0.0114	1.6622
5SV3	green	amber_boltz	0	0.67	0.0	98.61	0.0	0.22	0	0.0116	1.6439
5SV3	green	amber_boltz	1	0.67	0.0	97.92	0.0	0.24	0	0.0115	1.6584
5SV3	green	amber_boltz	2	1.34	0.0	98.26	0.0	0.36	0	0.0116	1.6358
5SV3	green	amber_boltz	3	0.45	0.0	98.96	0.0	0.16	0	0.0118	1.651
5SV3	green	amber_boltz	4	1.79	0.0	98.26	0.0	0.44	0	0.0116	1.634
5VNW	green	crystal	0	5.12	0.0	97.71	1.34	0.93	0	0.0053	0.7596
5VNW	green	af_relaxed	0	3.9	0.0	97.0	1.32	0.94	1	0.0248	1.8965
5VNW	green	af_relaxed	1	8.7	0.43	95.27	3.95	1.75	8	0.0254	2.1727
5VNW	green	af_relaxed	2	2.27	0.43	97.14	1.48	0.79	3	0.0129	1.909
5VNW	green	af_relaxed	3	2.45	0.14	97.28	1.15	0.71	0	0.0119	1.7224
5VNW	green	af_relaxed	4	4.62	0.14	97.14	1.32	0.98	2	0.0265	1.92
5VNW	green	boltz	0	16.32	0.0	99.14	0.0	1.21	0	0.0168	1.2233
5VNW	green	boltz	1	12.97	0.0	99.14	0.0	1.12	0	0.015	1.1184
5VNW	green	boltz	2	11.61	0.0	99.0	0.16	1.08	0	0.016	1.1804
5VNW	green	boltz	3	13.51	0.0	98.86	0.0	1.14	0	0.0155	1.1668
5VNW	green	boltz	4	14.5	0.14	98.71	0.33	1.17	0	0.0173	1.3307
5VNW	green	amber_af	0	3.17	0.0	96.85	1.48	0.93	2	0.0248	1.8982
5VNW	green	amber_af	1	9.07	1.0	94.98	3.95	1.79	14	0.0254	2.1764
5VNW	green	amber_af	2	2.18	0.43	97.14	1.65	0.81	2	0.0128	1.8891
5VNW	green	amber_af	3	2.08	0.0	97.42	0.99	0.59	0	0.0119	1.7167
5VNW	green	amber_af	4	4.89	0.14	97.57	0.82	0.85	2	0.012	1.7708
5VNW	green	amber_boltz	0	1.9	0.0	98.0	0.49	0.45	0	0.012	1.7146
5VNW	green	amber_boltz	1	1.36	0.0	98.14	0.49	0.37	0	0.0119	1.7067
5VNW	green	amber_boltz	2	1.09	0.0	98.14	0.33	0.31	1	0.012	1.7336
5VNW	green	amber_boltz	3	1.18	0.0	98.14	0.33	0.33	0	0.012	1.7073
5VNW	green	amber_boltz	4	1.18	0.29	96.85	1.15	0.57	2	0.0128	1.8359
5WHK	green	crystal	0	3.35	0.0	97.24	2.25	1.04	0	0.0085	1.0837
5WHK	green	af_relaxed	0	2.14	0.0	98.05	0.92	0.49	1	0.0115	1.6768
5WHK	green	af_relaxed	1	1.45	0.0	97.66	1.23	0.52	0	0.0114	1.6955
5WHK	green	af_relaxed	2	2.39	0.13	97.14	0.77	0.68	0	0.0115	1.7086
5WHK	green	af_relaxed	3	1.37	0.13	97.27	0.61	0.5	0	0.0114	1.7026
5WHK	green	af_relaxed	4	8.8	0.52	96.61	1.84	1.39	6	0.0121	1.9104
5WHK	green	boltz	0	11.28	0.13	98.31	0.0	1.07	0	0.0118	1.1344
5WHK	green	boltz	1	12.91	0.13	98.7	0.31	1.12	0	0.0114	1.1293
5WHK	green	boltz	2	10.94	0.0	98.57	0.15	1.06	0	0.0121	1.1472
5WHK	green	boltz	3	11.11	0.13	98.57	0.0	1.06	0	0.0117	1.1326
5WHK	green	boltz	4	14.36	0.0	98.83	0.15	1.16	0	0.0119	1.1306
5WHK	green	amber_af	0	1.88	0.0	98.18	0.92	0.45	1	0.0115	1.6786
5WHK	green	amber_af	1	1.45	0.0	97.66	1.69	0.63	0	0.0114	1.6917
5WHK	green	amber_af	2	2.39	0.13	97.53	0.92	0.62	0	0.0115	1.7077
5WHK	green	amber_af	3	1.28	0.13	97.14	0.61	0.51	0	0.0114	1.7005
5WHK	green	amber_af	4	8.89	0.52	96.48	2.0	1.43	6	0.0121	1.8998
5WHK	green	amber_boltz	0	0.77	0.0	97.92	0.15	0.26	0	0.0117	1.6892
5WHK	green	amber_boltz	1	1.03	0.0	98.18	0.15	0.3	0	0.0118	1.6857
5WHK	green	amber_boltz	2	1.45	0.0	98.05	0.15	0.38	0	0.0117	1.6873
5WHK	green	amber_boltz	3	0.85	0.0	97.92	0.46	0.28	0	0.0118	1.6885
5WHK	green	amber_boltz	4	1.03	0.0	98.31	0.61	0.3	0	0.0116	1.6849
5WK3	green	crystal	0	2.95	0.2	97.97	0.95	0.59	2	0.0102	1.3432
5WK3	green	af_relaxed	0	1.85	0.2	98.17	0.46	0.45	0	0.0112	1.6428
5WK3	green	af_relaxed	1	2.25	0.0	98.58	0.23	0.5	0	0.0112	1.6587
5WK3	green	af_relaxed	2	2.51	0.0	97.36	1.61	0.82	1	0.0113	1.6947
5WK3	green	af_relaxed	3	3.57	0.0	97.76	0.23	0.7	0	0.0111	1.6494
5WK3	green	af_relaxed	4	2.25	0.2	97.97	0.0	0.51	1	0.0112	1.6711
5WK3	green	boltz	0	11.38	0.0	98.37	0.23	1.07	0	0.0115	1.1386
5WK3	green	boltz	1	9.4	0.41	98.58	0.46	1.0	0	0.0113	1.1352
5WK3	green	boltz	2	10.19	0.2	98.58	0.23	1.03	0	0.0132	1.163
5WK3	green	boltz	3	9.53	0.0	98.37	0.23	1.0	0	0.0126	1.1333
5WK3	green	boltz	4	9.26	0.2	98.98	0.46	0.99	0	0.0119	1.1872
5WK3	green	amber_af	0	2.65	0.2	97.97	0.69	0.56	0	0.0113	1.6519
5WK3	green	amber_af	1	3.04	0.2	98.37	0.0	0.6	0	0.0112	1.6661
5WK3	green	amber_af	2	2.51	0.2	97.56	1.61	0.78	1	0.0114	1.6992
5WK3	green	amber_af	3	3.04	0.0	97.97	0.46	0.6	0	0.0112	1.6491
5WK3	green	amber_af	4	1.72	0.2	97.76	0.0	0.48	0	0.0112	1.6539
5WK3	green	amber_boltz	0	0.93	0.0	97.76	0.23	0.33	0	0.0115	1.6504
5WK3	green	amber_boltz	1	0.93	0.41	98.37	0.46	0.28	0	0.0114	1.6422
5WK3	green	amber_boltz	2	1.59	0.2	98.17	0.69	0.4	1	0.0114	1.6686
5WK3	green	amber_boltz	3	0.93	0.41	98.17	0.46	0.28	0	0.0114	1.6384
5WK3	green	amber_boltz	4	1.46	0.0	97.56	0.0	0.47	0	0.0115	1.6708
5WUX	green	crystal	0	13.44	0.15	95.48	15.46	2.36	0	0.0085	1.6092
5WUX	green	af_relaxed	0	4.48	0.72	97.41	1.18	0.89	4	0.0115	1.759
5WUX	green	af_relaxed	1	8.95	0.72	95.82	2.18	1.53	6	0.0119	1.9731
5WUX	green	af_relaxed	2	1.59	0.72	96.54	0.84	0.63	2	0.0118	1.7929
5WUX	green	af_relaxed	3	5.97	0.86	96.83	2.02	1.25	5	0.0288	1.9557
5WUX	green	af_relaxed	4	2.14	1.15	96.11	0.84	0.75	4	0.012	1.8215
5WUX	green	boltz	0	20.8	0.29	98.41	0.0	1.31	0	0.0122	1.1272
5WUX	green	boltz	1	15.95	0.14	97.41	0.0	1.32	0	0.022	1.2655
5WUX	green	boltz	2	19.22	0.29	97.69	0.17	1.35	0	0.0204	1.2095
5WUX	green	boltz	3	19.78	0.0	98.13	0.0	1.29	0	0.0118	1.2113
5WUX	green	boltz	4	15.77	0.29	97.84	0.0	1.24	0	0.0162	1.1928
5WUX	green	amber_af	0	4.66	0.72	97.55	1.34	0.93	4	0.0115	1.7587
5WUX	green	amber_af	1	10.35	0.86	96.11	1.68	1.47	7	0.0122	1.988
5WUX	green	amber_af	2	5.87	0.58	96.97	1.18	1.05	4	0.0114	1.7445
5WUX	green	amber_af	3	5.88	0.72	96.54	1.85	1.25	5	0.0288	1.9553
5WUX	green	amber_af	4	7.65	1.44	96.54	1.18	1.2	5	0.0118	1.819
5WUX	green	amber_boltz	0	1.77	0.0	98.13	0.5	0.43	0	0.0112	1.6881
5WUX	green	amber_boltz	1	1.31	0.14	97.41	0.34	0.47	1	0.0115	1.6776
5WUX	green	amber_boltz	2	2.05	0.29	97.69	0.34	0.54	1	0.0113	1.6689
5WUX	green	amber_boltz	3	2.7	0.29	97.84	0.5	0.6	3	0.0113	1.7027
5WUX	green	amber_boltz	4	1.59	0.14	98.13	0.0	0.4	0	0.0115	1.6678
5X0T	green	crystal	0	9.01	0.4	94.4	0.67	1.36	0	0.0065	1.1102
5X0T	green	af_relaxed	0	2.09	0.2	97.2	0.0	0.63	1	0.0111	1.6518
5X0T	green	af_relaxed	1	1.96	0.2	97.4	0.22	0.58	0	0.0112	1.6613
5X0T	green	af_relaxed	2	1.96	0.2	98.0	0.67	0.46	0	0.0113	1.6895
5X0T	green	af_relaxed	3	2.22	0.2	98.2	0.67	0.5	0	0.0112	1.6739
5X0T	green	af_relaxed	4	4.18	0.2	97.8	0.45	0.75	0	0.0114	1.7291
5X0T	green	boltz	0	7.57	0.4	98.6	0.22	0.92	0	0.013	1.1829
5X0T	green	boltz	1	5.74	0.2	98.8	0.22	0.81	0	0.012	1.161
5X0T	green	boltz	2	7.84	0.2	98.8	0.45	0.93	0	0.0127	1.1697
5X0T	green	boltz	3	7.05	0.2	98.6	0.22	0.89	0	0.0126	1.1653
5X0T	green	boltz	4	7.7	0.4	98.6	0.22	0.92	0	0.0125	1.177
5X0T	green	amber_af	0	1.83	0.2	97.4	0.0	0.56	1	0.0111	1.6497
5X0T	green	amber_af	1	1.96	0.4	97.6	0.45	0.55	1	0.0112	1.6762
5X0T	green	amber_af	2	1.7	0.2	98.0	0.9	0.42	0	0.0113	1.6912
5X0T	green	amber_af	3	1.83	0.2	98.4	0.45	0.44	0	0.0112	1.6811
5X0T	green	amber_af	4	4.05	0.2	97.8	0.9	0.74	0	0.0114	1.7262
5X0T	green	amber_boltz	0	0.65	0.4	98.0	0.22	0.21	1	0.0114	1.9455
5X0T	green	amber_boltz	1	0.39	0.2	98.6	0.22	0.14	0	0.0115	1.6636
5X0T	green	amber_boltz	2	1.17	0.2	98.6	0.45	0.33	0	0.0113	1.6793
5X0T	green	amber_boltz	3	0.65	0.2	98.2	0.22	0.21	0	0.0113	1.6702
5X0T	green	amber_boltz	4	0.52	0.2	98.0	0.22	0.18	0	0.0115	1.6768
5Y9J	green	crystal	0	0.93	0.0	97.7	1.25	0.42	0	0.0091	1.4241
5Y9J	green	af_relaxed	0	2.21	0.0	98.23	2.49	0.8	0	0.011	1.6779
5Y9J	green	af_relaxed	1	3.38	0.18	97.88	1.66	0.83	0	0.0112	1.7099
5Y9J	green	af_relaxed	2	2.1	0.18	97.53	1.25	0.65	1	0.011	1.6851
5Y9J	green	af_relaxed	3	4.08	0.53	96.47	1.25	1.0	0	0.028	1.8538
5Y9J	green	af_relaxed	4	5.13	0.71	97.0	1.66	1.11	2	0.0114	1.7478
5Y9J	green	boltz	0	16.32	0.0	98.41	0.0	1.21	0	0.0146	1.222
5Y9J	green	boltz	1	13.4	0.18	98.59	0.0	1.14	0	0.0166	1.239
5Y9J	green	boltz	2	14.33	0.18	98.23	0.0	1.16	0	0.0143	1.2528
5Y9J	green	boltz	3	16.66	0.18	98.41	0.0	1.22	0	0.0159	1.2187
5Y9J	green	boltz	4	17.37	0.0	98.76	0.0	1.24	0	0.0152	1.2037
5Y9J	green	amber_af	0	2.1	0.0	98.06	2.08	0.72	0	0.011	1.6744
5Y9J	green	amber_af	1	3.15	0.18	97.88	1.66	0.8	0	0.0112	1.6988
5Y9J	green	amber_af	2	2.21	0.35	97.53	1.46	0.72	1	0.011	1.6881
5Y9J	green	amber_af	3	3.5	0.35	96.64	1.46	0.98	1	0.028	1.8453
5Y9J	green	amber_af	4	4.31	0.53	97.0	1.87	1.09	3	0.0114	1.7821
5Y9J	green	amber_boltz	0	0.82	0.0	98.06	0.21	0.25	0	0.0113	1.6769
5Y9J	green	amber_boltz	1	0.93	0.35	98.06	0.62	0.28	0	0.0113	1.6833
5Y9J	green	amber_boltz	2	1.17	0.0	98.41	0.83	0.33	1	0.0116	1.7062
5Y9J	green	amber_boltz	3	1.63	0.18	98.41	0.42	0.41	0	0.0114	1.6665
5Y9J	green	amber_boltz	4	1.17	0.18	98.59	0.21	0.33	1	0.0113	1.6795
6A0Z	green	crystal	0	1.58	0.14	95.28	0.98	0.73	0	0.0055	0.8501
6A0Z	green	af_relaxed	0	4.28	0.29	97.28	0.98	0.84	3	0.0115	1.7634
6A0Z	green	af_relaxed	1	4.18	0.86	96.71	0.81	0.91	2	0.0116	1.7943
6A0Z	green	af_relaxed	2	5.67	0.43	96.85	2.93	1.35	8	0.0118	1.8717
6A0Z	green	af_relaxed	3	2.23	0.14	96.85	0.49	0.69	1	0.0113	1.7218
6A0Z	green	af_relaxed	4	3.44	0.29	97.0	0.98	0.81	1	0.0114	1.7276
6A0Z	green	boltz	0	15.53	0.0	98.0	0.33	1.2	0	0.0134	1.2283
6A0Z	green	boltz	1	12.65	0.14	98.28	0.0	1.11	0	0.0126	1.228
6A0Z	green	boltz	2	13.48	0.0	98.43	0.49	1.14	0	0.0127	1.2601
6A0Z	green	boltz	3	12.74	0.0	98.57	0.33	1.12	0	0.0126	1.2288
6A0Z	green	boltz	4	9.39	0.0	98.71	0.16	1.0	0	0.0127	1.2311
6A0Z	green	amber_af	0	3.9	0.43	97.14	0.98	0.83	3	0.0116	1.7615
6A0Z	green	amber_af	1	4.65	0.72	96.57	0.65	0.96	2	0.0117	1.8004
6A0Z	green	amber_af	2	5.39	0.29	96.85	2.44	1.28	9	0.0118	1.8596
6A0Z	green	amber_af	3	2.14	0.14	96.71	0.49	0.69	1	0.0113	1.7155
6A0Z	green	amber_af	4	3.07	0.29	96.71	0.98	0.8	3	0.0114	1.7571
6A0Z	green	amber_boltz	0	1.3	0.0	97.57	0.81	0.44	1	0.0114	1.6908
6A0Z	green	amber_boltz	1	1.12	0.14	97.57	0.16	0.41	0	0.0115	1.6965
6A0Z	green	amber_boltz	2	1.3	0.14	98.14	0.16	0.36	0	0.0115	1.7047
6A0Z	green	amber_boltz	3	1.21	0.0	98.0	0.16	0.34	0	0.0115	1.6913
6A0Z	green	amber_boltz	4	0.84	0.0	98.0	0.16	0.26	0	0.0116	1.6683
6A77	green	crystal	0	5.66	0.98	95.5	10.27	1.89	10	0.0198	2.1021
6A77	green	af_relaxed	0	1.93	0.0	97.86	0.67	0.49	0	0.0111	1.6584
6A77	green	af_relaxed	1	0.9	0.0	97.86	0.22	0.31	0	0.0111	1.649
6A77	green	af_relaxed	2	1.67	0.0	98.05	0.45	0.42	0	0.0111	1.668
6A77	green	af_relaxed	3	1.54	0.19	97.47	0.67	0.5	0	0.0111	1.6582
6A77	green	af_relaxed	4	2.31	0.0	98.05	2.23	0.78	0	0.0111	1.672
6A77	green	boltz	0	10.03	0.39	98.25	0.0	1.02	0	0.0127	1.2654
6A77	green	boltz	1	7.97	0.19	98.83	0.45	0.93	0	0.0134	1.3068
6A77	green	boltz	2	12.35	0.19	98.25	0.22	1.1	0	0.0133	1.3013
6A77	green	boltz	3	8.49	0.39	98.44	0.0	0.96	0	0.0141	1.507
6A77	green	boltz	4	10.81	0.39	98.44	0.89	1.05	0	0.0139	1.284
6A77	green	amber_af	0	1.8	0.0	97.86	0.45	0.47	0	0.0111	1.6502
6A77	green	amber_af	1	1.03	0.0	97.86	0.45	0.34	0	0.0111	1.6513
6A77	green	amber_af	2	2.06	0.0	98.05	0.45	0.48	0	0.0111	1.6677
6A77	green	amber_af	3	1.93	0.19	97.86	0.89	0.49	1	0.0111	1.6567
6A77	green	amber_af	4	1.93	0.0	98.05	2.23	0.72	0	0.0111	1.67
6A77	green	amber_boltz	0	0.9	0.39	97.66	0.22	0.35	0	0.0113	1.655
6A77	green	amber_boltz	1	0.9	0.19	98.25	0.45	0.27	0	0.0113	1.6646
6A77	green	amber_boltz	2	0.64	0.19	98.05	0.22	0.21	0	0.0113	1.6593
6A77	green	amber_boltz	3	1.8	0.19	97.66	0.67	0.51	0	0.0112	1.6522
6A77	green	amber_boltz	4	1.54	0.39	98.05	0.67	0.4	0	0.0114	1.6901
6AL0	green	crystal	0	3.41	0.0	96.36	2.48	1.18	0	0.0077	1.2474
6AL0	green	af_relaxed	0	1.49	0.17	97.69	0.38	0.46	0	0.0113	1.6911
6AL0	green	af_relaxed	1	1.81	0.33	98.35	0.76	0.44	0	0.0112	1.698
6AL0	green	af_relaxed	2	1.6	0.33	97.85	0.38	0.44	0	0.0112	1.6733
6AL0	green	af_relaxed	3	2.88	0.5	96.7	0.95	0.79	1	0.0111	1.7199
6AL0	green	af_relaxed	4	5.01	0.33	97.36	3.05	1.26	2	0.0113	1.7854
6AL0	green	boltz	0	8.43	0.33	98.51	0.19	0.96	0	0.012	1.1868
6AL0	green	boltz	1	13.55	0.5	98.35	0.0	1.14	0	0.0125	1.1973
6AL0	green	boltz	2	7.79	0.5	98.51	0.0	0.93	0	0.0118	1.1682
6AL0	green	boltz	3	8.53	0.33	98.51	0.0	0.96	0	0.0119	1.1632
6AL0	green	boltz	4	12.27	0.5	98.51	0.0	1.1	0	0.0129	1.1738
6AL0	green	amber_af	0	1.71	0.17	97.69	0.38	0.49	0	0.0113	1.6952
6AL0	green	amber_af	1	2.03	0.33	98.35	0.57	0.47	0	0.0112	1.687
6AL0	green	amber_af	2	1.49	0.33	97.69	0.95	0.46	0	0.0113	1.6764
6AL0	green	amber_af	3	2.77	0.33	96.7	0.95	0.77	1	0.0111	1.7246
6AL0	green	amber_af	4	4.69	0.33	97.36	2.67	1.19	1	0.0114	1.7962
6AL0	green	amber_boltz	0	0.43	0.17	97.85	0.38	0.19	0	0.0116	1.6877
6AL0	green	amber_boltz	1	1.07	0.17	97.85	0.19	0.34	0	0.0114	1.6902
6AL0	green	amber_boltz	2	0.96	0.33	97.36	0.19	0.41	0	0.0116	1.6814
6AL0	green	amber_boltz	3	0.75	0.0	98.02	0.19	0.24	0	0.0115	1.682
6AL0	green	amber_boltz	4	1.17	0.0	97.36	0.38	0.45	0	0.0113	1.6834
6B0S	green	crystal	0	1.1	0.0	97.73	0.72	0.38	0	0.0061	0.9226
6B0S	green	af_relaxed	0	0.55	0.21	97.53	0.48	0.28	1	0.0111	1.6723
6B0S	green	af_relaxed	1	1.09	0.41	98.15	0.24	0.31	0	0.0111	1.6729
6B0S	green	af_relaxed	2	1.5	0.0	98.15	0.71	0.39	0	0.0112	1.6854
6B0S	green	af_relaxed	3	1.64	0.0	97.74	0.24	0.47	0	0.0112	1.6771
6B0S	green	af_relaxed	4	8.05	0.62	96.09	1.19	1.26	3	0.0117	1.8754
6B0S	green	boltz	0	7.64	0.0	98.77	0.0	0.92	0	0.0132	1.4925
6B0S	green	boltz	1	6.96	0.0	98.56	0.0	0.88	0	0.0138	1.27
6B0S	green	boltz	2	7.37	0.0	98.56	0.0	0.91	0	0.0175	1.364
6B0S	green	boltz	3	8.19	0.0	98.15	0.0	0.94	0	0.0124	1.2334
6B0S	green	boltz	4	8.74	0.0	98.56	0.0	0.97	0	0.0112	1.6553
6B0S	green	amber_af	0	0.55	0.21	97.33	0.48	0.31	1	0.0111	1.6686
6B0S	green	amber_af	1	1.09	0.41	98.15	0.24	0.31	0	0.0111	1.6712
6B0S	green	amber_af	2	1.36	0.0	97.74	0.71	0.43	0	0.0112	1.6827
6B0S	green	amber_af	3	1.5	0.21	97.74	0.24	0.45	0	0.0111	1.6771
6B0S	green	amber_af	4	8.73	0.62	96.3	1.43	1.34	3	0.0116	1.861
6B0S	green	amber_boltz	0	0.68	0.21	98.56	0.24	0.22	0	0.0116	1.6798
6B0S	green	amber_boltz	1	0.41	0.0	98.15	0.48	0.15	0	0.0116	1.6619
6B0S	green	amber_boltz	2	1.09	0.0	98.15	0.24	0.31	0	0.0117	1.6701
6B0S	green	amber_boltz	3	0.27	0.0	97.53	0.24	0.2	0	0.0115	1.6627
6B0S	green	amber_boltz	4	0.68	0.21	97.74	0.48	0.28	0	0.0116	1.6811
6BPC	green	crystal	0	13.09	0.14	96.57	1.09	1.38	0	0.0087	0.9477
6BPC	green	af_relaxed	0	1.96	0.14	97.01	0.78	0.63	2	0.0125	1.8246
6BPC	green	af_relaxed	1	3.38	0.28	97.16	1.25	0.86	4	0.0118	1.7441
6BPC	green	af_relaxed	2	4.27	0.14	98.01	0.94	0.71	4	0.012	1.7474
6BPC	green	af_relaxed	3	1.78	0.0	98.15	1.25	0.51	2	0.0119	1.7428
6BPC	green	af_relaxed	4	2.4	0.43	98.01	1.72	0.7	3	0.0121	1.7654
6BPC	green	boltz	0	14.44	0.0	98.72	0.0	1.17	0	0.0206	1.0787
6BPC	green	boltz	1	14.43	0.28	98.15	0.94	1.17	0	0.0123	1.0978
6BPC	green	boltz	2	13.81	0.0	98.58	0.0	1.15	0	0.0115	1.0963
6BPC	green	boltz	3	15.05	0.0	98.58	0.0	1.18	0	0.013	1.0937
6BPC	green	boltz	4	13.99	0.0	98.72	0.16	1.15	0	0.0114	1.0747
6BPC	green	amber_af	0	4.99	0.28	97.87	0.78	0.79	1	0.0119	1.7821
6BPC	green	amber_af	1	3.83	0.28	97.3	1.56	0.95	3	0.0119	1.7656
6BPC	green	amber_af	2	1.25	0.28	97.72	0.94	0.41	3	0.0119	1.7052
6BPC	green	amber_af	3	1.69	0.0	98.15	1.4	0.53	1	0.0118	1.7373
6BPC	green	amber_af	4	1.87	0.14	98.01	1.4	0.56	4	0.0119	1.7725
6BPC	green	amber_boltz	0	2.85	0.0	97.72	0.78	0.64	0	0.0118	1.7007
6BPC	green	amber_boltz	1	1.25	0.28	97.44	0.31	0.46	0	0.0118	1.6795
6BPC	green	amber_boltz	2	1.16	0.0	98.15	0.31	0.33	1	0.0117	1.7023
6BPC	green	amber_boltz	3	1.78	0.14	97.44	0.62	0.55	3	0.0119	1.6942
6BPC	green	amber_boltz	4	1.42	0.0	98.58	0.31	0.38	0	0.0117	1.6949
6CWG	green	crystal	0	8.55	0.0	95.3	1.57	1.44	0	0.0057	0.965
6CWG	green	af_relaxed	0	0.5	0.26	98.7	0.0	0.17	0	0.0117	1.6513
6CWG	green	af_relaxed	1	0.34	0.52	98.44	0.0	0.12	0	0.0115	1.6406
6CWG	green	af_relaxed	2	3.85	0.52	97.4	0.0	0.79	0	0.0115	1.6992
6CWG	green	af_relaxed	3	10.39	0.52	97.4	2.82	1.5	3	0.012	1.9207
6CWG	green	af_relaxed	4	6.7	0.52	97.14	0.94	1.02	3	0.012	1.8234
6CWG	green	boltz	0	17.77	0.26	98.96	0.31	1.25	0	0.0174	1.1956
6CWG	green	boltz	1	18.11	0.52	98.7	0.31	1.26	0	0.0113	1.2988
6CWG	green	boltz	2	13.41	0.26	98.7	0.31	1.14	0	0.014	1.171
6CWG	green	boltz	3	17.11	0.26	98.44	0.0	1.23	0	0.014	1.4032
6CWG	green	boltz	4	17.45	0.26	98.96	0.31	1.24	0	0.0147	1.2258
6CWG	green	amber_af	0	0.5	0.26	98.7	0.0	0.17	0	0.0117	1.6489
6CWG	green	amber_af	1	0.34	0.26	98.44	0.31	0.12	0	0.0115	1.6472
6CWG	green	amber_af	2	3.52	0.52	97.4	0.31	0.76	0	0.0115	1.7004
6CWG	green	amber_af	3	10.06	1.3	97.66	2.82	1.44	2	0.012	1.9499
6CWG	green	amber_af	4	6.87	0.26	96.88	0.63	1.07	3	0.0121	1.8338
6CWG	green	amber_boltz	0	1.51	0.0	98.7	0.63	0.39	0	0.0117	1.6905
6CWG	green	amber_boltz	1	2.18	0.78	97.92	0.63	0.51	1	0.0118	1.7227
6CWG	green	amber_boltz	2	1.17	0.26	98.7	0.0	0.33	0	0.0119	1.6921
6CWG	green	amber_boltz	3	1.17	0.26	98.18	0.0	0.33	0	0.0117	1.7034
6CWG	green	amber_boltz	4	2.18	0.26	98.44	0.31	0.49	1	0.0118	1.6964
6DBG	green	crystal	0	1.47	0.0	97.74	1.46	0.57	0	0.0123	1.2407
6DBG	green	af_relaxed	0	1.89	0.5	96.25	0.28	0.7	0	0.0113	1.766
6DBG	green	af_relaxed	1	7.08	0.75	94.75	1.66	1.42	1	0.0115	1.8727
6DBG	green	af_relaxed	2	4.41	0.25	96.0	0.83	0.99	0	0.0114	1.8015
6DBG	green	af_relaxed	3	6.14	0.75	94.25	0.55	1.23	1	0.0308	1.957
6DBG	green	af_relaxed	4	6.61	0.25	95.5	1.38	1.28	1	0.0115	1.8258
6DBG	green	boltz	0	19.84	0.0	98.25	0.0	1.29	0	0.0131	1.1302
6DBG	green	boltz	1	25.66	0.0	98.25	0.0	1.4	0	0.0129	1.2557
6DBG	green	boltz	2	25.04	0.0	98.25	0.28	1.39	0	0.0129	1.3009
6DBG	green	boltz	3	24.87	0.0	98.0	0.28	1.39	0	0.0175	1.4396
6DBG	green	boltz	4	28.82	0.25	98.0	0.0	1.45	0	0.0251	1.6066
6DBG	green	amber_af	0	1.57	0.5	96.25	0.55	0.66	0	0.0113	1.7597
6DBG	green	amber_af	1	7.08	0.75	95.0	1.66	1.4	1	0.0116	1.8667
6DBG	green	amber_af	2	5.35	0.25	96.25	1.1	1.07	0	0.0114	1.8049
6DBG	green	amber_af	3	6.14	0.75	94.25	0.83	1.23	2	0.0307	1.9641
6DBG	green	amber_af	4	6.14	0.25	95.5	1.1	1.18	1	0.0115	1.828
6DBG	green	amber_boltz	0	3.15	0.25	96.75	0.0	0.81	1	0.0114	1.7169
6DBG	green	amber_boltz	1	1.73	0.0	97.25	0.55	0.57	0	0.0113	1.736
6DBG	green	amber_boltz	2	1.57	0.0	97.0	0.28	0.58	0	0.0114	1.7256
6DBG	green	amber_boltz	3	2.83	0.0	96.75	0.0	0.78	0	0.0113	1.7205
6DBG	green	amber_boltz	4	2.36	0.25	97.5	0.55	0.62	0	0.0114	1.7451
6EY6	green	crystal	0	3.37	0.39	98.03	2.13	0.88	3	0.014	1.6953
6EY6	green	af_relaxed	0	4.24	0.19	97.27	1.89	1.05	1	0.0115	1.7373
6EY6	green	af_relaxed	1	2.5	0.58	96.3	1.42	0.9	3	0.0121	1.8663
6EY6	green	af_relaxed	2	1.87	0.19	96.49	1.42	0.79	0	0.0122	1.8428
6EY6	green	af_relaxed	3	5.37	0.78	96.69	1.89	1.21	5	0.0114	1.8255
6EY6	green	af_relaxed	4	5.62	1.17	97.27	2.13	1.19	3	0.0113	1.7118
6EY6	green	boltz	0	17.48	0.0	98.64	0.0	1.24	0	0.0112	1.1165
6EY6	green	boltz	1	18.86	0.19	99.22	0.0	1.27	0	0.0142	1.1357
6EY6	green	boltz	2	19.49	0.19	99.03	0.24	1.29	0	0.0122	1.1055
6EY6	green	boltz	3	14.86	0.19	99.42	0.47	1.18	0	0.0113	1.1064
6EY6	green	boltz	4	21.23	0.0	99.03	0.0	1.32	0	0.0109	1.1007
6EY6	green	amber_af	0	4.87	0.19	98.05	1.89	0.96	1	0.0114	1.7494
6EY6	green	amber_af	1	2.62	0.58	96.49	1.18	0.83	2	0.0121	1.8582
6EY6	green	amber_af	2	1.75	0.19	96.49	1.65	0.83	0	0.0122	1.8419
6EY6	green	amber_af	3	5.37	0.78	96.3	2.13	1.29	6	0.0114	1.8072
6EY6	green	amber_af	4	6.12	1.17	97.27	2.13	1.22	2	0.0112	1.7199
6EY6	green	amber_boltz	0	1.0	0.0	98.25	0.24	0.29	0	0.0113	1.6545
6EY6	green	amber_boltz	1	0.87	0.0	98.25	0.71	0.27	0	0.0112	1.6718
6EY6	green	amber_boltz	2	2.0	0.19	98.44	0.24	0.47	0	0.0115	1.6809
6EY6	green	amber_boltz	3	0.75	0.19	98.25	0.0	0.24	0	0.0113	1.6625
6EY6	green	amber_boltz	4	1.75	0.0	99.03	0.47	0.43	0	0.0115	1.6845
6OC3	green	crystal	0	10.22	0.47	96.26	1.76	1.47	4	0.0144	1.7594
6OC3	green	af_relaxed	0	4.65	0.0	97.98	0.7	0.74	2	0.0117	1.7719
6OC3	green	af_relaxed	1	3.34	0.16	97.36	1.06	0.77	2	0.0116	1.7274
6OC3	green	af_relaxed	2	6.17	0.47	97.2	1.06	1.0	3	0.0116	1.7756
6OC3	green	af_relaxed	3	3.74	0.16	95.96	0.53	0.94	3	0.0263	1.9181
6OC3	green	af_relaxed	4	3.34	0.0	98.13	1.41	0.74	0	0.0114	1.7321
6OC3	green	boltz	0	17.11	0.0	98.44	0.35	1.23	0	0.0128	1.2372
6OC3	green	boltz	1	19.93	0.0	98.76	0.0	1.3	0	0.0116	1.1707
6OC3	green	boltz	2	21.97	0.0	98.29	0.0	1.34	0	0.0143	1.3236
6OC3	green	boltz	3	16.5	0.0	98.44	0.0	1.22	0	0.0151	1.2597
6OC3	green	boltz	4	17.3	0.0	98.44	0.0	1.24	0	0.0147	1.4063
6OC3	green	amber_af	0	5.77	0.0	97.36	0.7	0.94	2	0.0117	1.7765
6OC3	green	amber_af	1	3.34	0.31	97.36	0.88	0.75	3	0.0115	1.7283
6OC3	green	amber_af	2	7.59	0.47	97.2	1.06	1.08	3	0.0116	1.7841
6OC3	green	amber_af	3	3.03	0.31	97.51	1.06	0.71	3	0.0115	1.7293
6OC3	green	amber_af	4	2.93	0.0	97.98	1.23	0.66	1	0.0115	1.7234
6OC3	green	amber_boltz	0	2.33	0.31	97.51	0.88	0.61	0	0.0118	1.7319
6OC3	green	amber_boltz	1	1.62	0.0	97.98	0.18	0.42	0	0.0117	1.7354
6OC3	green	amber_boltz	2	2.93	0.16	98.29	0.53	0.58	2	0.0117	1.7399
6OC3	green	amber_boltz	3	2.93	0.0	97.67	0.35	0.66	1	0.0119	1.7514
6OC3	green	amber_boltz	4	2.53	0.0	98.13	0.35	0.54	1	0.0117	1.7153
7CEI	green	crystal	0	20.42	2.38	92.38	17.28	2.72	0	0.0082	1.3781
7CEI	green	af_relaxed	0	1.46	0.0	97.62	0.0	0.46	0	0.0124	1.7423
7CEI	green	af_relaxed	1	1.17	0.0	97.62	0.0	0.41	0	0.0123	1.7177
7CEI	green	af_relaxed	2	1.17	0.0	98.57	0.0	0.33	0	0.0124	1.7467
7CEI	green	af_relaxed	3	1.46	0.0	97.62	0.0	0.46	0	0.0122	1.7414
7CEI	green	af_relaxed	4	0.29	0.0	97.62	0.0	0.19	0	0.0124	1.738
7CEI	green	boltz	0	10.21	0.0	98.57	0.52	1.03	0	0.0104	1.1164
7CEI	green	boltz	1	9.05	0.0	99.05	0.52	0.98	0	0.0106	1.1056
7CEI	green	boltz	2	5.84	0.0	98.57	0.52	0.82	0	0.0103	1.1493
7CEI	green	boltz	3	10.5	0.0	99.05	1.05	1.06	0	0.0106	1.1006
7CEI	green	boltz	4	9.63	0.0	98.57	0.0	1.01	0	0.0106	1.1059
7CEI	green	amber_af	0	1.75	0.0	97.62	0.0	0.51	0	0.0124	1.7514
7CEI	green	amber_af	1	1.17	0.0	97.62	0.0	0.41	0	0.0124	1.7251
7CEI	green	amber_af	2	1.75	0.0	98.57	0.0	0.43	0	0.0124	1.7441
7CEI	green	amber_af	3	1.17	0.0	97.62	0.0	0.41	0	0.0122	1.7493
7CEI	green	amber_af	4	0.58	0.0	97.62	0.0	0.28	0	0.0123	1.744
7CEI	green	amber_boltz	0	0.0	0.0	98.1	0.52	0.0	0	0.0125	1.7554
7CEI	green	amber_boltz	1	1.17	0.0	98.1	0.52	0.33	0	0.0125	1.7511
7CEI	green	amber_boltz	2	0.87	0.0	98.57	0.0	0.27	0	0.0126	1.7614
7CEI	green	amber_boltz	3	1.17	0.0	98.1	0.0	0.33	0	0.0124	1.7743
7CEI	green	amber_boltz	4	0.87	0.0	97.14	0.0	0.42	0	0.0125	1.7394
BAAD	green	crystal	0	16.65	3.17	83.66	13.18	2.76	2	0.0137	1.6511
BAAD	green	af_relaxed	0	1.78	0.97	95.63	0.78	0.74	0	0.0119	1.7327
BAAD	green	af_relaxed	1	0.89	0.0	97.82	0.78	0.31	0	0.0118	1.6924
BAAD	green	af_relaxed	2	1.63	0.97	96.84	1.03	0.62	0	0.0118	1.7233
BAAD	green	af_relaxed	3	1.19	0.24	96.6	1.03	0.56	2	0.0119	1.7332
BAAD	green	af_relaxed	4	2.97	0.97	96.36	1.29	0.91	2	0.0119	1.7955
BAAD	green	boltz	0	27.97	0.0	99.27	0.0	1.43	0	0.0133	1.3407
BAAD	green	boltz	1	16.05	0.0	99.27	0.52	1.21	0	0.0103	1.0495
BAAD	green	boltz	2	20.67	0.0	99.51	0.26	1.31	2	0.023	1.7088
BAAD	green	boltz	3	29.3	0.0	99.27	0.52	1.45	1	0.022	1.818
BAAD	green	boltz	4	26.33	0.24	99.02	0.26	1.41	2	0.0208	2.3053
BAAD	green	amber_af	0	1.49	0.97	95.63	0.78	0.69	0	0.0119	1.7388
BAAD	green	amber_af	1	0.74	0.0	97.82	0.78	0.28	0	0.0118	1.6959
BAAD	green	amber_af	2	1.63	0.97	96.84	0.78	0.6	0	0.0118	1.7202
BAAD	green	amber_af	3	1.49	0.24	96.84	1.03	0.59	2	0.0119	1.7378
BAAD	green	amber_af	4	1.63	0.73	95.87	1.29	0.78	2	0.0119	1.7679
BAAD	green	amber_boltz	0	3.12	0.49	96.12	0.78	0.87	3	0.0137	2.0443
BAAD	green	amber_boltz	1	1.19	0.0	99.27	1.03	0.34	0	0.012	1.6873
BAAD	green	amber_boltz	2	21.85	0.0	99.51	0.26	1.33	2	0.0302	2.4194
BAAD	green	amber_boltz	3	6.39	0.73	95.63	2.33	1.43	9	0.0184	2.4915
BAAD	green	amber_boltz	4	22.28	1.21	95.39	2.58	1.98	11	0.0492	2.9033
BOYV	green	crystal	0	13.99	1.34	90.59	3.86	2.13	0	0.0088	1.5689
BOYV	green	af_relaxed	0	4.54	1.87	94.65	0.7	1.1	3	0.0115	1.8039
BOYV	green	af_relaxed	1	2.08	0.8	96.52	0.0	0.71	0	0.0113	1.7658
BOYV	green	af_relaxed	2	2.84	0.8	95.99	0.35	0.85	0	0.0114	1.7656
BOYV	green	af_relaxed	3	5.48	0.27	95.45	0.7	1.11	1	0.0113	1.7748
BOYV	green	af_relaxed	4	3.97	1.07	93.85	1.75	1.28	3	0.0122	2.0435
BOYV	green	boltz	0	9.26	0.0	98.13	0.0	0.99	0	0.0256	1.7994
BOYV	green	boltz	1	12.46	0.0	98.4	0.7	1.11	0	0.0265	1.6838
BOYV	green	boltz	2	11.52	0.0	97.59	0.0	1.16	0	0.0281	1.7585
BOYV	green	boltz	3	11.34	0.0	98.4	0.35	1.07	0	0.0257	1.7093
BOYV	green	boltz	4	13.98	0.0	98.4	0.0	1.15	0	0.0265	1.6564
BOYV	green	amber_af	0	3.21	1.07	93.85	0.35	1.02	1	0.0115	1.7882
BOYV	green	amber_af	1	2.46	0.8	96.52	0.0	0.76	0	0.0113	1.7518
BOYV	green	amber_af	2	4.16	0.8	95.99	0.35	0.97	0	0.0115	1.7679
BOYV	green	amber_af	3	6.81	0.53	96.26	0.7	1.13	2	0.0114	1.7652
BOYV	green	amber_af	4	5.1	0.8	93.85	3.16	1.56	4	0.0121	2.0198
BOYV	green	amber_boltz	0	1.32	0.0	97.33	0.35	0.49	1	0.0118	1.7804
BOYV	green	amber_boltz	1	0.76	0.0	97.86	0.35	0.27	0	0.0117	1.714
BOYV	green	amber_boltz	2	0.19	0.0	97.06	0.35	0.24	0	0.0118	1.7112
BOYV	green	amber_boltz	3	1.51	0.0	97.59	0.7	0.48	0	0.0118	1.7644
BOYV	green	amber_boltz	4	1.32	0.27	97.59	0.35	0.44	0	0.0116	1.7597
BP57	green	crystal	0	13.37	0.0	93.12	7.73	2.25	0	0.0101	1.6602
BP57	green	af_relaxed	0	5.28	0.0	96.34	1.1	1.06	0	0.0119	1.8167
BP57	green	af_relaxed	1	10.24	0.0	95.29	4.42	1.85	1	0.012	1.9049
BP57	green	af_relaxed	2	1.86	0.52	96.34	1.66	0.86	3	0.0136	2.1023
BP57	green	af_relaxed	3	3.41	0.0	94.24	0.55	1.02	3	0.0134	1.979
BP57	green	af_relaxed	4	0.93	0.0	93.72	1.1	0.73	0	0.0135	2.0537
BP57	green	boltz	0	35.14	0.0	97.38	0.0	1.65	0	0.013	1.0307
BP57	green	boltz	1	19.26	0.0	97.38	0.55	1.4	0	0.0128	1.046
BP57	green	boltz	2	21.74	0.0	96.86	0.0	1.52	0	0.0115	1.0152
BP57	green	boltz	3	15.53	0.0	96.86	0.0	1.39	0	0.0113	1.0312
BP57	green	boltz	4	52.88	0.0	97.38	0.0	1.82	0	0.0337	1.0143
BP57	green	amber_af	0	3.72	0.0	96.86	1.1	0.88	0	0.0119	1.8248
BP57	green	amber_af	1	8.38	0.0	95.81	4.42	1.73	1	0.012	1.9027
BP57	green	amber_af	2	2.48	1.05	95.29	1.1	0.89	3	0.0134	2.1044
BP57	green	amber_af	3	2.79	0.0	94.24	1.66	1.12	3	0.0134	1.9909
BP57	green	amber_af	4	1.86	0.52	94.24	1.66	1.0	1	0.0134	2.0477
BP57	green	amber_boltz	0	4.35	0.0	96.86	0.0	0.9	1	0.012	1.7968
BP57	green	amber_boltz	1	2.48	0.0	96.86	0.0	0.72	0	0.0118	1.7779
BP57	green	amber_boltz	2	0.93	0.0	96.86	0.0	0.47	0	0.012	1.7625
BP57	green	amber_boltz	3	0.93	0.0	95.81	0.0	0.57	0	0.012	1.7363
BP57	green	amber_boltz	4	4.97	0.0	95.29	1.66	1.26	2	0.0132	1.9957
CP57	green	crystal	0	13.99	0.0	92.06	9.39	2.38	0	0.0103	1.6711
CP57	green	af_relaxed	0	4.66	0.52	96.86	2.21	1.19	1	0.012	1.8178
CP57	green	af_relaxed	1	6.83	0.0	96.34	2.21	1.38	1	0.0121	1.8714
CP57	green	af_relaxed	2	8.07	0.52	95.81	3.31	1.62	2	0.0122	1.9364
CP57	green	af_relaxed	3	11.17	0.52	93.19	2.21	1.77	1	0.0556	2.1833
CP57	green	af_relaxed	4	8.38	0.0	96.34	0.0	1.2	3	0.0122	1.934
CP57	green	boltz	0	19.57	0.0	97.38	0.55	1.41	0	0.0121	1.1849
CP57	green	boltz	1	16.46	0.0	97.91	0.55	1.24	0	0.0118	1.0599
CP57	green	boltz	2	29.84	0.0	97.38	0.0	1.58	0	0.0247	1.4582
CP57	green	boltz	3	14.91	0.0	96.86	0.55	1.37	0	0.0112	1.0433
CP57	green	boltz	4	23.29	0.0	97.91	0.0	1.38	0	0.0131	1.0388
CP57	green	amber_af	0	5.59	0.52	96.86	2.21	1.26	1	0.012	1.8247
CP57	green	amber_af	1	8.69	0.0	96.34	1.66	1.38	2	0.0122	1.8939
CP57	green	amber_af	2	8.69	0.52	95.81	2.76	1.59	2	0.0122	1.9299
CP57	green	amber_af	3	0.93	1.05	93.19	2.21	0.98	0	0.0134	2.0351
CP57	green	amber_af	4	7.45	0.0	96.34	0.55	1.15	3	0.0122	1.9703
CP57	green	amber_boltz	0	2.17	0.0	96.34	0.0	0.74	1	0.0121	1.7814
CP57	green	amber_boltz	1	1.86	0.0	97.38	0.0	0.57	0	0.012	1.7425
CP57	green	amber_boltz	2	4.35	0.0	97.91	0.55	0.74	1	0.0121	1.7927
CP57	green	amber_boltz	3	2.79	0.0	96.34	0.0	0.81	0	0.0121	1.7878
CP57	green	amber_boltz	4	2.48	0.52	96.34	1.1	0.81	0	0.0119	1.7947
