target	source	model_idx	blue_rmsd	green_rmsd	rmsd_diff	blue_tmscore	green_tmscore	tmscore_diff	blue_gdtts	green_gdtts	gdtts_diff
1A2K	af_relaxed	0	0.7960	0.8150	-0.0190	0.9858	0.9851	0.0007	0.9940	0.9919	0.0021
1A2K	af_relaxed	1	0.8310	0.8920	-0.0610	0.9767	0.9823	-0.0056	0.9839	0.9879	-0.0040
1A2K	af_relaxed	2	0.9540	0.7710	0.1830	0.9715	0.9833	-0.0118	0.9798	0.9899	-0.0101
1A2K	af_relaxed	3	0.8850	0.7400	0.1450	0.9746	0.9843	-0.0097	0.9839	0.9899	-0.0060
1A2K	af_relaxed	4	1.7060	1.0710	0.6350	0.9630	0.9695	-0.0065	0.9758	0.9798	-0.0040
1A2K	af_unrelaxed	0	0.8750	0.8090	0.0660	0.9752	0.9853	-0.0101	0.9839	0.9940	-0.0101
1A2K	af_unrelaxed	1	0.7910	0.8780	-0.0870	0.9860	0.9831	0.0029	0.9940	0.9879	0.0061
1A2K	af_unrelaxed	2	1.6770	0.7700	0.9070	0.9651	0.9834	-0.0183	0.9778	0.9899	-0.0121
1A2K	af_unrelaxed	3	0.9400	0.7210	0.2190	0.9724	0.9846	-0.0122	0.9798	0.9899	-0.0101
1A2K	af_unrelaxed	4	0.7890	1.0550	-0.2660	0.9777	0.9712	0.0065	0.9839	0.9819	0.0020
1A2K	amber_af	0	0.8850	0.8150	0.0700	0.9746	0.9851	-0.0105	0.9839	0.9919	-0.0080
1A2K	amber_af	1	0.7970	0.8920	-0.0950	0.9857	0.9824	0.0033	0.9940	0.9879	0.0061
1A2K	amber_af	2	1.7030	0.7690	0.9340	0.9633	0.9834	-0.0201	0.9758	0.9899	-0.0141
1A2K	amber_af	3	0.9570	0.7400	0.2170	0.9714	0.9843	-0.0129	0.9798	0.9899	-0.0101
1A2K	amber_af	4	0.8320	1.0720	-0.2400	0.9767	0.9695	0.0072	0.9839	0.9798	0.0041
1A2K	amber_boltz	0	0.5800	0.3490	0.2310	0.9881	0.9930	-0.0049	0.9960	1.0000	-0.0040
1A2K	amber_boltz	1	0.6140	0.5860	0.0280	0.9873	0.9875	-0.0002	0.9960	0.9940	0.0020
1A2K	amber_boltz	2	0.7430	0.6080	0.1350	0.9845	0.9875	-0.0030	0.9919	0.9960	-0.0041
1A2K	amber_boltz	3	0.7220	0.4130	0.3090	0.9860	0.9904	-0.0044	0.9940	0.9960	-0.0020
1A2K	amber_boltz	4	0.6180	0.6260	-0.0080	0.9864	0.9871	-0.0007	0.9919	0.9960	-0.0041
1A2K	boltz	0	0.5700	0.3440	0.2260	0.9884	0.9932	-0.0048	0.9960	0.9980	-0.0020
1A2K	boltz	1	0.6010	0.5640	0.0370	0.9876	0.9880	-0.0004	0.9960	0.9940	0.0020
1A2K	boltz	2	0.7210	0.5860	0.1350	0.9850	0.9881	-0.0031	0.9919	0.9960	-0.0041
1A2K	boltz	3	0.7250	0.3950	0.3300	0.9862	0.9912	-0.0050	0.9940	0.9960	-0.0020
1A2K	boltz	4	0.5870	0.6170	-0.0300	0.9870	0.9873	-0.0003	0.9940	0.9960	-0.0020
1ACB	af_relaxed	0	1.2030	1.1970	0.0060	0.9843	0.9843	0.0000	0.9811	0.9821	-0.0010
1ACB	af_relaxed	1	1.1870	1.1890	-0.0020	0.9842	0.9842	0.0000	0.9821	0.9811	0.0010
1ACB	af_relaxed	2	1.0450	1.0680	-0.0230	0.9862	0.9866	-0.0004	0.9811	0.9832	-0.0021
1ACB	af_relaxed	3	1.1210	1.0470	0.0740	0.9848	0.9862	-0.0014	0.9821	0.9811	0.0010
1ACB	af_relaxed	4	1.0650	1.0930	-0.0280	0.9861	0.9865	-0.0004	0.9811	0.9821	-0.0010
1ACB	af_unrelaxed	0	1.1920	1.1870	0.0050	0.9846	0.9846	0.0000	0.9821	0.9821	0.0000
1ACB	af_unrelaxed	1	1.0420	1.1730	-0.1310	0.9868	0.9846	0.0022	0.9811	0.9811	0.0000
1ACB	af_unrelaxed	2	1.1040	1.0500	0.0540	0.9854	0.9873	-0.0019	0.9821	0.9842	-0.0021
1ACB	af_unrelaxed	3	1.0390	1.0430	-0.0040	0.9874	0.9868	0.0006	0.9821	0.9811	0.0010
1ACB	af_unrelaxed	4	1.1700	1.0530	0.1170	0.9846	0.9877	-0.0031	0.9821	0.9853	-0.0032
1ACB	amber_af	0	1.2030	1.1970	0.0060	0.9843	0.9843	0.0000	0.9811	0.9821	-0.0010
1ACB	amber_af	1	1.0460	1.1870	-0.1410	0.9862	0.9842	0.0020	0.9811	0.9811	0.0000
1ACB	amber_af	2	1.1210	1.0660	0.0550	0.9848	0.9866	-0.0018	0.9821	0.9832	-0.0011
1ACB	amber_af	3	1.0720	1.0470	0.0250	0.9861	0.9861	0.0000	0.9811	0.9811	0.0000
1ACB	amber_af	4	1.1870	1.0970	0.0900	0.9842	0.9865	-0.0023	0.9821	0.9832	-0.0011
1ACB	amber_boltz	0	1.1930	1.2060	-0.0130	0.9838	0.9835	0.0003	0.9800	0.9800	0.0000
1ACB	amber_boltz	1	1.2090	1.1970	0.0120	0.9838	0.9842	-0.0004	0.9821	0.9811	0.0010
1ACB	amber_boltz	2	1.2240	1.1500	0.0740	0.9837	0.9846	-0.0009	0.9811	0.9832	-0.0021
1ACB	amber_boltz	3	1.1600	1.1810	-0.0210	0.9845	0.9837	0.0008	0.9821	0.9821	0.0000
1ACB	amber_boltz	4	1.2190	1.2460	-0.0270	0.9839	0.9833	0.0006	0.9811	0.9800	0.0011
1ACB	boltz	0	1.1870	1.2070	-0.0200	0.9840	0.9836	0.0004	0.9800	0.9800	0.0000
1ACB	boltz	1	1.2040	1.1970	0.0070	0.9839	0.9843	-0.0004	0.9821	0.9811	0.0010
1ACB	boltz	2	1.2210	1.1440	0.0770	0.9839	0.9848	-0.0009	0.9811	0.9832	-0.0021
1ACB	boltz	3	1.1540	1.1710	-0.0170	0.9847	0.9840	0.0007	0.9832	0.9821	0.0011
1ACB	boltz	4	1.2130	1.2440	-0.0310	0.9841	0.9834	0.0007	0.9821	0.9800	0.0021
1AHW	af_relaxed	0	1.0830	1.0380	0.0450	0.9726	0.9754	-0.0028	0.9533	0.9626	-0.0093
1AHW	af_relaxed	1	1.1410	1.1280	0.0130	0.9691	0.9699	-0.0008	0.9428	0.9451	-0.0023
1AHW	af_relaxed	2	1.1460	1.1610	-0.0150	0.9688	0.9674	0.0014	0.9439	0.9451	-0.0012
1AHW	af_relaxed	3	1.0380	1.1710	-0.1330	0.9752	0.9669	0.0083	0.9614	0.9369	0.0245
1AHW	af_relaxed	4	1.1270	1.0500	0.0770	0.9697	0.9745	-0.0048	0.9509	0.9591	-0.0082
1AHW	af_unrelaxed	0	1.0270	1.0250	0.0020	0.9755	0.9759	-0.0004	0.9650	0.9650	0.0000
1AHW	af_unrelaxed	1	1.1150	1.1150	0.0000	0.9702	0.9705	-0.0003	0.9498	0.9463	0.0035
1AHW	af_unrelaxed	2	1.1310	1.1490	-0.0180	0.9695	0.9679	0.0016	0.9439	0.9463	-0.0024
1AHW	af_unrelaxed	3	1.0650	1.1420	-0.0770	0.9734	0.9687	0.0047	0.9544	0.9428	0.0116
1AHW	af_unrelaxed	4	1.1310	1.0310	0.1000	0.9695	0.9754	-0.0059	0.9439	0.9638	-0.0199
1AHW	amber_af	0	1.0380	1.0370	0.0010	0.9752	0.9755	-0.0003	0.9614	0.9638	-0.0024
1AHW	amber_af	1	1.1260	1.1280	-0.0020	0.9697	0.9699	-0.0002	0.9509	0.9451	0.0058
1AHW	amber_af	2	1.1420	1.1610	-0.0190	0.9690	0.9674	0.0016	0.9428	0.9451	-0.0023
1AHW	amber_af	3	1.0840	1.1560	-0.0720	0.9726	0.9680	0.0046	0.9521	0.9428	0.0093
1AHW	amber_af	4	1.1460	1.0500	0.0960	0.9688	0.9745	-0.0057	0.9451	0.9591	-0.0140
1AHW	amber_boltz	0	0.9260	1.2510	-0.3250	0.9811	0.9605	0.0206	0.9801	0.9065	0.0736
1AHW	amber_boltz	1	1.0350	1.2150	-0.1800	0.9766	0.9630	0.0136	0.9720	0.9206	0.0514
1AHW	amber_boltz	2	1.0640	1.0910	-0.0270	0.9741	0.9721	0.0020	0.9614	0.9521	0.0093
1AHW	amber_boltz	3	1.2400	1.1050	0.1350	0.9621	0.9706	-0.0085	0.9194	0.9428	-0.0234
1AHW	amber_boltz	4	1.0790	1.3060	-0.2270	0.9726	0.9574	0.0152	0.9579	0.9007	0.0572
1AHW	boltz	0	0.9190	1.2460	-0.3270	0.9813	0.9607	0.0206	0.9801	0.9054	0.0747
1AHW	boltz	1	1.0300	1.2140	-0.1840	0.9769	0.9633	0.0136	0.9731	0.9194	0.0537
1AHW	boltz	2	1.0580	1.0890	-0.0310	0.9743	0.9722	0.0021	0.9614	0.9521	0.0093
1AHW	boltz	3	1.2370	1.1000	0.1370	0.9624	0.9708	-0.0084	0.9194	0.9486	-0.0292
1AHW	boltz	4	1.0630	1.2990	-0.2360	0.9734	0.9579	0.0155	0.9579	0.9019	0.0560
1AK4	af_relaxed	0	0.5720	0.5610	0.0110	0.9903	0.9905	-0.0002	0.9908	0.9908	0.0000
1AK4	af_relaxed	1	0.5690	0.5630	0.0060	0.9906	0.9906	0.0000	0.9908	0.9908	0.0000
1AK4	af_relaxed	2	0.5750	0.5460	0.0290	0.9903	0.9909	-0.0006	0.9893	0.9908	-0.0015
1AK4	af_relaxed	3	0.5270	0.5750	-0.0480	0.9912	0.9903	0.0009	0.9908	0.9893	0.0015
1AK4	af_relaxed	4	0.5620	0.5680	-0.0060	0.9905	0.9901	0.0004	0.9908	0.9908	0.0000
1AK4	af_unrelaxed	0	0.5670	0.5550	0.0120	0.9904	0.9907	-0.0003	0.9908	0.9908	0.0000
1AK4	af_unrelaxed	1	0.5220	0.5590	-0.0370	0.9914	0.9907	0.0007	0.9908	0.9908	0.0000
1AK4	af_unrelaxed	2	0.5710	0.5380	0.0330	0.9904	0.9912	-0.0008	0.9908	0.9908	0.0000
1AK4	af_unrelaxed	3	0.5640	0.5710	-0.0070	0.9907	0.9903	0.0004	0.9908	0.9908	0.0000
1AK4	af_unrelaxed	4	0.5590	0.5620	-0.0030	0.9906	0.9903	0.0003	0.9908	0.9908	0.0000
1AK4	amber_af	0	0.5720	0.5610	0.0110	0.9903	0.9905	-0.0002	0.9908	0.9908	0.0000
1AK4	amber_af	1	0.5260	0.5630	-0.0370	0.9913	0.9907	0.0006	0.9908	0.9908	0.0000
1AK4	amber_af	2	0.5750	0.5460	0.0290	0.9903	0.9909	-0.0006	0.9893	0.9908	-0.0015
1AK4	amber_af	3	0.5690	0.5750	-0.0060	0.9906	0.9903	0.0003	0.9908	0.9893	0.0015
1AK4	amber_af	4	0.5620	0.5670	-0.0050	0.9905	0.9901	0.0004	0.9908	0.9908	0.0000
1AK4	amber_boltz	0	0.6470	0.6600	-0.0130	0.9869	0.9869	0.0000	0.9862	0.9877	-0.0015
1AK4	amber_boltz	1	0.6330	0.6860	-0.0530	0.9878	0.9860	0.0018	0.9862	0.9862	0.0000
1AK4	amber_boltz	2	0.6760	0.6510	0.0250	0.9861	0.9874	-0.0013	0.9862	0.9877	-0.0015
1AK4	amber_boltz	3	0.6470	0.6640	-0.0170	0.9868	0.9870	-0.0002	0.9877	0.9877	0.0000
1AK4	amber_boltz	4	0.6420	0.6570	-0.0150	0.9872	0.9869	0.0003	0.9877	0.9862	0.0015
1AK4	boltz	0	0.6390	0.6520	-0.0130	0.9873	0.9872	0.0001	0.9877	0.9877	0.0000
1AK4	boltz	1	0.6260	0.6760	-0.0500	0.9880	0.9863	0.0017	0.9877	0.9862	0.0015
1AK4	boltz	2	0.6710	0.6470	0.0240	0.9862	0.9876	-0.0014	0.9877	0.9877	0.0000
1AK4	boltz	3	0.6400	0.6590	-0.0190	0.9871	0.9872	-0.0001	0.9877	0.9877	0.0000
1AK4	boltz	4	0.6380	0.6490	-0.0110	0.9874	0.9872	0.0002	0.9877	0.9877	0.0000
1AKJ	af_relaxed	0	0.9510	1.0020	-0.0510	0.9822	0.9798	0.0024	0.9620	0.9502	0.0118
1AKJ	af_relaxed	1	1.0350	1.0650	-0.0300	0.9789	0.9773	0.0016	0.9484	0.9457	0.0027
1AKJ	af_relaxed	2	1.0570	1.0360	0.0210	0.9778	0.9787	-0.0009	0.9457	0.9447	0.0010
1AKJ	af_relaxed	3	1.0050	1.0150	-0.0100	0.9804	0.9801	0.0003	0.9529	0.9574	-0.0045
1AKJ	af_relaxed	4	1.0670	1.0240	0.0430	0.9770	0.9795	-0.0025	0.9411	0.9520	-0.0109
1AKJ	af_unrelaxed	0	1.0620	1.0040	0.0580	0.9771	0.9796	-0.0025	0.9411	0.9484	-0.0073
1AKJ	af_unrelaxed	1	0.9500	1.0660	-0.1160	0.9821	0.9771	0.0050	0.9611	0.9457	0.0154
1AKJ	af_unrelaxed	2	1.0310	1.0370	-0.0060	0.9790	0.9785	0.0005	0.9475	0.9429	0.0046
1AKJ	af_unrelaxed	3	1.0550	1.0040	0.0510	0.9778	0.9804	-0.0026	0.9447	0.9547	-0.0100
1AKJ	af_unrelaxed	4	0.9880	1.0180	-0.0300	0.9810	0.9797	0.0013	0.9520	0.9511	0.0009
1AKJ	amber_af	0	1.0670	1.0020	0.0650	0.9769	0.9798	-0.0029	0.9420	0.9511	-0.0091
1AKJ	amber_af	1	0.9520	1.0670	-0.1150	0.9822	0.9772	0.0050	0.9611	0.9447	0.0164
1AKJ	amber_af	2	1.0330	1.0360	-0.0030	0.9790	0.9787	0.0003	0.9484	0.9438	0.0046
1AKJ	amber_af	3	1.0580	1.0170	0.0410	0.9778	0.9801	-0.0023	0.9457	0.9565	-0.0108
1AKJ	amber_af	4	0.9900	1.0240	-0.0340	0.9810	0.9795	0.0015	0.9547	0.9529	0.0018
1AKJ	amber_boltz	0	1.1190	1.0630	0.0560	0.9741	0.9775	-0.0034	0.9293	0.9393	-0.0100
1AKJ	amber_boltz	1	1.2550	0.9930	0.2620	0.9669	0.9801	-0.0132	0.9221	0.9475	-0.0254
1AKJ	amber_boltz	2	0.9960	1.2730	-0.2770	0.9809	0.9665	0.0144	0.9475	0.9185	0.0290
1AKJ	amber_boltz	3	1.1650	1.0850	0.0800	0.9722	0.9758	-0.0036	0.9275	0.9348	-0.0073
1AKJ	amber_boltz	4	1.0490	1.0660	-0.0170	0.9777	0.9771	0.0006	0.9411	0.9366	0.0045
1AKJ	boltz	0	1.1160	1.0610	0.0550	0.9743	0.9776	-0.0033	0.9312	0.9393	-0.0081
1AKJ	boltz	1	1.2510	0.9900	0.2610	0.9671	0.9802	-0.0131	0.9212	0.9475	-0.0263
1AKJ	boltz	2	0.9930	1.2710	-0.2780	0.9811	0.9666	0.0145	0.9493	0.9203	0.0290
1AKJ	boltz	3	1.1600	1.0820	0.0780	0.9724	0.9759	-0.0035	0.9257	0.9321	-0.0064
1AKJ	boltz	4	1.0420	1.0620	-0.0200	0.9780	0.9773	0.0007	0.9438	0.9375	0.0063
1ATN	af_relaxed	0	1.1530	1.1080	0.0450	0.9800	0.9817	-0.0017	0.9523	0.9583	-0.0060
1ATN	af_relaxed	1	1.1070	1.1360	-0.0290	0.9819	0.9806	0.0013	0.9590	0.9563	0.0027
1ATN	af_relaxed	2	1.0330	1.0270	0.0060	0.9844	0.9846	-0.0002	0.9671	0.9671	0.0000
1ATN	af_relaxed	3	1.1240	1.1170	0.0070	0.9815	0.9819	-0.0004	0.9577	0.9583	-0.0006
1ATN	af_relaxed	4	1.1010	1.0800	0.0210	0.9822	0.9829	-0.0007	0.9583	0.9610	-0.0027
1ATN	af_unrelaxed	0	1.1260	1.1070	0.0190	0.9816	0.9819	-0.0003	0.9577	0.9583	-0.0006
1ATN	af_unrelaxed	1	1.1020	1.1330	-0.0310	0.9823	0.9808	0.0015	0.9597	0.9563	0.0034
1ATN	af_unrelaxed	2	1.1510	1.0280	0.1230	0.9802	0.9847	-0.0045	0.9543	0.9664	-0.0121
1ATN	af_unrelaxed	3	1.0320	1.1180	-0.0860	0.9846	0.9820	0.0026	0.9677	0.9590	0.0087
1ATN	af_unrelaxed	4	1.1060	1.0820	0.0240	0.9821	0.9830	-0.0009	0.9597	0.9610	-0.0013
1ATN	amber_af	0	1.1250	1.1080	0.0170	0.9815	0.9817	-0.0002	0.9577	0.9590	-0.0013
1ATN	amber_af	1	1.1010	1.1360	-0.0350	0.9822	0.9806	0.0016	0.9583	0.9563	0.0020
1ATN	amber_af	2	1.1520	1.0270	0.1250	0.9800	0.9846	-0.0046	0.9530	0.9671	-0.0141
1ATN	amber_af	3	1.0340	1.1170	-0.0830	0.9844	0.9819	0.0025	0.9671	0.9590	0.0081
1ATN	amber_af	4	1.1070	1.0800	0.0270	0.9819	0.9829	-0.0010	0.9583	0.9610	-0.0027
1ATN	amber_boltz	0	2.1840	2.1450	0.0390	0.9342	0.9311	0.0031	0.8098	0.8031	0.0067
1ATN	amber_boltz	1	2.0700	2.3020	-0.2320	0.9347	0.9286	0.0061	0.8078	0.7997	0.0081
1ATN	amber_boltz	2	2.3160	2.3110	0.0050	0.9255	0.9304	-0.0049	0.7930	0.8017	-0.0087
1ATN	amber_boltz	3	2.1580	2.3780	-0.2200	0.9298	0.9269	0.0029	0.7997	0.7944	0.0053
1ATN	amber_boltz	4	2.0960	2.2690	-0.1730	0.9360	0.9296	0.0064	0.8125	0.8004	0.0121
1ATN	boltz	0	2.1850	2.1410	0.0440	0.9344	0.9313	0.0031	0.8112	0.8044	0.0068
1ATN	boltz	1	2.0700	2.3000	-0.2300	0.9348	0.9288	0.0060	0.8078	0.8017	0.0061
1ATN	boltz	2	2.3200	2.3080	0.0120	0.9255	0.9306	-0.0051	0.7923	0.8017	-0.0094
1ATN	boltz	3	2.1570	2.3790	-0.2220	0.9298	0.9269	0.0029	0.7991	0.7944	0.0047
1ATN	boltz	4	2.0920	2.2690	-0.1770	0.9362	0.9297	0.0065	0.8145	0.8024	0.0121
1AVX	af_relaxed	0	0.3560	0.3530	0.0030	0.9959	0.9960	-0.0001	1.0000	1.0000	0.0000
1AVX	af_relaxed	1	0.3600	0.3550	0.0050	0.9958	0.9959	-0.0001	1.0000	1.0000	0.0000
1AVX	af_relaxed	2	0.3580	0.3560	0.0020	0.9959	0.9959	0.0000	1.0000	1.0000	0.0000
1AVX	af_relaxed	3	0.3560	0.3560	0.0000	0.9959	0.9959	0.0000	1.0000	1.0000	0.0000
1AVX	af_relaxed	4	0.3550	0.3570	-0.0020	0.9959	0.9959	0.0000	1.0000	1.0000	0.0000
1AVX	af_unrelaxed	0	0.3450	0.3430	0.0020	0.9962	0.9962	0.0000	1.0000	1.0000	0.0000
1AVX	af_unrelaxed	1	0.3490	0.3440	0.0050	0.9961	0.9962	-0.0001	1.0000	1.0000	0.0000
1AVX	af_unrelaxed	2	0.3460	0.3460	0.0000	0.9961	0.9961	0.0000	1.0000	1.0000	0.0000
1AVX	af_unrelaxed	3	0.3470	0.3470	0.0000	0.9961	0.9961	0.0000	1.0000	1.0000	0.0000
1AVX	af_unrelaxed	4	0.3460	0.3490	-0.0030	0.9961	0.9961	0.0000	1.0000	1.0000	0.0000
1AVX	amber_af	0	0.3580	0.3630	-0.0050	0.9959	0.9958	0.0001	1.0000	0.9989	0.0011
1AVX	amber_af	1	0.3690	0.3550	0.0140	0.9956	0.9959	-0.0003	0.9989	1.0000	-0.0011
1AVX	amber_af	2	0.3550	0.3550	0.0000	0.9959	0.9959	0.0000	1.0000	1.0000	0.0000
1AVX	amber_af	3	0.3560	0.3660	-0.0100	0.9959	0.9957	0.0002	1.0000	0.9989	0.0011
1AVX	amber_af	4	0.3560	0.3580	-0.0020	0.9959	0.9959	0.0000	1.0000	1.0000	0.0000
1AVX	amber_boltz	0	0.3800	0.3870	-0.0070	0.9954	0.9952	0.0002	0.9989	1.0000	-0.0011
1AVX	amber_boltz	1	0.3730	0.3900	-0.0170	0.9955	0.9951	0.0004	1.0000	0.9989	0.0011
1AVX	amber_boltz	2	0.3990	0.3860	0.0130	0.9949	0.9952	-0.0003	0.9978	0.9989	-0.0011
1AVX	amber_boltz	3	0.3820	0.4020	-0.0200	0.9953	0.9948	0.0005	1.0000	0.9989	0.0011
1AVX	amber_boltz	4	0.4020	0.3700	0.0320	0.9948	0.9956	-0.0008	0.9978	1.0000	-0.0022
1AVX	boltz	0	0.3690	0.3750	-0.0060	0.9956	0.9955	0.0001	1.0000	1.0000	0.0000
1AVX	boltz	1	0.3610	0.3790	-0.0180	0.9958	0.9954	0.0004	1.0000	0.9989	0.0011
1AVX	boltz	2	0.3860	0.3740	0.0120	0.9952	0.9955	-0.0003	1.0000	0.9989	0.0011
1AVX	boltz	3	0.3680	0.3930	-0.0250	0.9956	0.9950	0.0006	1.0000	0.9989	0.0011
1AVX	boltz	4	0.3880	0.3590	0.0290	0.9952	0.9959	-0.0007	0.9978	1.0000	-0.0022
1AY7	af_relaxed	0	0.3990	0.3960	0.0030	0.9878	0.9880	-0.0002	1.0000	1.0000	0.0000
1AY7	af_relaxed	1	0.4060	0.4010	0.0050	0.9874	0.9877	-0.0003	1.0000	1.0000	0.0000
1AY7	af_relaxed	2	0.4200	0.4030	0.0170	0.9865	0.9876	-0.0011	1.0000	1.0000	0.0000
1AY7	af_relaxed	3	0.4040	0.4210	-0.0170	0.9875	0.9865	0.0010	1.0000	1.0000	0.0000
1AY7	af_relaxed	4	0.4080	0.4060	0.0020	0.9873	0.9874	-0.0001	1.0000	1.0000	0.0000
1AY7	af_unrelaxed	0	0.3940	0.3910	0.0030	0.9881	0.9883	-0.0002	1.0000	1.0000	0.0000
1AY7	af_unrelaxed	1	0.4000	0.3970	0.0030	0.9878	0.9880	-0.0002	1.0000	1.0000	0.0000
1AY7	af_unrelaxed	2	0.3930	0.3910	0.0020	0.9882	0.9883	-0.0001	1.0000	1.0000	0.0000
1AY7	af_unrelaxed	3	0.4010	0.4110	-0.0100	0.9878	0.9871	0.0007	1.0000	1.0000	0.0000
1AY7	af_unrelaxed	4	0.4100	0.4000	0.0100	0.9872	0.9878	-0.0006	1.0000	1.0000	0.0000
1AY7	amber_af	0	0.3990	0.3960	0.0030	0.9878	0.9880	-0.0002	1.0000	1.0000	0.0000
1AY7	amber_af	1	0.4060	0.4020	0.0040	0.9874	0.9877	-0.0003	1.0000	1.0000	0.0000
1AY7	amber_af	2	0.4040	0.4020	0.0020	0.9876	0.9876	0.0000	1.0000	1.0000	0.0000
1AY7	amber_af	3	0.4080	0.4210	-0.0130	0.9873	0.9865	0.0008	1.0000	1.0000	0.0000
1AY7	amber_af	4	0.4200	0.4070	0.0130	0.9866	0.9874	-0.0008	1.0000	1.0000	0.0000
1AY7	amber_boltz	0	0.3360	0.3280	0.0080	0.9914	0.9919	-0.0005	1.0000	0.9974	0.0026
1AY7	amber_boltz	1	0.4100	0.3590	0.0510	0.9878	0.9904	-0.0026	0.9948	0.9974	-0.0026
1AY7	amber_boltz	2	0.3930	0.3650	0.0280	0.9886	0.9899	-0.0013	0.9948	0.9974	-0.0026
1AY7	amber_boltz	3	0.3430	0.4450	-0.1020	0.9910	0.9867	0.0043	1.0000	0.9974	0.0026
1AY7	amber_boltz	4	0.4710	0.2870	0.1840	0.9853	0.9937	-0.0084	0.9922	1.0000	-0.0078
1AY7	boltz	0	0.3190	0.3130	0.0060	0.9923	0.9925	-0.0002	1.0000	0.9974	0.0026
1AY7	boltz	1	0.3960	0.3460	0.0500	0.9885	0.9911	-0.0026	0.9974	0.9974	0.0000
1AY7	boltz	2	0.3750	0.3550	0.0200	0.9895	0.9904	-0.0009	0.9974	1.0000	-0.0026
1AY7	boltz	3	0.3250	0.4220	-0.0970	0.9919	0.9879	0.0040	1.0000	0.9974	0.0026
1AY7	boltz	4	0.4430	0.2670	0.1760	0.9868	0.9945	-0.0077	0.9922	1.0000	-0.0078
1AZS	af_relaxed	0	0.7510	0.9770	-0.2260	0.9865	0.9837	0.0028	0.9921	0.9908	0.0013
1AZS	af_relaxed	1	0.7790	0.7790	0.0000	0.9854	0.9864	-0.0010	0.9882	0.9895	-0.0013
1AZS	af_relaxed	2	0.7550	0.7740	-0.0190	0.9860	0.9856	0.0004	0.9895	0.9882	0.0013
1AZS	af_relaxed	3	1.0250	0.7760	0.2490	0.9793	0.9858	-0.0065	0.9750	0.9855	-0.0105
1AZS	af_relaxed	4	0.7550	0.9940	-0.2390	0.9861	0.9800	0.0061	0.9855	0.9789	0.0066
1AZS	af_unrelaxed	0	1.0390	0.9780	0.0610	0.9788	0.9837	-0.0049	0.9763	0.9921	-0.0158
1AZS	af_unrelaxed	1	0.7570	0.7810	-0.0240	0.9859	0.9862	-0.0003	0.9868	0.9895	-0.0027
1AZS	af_unrelaxed	2	0.7520	0.7770	-0.0250	0.9865	0.9854	0.0011	0.9934	0.9882	0.0052
1AZS	af_unrelaxed	3	0.7570	0.7770	-0.0200	0.9857	0.9857	0.0000	0.9895	0.9895	0.0000
1AZS	af_unrelaxed	4	0.7840	1.0000	-0.2160	0.9850	0.9797	0.0053	0.9868	0.9789	0.0079
1AZS	amber_af	0	1.0250	0.9770	0.0480	0.9793	0.9837	-0.0044	0.9750	0.9908	-0.0158
1AZS	amber_af	1	0.7550	0.7790	-0.0240	0.9861	0.9864	-0.0003	0.9855	0.9895	-0.0040
1AZS	amber_af	2	0.7500	0.7740	-0.0240	0.9866	0.9856	0.0010	0.9921	0.9882	0.0039
1AZS	amber_af	3	0.7550	0.7760	-0.0210	0.9860	0.9858	0.0002	0.9895	0.9855	0.0040
1AZS	amber_af	4	0.7790	0.9940	-0.2150	0.9854	0.9800	0.0054	0.9882	0.9789	0.0093
1AZS	amber_boltz	0	0.6410	0.5940	0.0470	0.9906	0.9914	-0.0008	0.9947	0.9947	0.0000
1AZS	amber_boltz	1	0.5770	0.5850	-0.0080	0.9909	0.9913	-0.0004	0.9934	0.9961	-0.0027
1AZS	amber_boltz	2	0.6110	0.5590	0.0520	0.9909	0.9912	-0.0003	0.9961	0.9961	0.0000
1AZS	amber_boltz	3	0.8660	0.8500	0.0160	0.9874	0.9860	0.0014	0.9934	0.9895	0.0039
1AZS	amber_boltz	4	0.6380	0.5380	0.1000	0.9905	0.9914	-0.0009	0.9947	0.9947	0.0000
1AZS	boltz	0	0.6390	0.5930	0.0460	0.9906	0.9914	-0.0008	0.9947	0.9947	0.0000
1AZS	boltz	1	0.5710	0.5880	-0.0170	0.9910	0.9912	-0.0002	0.9934	0.9961	-0.0027
1AZS	boltz	2	0.6120	0.5530	0.0590	0.9908	0.9914	-0.0006	0.9961	0.9974	-0.0013
1AZS	boltz	3	0.8620	0.8450	0.0170	0.9875	0.9861	0.0014	0.9934	0.9908	0.0026
1AZS	boltz	4	0.6340	0.5260	0.1080	0.9906	0.9916	-0.0010	0.9961	0.9947	0.0014
1B6C	af_relaxed	0	0.4580	0.4720	-0.0140	0.9866	0.9857	0.0009	0.9953	0.9953	0.0000
1B6C	af_relaxed	1	0.4150	0.4760	-0.0610	0.9885	0.9857	0.0028	0.9953	0.9953	0.0000
1B6C	af_relaxed	2	0.3400	0.3270	0.0130	0.9922	0.9928	-0.0006	1.0000	1.0000	0.0000
1B6C	af_relaxed	3	0.4240	0.4310	-0.0070	0.9882	0.9878	0.0004	0.9977	0.9953	0.0024
1B6C	af_relaxed	4	0.4550	0.4730	-0.0180	0.9865	0.9855	0.0010	0.9930	0.9930	0.0000
1B6C	af_unrelaxed	0	0.4090	0.4140	-0.0050	0.9888	0.9886	0.0002	0.9977	0.9977	0.0000
1B6C	af_unrelaxed	1	0.4200	0.4150	0.0050	0.9882	0.9885	-0.0003	0.9977	0.9977	0.0000
1B6C	af_unrelaxed	2	0.3560	0.3430	0.0130	0.9915	0.9921	-0.0006	1.0000	1.0000	0.0000
1B6C	af_unrelaxed	3	0.4220	0.4140	0.0080	0.9881	0.9885	-0.0004	0.9977	0.9977	0.0000
1B6C	af_unrelaxed	4	0.3980	0.3870	0.0110	0.9894	0.9899	-0.0005	0.9977	1.0000	-0.0023
1B6C	amber_af	0	0.4240	0.4730	-0.0490	0.9881	0.9857	0.0024	0.9977	0.9930	0.0047
1B6C	amber_af	1	0.4600	0.4810	-0.0210	0.9865	0.9854	0.0011	0.9953	0.9953	0.0000
1B6C	amber_af	2	0.3440	0.3280	0.0160	0.9920	0.9927	-0.0007	1.0000	1.0000	0.0000
1B6C	amber_af	3	0.4240	0.4310	-0.0070	0.9882	0.9879	0.0003	0.9977	0.9953	0.0024
1B6C	amber_af	4	0.4550	0.4750	-0.0200	0.9865	0.9854	0.0011	0.9930	0.9930	0.0000
1B6C	amber_boltz	0	0.3880	0.3420	0.0460	0.9899	0.9921	-0.0022	1.0000	1.0000	0.0000
1B6C	amber_boltz	1	0.3590	0.3670	-0.0080	0.9914	0.9910	0.0004	0.9977	0.9977	0.0000
1B6C	amber_boltz	2	0.3480	0.3480	0.0000	0.9919	0.9918	0.0001	1.0000	1.0000	0.0000
1B6C	amber_boltz	3	0.3410	0.3690	-0.0280	0.9922	0.9909	0.0013	1.0000	0.9977	0.0023
1B6C	amber_boltz	4	0.3490	0.3640	-0.0150	0.9918	0.9910	0.0008	1.0000	1.0000	0.0000
1B6C	boltz	0	0.3720	0.3430	0.0290	0.9908	0.9921	-0.0013	1.0000	1.0000	0.0000
1B6C	boltz	1	0.3590	0.3690	-0.0100	0.9914	0.9909	0.0005	0.9977	0.9977	0.0000
1B6C	boltz	2	0.3460	0.3460	0.0000	0.9920	0.9919	0.0001	1.0000	1.0000	0.0000
1B6C	boltz	3	0.3380	0.3690	-0.0310	0.9923	0.9909	0.0014	1.0000	0.9977	0.0023
1B6C	boltz	4	0.3500	0.3650	-0.0150	0.9917	0.9911	0.0006	1.0000	1.0000	0.0000
1BKD	af_relaxed	0	1.3730	1.3820	-0.0090	0.9502	0.9482	0.0020	0.9337	0.9247	0.0090
1BKD	af_relaxed	1	1.3440	1.2960	0.0480	0.9507	0.9538	-0.0031	0.9337	0.9383	-0.0046
1BKD	af_relaxed	2	1.3720	1.2870	0.0850	0.9496	0.9536	-0.0040	0.9322	0.9352	-0.0030
1BKD	af_relaxed	3	1.2930	1.3860	-0.0930	0.9529	0.9491	0.0038	0.9337	0.9307	0.0030
1BKD	af_relaxed	4	1.3200	1.2990	0.0210	0.9518	0.9524	-0.0006	0.9322	0.9322	0.0000
1BKD	af_unrelaxed	0	1.3630	1.3780	-0.0150	0.9508	0.9483	0.0025	0.9337	0.9262	0.0075
1BKD	af_unrelaxed	1	1.2950	1.2890	0.0060	0.9528	0.9542	-0.0014	0.9398	0.9398	0.0000
1BKD	af_unrelaxed	2	1.3630	1.2850	0.0780	0.9501	0.9536	-0.0035	0.9322	0.9383	-0.0061
1BKD	af_unrelaxed	3	1.3270	1.3780	-0.0510	0.9517	0.9495	0.0022	0.9352	0.9322	0.0030
1BKD	af_unrelaxed	4	1.3200	1.3010	0.0190	0.9517	0.9523	-0.0006	0.9322	0.9352	-0.0030
1BKD	amber_af	0	1.3730	1.3830	-0.0100	0.9503	0.9480	0.0023	0.9337	0.9247	0.0090
1BKD	amber_af	1	1.2940	1.2950	-0.0010	0.9529	0.9539	-0.0010	0.9322	0.9367	-0.0045
1BKD	amber_af	2	1.3720	1.2870	0.0850	0.9496	0.9536	-0.0040	0.9307	0.9337	-0.0030
1BKD	amber_af	3	1.3460	1.3850	-0.0390	0.9505	0.9492	0.0013	0.9337	0.9322	0.0015
1BKD	amber_af	4	1.3200	1.2990	0.0210	0.9517	0.9524	-0.0007	0.9322	0.9322	0.0000
1BKD	amber_boltz	0	0.6410	0.6330	0.0080	0.9855	0.9851	0.0004	0.9834	0.9789	0.0045
1BKD	amber_boltz	1	0.6660	0.6370	0.0290	0.9834	0.9850	-0.0016	0.9789	0.9819	-0.0030
1BKD	amber_boltz	2	0.6940	0.6660	0.0280	0.9827	0.9838	-0.0011	0.9774	0.9804	-0.0030
1BKD	amber_boltz	3	0.6810	0.6600	0.0210	0.9836	0.9845	-0.0009	0.9789	0.9804	-0.0015
1BKD	amber_boltz	4	0.6910	0.6790	0.0120	0.9827	0.9838	-0.0011	0.9744	0.9819	-0.0075
1BKD	boltz	0	0.6410	0.6300	0.0110	0.9857	0.9854	0.0003	0.9834	0.9804	0.0030
1BKD	boltz	1	0.6680	0.6410	0.0270	0.9834	0.9849	-0.0015	0.9819	0.9819	0.0000
1BKD	boltz	2	0.6930	0.6610	0.0320	0.9829	0.9842	-0.0013	0.9744	0.9819	-0.0075
1BKD	boltz	3	0.6790	0.6550	0.0240	0.9838	0.9849	-0.0011	0.9789	0.9819	-0.0030
1BKD	boltz	4	0.6880	0.6800	0.0080	0.9829	0.9838	-0.0009	0.9759	0.9804	-0.0045
1BUH	af_relaxed	0	4.2600	4.2170	0.0430	0.9178	0.9194	-0.0016	0.8624	0.8632	-0.0008
1BUH	af_relaxed	1	4.2600	4.2520	0.0080	0.9166	0.9169	-0.0003	0.8598	0.8598	0.0000
1BUH	af_relaxed	2	4.3080	4.2180	0.0900	0.9169	0.9175	-0.0006	0.8598	0.8615	-0.0017
1BUH	af_relaxed	3	4.2030	4.2550	-0.0520	0.9180	0.9175	0.0005	0.8624	0.8589	0.0035
1BUH	af_relaxed	4	4.0600	4.0580	0.0020	0.9232	0.9245	-0.0013	0.8650	0.8676	-0.0026
1BUH	af_unrelaxed	0	4.3010	4.2110	0.0900	0.9173	0.9200	-0.0027	0.8606	0.8650	-0.0044
1BUH	af_unrelaxed	1	4.0500	4.2440	-0.1940	0.9237	0.9174	0.0063	0.8676	0.8615	0.0061
1BUH	af_unrelaxed	2	4.2520	4.2050	0.0470	0.9171	0.9180	-0.0009	0.8606	0.8650	-0.0044
1BUH	af_unrelaxed	3	4.2540	4.2480	0.0060	0.9183	0.9181	0.0002	0.8650	0.8598	0.0052
1BUH	af_unrelaxed	4	4.1890	4.0470	0.1420	0.9184	0.9250	-0.0066	0.8624	0.8693	-0.0069
1BUH	amber_af	0	4.3080	4.2160	0.0920	0.9169	0.9195	-0.0026	0.8598	0.8641	-0.0043
1BUH	amber_af	1	4.0590	4.2520	-0.1930	0.9232	0.9169	0.0063	0.8650	0.8598	0.0052
1BUH	amber_af	2	4.2600	4.2180	0.0420	0.9166	0.9175	-0.0009	0.8598	0.8624	-0.0026
1BUH	amber_af	3	4.2600	4.2550	0.0050	0.9178	0.9175	0.0003	0.8624	0.8589	0.0035
1BUH	amber_af	4	4.2050	4.0570	0.1480	0.9179	0.9245	-0.0066	0.8624	0.8676	-0.0052
1BUH	amber_boltz	0	1.0860	1.0300	0.0560	0.9769	0.9791	-0.0022	0.9434	0.9547	-0.0113
1BUH	amber_boltz	1	1.0760	1.0880	-0.0120	0.9772	0.9762	0.0010	0.9469	0.9382	0.0087
1BUH	amber_boltz	2	1.1390	1.0610	0.0780	0.9737	0.9782	-0.0045	0.9294	0.9469	-0.0175
1BUH	amber_boltz	3	1.2070	1.1480	0.0590	0.9711	0.9733	-0.0022	0.9233	0.9277	-0.0044
1BUH	amber_boltz	4	1.1370	1.2010	-0.0640	0.9742	0.9718	0.0024	0.9347	0.9242	0.0105
1BUH	boltz	0	1.0880	1.0330	0.0550	0.9768	0.9789	-0.0021	0.9408	0.9547	-0.0139
1BUH	boltz	1	1.0780	1.0900	-0.0120	0.9770	0.9761	0.0009	0.9443	0.9390	0.0053
1BUH	boltz	2	1.1390	1.0610	0.0780	0.9736	0.9782	-0.0046	0.9294	0.9495	-0.0201
1BUH	boltz	3	1.2050	1.1490	0.0560	0.9711	0.9732	-0.0021	0.9251	0.9294	-0.0043
1BUH	boltz	4	1.1370	1.2010	-0.0640	0.9741	0.9718	0.0023	0.9338	0.9242	0.0096
1BVN	af_relaxed	0	0.5620	0.5630	-0.0010	0.9957	0.9956	0.0001	0.9934	0.9934	0.0000
1BVN	af_relaxed	1	0.5620	0.5610	0.0010	0.9957	0.9957	0.0000	0.9929	0.9929	0.0000
1BVN	af_relaxed	2	0.5550	0.5530	0.0020	0.9958	0.9958	0.0000	0.9934	0.9940	-0.0006
1BVN	af_relaxed	3	0.5480	0.5370	0.0110	0.9959	0.9961	-0.0002	0.9940	0.9940	0.0000
1BVN	af_relaxed	4	0.5390	0.5440	-0.0050	0.9961	0.9960	0.0001	0.9940	0.9940	0.0000
1BVN	af_unrelaxed	0	0.5460	0.5520	-0.0060	0.9959	0.9958	0.0001	0.9945	0.9934	0.0011
1BVN	af_unrelaxed	1	0.5270	0.5490	-0.0220	0.9962	0.9959	0.0003	0.9950	0.9940	0.0010
1BVN	af_unrelaxed	2	0.5500	0.5440	0.0060	0.9958	0.9960	-0.0002	0.9934	0.9945	-0.0011
1BVN	af_unrelaxed	3	0.5370	0.5260	0.0110	0.9961	0.9962	-0.0001	0.9940	0.9950	-0.0010
1BVN	af_unrelaxed	4	0.5510	0.5330	0.0180	0.9958	0.9961	-0.0003	0.9940	0.9945	-0.0005
1BVN	amber_af	0	0.5560	0.5630	-0.0070	0.9958	0.9956	0.0002	0.9934	0.9934	0.0000
1BVN	amber_af	1	0.5390	0.5610	-0.0220	0.9961	0.9957	0.0004	0.9940	0.9929	0.0011
1BVN	amber_af	2	0.5620	0.5530	0.0090	0.9957	0.9958	-0.0001	0.9934	0.9934	0.0000
1BVN	amber_af	3	0.5490	0.5370	0.0120	0.9959	0.9961	-0.0002	0.9934	0.9940	-0.0006
1BVN	amber_af	4	0.5620	0.5450	0.0170	0.9957	0.9960	-0.0003	0.9934	0.9934	0.0000
1BVN	amber_boltz	0	0.6330	0.6850	-0.0520	0.9944	0.9934	0.0010	0.9889	0.9874	0.0015
1BVN	amber_boltz	1	0.6670	0.6550	0.0120	0.9937	0.9940	-0.0003	0.9849	0.9884	-0.0035
1BVN	amber_boltz	2	0.6760	0.6790	-0.0030	0.9935	0.9935	0.0000	0.9869	0.9889	-0.0020
1BVN	amber_boltz	3	0.6510	0.6830	-0.0320	0.9940	0.9934	0.0006	0.9924	0.9884	0.0040
1BVN	amber_boltz	4	0.6380	0.7170	-0.0790	0.9944	0.9927	0.0017	0.9909	0.9839	0.0070
1BVN	boltz	0	0.6330	0.6850	-0.0520	0.9944	0.9934	0.0010	0.9884	0.9869	0.0015
1BVN	boltz	1	0.6690	0.6550	0.0140	0.9937	0.9940	-0.0003	0.9869	0.9884	-0.0015
1BVN	boltz	2	0.6790	0.6800	-0.0010	0.9935	0.9935	0.0000	0.9869	0.9894	-0.0025
1BVN	boltz	3	0.6510	0.6820	-0.0310	0.9940	0.9934	0.0006	0.9919	0.9889	0.0030
1BVN	boltz	4	0.6360	0.7160	-0.0800	0.9944	0.9927	0.0017	0.9909	0.9849	0.0060
1CGI	af_relaxed	0	0.8710	1.0750	-0.2040	0.9866	0.9846	0.0020	0.9847	0.9847	0.0000
1CGI	af_relaxed	1	0.9830	1.0010	-0.0180	0.9850	0.9855	-0.0005	0.9827	0.9857	-0.0030
1CGI	af_relaxed	2	1.0230	1.0430	-0.0200	0.9848	0.9848	0.0000	0.9837	0.9857	-0.0020
1CGI	af_relaxed	3	1.0380	0.9500	0.0880	0.9853	0.9857	-0.0004	0.9857	0.9827	0.0030
1CGI	af_relaxed	4	0.9910	0.9280	0.0630	0.9853	0.9856	-0.0003	0.9837	0.9837	0.0000
1CGI	af_unrelaxed	0	0.9170	1.0480	-0.1310	0.9869	0.9853	0.0016	0.9857	0.9857	0.0000
1CGI	af_unrelaxed	1	0.9630	0.9210	0.0420	0.9866	0.9870	-0.0004	0.9867	0.9867	0.0000
1CGI	af_unrelaxed	2	0.9590	0.9600	-0.0010	0.9865	0.9866	-0.0001	0.9867	0.9867	0.0000
1CGI	af_unrelaxed	3	0.9980	0.9190	0.0790	0.9860	0.9869	-0.0009	0.9857	0.9857	0.0000
1CGI	af_unrelaxed	4	0.8690	0.9220	-0.0530	0.9874	0.9862	0.0012	0.9857	0.9847	0.0010
1CGI	amber_af	0	0.9620	1.0760	-0.1140	0.9858	0.9846	0.0012	0.9847	0.9847	0.0000
1CGI	amber_af	1	1.0420	1.0140	0.0280	0.9847	0.9851	-0.0004	0.9857	0.9857	0.0000
1CGI	amber_af	2	0.9870	1.0340	-0.0470	0.9856	0.9848	0.0008	0.9837	0.9857	-0.0020
1CGI	amber_af	3	1.0260	0.9440	0.0820	0.9847	0.9860	-0.0013	0.9837	0.9837	0.0000
1CGI	amber_af	4	0.8740	0.9280	-0.0540	0.9865	0.9856	0.0009	0.9837	0.9837	0.0000
1CGI	amber_boltz	0	0.8860	0.9100	-0.0240	0.9871	0.9862	0.0009	0.9857	0.9837	0.0020
1CGI	amber_boltz	1	0.8890	0.9410	-0.0520	0.9866	0.9851	0.0015	0.9837	0.9796	0.0041
1CGI	amber_boltz	2	0.8650	1.0130	-0.1480	0.9878	0.9857	0.0021	0.9847	0.9847	0.0000
1CGI	amber_boltz	3	0.8920	0.9070	-0.0150	0.9869	0.9859	0.0010	0.9827	0.9806	0.0021
1CGI	amber_boltz	4	0.8950	1.0620	-0.1670	0.9868	0.9847	0.0021	0.9847	0.9827	0.0020
1CGI	boltz	0	0.8790	0.8970	-0.0180	0.9876	0.9869	0.0007	0.9857	0.9837	0.0020
1CGI	boltz	1	0.8980	0.9360	-0.0380	0.9871	0.9857	0.0014	0.9827	0.9796	0.0031
1CGI	boltz	2	0.8580	1.0110	-0.1530	0.9882	0.9863	0.0019	0.9857	0.9847	0.0010
1CGI	boltz	3	0.8870	0.9060	-0.0190	0.9871	0.9866	0.0005	0.9827	0.9816	0.0011
1CGI	boltz	4	0.8870	0.9840	-0.0970	0.9871	0.9864	0.0007	0.9847	0.9837	0.0010
1CLV	af_relaxed	0	0.5100	0.5180	-0.0080	0.9958	0.9957	0.0001	0.9920	0.9931	-0.0011
1CLV	af_relaxed	1	0.4930	0.5230	-0.0300	0.9961	0.9956	0.0005	0.9941	0.9926	0.0015
1CLV	af_relaxed	2	0.4970	0.4900	0.0070	0.9960	0.9961	-0.0001	0.9947	0.9926	0.0021
1CLV	af_relaxed	3	0.4930	0.6050	-0.1120	0.9961	0.9945	0.0016	0.9941	0.9894	0.0047
1CLV	af_relaxed	4	0.5110	0.5020	0.0090	0.9958	0.9959	-0.0001	0.9931	0.9941	-0.0010
1CLV	af_unrelaxed	0	0.5130	0.5180	-0.0050	0.9957	0.9957	0.0000	0.9915	0.9926	-0.0011
1CLV	af_unrelaxed	1	0.4970	0.5240	-0.0270	0.9960	0.9956	0.0004	0.9931	0.9915	0.0016
1CLV	af_unrelaxed	2	0.5160	0.4940	0.0220	0.9957	0.9960	-0.0003	0.9931	0.9931	0.0000
1CLV	af_unrelaxed	3	0.4990	0.6070	-0.1080	0.9959	0.9945	0.0014	0.9936	0.9894	0.0042
1CLV	af_unrelaxed	4	0.4940	0.5060	-0.0120	0.9960	0.9959	0.0001	0.9936	0.9931	0.0005
1CLV	amber_af	0	0.5100	0.5170	-0.0070	0.9958	0.9957	0.0001	0.9920	0.9931	-0.0011
1CLV	amber_af	1	0.4930	0.5220	-0.0290	0.9961	0.9956	0.0005	0.9936	0.9926	0.0010
1CLV	amber_af	2	0.5120	0.4890	0.0230	0.9958	0.9961	-0.0003	0.9931	0.9931	0.0000
1CLV	amber_af	3	0.4980	0.6050	-0.1070	0.9960	0.9945	0.0015	0.9941	0.9894	0.0047
1CLV	amber_af	4	0.4920	0.5030	-0.0110	0.9961	0.9959	0.0002	0.9936	0.9941	-0.0005
1CLV	amber_boltz	0	0.5370	0.5770	-0.0400	0.9958	0.9951	0.0007	0.9947	0.9915	0.0032
1CLV	amber_boltz	1	0.5630	0.5140	0.0490	0.9954	0.9961	-0.0007	0.9915	0.9941	-0.0026
1CLV	amber_boltz	2	0.5880	0.5100	0.0780	0.9949	0.9963	-0.0014	0.9926	0.9936	-0.0010
1CLV	amber_boltz	3	0.5830	0.5890	-0.0060	0.9950	0.9948	0.0002	0.9920	0.9894	0.0026
1CLV	amber_boltz	4	0.6230	0.6410	-0.0180	0.9942	0.9938	0.0004	0.9894	0.9851	0.0043
1CLV	boltz	0	0.5360	0.5750	-0.0390	0.9958	0.9951	0.0007	0.9947	0.9915	0.0032
1CLV	boltz	1	0.5640	0.5130	0.0510	0.9953	0.9961	-0.0008	0.9910	0.9941	-0.0031
1CLV	boltz	2	0.5870	0.5100	0.0770	0.9949	0.9963	-0.0014	0.9931	0.9941	-0.0010
1CLV	boltz	3	0.5840	0.5910	-0.0070	0.9949	0.9948	0.0001	0.9915	0.9894	0.0021
1CLV	boltz	4	0.6250	0.6410	-0.0160	0.9942	0.9937	0.0005	0.9883	0.9851	0.0032
1D6R	af_relaxed	0	0.3260	0.3190	0.0070	0.9966	0.9967	-0.0001	0.9989	1.0000	-0.0011
1D6R	af_relaxed	1	0.3320	0.3260	0.0060	0.9965	0.9966	-0.0001	0.9989	0.9989	0.0000
1D6R	af_relaxed	2	0.3280	0.3340	-0.0060	0.9966	0.9964	0.0002	0.9989	0.9989	0.0000
1D6R	af_relaxed	3	0.3380	0.3210	0.0170	0.9964	0.9967	-0.0003	0.9989	0.9989	0.0000
1D6R	af_relaxed	4	0.3430	0.3130	0.0300	0.9962	0.9968	-0.0006	0.9989	1.0000	-0.0011
1D6R	af_unrelaxed	0	0.3420	0.3190	0.0230	0.9962	0.9967	-0.0005	0.9989	1.0000	-0.0011
1D6R	af_unrelaxed	1	0.3390	0.3220	0.0170	0.9963	0.9967	-0.0004	0.9989	0.9989	0.0000
1D6R	af_unrelaxed	2	0.3300	0.3310	-0.0010	0.9965	0.9965	0.0000	0.9989	0.9989	0.0000
1D6R	af_unrelaxed	3	0.3230	0.3200	0.0030	0.9966	0.9967	-0.0001	0.9989	1.0000	-0.0011
1D6R	af_unrelaxed	4	0.3240	0.3140	0.0100	0.9966	0.9968	-0.0002	0.9989	1.0000	-0.0011
1D6R	amber_af	0	0.3430	0.3190	0.0240	0.9962	0.9967	-0.0005	0.9989	1.0000	-0.0011
1D6R	amber_af	1	0.3390	0.3260	0.0130	0.9963	0.9966	-0.0003	0.9989	0.9989	0.0000
1D6R	amber_af	2	0.3310	0.3340	-0.0030	0.9965	0.9964	0.0001	0.9989	0.9989	0.0000
1D6R	amber_af	3	0.3250	0.3210	0.0040	0.9966	0.9967	-0.0001	0.9989	0.9989	0.0000
1D6R	amber_af	4	0.3270	0.3130	0.0140	0.9966	0.9968	-0.0002	0.9989	1.0000	-0.0011
1D6R	amber_boltz	0	0.2820	0.3080	-0.0260	0.9974	0.9969	0.0005	1.0000	1.0000	0.0000
1D6R	amber_boltz	1	0.2880	0.2880	0.0000	0.9973	0.9973	0.0000	1.0000	1.0000	0.0000
1D6R	amber_boltz	2	0.2800	0.2960	-0.0160	0.9975	0.9972	0.0003	1.0000	1.0000	0.0000
1D6R	amber_boltz	3	0.2840	0.3000	-0.0160	0.9974	0.9971	0.0003	1.0000	1.0000	0.0000
1D6R	amber_boltz	4	0.2890	0.2780	0.0110	0.9973	0.9975	-0.0002	1.0000	1.0000	0.0000
1D6R	boltz	0	0.2710	0.3020	-0.0310	0.9976	0.9971	0.0005	1.0000	1.0000	0.0000
1D6R	boltz	1	0.2770	0.2800	-0.0030	0.9975	0.9975	0.0000	1.0000	1.0000	0.0000
1D6R	boltz	2	0.2680	0.2860	-0.0180	0.9977	0.9973	0.0004	1.0000	1.0000	0.0000
1D6R	boltz	3	0.2730	0.2920	-0.0190	0.9976	0.9972	0.0004	1.0000	1.0000	0.0000
1D6R	boltz	4	0.2800	0.2660	0.0140	0.9975	0.9977	-0.0002	1.0000	1.0000	0.0000
1DE4	af_relaxed	0	1.9880	2.0100	-0.0220	0.9458	0.9435	0.0023	0.8621	0.8594	0.0027
1DE4	af_relaxed	1	2.0040	1.9880	0.0160	0.9455	0.9454	0.0001	0.8566	0.8603	-0.0037
1DE4	af_relaxed	2	2.0310	2.0080	0.0230	0.9415	0.9447	-0.0032	0.8483	0.8539	-0.0056
1DE4	af_relaxed	3	2.0610	2.0040	0.0570	0.9393	0.9440	-0.0047	0.8419	0.8502	-0.0083
1DE4	af_relaxed	4	1.9870	2.0210	-0.0340	0.9446	0.9434	0.0012	0.8557	0.8520	0.0037
1DE4	amber_af	0	1.9890	2.0090	-0.0200	0.9445	0.9435	0.0010	0.8557	0.8566	-0.0009
1DE4	amber_af	1	2.0300	1.9880	0.0420	0.9417	0.9453	-0.0036	0.8502	0.8585	-0.0083
1DE4	amber_af	2	2.0610	2.0070	0.0540	0.9392	0.9448	-0.0056	0.8419	0.8529	-0.0110
1DE4	amber_af	3	2.0050	2.0060	-0.0010	0.9455	0.9439	0.0016	0.8566	0.8502	0.0064
1DE4	amber_af	4	1.9890	2.0190	-0.0300	0.9457	0.9434	0.0023	0.8612	0.8520	0.0092
1DE4	amber_boltz	0	2.1360	2.1610	-0.0250	0.9318	0.9299	0.0019	0.8336	0.8263	0.0073
1DE4	amber_boltz	1	2.2980	2.2980	0.0000	0.9138	0.9164	-0.0026	0.8061	0.8143	-0.0082
1DE4	amber_boltz	2	2.2020	2.2120	-0.0100	0.9230	0.9228	0.0002	0.8263	0.8235	0.0028
1DE4	amber_boltz	3	2.1370	2.0520	0.0850	0.9321	0.9399	-0.0078	0.8447	0.8465	-0.0018
1DE4	amber_boltz	4	2.3370	2.4200	-0.0830	0.9128	0.9024	0.0104	0.8217	0.8125	0.0092
1DE4	boltz	0	2.1260	2.1520	-0.0260	0.9324	0.9304	0.0020	0.8355	0.8263	0.0092
1DE4	boltz	1	2.2910	2.2850	0.0060	0.9143	0.9174	-0.0031	0.8097	0.8180	-0.0083
1DE4	boltz	2	2.1930	2.2010	-0.0080	0.9235	0.9233	0.0002	0.8263	0.8263	0.0000
1DE4	boltz	3	2.1270	2.0380	0.0890	0.9326	0.9404	-0.0078	0.8474	0.8474	0.0000
1DE4	boltz	4	2.3300	2.4150	-0.0850	0.9133	0.9029	0.0104	0.8217	0.8153	0.0064
1DFJ	af_relaxed	0	0.5690	0.5680	0.0010	0.9820	0.9820	0.0000	0.9879	0.9879	0.0000
1DFJ	af_relaxed	1	0.5680	0.5740	-0.0060	0.9820	0.9817	0.0003	0.9879	0.9879	0.0000
1DFJ	af_relaxed	2	0.5610	0.5630	-0.0020	0.9825	0.9824	0.0001	0.9899	0.9899	0.0000
1DFJ	af_relaxed	3	0.5740	0.5730	0.0010	0.9817	0.9818	-0.0001	0.9879	0.9879	0.0000
1DFJ	af_relaxed	4	0.5540	0.5560	-0.0020	0.9829	0.9828	0.0001	0.9879	0.9879	0.0000
1DFJ	af_unrelaxed	0	0.5670	0.5600	0.0070	0.9821	0.9825	-0.0004	0.9879	0.9879	0.0000
1DFJ	af_unrelaxed	1	0.5510	0.5620	-0.0110	0.9830	0.9824	0.0006	0.9899	0.9879	0.0020
1DFJ	af_unrelaxed	2	0.5610	0.5530	0.0080	0.9824	0.9829	-0.0005	0.9879	0.9899	-0.0020
1DFJ	af_unrelaxed	3	0.5450	0.5650	-0.0200	0.9833	0.9822	0.0011	0.9879	0.9879	0.0000
1DFJ	af_unrelaxed	4	0.5570	0.5460	0.0110	0.9826	0.9833	-0.0007	0.9879	0.9879	0.0000
1DFJ	amber_af	0	0.5740	0.5680	0.0060	0.9817	0.9820	-0.0003	0.9879	0.9879	0.0000
1DFJ	amber_af	1	0.5620	0.5740	-0.0120	0.9825	0.9817	0.0008	0.9899	0.9879	0.0020
1DFJ	amber_af	2	0.5690	0.5630	0.0060	0.9820	0.9824	-0.0004	0.9879	0.9899	-0.0020
1DFJ	amber_af	3	0.5540	0.5720	-0.0180	0.9829	0.9818	0.0011	0.9879	0.9879	0.0000
1DFJ	amber_af	4	0.5700	0.5560	0.0140	0.9819	0.9827	-0.0008	0.9879	0.9879	0.0000
1DFJ	amber_boltz	0	0.6640	0.6580	0.0060	0.9762	0.9766	-0.0004	0.9778	0.9819	-0.0041
1DFJ	amber_boltz	1	0.6880	0.6590	0.0290	0.9747	0.9766	-0.0019	0.9758	0.9819	-0.0061
1DFJ	amber_boltz	2	0.6550	0.6800	-0.0250	0.9768	0.9752	0.0016	0.9798	0.9778	0.0020
1DFJ	amber_boltz	3	0.6680	0.6380	0.0300	0.9765	0.9780	-0.0015	0.9798	0.9839	-0.0041
1DFJ	amber_boltz	4	0.6720	0.6790	-0.0070	0.9756	0.9755	0.0001	0.9758	0.9819	-0.0061
1DFJ	boltz	0	0.6570	0.6530	0.0040	0.9766	0.9768	-0.0002	0.9778	0.9798	-0.0020
1DFJ	boltz	1	0.6770	0.6520	0.0250	0.9753	0.9770	-0.0017	0.9778	0.9798	-0.0020
1DFJ	boltz	2	0.6470	0.6670	-0.0200	0.9772	0.9760	0.0012	0.9819	0.9778	0.0041
1DFJ	boltz	3	0.6540	0.6260	0.0280	0.9772	0.9786	-0.0014	0.9798	0.9839	-0.0041
1DFJ	boltz	4	0.6610	0.6680	-0.0070	0.9762	0.9760	0.0002	0.9778	0.9819	-0.0041
1DQJ	af_relaxed	0	11.7320	11.7380	-0.0060	0.3585	0.3585	0.0000	0.2091	0.2079	0.0012
1DQJ	af_relaxed	1	11.7350	11.7390	-0.0040	0.3582	0.3583	-0.0001	0.2079	0.2103	-0.0024
1DQJ	af_relaxed	2	11.7890	11.7890	0.0000	0.3562	0.3558	0.0004	0.2114	0.2103	0.0011
1DQJ	af_relaxed	3	11.8150	11.7770	0.0380	0.3541	0.3565	-0.0024	0.2079	0.2114	-0.0035
1DQJ	af_relaxed	4	11.7960	11.8210	-0.0250	0.3556	0.3550	0.0006	0.2103	0.2103	0.0000
1DQJ	af_unrelaxed	0	11.7130	11.7190	-0.0060	0.3594	0.3600	-0.0006	0.2091	0.2091	0.0000
1DQJ	af_unrelaxed	1	11.7800	11.7170	0.0630	0.3565	0.3593	-0.0028	0.2114	0.2091	0.0023
1DQJ	af_unrelaxed	2	11.7120	11.7690	-0.0570	0.3589	0.3571	0.0018	0.2079	0.2114	-0.0035
1DQJ	af_unrelaxed	3	11.7670	11.7550	0.0120	0.3574	0.3575	-0.0001	0.2126	0.2091	0.0035
1DQJ	af_unrelaxed	4	11.7930	11.8010	-0.0080	0.3555	0.3560	-0.0005	0.2091	0.2138	-0.0047
1DQJ	amber_af	0	11.7320	11.7370	-0.0050	0.3584	0.3586	-0.0002	0.2091	0.2091	0.0000
1DQJ	amber_af	1	11.7960	11.7380	0.0580	0.3556	0.3583	-0.0027	0.2103	0.2103	0.0000
1DQJ	amber_af	2	11.7340	11.7870	-0.0530	0.3582	0.3558	0.0024	0.2079	0.2114	-0.0035
1DQJ	amber_af	3	11.7890	11.7780	0.0110	0.3562	0.3565	-0.0003	0.2126	0.2126	0.0000
1DQJ	amber_af	4	11.8150	11.8190	-0.0040	0.3541	0.3550	-0.0009	0.2056	0.2103	-0.0047
1DQJ	amber_boltz	0	11.7680	11.7770	-0.0090	0.3565	0.3575	-0.0010	0.2068	0.2091	-0.0023
1DQJ	amber_boltz	1	11.8030	11.7330	0.0700	0.3556	0.3547	0.0009	0.2068	0.2091	-0.0023
1DQJ	amber_boltz	2	11.7680	11.7680	0.0000	0.3571	0.3576	-0.0005	0.2079	0.2068	0.0011
1DQJ	amber_boltz	3	11.7490	11.7690	-0.0200	0.3559	0.3570	-0.0011	0.2079	0.2068	0.0011
1DQJ	amber_boltz	4	11.7850	11.7150	0.0700	0.3554	0.3541	0.0013	0.2068	0.2103	-0.0035
1DQJ	boltz	0	11.7580	11.7650	-0.0070	0.3573	0.3582	-0.0009	0.2079	0.2091	-0.0012
1DQJ	boltz	1	11.7930	11.7210	0.0720	0.3559	0.3550	0.0009	0.2068	0.2056	0.0012
1DQJ	boltz	2	11.7560	11.7580	-0.0020	0.3576	0.3580	-0.0004	0.2056	0.2068	-0.0012
1DQJ	boltz	3	11.7380	11.7570	-0.0190	0.3564	0.3576	-0.0012	0.2068	0.2068	0.0000
1DQJ	boltz	4	11.7700	11.7010	0.0690	0.3561	0.3547	0.0014	0.2068	0.2056	0.0012
1E4K	af_relaxed	0	4.6980	4.7400	-0.0420	0.9230	0.9243	-0.0013	0.9016	0.9028	-0.0012
1E4K	af_relaxed	1	4.6220	4.6120	0.0100	0.9229	0.9227	0.0002	0.8947	0.8912	0.0035
1E4K	af_relaxed	2	4.4630	4.4200	0.0430	0.9274	0.9211	0.0063	0.9062	0.8877	0.0185
1E4K	af_relaxed	3	4.4600	4.6820	-0.2220	0.9160	0.9211	-0.0051	0.8646	0.8924	-0.0278
1E4K	af_relaxed	4	4.7880	4.4960	0.2920	0.9238	0.9164	0.0074	0.8970	0.8831	0.0139
1E4K	af_unrelaxed	0	4.5960	4.7190	-0.1230	0.9243	0.9249	-0.0006	0.8958	0.9005	-0.0047
1E4K	af_unrelaxed	1	4.4490	4.5850	-0.1360	0.9276	0.9241	0.0035	0.9062	0.8970	0.0092
1E4K	af_unrelaxed	2	4.6400	4.4090	0.2310	0.9254	0.9213	0.0041	0.9016	0.8877	0.0139
1E4K	af_unrelaxed	3	4.4510	4.6660	-0.2150	0.9165	0.9219	-0.0054	0.8669	0.8958	-0.0289
1E4K	af_unrelaxed	4	4.7310	4.3990	0.3320	0.9249	0.9224	0.0025	0.9028	0.9016	0.0012
1E4K	amber_af	0	4.6200	4.7390	-0.1190	0.9229	0.9243	-0.0014	0.8947	0.9028	-0.0081
1E4K	amber_af	1	4.4630	4.6100	-0.1470	0.9274	0.9227	0.0047	0.9062	0.8924	0.0138
1E4K	amber_af	2	4.6960	4.4170	0.2790	0.9231	0.9212	0.0019	0.9016	0.8866	0.0150
1E4K	amber_af	3	4.4620	4.6830	-0.2210	0.9161	0.9213	-0.0052	0.8646	0.8924	-0.0278
1E4K	amber_af	4	4.7620	4.4960	0.2660	0.9239	0.9157	0.0082	0.9028	0.8819	0.0209
1E4K	amber_boltz	0	4.6800	4.6550	0.0250	0.8977	0.8857	0.0120	0.8241	0.7998	0.0243
1E4K	amber_boltz	1	4.6170	4.5440	0.0730	0.8896	0.9080	-0.0184	0.8067	0.8484	-0.0417
1E4K	amber_boltz	2	4.9220	4.7150	0.2070	0.8802	0.8941	-0.0139	0.7998	0.8206	-0.0208
1E4K	amber_boltz	3	4.3750	4.7300	-0.3550	0.9054	0.8953	0.0101	0.8368	0.8183	0.0185
1E4K	amber_boltz	4	4.1980	4.2460	-0.0480	0.8939	0.8917	0.0022	0.8102	0.8160	-0.0058
1E4K	boltz	0	4.6780	4.6430	0.0350	0.8983	0.8862	0.0121	0.8252	0.8032	0.0220
1E4K	boltz	1	4.6220	4.5320	0.0900	0.8905	0.9088	-0.0183	0.8102	0.8484	-0.0382
1E4K	boltz	2	4.9200	4.7130	0.2070	0.8807	0.8946	-0.0139	0.7998	0.8229	-0.0231
1E4K	boltz	3	4.3680	4.7240	-0.3560	0.9057	0.8959	0.0098	0.8368	0.8183	0.0185
1E4K	boltz	4	4.1870	4.2370	-0.0500	0.8943	0.8922	0.0021	0.8113	0.8160	-0.0047
1E6E	af_relaxed	0	0.8060	0.7970	0.0090	0.9906	0.9909	-0.0003	0.9743	0.9754	-0.0011
1E6E	af_relaxed	1	0.8120	0.8010	0.0110	0.9905	0.9907	-0.0002	0.9737	0.9748	-0.0011
1E6E	af_relaxed	2	0.8500	0.8370	0.0130	0.9892	0.9897	-0.0005	0.9639	0.9677	-0.0038
1E6E	af_relaxed	3	0.8440	0.7780	0.0660	0.9895	0.9909	-0.0014	0.9650	0.9732	-0.0082
1E6E	af_relaxed	4	0.7980	0.8210	-0.0230	0.9905	0.9900	0.0005	0.9721	0.9694	0.0027
1E6E	af_unrelaxed	0	0.8060	0.7940	0.0120	0.9906	0.9909	-0.0003	0.9732	0.9754	-0.0022
1E6E	af_unrelaxed	1	0.8120	0.7990	0.0130	0.9905	0.9908	-0.0003	0.9732	0.9748	-0.0016
1E6E	af_unrelaxed	2	0.7930	0.8350	-0.0420	0.9906	0.9898	0.0008	0.9732	0.9694	0.0038
1E6E	af_unrelaxed	3	0.8390	0.7760	0.0630	0.9896	0.9910	-0.0014	0.9655	0.9726	-0.0071
1E6E	af_unrelaxed	4	0.8450	0.8170	0.0280	0.9894	0.9901	-0.0007	0.9650	0.9694	-0.0044
1E6E	amber_af	0	0.8060	0.7970	0.0090	0.9906	0.9909	-0.0003	0.9737	0.9754	-0.0017
1E6E	amber_af	1	0.8120	0.8010	0.0110	0.9905	0.9907	-0.0002	0.9737	0.9748	-0.0011
1E6E	amber_af	2	0.7980	0.8360	-0.0380	0.9905	0.9897	0.0008	0.9721	0.9694	0.0027
1E6E	amber_af	3	0.8430	0.7780	0.0650	0.9895	0.9909	-0.0014	0.9650	0.9732	-0.0082
1E6E	amber_af	4	0.8660	0.8220	0.0440	0.9888	0.9900	-0.0012	0.9639	0.9694	-0.0055
1E6E	amber_boltz	0	0.8490	0.7760	0.0730	0.9887	0.9906	-0.0019	0.9623	0.9737	-0.0114
1E6E	amber_boltz	1	0.9650	0.8880	0.0770	0.9860	0.9881	-0.0021	0.9530	0.9628	-0.0098
1E6E	amber_boltz	2	0.9030	1.0010	-0.0980	0.9872	0.9848	0.0024	0.9524	0.9469	0.0055
1E6E	amber_boltz	3	0.9080	0.9720	-0.0640	0.9875	0.9857	0.0018	0.9562	0.9551	0.0011
1E6E	amber_boltz	4	0.8980	0.9320	-0.0340	0.9879	0.9872	0.0007	0.9590	0.9612	-0.0022
1E6E	boltz	0	0.8420	0.7690	0.0730	0.9889	0.9908	-0.0019	0.9628	0.9732	-0.0104
1E6E	boltz	1	0.9630	0.8790	0.0840	0.9861	0.9883	-0.0022	0.9530	0.9639	-0.0109
1E6E	boltz	2	0.8980	0.9940	-0.0960	0.9873	0.9850	0.0023	0.9524	0.9486	0.0038
1E6E	boltz	3	0.9040	0.9660	-0.0620	0.9876	0.9859	0.0017	0.9557	0.9551	0.0006
1E6E	boltz	4	0.8900	0.9270	-0.0370	0.9881	0.9874	0.0007	0.9623	0.9633	-0.0010
1E6J	af_relaxed	0	1.6660	1.7090	-0.0430	0.9491	0.9534	-0.0043	0.8986	0.9222	-0.0236
1E6J	af_relaxed	1	1.9640	1.8350	0.1290	0.9270	0.9292	-0.0022	0.8502	0.8491	0.0011
1E6J	af_relaxed	2	1.9810	1.7550	0.2260	0.9265	0.9490	-0.0225	0.8561	0.8962	-0.0401
1E6J	af_relaxed	3	2.0080	2.1170	-0.1090	0.9235	0.9116	0.0119	0.8467	0.8302	0.0165
1E6J	af_relaxed	4	2.4410	2.4270	0.0140	0.8670	0.8687	-0.0017	0.7830	0.7818	0.0012
1E6J	af_unrelaxed	0	2.4290	1.7230	0.7060	0.8685	0.9529	-0.0844	0.7842	0.9186	-0.1344
1E6J	af_unrelaxed	1	1.6720	1.8320	-0.1600	0.9491	0.9297	0.0194	0.8974	0.8491	0.0483
1E6J	af_unrelaxed	2	2.0020	1.7690	0.2330	0.9255	0.9483	-0.0228	0.8550	0.8962	-0.0412
1E6J	af_unrelaxed	3	2.0280	2.1510	-0.1230	0.9227	0.9090	0.0137	0.8467	0.8290	0.0177
1E6J	af_unrelaxed	4	1.9970	2.4170	-0.4200	0.9250	0.8701	0.0549	0.8550	0.7842	0.0708
1E6J	amber_af	0	2.4410	1.7080	0.7330	0.8670	0.9534	-0.0864	0.7818	0.9222	-0.1404
1E6J	amber_af	1	1.6660	1.8310	-0.1650	0.9492	0.9295	0.0197	0.8998	0.8491	0.0507
1E6J	amber_af	2	1.9750	1.7530	0.2220	0.9266	0.9490	-0.0224	0.8550	0.8962	-0.0412
1E6J	amber_af	3	2.0080	2.1240	-0.1160	0.9235	0.9114	0.0121	0.8455	0.8290	0.0165
1E6J	amber_af	4	1.9630	2.4260	-0.4630	0.9270	0.8687	0.0583	0.8514	0.7818	0.0696
1E6J	amber_boltz	0	1.7810	2.1930	-0.4120	0.9380	0.8992	0.0388	0.8797	0.8184	0.0613
1E6J	amber_boltz	1	2.2610	1.7140	0.5470	0.8889	0.9466	-0.0577	0.8125	0.8974	-0.0849
1E6J	amber_boltz	2	1.9790	2.0950	-0.1160	0.9202	0.9110	0.0092	0.8491	0.8373	0.0118
1E6J	amber_boltz	3	1.9650	2.0000	-0.0350	0.9219	0.9219	0.0000	0.8479	0.8467	0.0012
1E6J	amber_boltz	4	2.1400	2.0610	0.0790	0.9073	0.9159	-0.0086	0.8325	0.8408	-0.0083
1E6J	boltz	0	1.7900	2.1940	-0.4040	0.9375	0.8989	0.0386	0.8738	0.8172	0.0566
1E6J	boltz	1	2.2630	1.7110	0.5520	0.8886	0.9462	-0.0576	0.8078	0.8962	-0.0884
1E6J	boltz	2	1.9790	2.0960	-0.1170	0.9200	0.9107	0.0093	0.8455	0.8361	0.0094
1E6J	boltz	3	1.9660	2.0010	-0.0350	0.9215	0.9214	0.0001	0.8467	0.8502	-0.0035
1E6J	boltz	4	2.1410	2.0610	0.0800	0.9071	0.9154	-0.0083	0.8337	0.8420	-0.0083
1E96	af_relaxed	0	0.3670	0.3790	-0.0120	0.9946	0.9943	0.0003	1.0000	0.9986	0.0014
1E96	af_relaxed	1	0.3950	0.4360	-0.0410	0.9938	0.9925	0.0013	0.9986	0.9972	0.0014
1E96	af_relaxed	2	0.4320	0.3640	0.0680	0.9926	0.9947	-0.0021	0.9958	0.9986	-0.0028
1E96	af_relaxed	3	0.3580	0.4540	-0.0960	0.9949	0.9919	0.0030	1.0000	0.9972	0.0028
1E96	af_relaxed	4	0.4600	0.4680	-0.0080	0.9917	0.9916	0.0001	0.9958	0.9972	-0.0014
1E96	af_unrelaxed	0	0.3620	0.3730	-0.0110	0.9948	0.9945	0.0003	1.0000	0.9986	0.0014
1E96	af_unrelaxed	1	0.3590	0.4370	-0.0780	0.9949	0.9925	0.0024	1.0000	0.9972	0.0028
1E96	af_unrelaxed	2	0.4270	0.3640	0.0630	0.9928	0.9947	-0.0019	0.9972	0.9986	-0.0014
1E96	af_unrelaxed	3	0.4560	0.4450	0.0110	0.9918	0.9922	-0.0004	0.9972	0.9986	-0.0014
1E96	af_unrelaxed	4	0.3890	0.4610	-0.0720	0.9940	0.9918	0.0022	0.9986	0.9986	0.0000
1E96	amber_af	0	0.3670	0.3790	-0.0120	0.9946	0.9943	0.0003	1.0000	0.9986	0.0014
1E96	amber_af	1	0.3580	0.4360	-0.0780	0.9949	0.9925	0.0024	1.0000	0.9972	0.0028
1E96	amber_af	2	0.4320	0.3650	0.0670	0.9926	0.9947	-0.0021	0.9958	0.9986	-0.0028
1E96	amber_af	3	0.4610	0.4500	0.0110	0.9917	0.9920	-0.0003	0.9958	0.9972	-0.0014
1E96	amber_af	4	0.3940	0.4670	-0.0730	0.9939	0.9916	0.0023	0.9986	0.9958	0.0028
1E96	amber_boltz	0	1.1140	0.9970	0.1170	0.9693	0.9729	-0.0036	0.9677	0.9649	0.0028
1E96	amber_boltz	1	0.8930	1.0240	-0.1310	0.9756	0.9733	0.0023	0.9663	0.9691	-0.0028
1E96	amber_boltz	2	1.0510	1.1610	-0.1100	0.9708	0.9685	0.0023	0.9663	0.9649	0.0014
1E96	amber_boltz	3	1.5920	1.1500	0.4420	0.9572	0.9680	-0.0108	0.9551	0.9649	-0.0098
1E96	amber_boltz	4	1.1140	1.1150	-0.0010	0.9692	0.9690	0.0002	0.9649	0.9635	0.0014
1E96	boltz	0	1.1060	0.9890	0.1170	0.9697	0.9735	-0.0038	0.9663	0.9649	0.0014
1E96	boltz	1	0.8910	1.0190	-0.1280	0.9759	0.9734	0.0025	0.9677	0.9691	-0.0014
1E96	boltz	2	1.0510	1.1540	-0.1030	0.9709	0.9690	0.0019	0.9663	0.9663	0.0000
1E96	boltz	3	1.5850	1.1500	0.4350	0.9573	0.9683	-0.0110	0.9551	0.9649	-0.0098
1E96	boltz	4	1.1050	1.1050	0.0000	0.9695	0.9695	0.0000	0.9663	0.9635	0.0028
1EAW	af_relaxed	0	0.5280	0.5320	-0.0040	0.9924	0.9923	0.0001	0.9907	0.9896	0.0011
1EAW	af_relaxed	1	0.5320	0.5150	0.0170	0.9923	0.9927	-0.0004	0.9896	0.9917	-0.0021
1EAW	af_relaxed	2	0.5310	0.5330	-0.0020	0.9923	0.9922	0.0001	0.9907	0.9896	0.0011
1EAW	af_relaxed	3	0.5190	0.5180	0.0010	0.9926	0.9926	0.0000	0.9907	0.9907	0.0000
1EAW	af_relaxed	4	0.5100	0.5100	0.0000	0.9929	0.9929	0.0000	0.9907	0.9917	-0.0010
1EAW	af_unrelaxed	0	0.5200	0.5310	-0.0110	0.9926	0.9923	0.0003	0.9907	0.9896	0.0011
1EAW	af_unrelaxed	1	0.5210	0.5190	0.0020	0.9926	0.9927	-0.0001	0.9907	0.9907	0.0000
1EAW	af_unrelaxed	2	0.5280	0.5330	-0.0050	0.9924	0.9922	0.0002	0.9896	0.9896	0.0000
1EAW	af_unrelaxed	3	0.5300	0.5270	0.0030	0.9923	0.9924	-0.0001	0.9896	0.9907	-0.0011
1EAW	af_unrelaxed	4	0.5330	0.5210	0.0120	0.9922	0.9926	-0.0004	0.9896	0.9907	-0.0011
1EAW	amber_af	0	0.5150	0.5310	-0.0160	0.9927	0.9923	0.0004	0.9917	0.9896	0.0021
1EAW	amber_af	1	0.5100	0.5160	-0.0060	0.9929	0.9927	0.0002	0.9907	0.9917	-0.0010
1EAW	amber_af	2	0.5280	0.5340	-0.0060	0.9924	0.9922	0.0002	0.9896	0.9896	0.0000
1EAW	amber_af	3	0.5310	0.5200	0.0110	0.9923	0.9926	-0.0003	0.9917	0.9907	0.0010
1EAW	amber_af	4	0.5330	0.5100	0.0230	0.9922	0.9928	-0.0006	0.9886	0.9917	-0.0031
1EAW	amber_boltz	0	0.5470	0.5500	-0.0030	0.9919	0.9918	0.0001	0.9896	0.9876	0.0020
1EAW	amber_boltz	1	0.5500	0.5740	-0.0240	0.9919	0.9913	0.0006	0.9896	0.9876	0.0020
1EAW	amber_boltz	2	0.5370	0.5450	-0.0080	0.9922	0.9919	0.0003	0.9896	0.9886	0.0010
1EAW	amber_boltz	3	0.5660	0.5650	0.0010	0.9915	0.9915	0.0000	0.9886	0.9896	-0.0010
1EAW	amber_boltz	4	0.5690	0.5640	0.0050	0.9913	0.9915	-0.0002	0.9886	0.9886	0.0000
1EAW	boltz	0	0.5370	0.5450	-0.0080	0.9922	0.9919	0.0003	0.9886	0.9896	-0.0010
1EAW	boltz	1	0.5460	0.5680	-0.0220	0.9920	0.9915	0.0005	0.9896	0.9876	0.0020
1EAW	boltz	2	0.5350	0.5390	-0.0040	0.9922	0.9921	0.0001	0.9907	0.9896	0.0011
1EAW	boltz	3	0.5590	0.5620	-0.0030	0.9916	0.9915	0.0001	0.9907	0.9896	0.0011
1EAW	boltz	4	0.5640	0.5570	0.0070	0.9914	0.9916	-0.0002	0.9896	0.9886	0.0010
1EER	af_relaxed	0	2.0360	2.0610	-0.0250	0.9190	0.9201	-0.0011	0.8946	0.8976	-0.0030
1EER	af_relaxed	1	2.0770	2.0050	0.0720	0.9136	0.9225	-0.0089	0.8825	0.9036	-0.0211
1EER	af_relaxed	2	2.0610	2.0790	-0.0180	0.9134	0.9137	-0.0003	0.8825	0.8855	-0.0030
1EER	af_relaxed	3	2.0570	2.0440	0.0130	0.9210	0.9144	0.0066	0.9006	0.8840	0.0166
1EER	af_relaxed	4	2.1210	2.1260	-0.0050	0.9094	0.9079	0.0015	0.8795	0.8750	0.0045
1EER	af_unrelaxed	0	2.0660	2.0510	0.0150	0.9142	0.9203	-0.0061	0.8840	0.8991	-0.0151
1EER	af_unrelaxed	1	2.0520	1.9960	0.0560	0.9141	0.9231	-0.0090	0.8825	0.9051	-0.0226
1EER	af_unrelaxed	2	2.0430	2.0650	-0.0220	0.9216	0.9145	0.0071	0.9021	0.8855	0.0166
1EER	af_unrelaxed	3	2.1080	2.0370	0.0710	0.9104	0.9151	-0.0047	0.8810	0.8870	-0.0060
1EER	af_unrelaxed	4	2.0230	2.1140	-0.0910	0.9195	0.9087	0.0108	0.8961	0.8780	0.0181
1EER	amber_af	0	2.0780	2.0620	0.0160	0.9135	0.9199	-0.0064	0.8840	0.8976	-0.0136
1EER	amber_af	1	2.0610	2.0050	0.0560	0.9134	0.9225	-0.0091	0.8825	0.9021	-0.0196
1EER	amber_af	2	2.0580	2.0760	-0.0180	0.9210	0.9138	0.0072	0.8991	0.8870	0.0121
1EER	amber_af	3	2.1210	2.0440	0.0770	0.9094	0.9144	-0.0050	0.8795	0.8840	-0.0045
1EER	amber_af	4	2.0350	2.1250	-0.0900	0.9191	0.9080	0.0111	0.8946	0.8750	0.0196
1EER	amber_boltz	0	2.4960	2.2620	0.2340	0.9096	0.9156	-0.0060	0.8840	0.8931	-0.0091
1EER	amber_boltz	1	2.5070	2.4810	0.0260	0.9113	0.9137	-0.0024	0.8886	0.8946	-0.0060
1EER	amber_boltz	2	2.3820	2.4460	-0.0640	0.9175	0.9100	0.0075	0.8946	0.8855	0.0091
1EER	amber_boltz	3	2.4090	2.4870	-0.0780	0.9103	0.9104	-0.0001	0.8886	0.8886	0.0000
1EER	amber_boltz	4	2.5250	2.0690	0.4560	0.9095	0.9148	-0.0053	0.8840	0.8931	-0.0091
1EER	boltz	0	2.4930	2.2540	0.2390	0.9100	0.9161	-0.0061	0.8870	0.8976	-0.0106
1EER	boltz	1	2.4930	2.4760	0.0170	0.9118	0.9140	-0.0022	0.8901	0.8946	-0.0045
1EER	boltz	2	2.3690	2.4420	-0.0730	0.9179	0.9104	0.0075	0.8961	0.8901	0.0060
1EER	boltz	3	2.4020	2.4760	-0.0740	0.9110	0.9110	0.0000	0.8901	0.8901	0.0000
1EER	boltz	4	2.5250	2.0580	0.4670	0.9100	0.9155	-0.0055	0.8886	0.8946	-0.0060
1EFN	af_relaxed	0	0.5290	0.5230	0.0060	0.9647	0.9651	-0.0004	0.9868	0.9868	0.0000
1EFN	af_relaxed	1	0.5340	0.5280	0.0060	0.9631	0.9638	-0.0007	0.9868	0.9912	-0.0044
1EFN	af_relaxed	2	0.5270	0.5240	0.0030	0.9639	0.9640	-0.0001	0.9912	0.9912	0.0000
1EFN	af_relaxed	3	0.5140	0.5130	0.0010	0.9650	0.9656	-0.0006	0.9912	0.9912	0.0000
1EFN	af_relaxed	4	0.5110	0.5140	-0.0030	0.9656	0.9651	0.0005	0.9912	0.9912	0.0000
1EFN	af_unrelaxed	0	0.5030	0.5240	-0.0210	0.9668	0.9653	0.0015	0.9912	0.9912	0.0000
1EFN	af_unrelaxed	1	0.5230	0.5190	0.0040	0.9651	0.9650	0.0001	0.9868	0.9868	0.0000
1EFN	af_unrelaxed	2	0.5210	0.5240	-0.0030	0.9648	0.9644	0.0004	0.9912	0.9912	0.0000
1EFN	af_unrelaxed	3	0.5250	0.5060	0.0190	0.9652	0.9666	-0.0014	0.9868	0.9912	-0.0044
1EFN	af_unrelaxed	4	0.5040	0.5080	-0.0040	0.9665	0.9664	0.0001	0.9912	0.9912	0.0000
1EFN	amber_af	0	0.5160	0.5250	-0.0090	0.9648	0.9650	-0.0002	0.9912	0.9868	0.0044
1EFN	amber_af	1	0.5340	0.5280	0.0060	0.9630	0.9637	-0.0007	0.9868	0.9868	0.0000
1EFN	amber_af	2	0.5270	0.5280	-0.0010	0.9639	0.9637	0.0002	0.9912	0.9912	0.0000
1EFN	amber_af	3	0.5270	0.5130	0.0140	0.9649	0.9654	-0.0005	0.9868	0.9912	-0.0044
1EFN	amber_af	4	0.5110	0.5140	-0.0030	0.9655	0.9653	0.0002	0.9912	0.9912	0.0000
1EFN	amber_boltz	0	0.4900	0.5220	-0.0320	0.9669	0.9635	0.0034	0.9868	0.9868	0.0000
1EFN	amber_boltz	1	0.5080	0.4950	0.0130	0.9650	0.9659	-0.0009	0.9868	0.9868	0.0000
1EFN	amber_boltz	2	0.5000	0.4930	0.0070	0.9654	0.9662	-0.0008	0.9868	0.9912	-0.0044
1EFN	amber_boltz	3	0.4870	0.5140	-0.0270	0.9669	0.9634	0.0035	0.9912	0.9868	0.0044
1EFN	amber_boltz	4	0.4840	0.5140	-0.0300	0.9670	0.9638	0.0032	0.9912	0.9868	0.0044
1EFN	boltz	0	0.4900	0.5120	-0.0220	0.9673	0.9646	0.0027	0.9912	0.9868	0.0044
1EFN	boltz	1	0.5050	0.4860	0.0190	0.9657	0.9675	-0.0018	0.9868	0.9912	-0.0044
1EFN	boltz	2	0.4910	0.4810	0.0100	0.9668	0.9678	-0.0010	0.9912	0.9912	0.0000
1EFN	boltz	3	0.4730	0.5060	-0.0330	0.9689	0.9649	0.0040	0.9912	0.9868	0.0044
1EFN	boltz	4	0.4690	0.5140	-0.0450	0.9690	0.9640	0.0050	0.9912	0.9868	0.0044
1EWY	af_relaxed	0	0.8230	0.8290	-0.0060	0.9857	0.9855	0.0002	0.9736	0.9736	0.0000
1EWY	af_relaxed	1	0.8280	0.8240	0.0040	0.9856	0.9856	0.0000	0.9736	0.9719	0.0017
1EWY	af_relaxed	2	0.8390	0.8430	-0.0040	0.9852	0.9849	0.0003	0.9711	0.9711	0.0000
1EWY	af_relaxed	3	0.7970	0.8290	-0.0320	0.9864	0.9855	0.0009	0.9719	0.9719	0.0000
1EWY	af_relaxed	4	0.8200	0.8180	0.0020	0.9858	0.9856	0.0002	0.9728	0.9702	0.0026
1EWY	af_unrelaxed	0	0.8330	0.8210	0.0120	0.9854	0.9857	-0.0003	0.9728	0.9736	-0.0008
1EWY	af_unrelaxed	1	0.8150	0.8180	-0.0030	0.9859	0.9858	0.0001	0.9719	0.9728	-0.0009
1EWY	af_unrelaxed	2	0.8160	0.8380	-0.0220	0.9860	0.9851	0.0009	0.9728	0.9694	0.0034
1EWY	af_unrelaxed	3	0.7920	0.8220	-0.0300	0.9865	0.9858	0.0007	0.9736	0.9728	0.0008
1EWY	af_unrelaxed	4	0.8220	0.8150	0.0070	0.9858	0.9857	0.0001	0.9728	0.9694	0.0034
1EWY	amber_af	0	0.8400	0.8290	0.0110	0.9852	0.9855	-0.0003	0.9711	0.9736	-0.0025
1EWY	amber_af	1	0.8200	0.8240	-0.0040	0.9858	0.9856	0.0002	0.9719	0.9728	-0.0009
1EWY	amber_af	2	0.8230	0.8430	-0.0200	0.9857	0.9849	0.0008	0.9736	0.9711	0.0025
1EWY	amber_af	3	0.7960	0.8290	-0.0330	0.9864	0.9855	0.0009	0.9719	0.9719	0.0000
1EWY	amber_af	4	0.8280	0.8180	0.0100	0.9856	0.9856	0.0000	0.9745	0.9702	0.0043
1EWY	amber_boltz	0	0.8930	0.8770	0.0160	0.9828	0.9826	0.0002	0.9575	0.9515	0.0060
1EWY	amber_boltz	1	0.9130	0.8990	0.0140	0.9810	0.9816	-0.0006	0.9456	0.9490	-0.0034
1EWY	amber_boltz	2	0.9140	0.8890	0.0250	0.9813	0.9822	-0.0009	0.9498	0.9498	0.0000
1EWY	amber_boltz	3	0.8980	0.9440	-0.0460	0.9824	0.9797	0.0027	0.9566	0.9379	0.0187
1EWY	amber_boltz	4	0.8630	0.9080	-0.0450	0.9831	0.9815	0.0016	0.9549	0.9490	0.0059
1EWY	boltz	0	0.8910	0.8720	0.0190	0.9829	0.9828	0.0001	0.9583	0.9532	0.0051
1EWY	boltz	1	0.9100	0.8950	0.0150	0.9811	0.9817	-0.0006	0.9430	0.9481	-0.0051
1EWY	boltz	2	0.9140	0.8840	0.0300	0.9813	0.9823	-0.0010	0.9507	0.9490	0.0017
1EWY	boltz	3	0.8950	0.9390	-0.0440	0.9825	0.9799	0.0026	0.9558	0.9413	0.0145
1EWY	boltz	4	0.8580	0.9050	-0.0470	0.9833	0.9816	0.0017	0.9532	0.9490	0.0042
1EXB	af_relaxed	0	0.2820	0.2830	-0.0010	0.9982	0.9982	0.0000	0.9992	0.9992	0.0000
1EXB	af_relaxed	1	0.2710	0.2820	-0.0110	0.9983	0.9982	0.0001	0.9992	0.9992	0.0000
1EXB	af_relaxed	2	0.2830	0.2880	-0.0050	0.9982	0.9981	0.0001	0.9992	0.9992	0.0000
1EXB	af_relaxed	3	0.2790	0.2840	-0.0050	0.9982	0.9982	0.0000	0.9985	0.9992	-0.0007
1EXB	af_relaxed	4	0.2740	0.2740	0.0000	0.9983	0.9983	0.0000	0.9992	0.9985	0.0007
1EXB	af_unrelaxed	0	0.2740	0.2750	-0.0010	0.9983	0.9983	0.0000	0.9992	0.9992	0.0000
1EXB	af_unrelaxed	1	0.2560	0.2670	-0.0110	0.9985	0.9984	0.0001	0.9992	0.9992	0.0000
1EXB	af_unrelaxed	2	0.2650	0.2570	0.0080	0.9984	0.9985	-0.0001	0.9992	0.9992	0.0000
1EXB	af_unrelaxed	3	0.2660	0.2760	-0.0100	0.9984	0.9983	0.0001	0.9985	0.9985	0.0000
1EXB	af_unrelaxed	4	0.2690	0.2590	0.0100	0.9984	0.9985	-0.0001	0.9992	0.9985	0.0007
1EXB	amber_af	0	0.2830	0.2830	0.0000	0.9982	0.9982	0.0000	0.9992	0.9992	0.0000
1EXB	amber_af	1	0.2710	0.2820	-0.0110	0.9983	0.9982	0.0001	0.9992	0.9992	0.0000
1EXB	amber_af	2	0.2740	0.2890	-0.0150	0.9983	0.9981	0.0002	0.9992	0.9992	0.0000
1EXB	amber_af	3	0.2790	0.2840	-0.0050	0.9982	0.9982	0.0000	0.9985	0.9992	-0.0007
1EXB	amber_af	4	0.2840	0.2740	0.0100	0.9982	0.9983	-0.0001	0.9992	0.9985	0.0007
1EXB	amber_boltz	0	0.7360	0.6430	0.0930	0.9881	0.9909	-0.0028	0.9716	0.9755	-0.0039
1EXB	amber_boltz	1	0.6700	0.7150	-0.0450	0.9901	0.9888	0.0013	0.9778	0.9709	0.0069
1EXB	amber_boltz	2	0.8000	0.8490	-0.0490	0.9861	0.9845	0.0016	0.9670	0.9617	0.0053
1EXB	amber_boltz	3	0.7750	0.9270	-0.1520	0.9870	0.9815	0.0055	0.9701	0.9494	0.0207
1EXB	amber_boltz	4	0.9990	1.4360	-0.4370	0.9795	0.9639	0.0156	0.9479	0.9248	0.0231
1EXB	boltz	0	0.7260	0.6330	0.0930	0.9884	0.9912	-0.0028	0.9716	0.9778	-0.0062
1EXB	boltz	1	0.6590	0.6990	-0.0400	0.9904	0.9893	0.0011	0.9785	0.9732	0.0053
1EXB	boltz	2	0.7820	0.8360	-0.0540	0.9866	0.9850	0.0016	0.9701	0.9647	0.0054
1EXB	boltz	3	0.7610	0.9190	-0.1580	0.9874	0.9818	0.0056	0.9724	0.9494	0.0230
1EXB	boltz	4	0.9840	1.4230	-0.4390	0.9800	0.9644	0.0156	0.9494	0.9248	0.0246
1EZU	af_relaxed	0	0.7220	0.7190	0.0030	0.9748	0.9750	-0.0002	0.9696	0.9661	0.0035
1EZU	af_relaxed	1	0.7220	0.6400	0.0820	0.9748	0.9800	-0.0052	0.9696	0.9821	-0.0125
1EZU	af_relaxed	2	0.7190	0.7100	0.0090	0.9750	0.9756	-0.0006	0.9661	0.9714	-0.0053
1EZU	af_relaxed	3	0.7600	0.6960	0.0640	0.9724	0.9764	-0.0040	0.9625	0.9750	-0.0125
1EZU	af_relaxed	4	0.7460	0.7550	-0.0090	0.9733	0.9728	0.0005	0.9625	0.9661	-0.0036
1EZU	af_unrelaxed	0	0.7650	0.7190	0.0460	0.9720	0.9750	-0.0030	0.9643	0.9714	-0.0071
1EZU	af_unrelaxed	1	0.7270	0.6450	0.0820	0.9745	0.9797	-0.0052	0.9696	0.9821	-0.0125
1EZU	af_unrelaxed	2	0.7470	0.7100	0.0370	0.9732	0.9757	-0.0025	0.9661	0.9696	-0.0035
1EZU	af_unrelaxed	3	0.7240	0.7010	0.0230	0.9747	0.9762	-0.0015	0.9679	0.9732	-0.0053
1EZU	af_unrelaxed	4	0.7200	0.7590	-0.0390	0.9750	0.9725	0.0025	0.9679	0.9679	0.0000
1EZU	amber_af	0	0.7600	0.7190	0.0410	0.9724	0.9750	-0.0026	0.9625	0.9679	-0.0054
1EZU	amber_af	1	0.7220	0.6400	0.0820	0.9748	0.9799	-0.0051	0.9714	0.9821	-0.0107
1EZU	amber_af	2	0.7470	0.7090	0.0380	0.9732	0.9757	-0.0025	0.9625	0.9732	-0.0107
1EZU	amber_af	3	0.7220	0.6960	0.0260	0.9748	0.9765	-0.0017	0.9696	0.9732	-0.0036
1EZU	amber_af	4	0.7190	0.7540	-0.0350	0.9750	0.9728	0.0022	0.9661	0.9661	0.0000
1EZU	amber_boltz	0	1.0180	0.7260	0.2920	0.9557	0.9748	-0.0191	0.9464	0.9714	-0.0250
1EZU	amber_boltz	1	1.0090	1.0970	-0.0880	0.9584	0.9497	0.0087	0.9500	0.9339	0.0161
1EZU	amber_boltz	2	0.9800	1.0570	-0.0770	0.9569	0.9533	0.0036	0.9375	0.9393	-0.0018
1EZU	amber_boltz	3	1.1730	0.9040	0.2690	0.9475	0.9626	-0.0151	0.9321	0.9554	-0.0233
1EZU	amber_boltz	4	0.9950	0.7790	0.2160	0.9563	0.9725	-0.0162	0.9429	0.9679	-0.0250
1EZU	boltz	0	1.0180	0.7250	0.2930	0.9558	0.9749	-0.0191	0.9464	0.9714	-0.0250
1EZU	boltz	1	1.0060	1.0990	-0.0930	0.9587	0.9496	0.0091	0.9500	0.9357	0.0143
1EZU	boltz	2	0.9840	1.0570	-0.0730	0.9566	0.9534	0.0032	0.9357	0.9411	-0.0054
1EZU	boltz	3	1.1720	0.9010	0.2710	0.9475	0.9628	-0.0153	0.9321	0.9554	-0.0233
1EZU	boltz	4	0.9940	0.7810	0.2130	0.9565	0.9724	-0.0159	0.9429	0.9661	-0.0232
1F34	af_relaxed	0	0.6450	0.6200	0.0250	0.9914	0.9921	-0.0007	0.9823	0.9838	-0.0015
1F34	af_relaxed	1	0.6380	0.6410	-0.0030	0.9916	0.9915	0.0001	0.9831	0.9831	0.0000
1F34	af_relaxed	2	0.6150	0.6380	-0.0230	0.9922	0.9916	0.0006	0.9838	0.9823	0.0015
1F34	af_relaxed	3	0.6440	0.6540	-0.0100	0.9914	0.9911	0.0003	0.9823	0.9823	0.0000
1F34	af_relaxed	4	0.6230	0.6350	-0.0120	0.9920	0.9916	0.0004	0.9862	0.9846	0.0016
1F34	af_unrelaxed	0	0.6040	0.6090	-0.0050	0.9924	0.9923	0.0001	0.9838	0.9838	0.0000
1F34	af_unrelaxed	1	0.6230	0.6320	-0.0090	0.9919	0.9917	0.0002	0.9823	0.9823	0.0000
1F34	af_unrelaxed	2	0.6290	0.6210	0.0080	0.9917	0.9919	-0.0002	0.9831	0.9823	0.0008
1F34	af_unrelaxed	3	0.6110	0.6420	-0.0310	0.9922	0.9914	0.0008	0.9846	0.9831	0.0015
1F34	af_unrelaxed	4	0.6330	0.6230	0.0100	0.9916	0.9919	-0.0003	0.9831	0.9846	-0.0015
1F34	amber_af	0	0.6150	0.6200	-0.0050	0.9922	0.9921	0.0001	0.9838	0.9838	0.0000
1F34	amber_af	1	0.6430	0.6410	0.0020	0.9915	0.9915	0.0000	0.9823	0.9823	0.0000
1F34	amber_af	2	0.6380	0.6370	0.0010	0.9916	0.9916	0.0000	0.9838	0.9823	0.0015
1F34	amber_af	3	0.6220	0.6550	-0.0330	0.9920	0.9911	0.0009	0.9854	0.9831	0.0023
1F34	amber_af	4	0.6460	0.6350	0.0110	0.9913	0.9916	-0.0003	0.9831	0.9846	-0.0015
1F34	amber_boltz	0	0.7470	0.7420	0.0050	0.9884	0.9885	-0.0001	0.9762	0.9746	0.0016
1F34	amber_boltz	1	0.7150	0.7770	-0.0620	0.9894	0.9873	0.0021	0.9785	0.9685	0.0100
1F34	amber_boltz	2	0.8130	0.8220	-0.0090	0.9863	0.9861	0.0002	0.9677	0.9654	0.0023
1F34	amber_boltz	3	0.7090	0.7930	-0.0840	0.9896	0.9871	0.0025	0.9777	0.9692	0.0085
1F34	amber_boltz	4	0.7390	0.7070	0.0320	0.9887	0.9898	-0.0011	0.9762	0.9792	-0.0030
1F34	boltz	0	0.7400	0.7330	0.0070	0.9886	0.9888	-0.0002	0.9746	0.9777	-0.0031
1F34	boltz	1	0.7040	0.7680	-0.0640	0.9896	0.9876	0.0020	0.9769	0.9685	0.0084
1F34	boltz	2	0.8070	0.8150	-0.0080	0.9864	0.9862	0.0002	0.9677	0.9654	0.0023
1F34	boltz	3	0.7000	0.7870	-0.0870	0.9897	0.9872	0.0025	0.9777	0.9692	0.0085
1F34	boltz	4	0.7290	0.6950	0.0340	0.9889	0.9900	-0.0011	0.9746	0.9785	-0.0039
1F51	af_relaxed	0	1.2910	1.2550	0.0360	0.9760	0.9764	-0.0004	0.9738	0.9724	0.0014
1F51	af_relaxed	1	1.2510	1.2640	-0.0130	0.9780	0.9779	0.0001	0.9834	0.9820	0.0014
1F51	af_relaxed	2	1.3090	1.3240	-0.0150	0.9766	0.9762	0.0004	0.9724	0.9724	0.0000
1F51	af_relaxed	3	1.3010	1.3120	-0.0110	0.9761	0.9749	0.0012	0.9738	0.9696	0.0042
1F51	af_relaxed	4	1.2720	1.2790	-0.0070	0.9777	0.9782	-0.0005	0.9779	0.9779	0.0000
1F51	af_unrelaxed	0	1.3030	1.2460	0.0570	0.9768	0.9768	0.0000	0.9751	0.9765	-0.0014
1F51	af_unrelaxed	1	1.2820	1.2590	0.0230	0.9763	0.9780	-0.0017	0.9793	0.9793	0.0000
1F51	af_unrelaxed	2	1.2920	1.3180	-0.0260	0.9765	0.9764	0.0001	0.9724	0.9724	0.0000
1F51	af_unrelaxed	3	1.2450	1.3040	-0.0590	0.9781	0.9752	0.0029	0.9793	0.9696	0.0097
1F51	af_unrelaxed	4	1.2650	1.2710	-0.0060	0.9779	0.9785	-0.0006	0.9765	0.9793	-0.0028
1F51	amber_af	0	1.3090	1.2560	0.0530	0.9766	0.9764	0.0002	0.9724	0.9724	0.0000
1F51	amber_af	1	1.2910	1.2640	0.0270	0.9759	0.9779	-0.0020	0.9738	0.9820	-0.0082
1F51	amber_af	2	1.3010	1.3240	-0.0230	0.9761	0.9762	-0.0001	0.9738	0.9724	0.0014
1F51	amber_af	3	1.2510	1.3130	-0.0620	0.9780	0.9749	0.0031	0.9834	0.9696	0.0138
1F51	amber_af	4	1.2710	1.2780	-0.0070	0.9777	0.9782	-0.0005	0.9779	0.9779	0.0000
1F51	amber_boltz	0	2.3180	2.3590	-0.0410	0.9380	0.9346	0.0034	0.9213	0.9254	-0.0041
1F51	amber_boltz	1	2.5190	2.1410	0.3780	0.9381	0.9489	-0.0108	0.9282	0.9378	-0.0096
1F51	amber_boltz	2	2.3280	2.5860	-0.2580	0.9401	0.9192	0.0209	0.9268	0.8964	0.0304
1F51	amber_boltz	3	2.6150	2.3860	0.2290	0.9244	0.9394	-0.0150	0.9102	0.9268	-0.0166
1F51	amber_boltz	4	2.2260	2.5670	-0.3410	0.9337	0.9239	0.0098	0.9061	0.8978	0.0083
1F51	boltz	0	2.3190	2.3630	-0.0440	0.9384	0.9348	0.0036	0.9227	0.9213	0.0014
1F51	boltz	1	2.5230	2.1440	0.3790	0.9386	0.9491	-0.0105	0.9268	0.9420	-0.0152
1F51	boltz	2	2.3350	2.5880	-0.2530	0.9403	0.9195	0.0208	0.9282	0.8950	0.0332
1F51	boltz	3	2.6210	2.3880	0.2330	0.9245	0.9397	-0.0152	0.9088	0.9254	-0.0166
1F51	boltz	4	2.2310	2.5700	-0.3390	0.9337	0.9242	0.0095	0.9061	0.8992	0.0069
1F6M	af_relaxed	0	1.5320	1.4390	0.0930	0.9513	0.9567	-0.0054	0.8680	0.8750	-0.0070
1F6M	af_relaxed	1	1.4000	1.0170	0.3830	0.9584	0.9776	-0.0192	0.8805	0.9305	-0.0500
1F6M	af_relaxed	2	7.0420	1.5540	5.4880	0.7033	0.9494	-0.2461	0.6359	0.8633	-0.2274
1F6M	af_relaxed	3	7.0730	7.0310	0.0420	0.7024	0.7035	-0.0011	0.6359	0.6367	-0.0008
1F6M	af_relaxed	4	6.9450	7.0610	-0.1160	0.7055	0.7030	0.0025	0.6383	0.6383	0.0000
1F6M	af_unrelaxed	0	7.0670	1.4400	5.6270	0.7029	0.9567	-0.2538	0.6383	0.8750	-0.2367
1F6M	af_unrelaxed	1	1.4020	1.0210	0.3810	0.9582	0.9774	-0.0192	0.8797	0.9273	-0.0476
1F6M	af_unrelaxed	2	1.5320	1.5550	-0.0230	0.9513	0.9494	0.0019	0.8664	0.8625	0.0039
1F6M	af_unrelaxed	3	7.0480	7.0340	0.0140	0.7035	0.7036	-0.0001	0.6375	0.6367	0.0008
1F6M	af_unrelaxed	4	6.9440	7.0580	-0.1140	0.7058	0.7035	0.0023	0.6391	0.6375	0.0016
1F6M	amber_af	0	7.0730	1.4390	5.6340	0.7024	0.9567	-0.2543	0.6359	0.8750	-0.2391
1F6M	amber_af	1	1.4000	1.0170	0.3830	0.9584	0.9776	-0.0192	0.8805	0.9313	-0.0508
1F6M	amber_af	2	1.5330	1.5540	-0.0210	0.9513	0.9494	0.0019	0.8672	0.8648	0.0024
1F6M	amber_af	3	7.0420	7.0300	0.0120	0.7032	0.7034	-0.0002	0.6352	0.6352	0.0000
1F6M	amber_af	4	6.9430	7.0630	-0.1200	0.7056	0.7029	0.0027	0.6383	0.6367	0.0016
1F6M	amber_boltz	0	0.7450	1.0840	-0.3390	0.9879	0.9749	0.0130	0.9789	0.9180	0.0609
1F6M	amber_boltz	1	0.8860	0.8040	0.0820	0.9830	0.9860	-0.0030	0.9500	0.9672	-0.0172
1F6M	amber_boltz	2	0.9980	0.8610	0.1370	0.9786	0.9839	-0.0053	0.9398	0.9516	-0.0118
1F6M	amber_boltz	3	0.8300	0.9530	-0.1230	0.9864	0.9806	0.0058	0.9711	0.9422	0.0289
1F6M	amber_boltz	4	0.9270	0.9850	-0.0580	0.9823	0.9791	0.0032	0.9547	0.9422	0.0125
1F6M	boltz	0	0.7350	1.0820	-0.3470	0.9882	0.9750	0.0132	0.9797	0.9164	0.0633
1F6M	boltz	1	0.8760	0.7990	0.0770	0.9833	0.9861	-0.0028	0.9500	0.9672	-0.0172
1F6M	boltz	2	0.9910	0.8550	0.1360	0.9788	0.9841	-0.0053	0.9391	0.9539	-0.0148
1F6M	boltz	3	0.8180	0.9430	-0.1250	0.9867	0.9809	0.0058	0.9703	0.9414	0.0289
1F6M	boltz	4	0.9160	0.9800	-0.0640	0.9826	0.9793	0.0033	0.9555	0.9437	0.0118
1FAK	af_relaxed	0	0.7430	0.7400	0.0030	0.9887	0.9887	0.0000	0.9831	0.9821	0.0010
1FAK	af_relaxed	1	0.7700	0.7420	0.0280	0.9877	0.9886	-0.0009	0.9791	0.9811	-0.0020
1FAK	af_relaxed	2	0.8130	0.7440	0.0690	0.9857	0.9886	-0.0029	0.9731	0.9821	-0.0090
1FAK	af_relaxed	3	0.7480	0.7590	-0.0110	0.9884	0.9880	0.0004	0.9801	0.9791	0.0010
1FAK	af_relaxed	4	0.8070	0.7440	0.0630	0.9870	0.9885	-0.0015	0.9771	0.9801	-0.0030
1FAK	af_unrelaxed	0	0.7350	0.7340	0.0010	0.9888	0.9888	0.0000	0.9821	0.9811	0.0010
1FAK	af_unrelaxed	1	0.7580	0.7370	0.0210	0.9884	0.9886	-0.0002	0.9821	0.9811	0.0010
1FAK	af_unrelaxed	2	0.7430	0.7370	0.0060	0.9885	0.9887	-0.0002	0.9811	0.9821	-0.0010
1FAK	af_unrelaxed	3	0.7510	0.7520	-0.0010	0.9882	0.9882	0.0000	0.9791	0.9791	0.0000
1FAK	af_unrelaxed	4	0.7420	0.7380	0.0040	0.9884	0.9886	-0.0002	0.9811	0.9811	0.0000
1FAK	amber_af	0	0.7430	0.7400	0.0030	0.9887	0.9887	0.0000	0.9831	0.9821	0.0010
1FAK	amber_af	1	0.8090	0.7430	0.0660	0.9870	0.9886	-0.0016	0.9771	0.9811	-0.0040
1FAK	amber_af	2	0.7480	0.7450	0.0030	0.9884	0.9886	-0.0002	0.9811	0.9821	-0.0010
1FAK	amber_af	3	0.7620	0.7590	0.0030	0.9880	0.9881	-0.0001	0.9791	0.9791	0.0000
1FAK	amber_af	4	0.8120	0.7590	0.0530	0.9857	0.9881	-0.0024	0.9741	0.9801	-0.0060
1FAK	amber_boltz	0	0.7700	0.7660	0.0040	0.9882	0.9882	0.0000	0.9821	0.9821	0.0000
1FAK	amber_boltz	1	0.7920	0.7730	0.0190	0.9872	0.9887	-0.0015	0.9791	0.9811	-0.0020
1FAK	amber_boltz	2	0.7660	0.7900	-0.0240	0.9884	0.9876	0.0008	0.9811	0.9821	-0.0010
1FAK	amber_boltz	3	0.7710	0.7620	0.0090	0.9884	0.9887	-0.0003	0.9831	0.9811	0.0020
1FAK	amber_boltz	4	0.7600	0.7420	0.0180	0.9884	0.9892	-0.0008	0.9821	0.9841	-0.0020
1FAK	boltz	0	0.7620	0.7610	0.0010	0.9884	0.9883	0.0001	0.9821	0.9801	0.0020
1FAK	boltz	1	0.7830	0.7670	0.0160	0.9874	0.9889	-0.0015	0.9791	0.9811	-0.0020
1FAK	boltz	2	0.7600	0.7800	-0.0200	0.9885	0.9879	0.0006	0.9821	0.9811	0.0010
1FAK	boltz	3	0.7610	0.7530	0.0080	0.9887	0.9889	-0.0002	0.9811	0.9801	0.0010
1FAK	boltz	4	0.7500	0.7350	0.0150	0.9887	0.9893	-0.0006	0.9821	0.9841	-0.0020
1FC2	af_relaxed	0	2.1000	2.1060	-0.0060	0.7780	0.7775	0.0005	0.8953	0.8895	0.0058
1FC2	af_relaxed	1	3.4290	3.5570	-0.1280	0.6692	0.7180	-0.0488	0.7965	0.8372	-0.0407
1FC2	af_relaxed	2	2.2540	4.0940	-1.8400	0.6670	0.4956	0.1714	0.8023	0.6686	0.1337
1FC2	af_relaxed	3	3.0910	2.4330	0.6580	0.6994	0.6673	0.0321	0.8140	0.8081	0.0059
1FC2	af_relaxed	4	3.8470	3.1220	0.7250	0.7040	0.6864	0.0176	0.8314	0.8023	0.0291
1FC2	af_unrelaxed	0	2.1920	2.1080	0.0840	0.7098	0.7803	-0.0705	0.8256	0.8895	-0.0639
1FC2	af_unrelaxed	1	3.8870	3.5790	0.3080	0.7153	0.7233	-0.0080	0.8372	0.8488	-0.0116
1FC2	af_unrelaxed	2	3.1780	3.7400	-0.5620	0.7084	0.6859	0.0225	0.8314	0.8081	0.0233
1FC2	af_unrelaxed	3	3.4080	2.5330	0.8750	0.6983	0.6630	0.0353	0.8198	0.8081	0.0117
1FC2	af_unrelaxed	4	2.0980	3.1010	-1.0030	0.7825	0.6969	0.0856	0.8953	0.8314	0.0639
1FC2	amber_af	0	2.3850	2.1060	0.2790	0.6678	0.7776	-0.1098	0.8140	0.8895	-0.0755
1FC2	amber_af	1	3.8530	3.5480	0.3050	0.7034	0.7133	-0.0099	0.8314	0.8430	-0.0116
1FC2	amber_af	2	3.1250	4.1170	-0.9920	0.7006	0.5034	0.1972	0.8081	0.6686	0.1395
1FC2	amber_af	3	3.4300	2.4460	0.9840	0.6687	0.6718	-0.0031	0.7965	0.8140	-0.0175
1FC2	amber_af	4	2.0990	3.2680	-1.1690	0.7781	0.6806	0.0975	0.8953	0.7965	0.0988
1FC2	amber_boltz	0	2.6310	2.3910	0.2400	0.7158	0.7275	-0.0117	0.8314	0.8430	-0.0116
1FC2	amber_boltz	1	2.1740	2.3920	-0.2180	0.7766	0.7088	0.0678	0.8895	0.8430	0.0465
1FC2	amber_boltz	2	2.2760	2.6230	-0.3470	0.7344	0.7356	-0.0012	0.8547	0.8488	0.0059
1FC2	amber_boltz	3	2.8430	2.5220	0.3210	0.6633	0.7236	-0.0603	0.7907	0.8372	-0.0465
1FC2	amber_boltz	4	2.6900	2.6180	0.0720	0.7277	0.7721	-0.0444	0.8372	0.8663	-0.0291
1FC2	boltz	0	2.6030	2.3990	0.2040	0.7188	0.7303	-0.0115	0.8314	0.8430	-0.0116
1FC2	boltz	1	2.1740	2.3730	-0.1990	0.7798	0.7108	0.0690	0.8895	0.8372	0.0523
1FC2	boltz	2	2.2920	2.6310	-0.3390	0.7353	0.7365	-0.0012	0.8488	0.8488	0.0000
1FC2	boltz	3	2.8320	2.5130	0.3190	0.6645	0.7259	-0.0614	0.8023	0.8314	-0.0291
1FC2	boltz	4	2.6890	2.6150	0.0740	0.7306	0.7717	-0.0411	0.8430	0.8721	-0.0291
1FCC	af_relaxed	0	1.4020	1.4010	0.0010	0.9445	0.9449	-0.0004	0.8896	0.8920	-0.0024
1FCC	af_relaxed	1	1.3090	1.3770	-0.0680	0.9523	0.9465	0.0058	0.9102	0.8920	0.0182
1FCC	af_relaxed	2	1.3700	1.3040	0.0660	0.9469	0.9527	-0.0058	0.8932	0.9102	-0.0170
1FCC	af_relaxed	3	1.5220	1.3470	0.1750	0.9342	0.9488	-0.0146	0.8750	0.8956	-0.0206
1FCC	af_relaxed	4	1.3740	1.3770	-0.0030	0.9462	0.9460	0.0002	0.8908	0.8920	-0.0012
1FCC	af_unrelaxed	0	1.3740	1.3960	-0.0220	0.9461	0.9452	0.0009	0.8944	0.8932	0.0012
1FCC	af_unrelaxed	1	1.4720	1.3790	0.0930	0.9382	0.9463	-0.0081	0.8847	0.8944	-0.0097
1FCC	af_unrelaxed	2	1.4030	1.2970	0.1060	0.9443	0.9532	-0.0089	0.8908	0.9163	-0.0255
1FCC	af_unrelaxed	3	1.3020	1.3520	-0.0500	0.9527	0.9484	0.0043	0.9150	0.8956	0.0194
1FCC	af_unrelaxed	4	1.3660	1.3730	-0.0070	0.9472	0.9463	0.0009	0.8932	0.8968	-0.0036
1FCC	amber_af	0	1.3740	1.4010	-0.0270	0.9462	0.9449	0.0013	0.8920	0.8920	0.0000
1FCC	amber_af	1	1.5140	1.3770	0.1370	0.9349	0.9465	-0.0116	0.8762	0.8932	-0.0170
1FCC	amber_af	2	1.4010	1.3030	0.0980	0.9446	0.9527	-0.0081	0.8908	0.9102	-0.0194
1FCC	amber_af	3	1.3090	1.3480	-0.0390	0.9523	0.9488	0.0035	0.9114	0.8956	0.0158
1FCC	amber_af	4	1.3730	1.3770	-0.0040	0.9467	0.9460	0.0007	0.8920	0.8908	0.0012
1FCC	amber_boltz	0	1.1560	1.0070	0.1490	0.9626	0.9673	-0.0047	0.9430	0.9308	0.0122
1FCC	amber_boltz	1	1.2050	1.0900	0.1150	0.9573	0.9667	-0.0094	0.9199	0.9466	-0.0267
1FCC	amber_boltz	2	1.1040	1.1160	-0.0120	0.9653	0.9638	0.0015	0.9430	0.9393	0.0037
1FCC	amber_boltz	3	1.0050	1.1660	-0.1610	0.9685	0.9600	0.0085	0.9405	0.9223	0.0182
1FCC	amber_boltz	4	1.0460	1.2570	-0.2110	0.9679	0.9534	0.0145	0.9466	0.9017	0.0449
1FCC	boltz	0	1.1490	1.0030	0.1460	0.9629	0.9675	-0.0046	0.9417	0.9308	0.0109
1FCC	boltz	1	1.2020	1.0870	0.1150	0.9575	0.9670	-0.0095	0.9199	0.9490	-0.0291
1FCC	boltz	2	1.1010	1.1140	-0.0130	0.9655	0.9641	0.0014	0.9417	0.9417	0.0000
1FCC	boltz	3	1.0010	1.1660	-0.1650	0.9688	0.9601	0.0087	0.9393	0.9223	0.0170
1FCC	boltz	4	1.0470	1.2550	-0.2080	0.9679	0.9536	0.0143	0.9454	0.9017	0.0437
1FFW	af_relaxed	0	0.3270	0.3270	0.0000	0.9940	0.9940	0.0000	1.0000	1.0000	0.0000
1FFW	af_relaxed	1	0.3300	0.3290	0.0010	0.9939	0.9939	0.0000	1.0000	1.0000	0.0000
1FFW	af_relaxed	2	0.3370	0.3340	0.0030	0.9936	0.9937	-0.0001	1.0000	1.0000	0.0000
1FFW	af_relaxed	3	0.3310	0.3310	0.0000	0.9939	0.9939	0.0000	1.0000	1.0000	0.0000
1FFW	af_relaxed	4	0.3350	0.3340	0.0010	0.9937	0.9938	-0.0001	1.0000	1.0000	0.0000
1FFW	af_unrelaxed	0	0.3290	0.3220	0.0070	0.9939	0.9942	-0.0003	1.0000	1.0000	0.0000
1FFW	af_unrelaxed	1	0.3250	0.3240	0.0010	0.9941	0.9941	0.0000	1.0000	1.0000	0.0000
1FFW	af_unrelaxed	2	0.3330	0.3330	0.0000	0.9938	0.9938	0.0000	1.0000	1.0000	0.0000
1FFW	af_unrelaxed	3	0.3260	0.3310	-0.0050	0.9940	0.9939	0.0001	1.0000	1.0000	0.0000
1FFW	af_unrelaxed	4	0.3370	0.3330	0.0040	0.9936	0.9938	-0.0002	1.0000	1.0000	0.0000
1FFW	amber_af	0	0.3310	0.3260	0.0050	0.9939	0.9940	-0.0001	1.0000	1.0000	0.0000
1FFW	amber_af	1	0.3280	0.3370	-0.0090	0.9940	0.9936	0.0004	1.0000	1.0000	0.0000
1FFW	amber_af	2	0.3360	0.3360	0.0000	0.9937	0.9937	0.0000	1.0000	1.0000	0.0000
1FFW	amber_af	3	0.3300	0.3300	0.0000	0.9939	0.9939	0.0000	1.0000	1.0000	0.0000
1FFW	amber_af	4	0.3350	0.3330	0.0020	0.9937	0.9938	-0.0001	1.0000	1.0000	0.0000
1FFW	amber_boltz	0	0.3440	0.3400	0.0040	0.9934	0.9935	-0.0001	1.0000	1.0000	0.0000
1FFW	amber_boltz	1	0.3540	0.3540	0.0000	0.9930	0.9930	0.0000	1.0000	1.0000	0.0000
1FFW	amber_boltz	2	0.3660	0.3510	0.0150	0.9925	0.9931	-0.0006	1.0000	1.0000	0.0000
1FFW	amber_boltz	3	0.3420	0.3340	0.0080	0.9935	0.9938	-0.0003	1.0000	1.0000	0.0000
1FFW	amber_boltz	4	0.3570	0.3590	-0.0020	0.9929	0.9928	0.0001	1.0000	1.0000	0.0000
1FFW	boltz	0	0.3410	0.3360	0.0050	0.9935	0.9937	-0.0002	1.0000	1.0000	0.0000
1FFW	boltz	1	0.3530	0.3520	0.0010	0.9931	0.9931	0.0000	1.0000	1.0000	0.0000
1FFW	boltz	2	0.3640	0.3500	0.0140	0.9926	0.9932	-0.0006	1.0000	1.0000	0.0000
1FFW	boltz	3	0.3400	0.3260	0.0140	0.9936	0.9941	-0.0005	1.0000	1.0000	0.0000
1FFW	boltz	4	0.3530	0.3550	-0.0020	0.9931	0.9930	0.0001	1.0000	1.0000	0.0000
1FLE	af_relaxed	0	0.3170	0.3270	-0.0100	0.9970	0.9968	0.0002	1.0000	1.0000	0.0000
1FLE	af_relaxed	1	0.3110	0.3140	-0.0030	0.9971	0.9970	0.0001	1.0000	1.0000	0.0000
1FLE	af_relaxed	2	0.3230	0.3150	0.0080	0.9969	0.9970	-0.0001	1.0000	1.0000	0.0000
1FLE	af_relaxed	3	0.3060	0.3070	-0.0010	0.9972	0.9972	0.0000	1.0000	1.0000	0.0000
1FLE	af_relaxed	4	0.3220	0.3230	-0.0010	0.9969	0.9969	0.0000	1.0000	1.0000	0.0000
1FLE	af_unrelaxed	0	0.3090	0.3220	-0.0130	0.9971	0.9969	0.0002	1.0000	1.0000	0.0000
1FLE	af_unrelaxed	1	0.3010	0.3080	-0.0070	0.9973	0.9972	0.0001	1.0000	1.0000	0.0000
1FLE	af_unrelaxed	2	0.3050	0.3080	-0.0030	0.9972	0.9972	0.0000	1.0000	1.0000	0.0000
1FLE	af_unrelaxed	3	0.3120	0.3010	0.0110	0.9971	0.9973	-0.0002	1.0000	1.0000	0.0000
1FLE	af_unrelaxed	4	0.3190	0.3150	0.0040	0.9969	0.9970	-0.0001	1.0000	1.0000	0.0000
1FLE	amber_af	0	0.3160	0.3280	-0.0120	0.9970	0.9968	0.0002	1.0000	1.0000	0.0000
1FLE	amber_af	1	0.3090	0.3130	-0.0040	0.9971	0.9971	0.0000	1.0000	1.0000	0.0000
1FLE	amber_af	2	0.3110	0.3150	-0.0040	0.9971	0.9970	0.0001	1.0000	1.0000	0.0000
1FLE	amber_af	3	0.3220	0.3060	0.0160	0.9969	0.9972	-0.0003	1.0000	1.0000	0.0000
1FLE	amber_af	4	0.3230	0.3230	0.0000	0.9969	0.9969	0.0000	1.0000	1.0000	0.0000
1FLE	amber_boltz	0	0.3290	0.3220	0.0070	0.9967	0.9969	-0.0002	0.9990	0.9979	0.0011
1FLE	amber_boltz	1	0.3200	0.3300	-0.0100	0.9969	0.9967	0.0002	1.0000	0.9990	0.0010
1FLE	amber_boltz	2	0.3250	0.3280	-0.0030	0.9968	0.9968	0.0000	1.0000	1.0000	0.0000
1FLE	amber_boltz	3	0.3160	0.3300	-0.0140	0.9970	0.9967	0.0003	0.9990	0.9990	0.0000
1FLE	amber_boltz	4	0.3250	0.3260	-0.0010	0.9968	0.9968	0.0000	0.9990	0.9979	0.0011
1FLE	boltz	0	0.3230	0.3120	0.0110	0.9969	0.9971	-0.0002	0.9990	0.9990	0.0000
1FLE	boltz	1	0.3120	0.3190	-0.0070	0.9971	0.9970	0.0001	0.9990	0.9979	0.0011
1FLE	boltz	2	0.3160	0.3190	-0.0030	0.9970	0.9969	0.0001	1.0000	1.0000	0.0000
1FLE	boltz	3	0.3020	0.3190	-0.0170	0.9973	0.9970	0.0003	1.0000	0.9990	0.0010
1FLE	boltz	4	0.3130	0.3130	0.0000	0.9971	0.9971	0.0000	1.0000	0.9990	0.0010
1FQ1	af_relaxed	0	1.3140	1.2940	0.0200	0.9680	0.9686	-0.0006	0.9577	0.9590	-0.0013
1FQ1	af_relaxed	1	1.3230	1.3300	-0.0070	0.9678	0.9673	0.0005	0.9631	0.9604	0.0027
1FQ1	af_relaxed	2	1.3310	1.3040	0.0270	0.9678	0.9690	-0.0012	0.9604	0.9604	0.0000
1FQ1	af_relaxed	3	1.2980	1.3180	-0.0200	0.9691	0.9682	0.0009	0.9604	0.9617	-0.0013
1FQ1	af_relaxed	4	1.3120	1.3130	-0.0010	0.9670	0.9672	-0.0002	0.9563	0.9577	-0.0014
1FQ1	af_unrelaxed	0	1.3150	1.2860	0.0290	0.9682	0.9690	-0.0008	0.9631	0.9590	0.0041
1FQ1	af_unrelaxed	1	1.3240	1.3230	0.0010	0.9680	0.9676	0.0004	0.9617	0.9617	0.0000
1FQ1	af_unrelaxed	2	1.2890	1.2940	-0.0050	0.9695	0.9694	0.0001	0.9631	0.9631	0.0000
1FQ1	af_unrelaxed	3	1.3060	1.3110	-0.0050	0.9674	0.9685	-0.0011	0.9590	0.9631	-0.0041
1FQ1	af_unrelaxed	4	1.3060	1.3070	-0.0010	0.9684	0.9675	0.0009	0.9577	0.9590	-0.0013
1FQ1	amber_af	0	1.3230	1.2940	0.0290	0.9678	0.9686	-0.0008	0.9631	0.9604	0.0027
1FQ1	amber_af	1	1.3310	1.3300	0.0010	0.9678	0.9672	0.0006	0.9604	0.9590	0.0014
1FQ1	amber_af	2	1.2990	1.3030	-0.0040	0.9691	0.9690	0.0001	0.9604	0.9604	0.0000
1FQ1	amber_af	3	1.3130	1.3190	-0.0060	0.9669	0.9682	-0.0013	0.9563	0.9617	-0.0054
1FQ1	amber_af	4	1.3150	1.3130	0.0020	0.9679	0.9672	0.0007	0.9577	0.9563	0.0014
1FQ1	amber_boltz	0	1.3680	1.3660	0.0020	0.9664	0.9688	-0.0024	0.9563	0.9631	-0.0068
1FQ1	amber_boltz	1	1.3480	1.3320	0.0160	0.9689	0.9689	0.0000	0.9631	0.9631	0.0000
1FQ1	amber_boltz	2	1.3200	1.2880	0.0320	0.9688	0.9708	-0.0020	0.9631	0.9672	-0.0041
1FQ1	amber_boltz	3	1.3040	1.3480	-0.0440	0.9696	0.9685	0.0011	0.9645	0.9631	0.0014
1FQ1	amber_boltz	4	1.3370	1.3160	0.0210	0.9691	0.9687	0.0004	0.9631	0.9631	0.0000
1FQ1	boltz	0	1.3580	1.3570	0.0010	0.9670	0.9693	-0.0023	0.9577	0.9658	-0.0081
1FQ1	boltz	1	1.3440	1.3250	0.0190	0.9692	0.9695	-0.0003	0.9617	0.9645	-0.0028
1FQ1	boltz	2	1.3140	1.2780	0.0360	0.9693	0.9712	-0.0019	0.9631	0.9658	-0.0027
1FQ1	boltz	3	1.2970	1.3400	-0.0430	0.9700	0.9688	0.0012	0.9658	0.9617	0.0041
1FQ1	boltz	4	1.3330	1.3090	0.0240	0.9694	0.9690	0.0004	0.9645	0.9631	0.0014
1FQJ	af_relaxed	0	0.5560	0.5420	0.0140	0.9932	0.9936	-0.0004	0.9890	0.9921	-0.0031
1FQJ	af_relaxed	1	0.5310	0.5560	-0.0250	0.9938	0.9932	0.0006	0.9929	0.9890	0.0039
1FQJ	af_relaxed	2	0.5700	0.5340	0.0360	0.9930	0.9938	-0.0008	0.9921	0.9929	-0.0008
1FQJ	af_relaxed	3	0.5330	0.5820	-0.0490	0.9938	0.9927	0.0011	0.9929	0.9905	0.0024
1FQJ	af_relaxed	4	0.5600	0.5490	0.0110	0.9931	0.9933	-0.0002	0.9905	0.9921	-0.0016
1FQJ	af_unrelaxed	0	0.5480	0.5330	0.0150	0.9933	0.9938	-0.0005	0.9897	0.9921	-0.0024
1FQJ	af_unrelaxed	1	0.5630	0.5470	0.0160	0.9931	0.9933	-0.0002	0.9913	0.9890	0.0023
1FQJ	af_unrelaxed	2	0.5230	0.5240	-0.0010	0.9940	0.9940	0.0000	0.9921	0.9929	-0.0008
1FQJ	af_unrelaxed	3	0.5550	0.5750	-0.0200	0.9932	0.9928	0.0004	0.9913	0.9913	0.0000
1FQJ	af_unrelaxed	4	0.5210	0.5440	-0.0230	0.9940	0.9934	0.0006	0.9929	0.9921	0.0008
1FQJ	amber_af	0	0.5600	0.5420	0.0180	0.9931	0.9936	-0.0005	0.9890	0.9921	-0.0031
1FQJ	amber_af	1	0.5700	0.5550	0.0150	0.9930	0.9932	-0.0002	0.9921	0.9890	0.0031
1FQJ	amber_af	2	0.5340	0.5340	0.0000	0.9938	0.9938	0.0000	0.9929	0.9929	0.0000
1FQJ	amber_af	3	0.5600	0.5820	-0.0220	0.9931	0.9927	0.0004	0.9905	0.9905	0.0000
1FQJ	amber_af	4	0.5330	0.5490	-0.0160	0.9938	0.9933	0.0005	0.9929	0.9921	0.0008
1FQJ	amber_boltz	0	0.6170	0.5760	0.0410	0.9920	0.9930	-0.0010	0.9882	0.9866	0.0016
1FQJ	amber_boltz	1	0.5270	0.5690	-0.0420	0.9944	0.9931	0.0013	0.9929	0.9905	0.0024
1FQJ	amber_boltz	2	0.6020	0.6020	0.0000	0.9917	0.9924	-0.0007	0.9866	0.9890	-0.0024
1FQJ	amber_boltz	3	0.6020	0.6610	-0.0590	0.9923	0.9907	0.0016	0.9882	0.9858	0.0024
1FQJ	amber_boltz	4	0.5840	0.6310	-0.0470	0.9929	0.9914	0.0015	0.9905	0.9866	0.0039
1FQJ	boltz	0	0.6100	0.5720	0.0380	0.9922	0.9931	-0.0009	0.9874	0.9882	-0.0008
1FQJ	boltz	1	0.5210	0.5680	-0.0470	0.9945	0.9931	0.0014	0.9937	0.9897	0.0040
1FQJ	boltz	2	0.6000	0.5940	0.0060	0.9918	0.9926	-0.0008	0.9858	0.9897	-0.0039
1FQJ	boltz	3	0.5970	0.6570	-0.0600	0.9925	0.9907	0.0018	0.9890	0.9874	0.0016
1FQJ	boltz	4	0.5800	0.6270	-0.0470	0.9930	0.9915	0.0015	0.9905	0.9874	0.0031
1GCQ	af_relaxed	0	1.0900	1.0260	0.0640	0.9389	0.9384	0.0005	0.9737	0.9693	0.0044
1GCQ	af_relaxed	1	1.2130	1.0380	0.1750	0.9324	0.9384	-0.0060	0.9605	0.9737	-0.0132
1GCQ	af_relaxed	2	1.0470	1.0180	0.0290	0.9344	0.9338	0.0006	0.9737	0.9649	0.0088
1GCQ	af_relaxed	3	1.1450	1.1300	0.0150	0.9350	0.9340	0.0010	0.9649	0.9649	0.0000
1GCQ	af_relaxed	4	1.2330	1.2290	0.0040	0.9331	0.9329	0.0002	0.9693	0.9649	0.0044
1GCQ	af_unrelaxed	0	1.0640	1.0120	0.0520	0.9406	0.9396	0.0010	0.9737	0.9693	0.0044
1GCQ	af_unrelaxed	1	1.2080	1.0180	0.1900	0.9348	0.9399	-0.0051	0.9649	0.9737	-0.0088
1GCQ	af_unrelaxed	2	1.1150	1.0020	0.1130	0.9366	0.9347	0.0019	0.9693	0.9649	0.0044
1GCQ	af_unrelaxed	3	1.1880	1.1000	0.0880	0.9341	0.9359	-0.0018	0.9649	0.9693	-0.0044
1GCQ	af_unrelaxed	4	1.0270	1.2030	-0.1760	0.9356	0.9345	0.0011	0.9693	0.9605	0.0088
1GCQ	amber_af	0	1.0900	1.0270	0.0630	0.9388	0.9383	0.0005	0.9737	0.9693	0.0044
1GCQ	amber_af	1	1.2330	1.0380	0.1950	0.9331	0.9385	-0.0054	0.9693	0.9737	-0.0044
1GCQ	amber_af	2	1.1450	1.0180	0.1270	0.9350	0.9339	0.0011	0.9649	0.9649	0.0000
1GCQ	amber_af	3	1.2130	1.1300	0.0830	0.9324	0.9341	-0.0017	0.9605	0.9649	-0.0044
1GCQ	amber_af	4	1.0470	1.2290	-0.1820	0.9344	0.9329	0.0015	0.9737	0.9649	0.0088
1GCQ	amber_boltz	0	1.2710	1.4500	-0.1790	0.9387	0.9350	0.0037	0.9693	0.9649	0.0044
1GCQ	amber_boltz	1	0.9910	1.4070	-0.4160	0.9388	0.9347	0.0041	0.9693	0.9605	0.0088
1GCQ	amber_boltz	2	1.3380	1.1530	0.1850	0.9389	0.9410	-0.0021	0.9693	0.9693	0.0000
1GCQ	amber_boltz	3	1.4040	1.3210	0.0830	0.9406	0.9360	0.0046	0.9693	0.9649	0.0044
1GCQ	amber_boltz	4	1.1550	1.4120	-0.2570	0.9390	0.9357	0.0033	0.9649	0.9649	0.0000
1GCQ	boltz	0	1.2580	1.4410	-0.1830	0.9403	0.9365	0.0038	0.9649	0.9649	0.0000
1GCQ	boltz	1	0.9820	1.4000	-0.4180	0.9402	0.9366	0.0036	0.9693	0.9649	0.0044
1GCQ	boltz	2	1.3230	1.1400	0.1830	0.9403	0.9430	-0.0027	0.9693	0.9649	0.0044
1GCQ	boltz	3	1.3930	1.3110	0.0820	0.9421	0.9363	0.0058	0.9693	0.9649	0.0044
1GCQ	boltz	4	1.1450	1.4070	-0.2620	0.9407	0.9368	0.0039	0.9693	0.9649	0.0044
1GHQ	af_relaxed	0	1.9390	1.9940	-0.0550	0.9582	0.9576	0.0006	0.9210	0.9210	0.0000
1GHQ	af_relaxed	1	2.0720	2.1580	-0.0860	0.9565	0.9555	0.0010	0.9194	0.9169	0.0025
1GHQ	af_relaxed	2	2.1920	1.9670	0.2250	0.9556	0.9574	-0.0018	0.9161	0.9202	-0.0041
1GHQ	af_relaxed	3	2.1570	2.1870	-0.0300	0.9558	0.9557	0.0001	0.9169	0.9169	0.0000
1GHQ	af_relaxed	4	2.2280	2.4030	-0.1750	0.9554	0.9550	0.0004	0.9194	0.9178	0.0016
1GHQ	af_unrelaxed	0	2.1830	1.9860	0.1970	0.9559	0.9578	-0.0019	0.9169	0.9210	-0.0041
1GHQ	af_unrelaxed	1	2.2150	2.1520	0.0630	0.9557	0.9558	-0.0001	0.9202	0.9161	0.0041
1GHQ	af_unrelaxed	2	2.0630	1.9600	0.1030	0.9567	0.9578	-0.0011	0.9202	0.9210	-0.0008
1GHQ	af_unrelaxed	3	2.1470	2.1780	-0.0310	0.9560	0.9559	0.0001	0.9169	0.9169	0.0000
1GHQ	af_unrelaxed	4	1.9300	2.3910	-0.4610	0.9584	0.9552	0.0032	0.9218	0.9178	0.0040
1GHQ	amber_af	0	2.1900	1.9940	0.1960	0.9556	0.9576	-0.0020	0.9153	0.9210	-0.0057
1GHQ	amber_af	1	2.2280	2.1590	0.0690	0.9554	0.9555	-0.0001	0.9202	0.9161	0.0041
1GHQ	amber_af	2	2.0730	1.9670	0.1060	0.9564	0.9575	-0.0011	0.9186	0.9202	-0.0016
1GHQ	amber_af	3	2.1560	2.1870	-0.0310	0.9558	0.9557	0.0001	0.9153	0.9169	-0.0016
1GHQ	amber_af	4	1.9390	2.4040	-0.4650	0.9581	0.9550	0.0031	0.9202	0.9178	0.0024
1GHQ	amber_boltz	0	1.5740	1.7380	-0.1640	0.9625	0.9600	0.0025	0.9218	0.9267	-0.0049
1GHQ	amber_boltz	1	1.9540	1.9020	0.0520	0.9565	0.9580	-0.0015	0.9161	0.9194	-0.0033
1GHQ	amber_boltz	2	1.9020	2.2650	-0.3630	0.9603	0.9535	0.0068	0.9226	0.9194	0.0032
1GHQ	amber_boltz	3	1.7900	1.9700	-0.1800	0.9601	0.9564	0.0037	0.9210	0.9194	0.0016
1GHQ	amber_boltz	4	1.8380	2.1790	-0.3410	0.9597	0.9548	0.0049	0.9243	0.9178	0.0065
1GHQ	boltz	0	1.5620	1.7220	-0.1600	0.9628	0.9603	0.0025	0.9218	0.9283	-0.0065
1GHQ	boltz	1	1.9520	1.9070	0.0450	0.9572	0.9586	-0.0014	0.9194	0.9186	0.0008
1GHQ	boltz	2	1.8850	2.1800	-0.2950	0.9614	0.9548	0.0066	0.9243	0.9202	0.0041
1GHQ	boltz	3	1.7680	1.9720	-0.2040	0.9609	0.9571	0.0038	0.9235	0.9202	0.0033
1GHQ	boltz	4	1.8410	2.0780	-0.2370	0.9603	0.9565	0.0038	0.9243	0.9226	0.0017
1GL1	af_relaxed	0	1.0160	1.0480	-0.0320	0.9874	0.9874	0.0000	0.9874	0.9874	0.0000
1GL1	af_relaxed	1	1.0770	1.0790	-0.0020	0.9873	0.9872	0.0001	0.9874	0.9874	0.0000
1GL1	af_relaxed	2	1.0570	1.0500	0.0070	0.9873	0.9875	-0.0002	0.9874	0.9874	0.0000
1GL1	af_relaxed	3	1.0380	1.0630	-0.0250	0.9876	0.9875	0.0001	0.9885	0.9874	0.0011
1GL1	af_relaxed	4	1.0320	0.9430	0.0890	0.9873	0.9874	-0.0001	0.9874	0.9874	0.0000
1GL1	af_unrelaxed	0	1.0770	1.0410	0.0360	0.9873	0.9876	-0.0003	0.9864	0.9885	-0.0021
1GL1	af_unrelaxed	1	1.0160	1.0830	-0.0670	0.9876	0.9872	0.0004	0.9864	0.9864	0.0000
1GL1	af_unrelaxed	2	1.0090	1.0450	-0.0360	0.9875	0.9876	-0.0001	0.9874	0.9874	0.0000
1GL1	af_unrelaxed	3	1.0300	1.0600	-0.0300	0.9878	0.9876	0.0002	0.9874	0.9874	0.0000
1GL1	af_unrelaxed	4	1.0540	0.9320	0.1220	0.9874	0.9876	-0.0002	0.9874	0.9874	0.0000
1GL1	amber_af	0	1.0800	1.0480	0.0320	0.9873	0.9874	-0.0001	0.9874	0.9874	0.0000
1GL1	amber_af	1	1.0320	1.0800	-0.0480	0.9873	0.9872	0.0001	0.9874	0.9874	0.0000
1GL1	amber_af	2	1.0160	1.0510	-0.0350	0.9874	0.9875	-0.0001	0.9874	0.9874	0.0000
1GL1	amber_af	3	1.0380	1.0640	-0.0260	0.9876	0.9875	0.0001	0.9885	0.9874	0.0011
1GL1	amber_af	4	1.0570	0.9450	0.1120	0.9874	0.9874	0.0000	0.9874	0.9874	0.0000
1GL1	amber_boltz	0	1.0170	0.9670	0.0500	0.9882	0.9892	-0.0010	0.9885	0.9906	-0.0021
1GL1	amber_boltz	1	1.0750	1.0900	-0.0150	0.9892	0.9880	0.0012	0.9895	0.9885	0.0010
1GL1	amber_boltz	2	1.0210	1.0250	-0.0040	0.9876	0.9873	0.0003	0.9864	0.9854	0.0010
1GL1	amber_boltz	3	0.9450	0.9980	-0.0530	0.9895	0.9880	0.0015	0.9895	0.9885	0.0010
1GL1	amber_boltz	4	1.0240	0.9780	0.0460	0.9870	0.9891	-0.0021	0.9874	0.9895	-0.0021
1GL1	boltz	0	1.0200	0.9660	0.0540	0.9883	0.9892	-0.0009	0.9874	0.9906	-0.0032
1GL1	boltz	1	1.0690	1.0950	-0.0260	0.9893	0.9880	0.0013	0.9895	0.9874	0.0021
1GL1	boltz	2	1.0230	1.0270	-0.0040	0.9878	0.9874	0.0004	0.9864	0.9854	0.0010
1GL1	boltz	3	0.9460	1.0030	-0.0570	0.9897	0.9879	0.0018	0.9885	0.9874	0.0011
1GL1	boltz	4	1.0290	0.9780	0.0510	0.9870	0.9892	-0.0022	0.9874	0.9895	-0.0021
1GLA	af_relaxed	0	9.0790	9.3140	-0.2350	0.9222	0.9248	-0.0026	0.9239	0.9270	-0.0031
1GLA	af_relaxed	1	8.9450	9.0090	-0.0640	0.9232	0.9222	0.0010	0.9270	0.9270	0.0000
1GLA	af_relaxed	2	9.0790	8.8560	0.2230	0.9205	0.9235	-0.0030	0.9193	0.9270	-0.0077
1GLA	af_relaxed	3	9.1820	9.1320	0.0500	0.9239	0.9221	0.0018	0.9286	0.9239	0.0047
1GLA	af_relaxed	4	9.1670	9.1450	0.0220	0.9217	0.9208	0.0009	0.9208	0.9224	-0.0016
1GLA	af_unrelaxed	0	9.0210	9.2970	-0.2760	0.9239	0.9253	-0.0014	0.9301	0.9317	-0.0016
1GLA	af_unrelaxed	1	9.0340	8.9950	0.0390	0.9233	0.9217	0.0016	0.9301	0.9270	0.0031
1GLA	af_unrelaxed	2	8.9320	8.8330	0.0990	0.9233	0.9235	-0.0002	0.9286	0.9301	-0.0015
1GLA	af_unrelaxed	3	9.1600	9.1000	0.0600	0.9228	0.9255	-0.0027	0.9255	0.9301	-0.0046
1GLA	af_unrelaxed	4	9.1580	9.1080	0.0500	0.9243	0.9221	0.0022	0.9286	0.9255	0.0031
1GLA	amber_af	0	9.0780	9.3150	-0.2370	0.9205	0.9246	-0.0041	0.9193	0.9286	-0.0093
1GLA	amber_af	1	9.0740	9.0080	0.0660	0.9222	0.9224	-0.0002	0.9239	0.9270	-0.0031
1GLA	amber_af	2	8.9430	8.8550	0.0880	0.9231	0.9234	-0.0003	0.9270	0.9270	0.0000
1GLA	amber_af	3	9.1660	9.1310	0.0350	0.9213	0.9223	-0.0010	0.9193	0.9255	-0.0062
1GLA	amber_af	4	9.1810	9.1470	0.0340	0.9239	0.9211	0.0028	0.9286	0.9208	0.0078
1GLA	amber_boltz	0	8.0350	9.3910	-1.3560	0.9269	0.9262	0.0007	0.9317	0.9286	0.0031
1GLA	amber_boltz	1	9.5360	8.5620	0.9740	0.9260	0.9255	0.0005	0.9317	0.9286	0.0031
1GLA	amber_boltz	2	15.0180	9.1280	5.8900	0.1706	0.9262	-0.7556	0.0978	0.9286	-0.8308
1GLA	amber_boltz	3	8.8560	8.1480	0.7080	0.9264	0.9266	-0.0002	0.9317	0.9286	0.0031
1GLA	amber_boltz	4	8.4910	7.5950	0.8960	0.9264	0.9269	-0.0005	0.9301	0.9286	0.0015
1GLA	boltz	0	8.0280	9.3890	-1.3610	0.9272	0.9267	0.0005	0.9301	0.9301	0.0000
1GLA	boltz	1	9.5390	8.5660	0.9730	0.9263	0.9256	0.0007	0.9301	0.9286	0.0015
1GLA	boltz	2	8.2620	9.1290	-0.8670	0.9262	0.9266	-0.0004	0.9301	0.9286	0.0015
1GLA	boltz	3	8.8570	8.1400	0.7170	0.9268	0.9270	-0.0002	0.9301	0.9286	0.0015
1GLA	boltz	4	8.5030	7.5870	0.9160	0.9268	0.9270	-0.0002	0.9301	0.9301	0.0000
1GP2	af_relaxed	0	1.4700	1.5070	-0.0370	0.9644	0.9638	0.0006	0.9177	0.9110	0.0067
1GP2	af_relaxed	1	1.5180	1.4400	0.0780	0.9633	0.9658	-0.0025	0.9110	0.9221	-0.0111
1GP2	af_relaxed	2	1.6140	1.4540	0.1600	0.9601	0.9653	-0.0052	0.9088	0.9206	-0.0118
1GP2	af_relaxed	3	1.9140	1.4360	0.4780	0.9442	0.9661	-0.0219	0.8820	0.9303	-0.0483
1GP2	af_relaxed	4	2.1550	2.6070	-0.4520	0.9361	0.9236	0.0125	0.8754	0.8717	0.0037
1GP2	af_unrelaxed	0	1.9110	1.4990	0.4120	0.9443	0.9640	-0.0197	0.8843	0.9139	-0.0296
1GP2	af_unrelaxed	1	1.5140	1.4320	0.0820	0.9635	0.9661	-0.0026	0.9147	0.9206	-0.0059
1GP2	af_unrelaxed	2	1.6190	1.4470	0.1720	0.9602	0.9655	-0.0053	0.9102	0.9184	-0.0082
1GP2	af_unrelaxed	3	2.1500	1.4320	0.7180	0.9363	0.9663	-0.0300	0.8761	0.9288	-0.0527
1GP2	af_unrelaxed	4	1.4600	2.6050	-1.1450	0.9648	0.9238	0.0410	0.9169	0.8739	0.0430
1GP2	amber_af	0	1.9140	1.5070	0.4070	0.9442	0.9638	-0.0196	0.8828	0.9110	-0.0282
1GP2	amber_af	1	1.5180	1.4400	0.0780	0.9633	0.9659	-0.0026	0.9110	0.9206	-0.0096
1GP2	amber_af	2	1.6090	1.4530	0.1560	0.9601	0.9653	-0.0052	0.9095	0.9206	-0.0111
1GP2	amber_af	3	2.1550	1.4360	0.7190	0.9361	0.9661	-0.0300	0.8761	0.9303	-0.0542
1GP2	amber_af	4	1.4710	2.6070	-1.1360	0.9644	0.9236	0.0408	0.9177	0.8717	0.0460
1GP2	amber_boltz	0	1.6460	1.6590	-0.0130	0.9557	0.9575	-0.0018	0.8984	0.9028	-0.0044
1GP2	amber_boltz	1	1.6920	1.6210	0.0710	0.9555	0.9589	-0.0034	0.9021	0.9117	-0.0096
1GP2	amber_boltz	2	1.5600	1.6640	-0.1040	0.9622	0.9546	0.0076	0.9139	0.8984	0.0155
1GP2	amber_boltz	3	1.8830	1.5910	0.2920	0.9449	0.9605	-0.0156	0.8850	0.9102	-0.0252
1GP2	amber_boltz	4	1.9910	2.0380	-0.0470	0.9377	0.9376	0.0001	0.8464	0.8813	-0.0349
1GP2	boltz	0	1.6400	1.6550	-0.0150	0.9559	0.9576	-0.0017	0.8999	0.9013	-0.0014
1GP2	boltz	1	1.6890	1.6200	0.0690	0.9556	0.9590	-0.0034	0.9043	0.9110	-0.0067
1GP2	boltz	2	1.5590	1.6650	-0.1060	0.9623	0.9547	0.0076	0.9132	0.9013	0.0119
1GP2	boltz	3	1.8830	1.5890	0.2940	0.9449	0.9606	-0.0157	0.8880	0.9110	-0.0230
1GP2	boltz	4	1.9900	2.0380	-0.0480	0.9378	0.9376	0.0002	0.8487	0.8835	-0.0348
1GPW	af_relaxed	0	3.1830	3.1370	0.0460	0.9596	0.9603	-0.0007	0.9496	0.9506	-0.0010
1GPW	af_relaxed	1	2.6410	0.8600	1.7810	0.9621	0.9843	-0.0222	0.9536	0.9753	-0.0217
1GPW	af_relaxed	2	0.9580	0.9650	-0.0070	0.9816	0.9813	0.0003	0.9723	0.9704	0.0019
1GPW	af_relaxed	3	3.4080	3.3980	0.0100	0.9591	0.9588	0.0003	0.9536	0.9536	0.0000
1GPW	af_relaxed	4	0.9120	0.9020	0.0100	0.9831	0.9833	-0.0002	0.9723	0.9733	-0.0010
1GPW	af_unrelaxed	0	0.9520	3.1210	-2.1690	0.9817	0.9607	0.0210	0.9723	0.9516	0.0207
1GPW	af_unrelaxed	1	3.3980	0.8610	2.5370	0.9592	0.9843	-0.0251	0.9526	0.9753	-0.0227
1GPW	af_unrelaxed	2	2.6320	0.9600	1.6720	0.9623	0.9815	-0.0192	0.9545	0.9713	-0.0168
1GPW	af_unrelaxed	3	0.9070	3.3900	-2.4830	0.9832	0.9589	0.0243	0.9733	0.9526	0.0207
1GPW	af_unrelaxed	4	3.1710	0.8990	2.2720	0.9599	0.9834	-0.0235	0.9506	0.9733	-0.0227
1GPW	amber_af	0	0.9570	3.1370	-2.1800	0.9816	0.9603	0.0213	0.9723	0.9506	0.0217
1GPW	amber_af	1	3.4080	0.8600	2.5480	0.9591	0.9844	-0.0253	0.9536	0.9743	-0.0207
1GPW	amber_af	2	2.6410	0.9650	1.6760	0.9622	0.9813	-0.0191	0.9536	0.9713	-0.0177
1GPW	amber_af	3	0.9130	3.3990	-2.4860	0.9831	0.9588	0.0243	0.9723	0.9536	0.0187
1GPW	amber_af	4	3.1850	0.9020	2.2830	0.9596	0.9834	-0.0238	0.9506	0.9733	-0.0227
1GPW	amber_boltz	0	1.1060	1.0210	0.0850	0.9754	0.9764	-0.0010	0.9565	0.9565	0.0000
1GPW	amber_boltz	1	1.0730	1.1090	-0.0360	0.9765	0.9748	0.0017	0.9615	0.9545	0.0070
1GPW	amber_boltz	2	1.0390	1.0940	-0.0550	0.9777	0.9744	0.0033	0.9605	0.9457	0.0148
1GPW	amber_boltz	3	1.0600	1.0570	0.0030	0.9766	0.9762	0.0004	0.9595	0.9575	0.0020
1GPW	amber_boltz	4	1.0800	1.0890	-0.0090	0.9751	0.9755	-0.0004	0.9565	0.9575	-0.0010
1GPW	boltz	0	1.0990	1.0150	0.0840	0.9758	0.9767	-0.0009	0.9555	0.9575	-0.0020
1GPW	boltz	1	1.0650	1.1010	-0.0360	0.9768	0.9752	0.0016	0.9605	0.9526	0.0079
1GPW	boltz	2	1.0340	1.0870	-0.0530	0.9779	0.9746	0.0033	0.9575	0.9457	0.0118
1GPW	boltz	3	1.0570	1.0440	0.0130	0.9768	0.9767	0.0001	0.9585	0.9565	0.0020
1GPW	boltz	4	1.0700	1.0810	-0.0110	0.9755	0.9758	-0.0003	0.9575	0.9585	-0.0010
1GRN	af_relaxed	0	5.3350	5.2770	0.0580	0.9384	0.9384	0.0000	0.9359	0.9359	0.0000
1GRN	af_relaxed	1	4.8510	4.8880	-0.0370	0.9426	0.9423	0.0003	0.9437	0.9411	0.0026
1GRN	af_relaxed	2	5.5070	5.4870	0.0200	0.9378	0.9379	-0.0001	0.9346	0.9346	0.0000
1GRN	af_relaxed	3	5.1900	5.1900	0.0000	0.9384	0.9387	-0.0003	0.9346	0.9346	0.0000
1GRN	af_relaxed	4	5.2450	5.2580	-0.0130	0.9387	0.9383	0.0004	0.9359	0.9359	0.0000
1GRN	af_unrelaxed	0	5.3140	5.2560	0.0580	0.9384	0.9384	0.0000	0.9359	0.9359	0.0000
1GRN	af_unrelaxed	1	5.2270	4.8700	0.3570	0.9387	0.9423	-0.0036	0.9359	0.9411	-0.0052
1GRN	af_unrelaxed	2	5.1660	5.4650	-0.2990	0.9383	0.9379	0.0004	0.9346	0.9346	0.0000
1GRN	af_unrelaxed	3	4.8340	5.1660	-0.3320	0.9426	0.9386	0.0040	0.9411	0.9346	0.0065
1GRN	af_unrelaxed	4	5.4860	5.2390	0.2470	0.9378	0.9384	-0.0006	0.9346	0.9359	-0.0013
1GRN	amber_af	0	5.3350	5.2770	0.0580	0.9384	0.9384	0.0000	0.9359	0.9359	0.0000
1GRN	amber_af	1	5.2460	4.8880	0.3580	0.9387	0.9424	-0.0037	0.9359	0.9411	-0.0052
1GRN	amber_af	2	5.1900	5.4870	-0.2970	0.9383	0.9379	0.0004	0.9346	0.9346	0.0000
1GRN	amber_af	3	4.8510	5.1900	-0.3390	0.9426	0.9387	0.0039	0.9437	0.9346	0.0091
1GRN	amber_af	4	5.5070	5.2580	0.2490	0.9378	0.9383	-0.0005	0.9346	0.9359	-0.0013
1GRN	amber_boltz	0	1.4240	1.4250	-0.0010	0.9700	0.9677	0.0023	0.9620	0.9568	0.0052
1GRN	amber_boltz	1	1.2570	1.3520	-0.0950	0.9756	0.9695	0.0061	0.9712	0.9607	0.0105
1GRN	amber_boltz	2	1.2230	1.3420	-0.1190	0.9685	0.9690	-0.0005	0.9568	0.9581	-0.0013
1GRN	amber_boltz	3	1.5370	1.1980	0.3390	0.9642	0.9733	-0.0091	0.9490	0.9660	-0.0170
1GRN	amber_boltz	4	1.6150	1.4110	0.2040	0.9619	0.9694	-0.0075	0.9463	0.9607	-0.0144
1GRN	boltz	0	1.4270	1.4330	-0.0060	0.9700	0.9675	0.0025	0.9607	0.9542	0.0065
1GRN	boltz	1	1.2560	1.3540	-0.0980	0.9755	0.9694	0.0061	0.9712	0.9594	0.0118
1GRN	boltz	2	1.2230	1.3390	-0.1160	0.9683	0.9690	-0.0007	0.9581	0.9568	0.0013
1GRN	boltz	3	1.5430	1.2000	0.3430	0.9641	0.9733	-0.0092	0.9503	0.9660	-0.0157
1GRN	boltz	4	1.6220	1.4140	0.2080	0.9617	0.9694	-0.0077	0.9490	0.9607	-0.0117
1GXD	af_relaxed	0	3.5450	3.5310	0.0140	0.8952	0.8965	-0.0013	0.6663	0.6687	-0.0024
1GXD	af_relaxed	1	3.5020	3.5050	-0.0030	0.8971	0.8980	-0.0009	0.6707	0.6747	-0.0040
1GXD	af_relaxed	2	3.9140	3.7480	0.1660	0.8802	0.8890	-0.0088	0.6571	0.6659	-0.0088
1GXD	af_relaxed	3	3.6030	3.8940	-0.2910	0.8952	0.8818	0.0134	0.6743	0.6615	0.0128
1GXD	af_relaxed	4	3.9080	3.9240	-0.0160	0.8799	0.8785	0.0014	0.6458	0.6454	0.0004
1GXD	amber_af	0	3.9140	3.5310	0.3830	0.8802	0.8965	-0.0163	0.6575	0.6687	-0.0112
1GXD	amber_af	1	3.9080	3.5050	0.4030	0.8800	0.8980	-0.0180	0.6454	0.6755	-0.0301
1GXD	amber_af	2	3.5460	3.7470	-0.2010	0.8952	0.8890	0.0062	0.6667	0.6655	0.0012
1GXD	amber_af	3	3.5020	3.8940	-0.3920	0.8971	0.8818	0.0153	0.6703	0.6615	0.0088
1GXD	amber_af	4	3.6030	3.9240	-0.3210	0.8952	0.8784	0.0168	0.6743	0.6462	0.0281
1GXD	amber_boltz	0	3.6770	3.6990	-0.0220	0.8990	0.9005	-0.0015	0.6891	0.7015	-0.0124
1GXD	amber_boltz	1	3.9200	3.8860	0.0340	0.8846	0.8851	-0.0005	0.6587	0.6579	0.0008
1GXD	amber_boltz	2	3.9520	3.4660	0.4860	0.8887	0.9044	-0.0157	0.6883	0.6911	-0.0028
1GXD	amber_boltz	3	3.7850	3.8560	-0.0710	0.8963	0.8879	0.0084	0.6911	0.6679	0.0232
1GXD	amber_boltz	4	3.7820	3.4320	0.3500	0.8969	0.9089	-0.0120	0.6923	0.7260	-0.0337
1GXD	boltz	0	3.6690	3.6900	-0.0210	0.8992	0.9008	-0.0016	0.6891	0.7003	-0.0112
1GXD	boltz	1	3.9130	3.8770	0.0360	0.8848	0.8854	-0.0006	0.6603	0.6591	0.0012
1GXD	boltz	2	3.9430	3.4550	0.4880	0.8888	0.9048	-0.0160	0.6871	0.6923	-0.0052
1GXD	boltz	3	3.7760	3.8510	-0.0750	0.8966	0.8880	0.0086	0.6931	0.6683	0.0248
1GXD	boltz	4	3.7740	3.4240	0.3500	0.8971	0.9093	-0.0122	0.6911	0.7256	-0.0345
1H1V	af_relaxed	0	0.8270	0.7440	0.0830	0.9877	0.9901	-0.0024	0.9728	0.9830	-0.0102
1H1V	af_relaxed	1	0.7290	0.7510	-0.0220	0.9903	0.9898	0.0005	0.9817	0.9810	0.0007
1H1V	af_relaxed	2	0.7650	0.7280	0.0370	0.9893	0.9903	-0.0010	0.9769	0.9823	-0.0054
1H1V	af_relaxed	3	0.7100	0.7650	-0.0550	0.9907	0.9891	0.0016	0.9817	0.9735	0.0082
1H1V	af_relaxed	4	0.7140	0.7200	-0.0060	0.9905	0.9906	-0.0001	0.9810	0.9830	-0.0020
1H1V	af_unrelaxed	0	0.7580	0.7490	0.0090	0.9896	0.9900	-0.0004	0.9796	0.9817	-0.0021
1H1V	af_unrelaxed	1	0.7350	0.7560	-0.0210	0.9902	0.9897	0.0005	0.9837	0.9810	0.0027
1H1V	af_unrelaxed	2	0.7120	0.7370	-0.0250	0.9907	0.9901	0.0006	0.9817	0.9837	-0.0020
1H1V	af_unrelaxed	3	0.8330	0.7550	0.0780	0.9876	0.9895	-0.0019	0.9728	0.9769	-0.0041
1H1V	af_unrelaxed	4	0.7100	0.7180	-0.0080	0.9907	0.9907	0.0000	0.9823	0.9830	-0.0007
1H1V	amber_af	0	0.7650	0.7440	0.0210	0.9893	0.9901	-0.0008	0.9769	0.9830	-0.0061
1H1V	amber_af	1	0.7290	0.7520	-0.0230	0.9903	0.9898	0.0005	0.9830	0.9810	0.0020
1H1V	amber_af	2	0.7090	0.7290	-0.0200	0.9908	0.9903	0.0005	0.9823	0.9823	0.0000
1H1V	amber_af	3	0.8270	0.7710	0.0560	0.9877	0.9889	-0.0012	0.9728	0.9728	0.0000
1H1V	amber_af	4	0.7210	0.7190	0.0020	0.9903	0.9906	-0.0003	0.9803	0.9830	-0.0027
1H1V	amber_boltz	0	1.0800	0.7480	0.3320	0.9795	0.9895	-0.0100	0.9409	0.9708	-0.0299
1H1V	amber_boltz	1	0.9910	0.6860	0.3050	0.9824	0.9912	-0.0088	0.9463	0.9789	-0.0326
1H1V	amber_boltz	2	0.9480	0.9150	0.0330	0.9849	0.9852	-0.0003	0.9640	0.9613	0.0027
1H1V	amber_boltz	3	0.9890	0.8470	0.1420	0.9825	0.9868	-0.0043	0.9463	0.9633	-0.0170
1H1V	amber_boltz	4	1.1060	0.8890	0.2170	0.9778	0.9872	-0.0094	0.9293	0.9762	-0.0469
1H1V	boltz	0	1.0810	0.7460	0.3350	0.9795	0.9896	-0.0101	0.9416	0.9721	-0.0305
1H1V	boltz	1	0.9860	0.6830	0.3030	0.9826	0.9913	-0.0087	0.9470	0.9783	-0.0313
1H1V	boltz	2	0.9450	0.9100	0.0350	0.9850	0.9854	-0.0004	0.9633	0.9620	0.0013
1H1V	boltz	3	0.9830	0.8420	0.1410	0.9827	0.9870	-0.0043	0.9470	0.9633	-0.0163
1H1V	boltz	4	1.1020	0.8840	0.2180	0.9780	0.9874	-0.0094	0.9321	0.9749	-0.0428
1H9D	af_relaxed	0	1.1200	0.8360	0.2840	0.9704	0.9746	-0.0042	0.9731	0.9814	-0.0083
1H9D	af_relaxed	1	1.0210	0.9840	0.0370	0.9686	0.9697	-0.0011	0.9711	0.9731	-0.0020
1H9D	af_relaxed	2	0.7480	0.7780	-0.0300	0.9782	0.9765	0.0017	0.9793	0.9752	0.0041
1H9D	af_relaxed	3	0.6850	0.8180	-0.1330	0.9817	0.9777	0.0040	0.9876	0.9855	0.0021
1H9D	af_relaxed	4	0.7020	1.1070	-0.4050	0.9824	0.9709	0.0115	0.9876	0.9793	0.0083
1H9D	af_unrelaxed	0	1.0160	0.8370	0.1790	0.9689	0.9748	-0.0059	0.9731	0.9814	-0.0083
1H9D	af_unrelaxed	1	1.1200	0.9810	0.1390	0.9706	0.9700	0.0006	0.9752	0.9752	0.0000
1H9D	af_unrelaxed	2	0.6910	0.7820	-0.0910	0.9815	0.9764	0.0051	0.9876	0.9773	0.0103
1H9D	af_unrelaxed	3	0.6810	0.8180	-0.1370	0.9831	0.9778	0.0053	0.9876	0.9855	0.0021
1H9D	af_unrelaxed	4	0.7420	1.1090	-0.3670	0.9782	0.9708	0.0074	0.9793	0.9793	0.0000
1H9D	amber_af	0	1.0200	0.8360	0.1840	0.9686	0.9746	-0.0060	0.9711	0.9814	-0.0103
1H9D	amber_af	1	1.1200	0.9850	0.1350	0.9703	0.9697	0.0006	0.9731	0.9731	0.0000
1H9D	amber_af	2	0.6860	0.7790	-0.0930	0.9817	0.9764	0.0053	0.9876	0.9773	0.0103
1H9D	amber_af	3	0.7020	0.8180	-0.1160	0.9824	0.9777	0.0047	0.9876	0.9855	0.0021
1H9D	amber_af	4	0.7480	1.1070	-0.3590	0.9782	0.9709	0.0073	0.9793	0.9793	0.0000
1H9D	amber_boltz	0	1.5340	1.2280	0.3060	0.9586	0.9606	-0.0020	0.9669	0.9711	-0.0042
1H9D	amber_boltz	1	1.3840	1.3010	0.0830	0.9588	0.9618	-0.0030	0.9690	0.9690	0.0000
1H9D	amber_boltz	2	1.0520	1.2650	-0.2130	0.9659	0.9600	0.0059	0.9711	0.9690	0.0021
1H9D	amber_boltz	3	1.5850	1.8800	-0.2950	0.9525	0.9582	-0.0057	0.9649	0.9628	0.0021
1H9D	amber_boltz	4	1.2990	2.1120	-0.8130	0.9601	0.9586	0.0015	0.9690	0.9649	0.0041
1H9D	boltz	0	1.5220	1.2160	0.3060	0.9594	0.9610	-0.0016	0.9669	0.9711	-0.0042
1H9D	boltz	1	1.3700	1.2980	0.0720	0.9593	0.9624	-0.0031	0.9690	0.9690	0.0000
1H9D	boltz	2	1.0340	1.2590	-0.2250	0.9668	0.9603	0.0065	0.9731	0.9690	0.0041
1H9D	boltz	3	1.5800	1.8760	-0.2960	0.9530	0.9589	-0.0059	0.9628	0.9649	-0.0021
1H9D	boltz	4	1.2890	2.1070	-0.8180	0.9606	0.9591	0.0015	0.9711	0.9649	0.0062
1HCF	af_relaxed	0	3.3270	3.3180	0.0090	0.8701	0.8741	-0.0040	0.8554	0.8636	-0.0082
1HCF	af_relaxed	1	3.0610	2.7140	0.3470	0.8614	0.8921	-0.0307	0.8554	0.8802	-0.0248
1HCF	af_relaxed	2	3.3040	3.3290	-0.0250	0.8512	0.8514	-0.0002	0.8492	0.8471	0.0021
1HCF	af_relaxed	3	2.8550	3.1980	-0.3430	0.8883	0.8574	0.0309	0.8719	0.8492	0.0227
1HCF	af_relaxed	4	3.2320	3.4760	-0.2440	0.8569	0.8558	0.0011	0.8512	0.8450	0.0062
1HCF	af_unrelaxed	0	3.3360	3.3250	0.0110	0.8688	0.8734	-0.0046	0.8554	0.8616	-0.0062
1HCF	af_unrelaxed	1	2.8710	2.7280	0.1430	0.8867	0.8908	-0.0041	0.8719	0.8781	-0.0062
1HCF	af_unrelaxed	2	3.3200	3.3310	-0.0110	0.8510	0.8512	-0.0002	0.8492	0.8471	0.0021
1HCF	af_unrelaxed	3	3.0480	3.1890	-0.1410	0.8616	0.8575	0.0041	0.8554	0.8492	0.0062
1HCF	af_unrelaxed	4	3.2430	3.4860	-0.2430	0.8570	0.8559	0.0011	0.8533	0.8471	0.0062
1HCF	amber_af	0	3.3390	3.3180	0.0210	0.8699	0.8741	-0.0042	0.8554	0.8636	-0.0082
1HCF	amber_af	1	2.8560	2.7150	0.1410	0.8882	0.8920	-0.0038	0.8740	0.8822	-0.0082
1HCF	amber_af	2	3.3040	3.3280	-0.0240	0.8511	0.8513	-0.0002	0.8492	0.8471	0.0021
1HCF	amber_af	3	3.0620	3.1980	-0.1360	0.8615	0.8574	0.0041	0.8554	0.8492	0.0062
1HCF	amber_af	4	3.2300	3.4760	-0.2460	0.8570	0.8559	0.0011	0.8512	0.8450	0.0062
1HCF	amber_boltz	0	5.1210	4.3030	0.8180	0.8712	0.8791	-0.0079	0.8616	0.8698	-0.0082
1HCF	amber_boltz	1	4.3510	3.6320	0.7190	0.8696	0.8830	-0.0134	0.8616	0.8719	-0.0103
1HCF	amber_boltz	2	3.6450	3.6140	0.0310	0.8872	0.8796	0.0076	0.8760	0.8698	0.0062
1HCF	amber_boltz	3	3.3100	4.2080	-0.8980	0.8894	0.8795	0.0099	0.8822	0.8657	0.0165
1HCF	amber_boltz	4	3.5460	3.9000	-0.3540	0.8731	0.8605	0.0126	0.8616	0.8492	0.0124
1HCF	boltz	0	5.1170	4.3120	0.8050	0.8720	0.8794	-0.0074	0.8616	0.8657	-0.0041
1HCF	boltz	1	4.3480	3.6300	0.7180	0.8697	0.8840	-0.0143	0.8574	0.8740	-0.0166
1HCF	boltz	2	3.6390	3.6210	0.0180	0.8882	0.8796	0.0086	0.8760	0.8698	0.0062
1HCF	boltz	3	3.3070	4.1780	-0.8710	0.8903	0.8802	0.0101	0.8802	0.8657	0.0145
1HCF	boltz	4	3.5270	3.8950	-0.3680	0.8734	0.8609	0.0125	0.8574	0.8512	0.0062
1HE1	af_relaxed	0	0.5380	0.4920	0.0460	0.9856	0.9877	-0.0021	0.9907	0.9944	-0.0037
1HE1	af_relaxed	1	0.4920	0.7370	-0.2450	0.9877	0.9796	0.0081	0.9944	0.9852	0.0092
1HE1	af_relaxed	2	0.4930	0.4940	-0.0010	0.9875	0.9875	0.0000	0.9926	0.9944	-0.0018
1HE1	af_relaxed	3	0.4940	0.4840	0.0100	0.9876	0.9880	-0.0004	0.9944	0.9944	0.0000
1HE1	af_relaxed	4	0.5030	0.5010	0.0020	0.9870	0.9872	-0.0002	0.9944	0.9944	0.0000
1HE1	af_unrelaxed	0	0.4880	0.4880	0.0000	0.9879	0.9879	0.0000	0.9963	0.9963	0.0000
1HE1	af_unrelaxed	1	0.4910	0.7250	-0.2340	0.9877	0.9803	0.0074	0.9963	0.9870	0.0093
1HE1	af_unrelaxed	2	0.5000	0.4910	0.0090	0.9872	0.9877	-0.0005	0.9944	0.9944	0.0000
1HE1	af_unrelaxed	3	0.5350	0.4800	0.0550	0.9857	0.9882	-0.0025	0.9907	0.9963	-0.0056
1HE1	af_unrelaxed	4	0.4890	0.4970	-0.0080	0.9878	0.9874	0.0004	0.9944	0.9963	-0.0019
1HE1	amber_af	0	0.4910	0.4920	-0.0010	0.9877	0.9877	0.0000	0.9963	0.9944	0.0019
1HE1	amber_af	1	0.4940	0.7360	-0.2420	0.9876	0.9797	0.0079	0.9944	0.9852	0.0092
1HE1	amber_af	2	0.5020	0.4940	0.0080	0.9871	0.9875	-0.0004	0.9944	0.9944	0.0000
1HE1	amber_af	3	0.5380	0.4850	0.0530	0.9855	0.9880	-0.0025	0.9907	0.9963	-0.0056
1HE1	amber_af	4	0.4930	0.5000	-0.0070	0.9875	0.9872	0.0003	0.9926	0.9944	-0.0018
1HE1	amber_boltz	0	0.4390	0.7800	-0.3410	0.9900	0.9837	0.0063	0.9963	0.9907	0.0056
1HE1	amber_boltz	1	0.7120	0.8010	-0.0890	0.9864	0.9839	0.0025	0.9907	0.9907	0.0000
1HE1	amber_boltz	2	0.3750	0.4040	-0.0290	0.9926	0.9915	0.0011	0.9981	0.9963	0.0018
1HE1	amber_boltz	3	0.8170	1.2240	-0.4070	0.9809	0.9776	0.0033	0.9870	0.9870	0.0000
1HE1	amber_boltz	4	0.7860	0.7740	0.0120	0.9848	0.9858	-0.0010	0.9907	0.9907	0.0000
1HE1	boltz	0	0.4350	0.7710	-0.3360	0.9903	0.9840	0.0063	0.9963	0.9907	0.0056
1HE1	boltz	1	0.7030	0.7930	-0.0900	0.9868	0.9842	0.0026	0.9907	0.9907	0.0000
1HE1	boltz	2	0.3710	0.3920	-0.0210	0.9928	0.9920	0.0008	0.9981	0.9963	0.0018
1HE1	boltz	3	0.8110	1.2240	-0.4130	0.9813	0.9779	0.0034	0.9870	0.9852	0.0018
1HE1	boltz	4	0.7810	0.7690	0.0120	0.9851	0.9861	-0.0010	0.9907	0.9907	0.0000
1HE8	af_relaxed	0	14.8030	15.1670	-0.3640	0.8118	0.8120	-0.0002	0.7720	0.7750	-0.0030
1HE8	af_relaxed	1	14.0680	14.1020	-0.0340	0.8107	0.8108	-0.0001	0.7613	0.7603	0.0010
1HE8	af_relaxed	2	15.0180	15.0030	0.0150	0.8128	0.8127	0.0001	0.7790	0.7794	-0.0004
1HE8	af_relaxed	3	14.6090	14.6220	-0.0130	0.8127	0.8123	0.0004	0.7750	0.7740	0.0010
1HE8	af_relaxed	4	13.4610	13.8000	-0.3390	0.8124	0.8124	0.0000	0.7664	0.7694	-0.0030
1HE8	af_unrelaxed	0	14.6000	15.1520	-0.5520	0.8128	0.8123	0.0005	0.7754	0.7767	-0.0013
1HE8	af_unrelaxed	1	13.4400	14.0860	-0.6460	0.8131	0.8110	0.0021	0.7707	0.7623	0.0084
1HE8	af_unrelaxed	2	14.7830	14.9810	-0.1980	0.8123	0.8132	-0.0009	0.7750	0.7804	-0.0054
1HE8	af_unrelaxed	3	15.0030	14.6130	0.3900	0.8130	0.8125	0.0005	0.7804	0.7747	0.0057
1HE8	af_unrelaxed	4	14.0550	13.7900	0.2650	0.8109	0.8127	-0.0018	0.7634	0.7707	-0.0073
1HE8	amber_af	0	14.6090	15.1770	-0.5680	0.8126	0.8117	0.0009	0.7747	0.7734	0.0013
1HE8	amber_af	1	13.4600	14.1020	-0.6420	0.8123	0.8108	0.0015	0.7667	0.7610	0.0057
1HE8	amber_af	2	14.8030	15.0050	-0.2020	0.8118	0.8127	-0.0009	0.7720	0.7800	-0.0080
1HE8	amber_af	3	15.0180	14.6220	0.3960	0.8128	0.8123	0.0005	0.7787	0.7740	0.0047
1HE8	amber_af	4	14.0680	13.8010	0.2670	0.8107	0.8124	-0.0017	0.7610	0.7694	-0.0084
1HE8	amber_boltz	0	14.6860	3.2660	11.4200	0.8024	0.9530	-0.1506	0.7076	0.8128	-0.1052
1HE8	amber_boltz	1	3.4190	3.3680	0.0510	0.9495	0.9540	-0.0045	0.7937	0.8221	-0.0284
1HE8	amber_boltz	2	15.8520	3.4140	12.4380	0.8011	0.9501	-0.1490	0.7059	0.8101	-0.1042
1HE8	amber_boltz	3	3.7810	3.4830	0.2980	0.9496	0.9472	0.0024	0.8054	0.8021	0.0033
1HE8	amber_boltz	4	3.9470	3.6350	0.3120	0.9485	0.9361	0.0124	0.8047	0.7667	0.0380
1HE8	boltz	0	14.6770	3.1890	11.4880	0.8026	0.9581	-0.1555	0.7096	0.8238	-0.1142
1HE8	boltz	1	3.4070	3.3050	0.1020	0.9541	0.9585	-0.0044	0.8024	0.8291	-0.0267
1HE8	boltz	2	15.8430	3.2740	12.5690	0.8012	0.9541	-0.1529	0.7066	0.8201	-0.1135
1HE8	boltz	3	3.7480	3.6650	0.0830	0.9506	0.9506	0.0000	0.8121	0.8091	0.0030
1HE8	boltz	4	3.9520	3.6360	0.3160	0.9493	0.9394	0.0099	0.8104	0.7757	0.0347
1HIA	af_relaxed	0	0.7130	0.4740	0.2390	0.9697	0.9803	-0.0106	0.9844	0.9875	-0.0031
1HIA	af_relaxed	1	0.4570	0.7120	-0.2550	0.9814	0.9695	0.0119	0.9906	0.9844	0.0062
1HIA	af_relaxed	2	0.4760	0.6890	-0.2130	0.9801	0.9702	0.0099	0.9906	0.9812	0.0094
1HIA	af_relaxed	3	0.6960	0.4520	0.2440	0.9709	0.9817	-0.0108	0.9844	0.9938	-0.0094
1HIA	af_relaxed	4	0.4820	0.4720	0.0100	0.9798	0.9804	-0.0006	0.9938	0.9906	0.0032
1HIA	af_unrelaxed	0	0.4930	0.4850	0.0080	0.9788	0.9796	-0.0008	0.9906	0.9875	0.0031
1HIA	af_unrelaxed	1	0.4690	0.7210	-0.2520	0.9804	0.9689	0.0115	0.9906	0.9844	0.0062
1HIA	af_unrelaxed	2	0.4850	0.6960	-0.2110	0.9794	0.9697	0.0097	0.9906	0.9812	0.0094
1HIA	af_unrelaxed	3	0.7030	0.4610	0.2420	0.9705	0.9810	-0.0105	0.9844	0.9938	-0.0094
1HIA	af_unrelaxed	4	0.7210	0.4820	0.2390	0.9692	0.9797	-0.0105	0.9844	0.9906	-0.0062
1HIA	amber_af	0	0.4820	0.4750	0.0070	0.9797	0.9803	-0.0006	0.9906	0.9875	0.0031
1HIA	amber_af	1	0.4570	0.7130	-0.2560	0.9813	0.9695	0.0118	0.9938	0.9844	0.0094
1HIA	amber_af	2	0.4770	0.6880	-0.2110	0.9800	0.9702	0.0098	0.9906	0.9812	0.0094
1HIA	amber_af	3	0.6960	0.4520	0.2440	0.9709	0.9817	-0.0108	0.9844	0.9938	-0.0094
1HIA	amber_af	4	0.7120	0.4730	0.2390	0.9698	0.9804	-0.0106	0.9844	0.9906	-0.0062
1HIA	amber_boltz	0	0.4250	0.5010	-0.0760	0.9836	0.9794	0.0042	0.9938	0.9938	0.0000
1HIA	amber_boltz	1	0.5330	0.5260	0.0070	0.9774	0.9781	-0.0007	0.9906	0.9906	0.0000
1HIA	amber_boltz	2	0.4520	0.4060	0.0460	0.9815	0.9848	-0.0033	0.9938	0.9969	-0.0031
1HIA	amber_boltz	3	0.4340	0.4330	0.0010	0.9830	0.9832	-0.0002	0.9969	0.9938	0.0031
1HIA	amber_boltz	4	0.5260	0.5580	-0.0320	0.9776	0.9779	-0.0003	0.9906	0.9875	0.0031
1HIA	boltz	0	0.4110	0.4910	-0.0800	0.9846	0.9802	0.0044	0.9969	0.9938	0.0031
1HIA	boltz	1	0.5180	0.5170	0.0010	0.9783	0.9789	-0.0006	0.9906	0.9906	0.0000
1HIA	boltz	2	0.4440	0.3920	0.0520	0.9822	0.9858	-0.0036	0.9969	0.9969	0.0000
1HIA	boltz	3	0.4260	0.4390	-0.0130	0.9836	0.9830	0.0006	0.9938	0.9938	0.0000
1HIA	boltz	4	0.5240	0.5530	-0.0290	0.9777	0.9783	-0.0006	0.9906	0.9906	0.0000
1I2M	af_relaxed	0	2.6020	2.5750	0.0270	0.8700	0.8714	-0.0014	0.8470	0.8485	-0.0015
1I2M	af_relaxed	1	2.5680	2.3750	0.1930	0.8709	0.8730	-0.0021	0.8455	0.8348	0.0107
1I2M	af_relaxed	2	2.5980	2.7670	-0.1690	0.8695	0.8564	0.0131	0.8439	0.8167	0.0272
1I2M	af_relaxed	3	2.4780	2.7870	-0.3090	0.8694	0.8573	0.0121	0.8333	0.8212	0.0121
1I2M	af_relaxed	4	2.7980	2.6600	0.1380	0.8556	0.8614	-0.0058	0.8182	0.8197	-0.0015
1I2M	af_unrelaxed	0	2.5940	2.5650	0.0290	0.8703	0.8718	-0.0015	0.8500	0.8515	-0.0015
1I2M	af_unrelaxed	1	2.5930	2.3800	0.2130	0.8698	0.8732	-0.0034	0.8485	0.8333	0.0152
1I2M	af_unrelaxed	2	2.4790	2.7630	-0.2840	0.8698	0.8568	0.0130	0.8364	0.8212	0.0152
1I2M	af_unrelaxed	3	2.5620	2.7810	-0.2190	0.8711	0.8578	0.0133	0.8470	0.8227	0.0243
1I2M	af_unrelaxed	4	2.7930	2.6550	0.1380	0.8562	0.8618	-0.0056	0.8197	0.8227	-0.0030
1I2M	amber_af	0	2.6020	2.5760	0.0260	0.8701	0.8714	-0.0013	0.8470	0.8500	-0.0030
1I2M	amber_af	1	2.5970	2.3750	0.2220	0.8696	0.8730	-0.0034	0.8439	0.8303	0.0136
1I2M	amber_af	2	2.4770	2.7680	-0.2910	0.8694	0.8563	0.0131	0.8348	0.8167	0.0181
1I2M	amber_af	3	2.5680	2.7860	-0.2180	0.8709	0.8574	0.0135	0.8455	0.8197	0.0258
1I2M	amber_af	4	2.7990	2.6600	0.1390	0.8556	0.8613	-0.0057	0.8182	0.8197	-0.0015
1I2M	amber_boltz	0	2.6170	2.6230	-0.0060	0.8614	0.8649	-0.0035	0.8167	0.8212	-0.0045
1I2M	amber_boltz	1	2.6010	2.6600	-0.0590	0.8639	0.8610	0.0029	0.8167	0.8106	0.0061
1I2M	amber_boltz	2	2.6290	2.6620	-0.0330	0.8632	0.8600	0.0032	0.8152	0.8106	0.0046
1I2M	amber_boltz	3	2.4580	2.6050	-0.1470	0.8674	0.8635	0.0039	0.8197	0.8167	0.0030
1I2M	amber_boltz	4	2.5130	2.6090	-0.0960	0.8628	0.8651	-0.0023	0.8197	0.8167	0.0030
1I2M	boltz	0	2.6090	2.6160	-0.0070	0.8619	0.8653	-0.0034	0.8182	0.8242	-0.0060
1I2M	boltz	1	2.5890	2.6510	-0.0620	0.8645	0.8616	0.0029	0.8182	0.8136	0.0046
1I2M	boltz	2	2.6250	2.6490	-0.0240	0.8635	0.8606	0.0029	0.8182	0.8121	0.0061
1I2M	boltz	3	2.4580	2.6010	-0.1430	0.8675	0.8639	0.0036	0.8197	0.8182	0.0015
1I2M	boltz	4	2.5030	2.6030	-0.1000	0.8632	0.8657	-0.0025	0.8167	0.8167	0.0000
1I4D	af_relaxed	0	1.5370	1.5220	0.0150	0.9628	0.9639	-0.0011	0.9481	0.9508	-0.0027
1I4D	af_relaxed	1	1.3610	1.4260	-0.0650	0.9687	0.9690	-0.0003	0.9641	0.9654	-0.0013
1I4D	af_relaxed	2	1.4760	1.4970	-0.0210	0.9687	0.9676	0.0011	0.9668	0.9668	0.0000
1I4D	af_relaxed	3	3.0980	1.4430	1.6550	0.9332	0.9653	-0.0321	0.9202	0.9601	-0.0399
1I4D	af_relaxed	4	1.6310	1.5570	0.0740	0.9569	0.9606	-0.0037	0.9375	0.9441	-0.0066
1I4D	af_unrelaxed	0	3.0880	1.5140	1.5740	0.9335	0.9644	-0.0309	0.9202	0.9508	-0.0306
1I4D	af_unrelaxed	1	1.3590	1.4230	-0.0640	0.9689	0.9692	-0.0003	0.9641	0.9668	-0.0027
1I4D	af_unrelaxed	2	1.6210	1.4850	0.1360	0.9576	0.9681	-0.0105	0.9375	0.9641	-0.0266
1I4D	af_unrelaxed	3	1.5280	1.4410	0.0870	0.9633	0.9655	-0.0022	0.9495	0.9614	-0.0119
1I4D	af_unrelaxed	4	1.4650	1.5460	-0.0810	0.9691	0.9613	0.0078	0.9654	0.9455	0.0199
1I4D	amber_af	0	3.0970	1.5200	1.5770	0.9333	0.9640	-0.0307	0.9189	0.9521	-0.0332
1I4D	amber_af	1	1.3620	1.4260	-0.0640	0.9686	0.9690	-0.0004	0.9641	0.9654	-0.0013
1I4D	amber_af	2	1.6320	1.4980	0.1340	0.9569	0.9675	-0.0106	0.9375	0.9668	-0.0293
1I4D	amber_af	3	1.5370	1.4440	0.0930	0.9629	0.9652	-0.0023	0.9481	0.9601	-0.0120
1I4D	amber_af	4	1.4770	1.5550	-0.0780	0.9686	0.9607	0.0079	0.9668	0.9428	0.0240
1I4D	amber_boltz	0	1.8210	1.5650	0.2560	0.9352	0.9526	-0.0174	0.8949	0.9282	-0.0333
1I4D	amber_boltz	1	1.7740	1.9200	-0.1460	0.9388	0.9249	0.0139	0.9109	0.8737	0.0372
1I4D	amber_boltz	2	1.4420	1.5840	-0.1420	0.9586	0.9479	0.0107	0.9468	0.9136	0.0332
1I4D	amber_boltz	3	2.0940	1.6610	0.4330	0.9046	0.9392	-0.0346	0.8324	0.8896	-0.0572
1I4D	amber_boltz	4	1.7490	1.7750	-0.0260	0.9403	0.9394	0.0009	0.9082	0.8963	0.0119
1I4D	boltz	0	1.8100	1.5560	0.2540	0.9362	0.9533	-0.0171	0.8989	0.9335	-0.0346
1I4D	boltz	1	1.7650	1.9060	-0.1410	0.9394	0.9261	0.0133	0.9136	0.8763	0.0373
1I4D	boltz	2	1.4270	1.5810	-0.1540	0.9593	0.9484	0.0109	0.9508	0.9149	0.0359
1I4D	boltz	3	2.0780	1.6510	0.4270	0.9060	0.9401	-0.0341	0.8351	0.8910	-0.0559
1I4D	boltz	4	1.7390	1.7620	-0.0230	0.9411	0.9402	0.0009	0.9096	0.9016	0.0080
1IB1	af_relaxed	0	1.5850	1.3320	0.2530	0.9655	0.9704	-0.0049	0.9570	0.9615	-0.0045
1IB1	af_relaxed	1	1.7020	1.7500	-0.0480	0.9640	0.9588	0.0052	0.9593	0.9427	0.0166
1IB1	af_relaxed	2	1.7480	1.7700	-0.0220	0.9622	0.9622	0.0000	0.9593	0.9559	0.0034
1IB1	af_relaxed	3	1.7470	1.7360	0.0110	0.9610	0.9618	-0.0008	0.9482	0.9504	-0.0022
1IB1	af_relaxed	4	1.6680	1.7030	-0.0350	0.9626	0.9597	0.0029	0.9526	0.9427	0.0099
1IB1	af_unrelaxed	0	1.7320	1.3130	0.4190	0.9630	0.9710	-0.0080	0.9581	0.9615	-0.0034
1IB1	af_unrelaxed	1	1.6500	1.7320	-0.0820	0.9634	0.9597	0.0037	0.9548	0.9427	0.0121
1IB1	af_unrelaxed	2	1.6810	1.7490	-0.0680	0.9648	0.9632	0.0016	0.9581	0.9593	-0.0012
1IB1	af_unrelaxed	3	1.5580	1.7110	-0.1530	0.9662	0.9631	0.0031	0.9581	0.9581	0.0000
1IB1	af_unrelaxed	4	1.7290	1.6580	0.0710	0.9616	0.9629	-0.0013	0.9493	0.9537	-0.0044
1IB1	amber_af	0	1.7480	1.3370	0.4110	0.9622	0.9703	-0.0081	0.9581	0.9615	-0.0034
1IB1	amber_af	1	1.6670	1.7490	-0.0820	0.9626	0.9587	0.0039	0.9526	0.9427	0.0099
1IB1	amber_af	2	1.7010	1.7690	-0.0680	0.9640	0.9622	0.0018	0.9593	0.9559	0.0034
1IB1	amber_af	3	1.5820	1.7360	-0.1540	0.9655	0.9618	0.0037	0.9581	0.9493	0.0088
1IB1	amber_af	4	1.7460	1.7140	0.0320	0.9610	0.9592	0.0018	0.9482	0.9427	0.0055
1IB1	amber_boltz	0	1.5660	1.6750	-0.1090	0.9665	0.9643	0.0022	0.9559	0.9548	0.0011
1IB1	amber_boltz	1	1.6130	1.7210	-0.1080	0.9654	0.9640	0.0014	0.9548	0.9548	0.0000
1IB1	amber_boltz	2	1.6780	1.7330	-0.0550	0.9626	0.9623	0.0003	0.9526	0.9526	0.0000
1IB1	amber_boltz	3	1.6890	1.6740	0.0150	0.9635	0.9641	-0.0006	0.9537	0.9559	-0.0022
1IB1	amber_boltz	4	1.5890	1.6850	-0.0960	0.9653	0.9617	0.0036	0.9537	0.9515	0.0022
1IB1	boltz	0	1.5520	1.6650	-0.1130	0.9670	0.9647	0.0023	0.9559	0.9548	0.0011
1IB1	boltz	1	1.6050	1.7080	-0.1030	0.9658	0.9645	0.0013	0.9537	0.9548	-0.0011
1IB1	boltz	2	1.6670	1.7190	-0.0520	0.9631	0.9628	0.0003	0.9537	0.9526	0.0011
1IB1	boltz	3	1.6790	1.6620	0.0170	0.9640	0.9646	-0.0006	0.9548	0.9570	-0.0022
1IB1	boltz	4	1.5740	1.6740	-0.1000	0.9658	0.9622	0.0036	0.9548	0.9526	0.0022
1IBR	af_relaxed	0	0.4120	0.3290	0.0830	0.9933	0.9954	-0.0021	0.9970	1.0000	-0.0030
1IBR	af_relaxed	1	0.3510	0.3030	0.0480	0.9948	0.9961	-0.0013	1.0000	0.9985	0.0015
1IBR	af_relaxed	2	0.3170	0.3760	-0.0590	0.9958	0.9940	0.0018	0.9970	0.9985	-0.0015
1IBR	af_relaxed	3	0.3110	0.3490	-0.0380	0.9959	0.9949	0.0010	1.0000	1.0000	0.0000
1IBR	af_relaxed	4	1.0050	0.3480	0.6570	0.9717	0.9949	-0.0232	0.9673	1.0000	-0.0327
1IBR	af_unrelaxed	0	0.3050	0.3200	-0.0150	0.9961	0.9957	0.0004	1.0000	1.0000	0.0000
1IBR	af_unrelaxed	1	0.3420	0.2890	0.0530	0.9951	0.9965	-0.0014	1.0000	1.0000	0.0000
1IBR	af_unrelaxed	2	0.4060	0.3690	0.0370	0.9935	0.9943	-0.0008	0.9970	0.9985	-0.0015
1IBR	af_unrelaxed	3	1.0030	0.3380	0.6650	0.9720	0.9952	-0.0232	0.9688	1.0000	-0.0312
1IBR	af_unrelaxed	4	0.3080	0.3390	-0.0310	0.9960	0.9952	0.0008	0.9985	1.0000	-0.0015
1IBR	amber_af	0	0.3110	0.3290	-0.0180	0.9959	0.9954	0.0005	1.0000	1.0000	0.0000
1IBR	amber_af	1	0.3510	0.3030	0.0480	0.9948	0.9961	-0.0013	1.0000	0.9985	0.0015
1IBR	amber_af	2	0.4110	0.3770	0.0340	0.9933	0.9940	-0.0007	0.9970	0.9985	-0.0015
1IBR	amber_af	3	1.0050	0.3490	0.6560	0.9717	0.9949	-0.0232	0.9673	1.0000	-0.0327
1IBR	amber_af	4	0.3170	0.3470	-0.0300	0.9958	0.9949	0.0009	0.9970	1.0000	-0.0030
1IBR	amber_boltz	0	3.3580	3.1820	0.1760	0.9178	0.9269	-0.0091	0.9077	0.9196	-0.0119
1IBR	amber_boltz	1	3.2510	3.1610	0.0900	0.9214	0.9249	-0.0035	0.9122	0.9196	-0.0074
1IBR	amber_boltz	2	3.5520	3.1590	0.3930	0.9203	0.9277	-0.0074	0.9182	0.9196	-0.0014
1IBR	amber_boltz	3	3.5150	3.0070	0.5080	0.9168	0.9236	-0.0068	0.9048	0.9152	-0.0104
1IBR	amber_boltz	4	3.5920	3.4140	0.1780	0.9264	0.9240	0.0024	0.9211	0.9137	0.0074
1IBR	boltz	0	3.3450	3.1700	0.1750	0.9188	0.9277	-0.0089	0.9077	0.9211	-0.0134
1IBR	boltz	1	3.2450	3.1440	0.1010	0.9219	0.9257	-0.0038	0.9167	0.9211	-0.0044
1IBR	boltz	2	3.5430	3.1530	0.3900	0.9207	0.9285	-0.0078	0.9152	0.9226	-0.0074
1IBR	boltz	3	3.5110	2.9910	0.5200	0.9181	0.9243	-0.0062	0.9077	0.9137	-0.0060
1IBR	boltz	4	3.5720	3.4060	0.1660	0.9274	0.9244	0.0030	0.9196	0.9122	0.0074
1IJK	af_relaxed	0	0.3480	0.3520	-0.0040	0.9957	0.9956	0.0001	1.0000	0.9987	0.0013
1IJK	af_relaxed	1	0.3460	0.3430	0.0030	0.9957	0.9958	-0.0001	1.0000	0.9987	0.0013
1IJK	af_relaxed	2	0.3440	0.3480	-0.0040	0.9958	0.9957	0.0001	0.9987	0.9987	0.0000
1IJK	af_relaxed	3	0.3480	0.5010	-0.1530	0.9957	0.9914	0.0043	1.0000	0.9899	0.0101
1IJK	af_relaxed	4	0.3620	0.3760	-0.0140	0.9953	0.9949	0.0004	1.0000	1.0000	0.0000
1IJK	af_unrelaxed	0	0.3450	0.3480	-0.0030	0.9957	0.9957	0.0000	0.9987	0.9987	0.0000
1IJK	af_unrelaxed	1	0.3420	0.3400	0.0020	0.9958	0.9959	-0.0001	1.0000	0.9987	0.0013
1IJK	af_unrelaxed	2	0.3440	0.3360	0.0080	0.9958	0.9960	-0.0002	1.0000	1.0000	0.0000
1IJK	af_unrelaxed	3	0.3510	0.4580	-0.1070	0.9956	0.9926	0.0030	1.0000	0.9912	0.0088
1IJK	af_unrelaxed	4	0.3390	0.3660	-0.0270	0.9959	0.9952	0.0007	1.0000	1.0000	0.0000
1IJK	amber_af	0	0.3440	0.3630	-0.0190	0.9958	0.9953	0.0005	0.9987	0.9987	0.0000
1IJK	amber_af	1	0.3700	0.3420	0.0280	0.9951	0.9958	-0.0007	0.9987	0.9987	0.0000
1IJK	amber_af	2	0.3480	0.3470	0.0010	0.9957	0.9957	0.0000	1.0000	0.9987	0.0013
1IJK	amber_af	3	0.3620	0.5030	-0.1410	0.9953	0.9914	0.0039	1.0000	0.9899	0.0101
1IJK	amber_af	4	0.3480	0.3760	-0.0280	0.9957	0.9949	0.0008	1.0000	1.0000	0.0000
1IJK	amber_boltz	0	0.4930	0.5230	-0.0300	0.9915	0.9906	0.0009	0.9937	0.9899	0.0038
1IJK	amber_boltz	1	0.5050	0.5950	-0.0900	0.9911	0.9887	0.0024	0.9899	0.9862	0.0037
1IJK	amber_boltz	2	0.5280	0.4970	0.0310	0.9904	0.9914	-0.0010	0.9899	0.9912	-0.0013
1IJK	amber_boltz	3	0.5220	0.5390	-0.0170	0.9905	0.9902	0.0003	0.9899	0.9912	-0.0013
1IJK	amber_boltz	4	0.5400	0.5020	0.0380	0.9902	0.9912	-0.0010	0.9899	0.9925	-0.0026
1IJK	boltz	0	0.4820	0.5130	-0.0310	0.9919	0.9909	0.0010	0.9937	0.9912	0.0025
1IJK	boltz	1	0.4920	0.5800	-0.0880	0.9916	0.9892	0.0024	0.9912	0.9874	0.0038
1IJK	boltz	2	0.5160	0.4840	0.0320	0.9909	0.9918	-0.0009	0.9912	0.9925	-0.0013
1IJK	boltz	3	0.5100	0.5320	-0.0220	0.9909	0.9904	0.0005	0.9925	0.9912	0.0013
1IJK	boltz	4	0.5260	0.4860	0.0400	0.9907	0.9917	-0.0010	0.9887	0.9925	-0.0038
1IRA	af_relaxed	0	0.6570	0.8660	-0.2090	0.9822	0.9799	0.0023	0.9828	0.9828	0.0000
1IRA	af_relaxed	1	0.6640	0.6620	0.0020	0.9826	0.9838	-0.0012	0.9862	0.9845	0.0017
1IRA	af_relaxed	2	0.6750	0.6530	0.0220	0.9831	0.9820	0.0011	0.9828	0.9828	0.0000
1IRA	af_relaxed	3	0.7550	0.7430	0.0120	0.9794	0.9800	-0.0006	0.9810	0.9810	0.0000
1IRA	af_relaxed	4	0.6460	0.6460	0.0000	0.9830	0.9826	0.0004	0.9845	0.9862	-0.0017
1IRA	af_unrelaxed	0	0.6520	0.8760	-0.2240	0.9830	0.9797	0.0033	0.9862	0.9793	0.0069
1IRA	af_unrelaxed	1	0.7530	0.6580	0.0950	0.9797	0.9837	-0.0040	0.9810	0.9845	-0.0035
1IRA	af_unrelaxed	2	0.6800	0.6510	0.0290	0.9830	0.9821	0.0009	0.9828	0.9810	0.0018
1IRA	af_unrelaxed	3	0.6610	0.7420	-0.0810	0.9823	0.9799	0.0024	0.9810	0.9793	0.0017
1IRA	af_unrelaxed	4	0.6470	0.6510	-0.0040	0.9824	0.9828	-0.0004	0.9828	0.9862	-0.0034
1IRA	amber_af	0	0.6530	0.8650	-0.2120	0.9826	0.9799	0.0027	0.9845	0.9828	0.0017
1IRA	amber_af	1	0.7570	0.6620	0.0950	0.9793	0.9838	-0.0045	0.9810	0.9845	-0.0035
1IRA	amber_af	2	0.6750	0.6520	0.0230	0.9831	0.9820	0.0011	0.9828	0.9810	0.0018
1IRA	amber_af	3	0.6640	0.7460	-0.0820	0.9825	0.9799	0.0026	0.9862	0.9810	0.0052
1IRA	amber_af	4	0.6560	0.6460	0.0100	0.9823	0.9826	-0.0003	0.9828	0.9845	-0.0017
1IRA	amber_boltz	0	0.6730	0.7140	-0.0410	0.9842	0.9829	0.0013	0.9845	0.9810	0.0035
1IRA	amber_boltz	1	0.5550	0.6020	-0.0470	0.9858	0.9843	0.0015	0.9862	0.9828	0.0034
1IRA	amber_boltz	2	0.6610	0.6980	-0.0370	0.9842	0.9836	0.0006	0.9879	0.9879	0.0000
1IRA	amber_boltz	3	0.5710	0.7050	-0.1340	0.9861	0.9830	0.0031	0.9845	0.9845	0.0000
1IRA	amber_boltz	4	0.5670	0.6810	-0.1140	0.9857	0.9827	0.0030	0.9862	0.9862	0.0000
1IRA	boltz	0	0.6540	0.7070	-0.0530	0.9846	0.9832	0.0014	0.9845	0.9828	0.0017
1IRA	boltz	1	0.5490	0.5930	-0.0440	0.9860	0.9845	0.0015	0.9879	0.9828	0.0051
1IRA	boltz	2	0.6580	0.6920	-0.0340	0.9842	0.9837	0.0005	0.9897	0.9862	0.0035
1IRA	boltz	3	0.5670	0.6990	-0.1320	0.9862	0.9831	0.0031	0.9862	0.9828	0.0034
1IRA	boltz	4	0.5580	0.6730	-0.1150	0.9859	0.9828	0.0031	0.9845	0.9879	-0.0034
1J2J	af_relaxed	0	0.3690	0.3740	-0.0050	0.9942	0.9941	0.0001	0.9970	0.9970	0.0000
1J2J	af_relaxed	1	0.3770	0.4400	-0.0630	0.9940	0.9918	0.0022	0.9985	0.9955	0.0030
1J2J	af_relaxed	2	0.5130	0.4060	0.1070	0.9891	0.9930	-0.0039	0.9894	0.9970	-0.0076
1J2J	af_relaxed	3	0.3850	0.3890	-0.0040	0.9937	0.9936	0.0001	0.9985	0.9970	0.0015
1J2J	af_relaxed	4	0.3650	0.3880	-0.0230	0.9944	0.9936	0.0008	0.9970	0.9985	-0.0015
1J2J	af_unrelaxed	0	0.5110	0.3760	0.1350	0.9892	0.9940	-0.0048	0.9894	0.9970	-0.0076
1J2J	af_unrelaxed	1	0.3850	0.4410	-0.0560	0.9937	0.9918	0.0019	0.9970	0.9955	0.0015
1J2J	af_unrelaxed	2	0.3720	0.4100	-0.0380	0.9942	0.9929	0.0013	0.9970	0.9970	0.0000
1J2J	af_unrelaxed	3	0.3680	0.3910	-0.0230	0.9943	0.9935	0.0008	0.9970	0.9970	0.0000
1J2J	af_unrelaxed	4	0.3780	0.3880	-0.0100	0.9939	0.9936	0.0003	0.9970	0.9970	0.0000
1J2J	amber_af	0	0.5120	0.3740	0.1380	0.9892	0.9941	-0.0049	0.9894	0.9970	-0.0076
1J2J	amber_af	1	0.3860	0.4410	-0.0550	0.9937	0.9918	0.0019	0.9985	0.9955	0.0030
1J2J	amber_af	2	0.3690	0.4070	-0.0380	0.9942	0.9930	0.0012	0.9970	0.9970	0.0000
1J2J	amber_af	3	0.3660	0.3890	-0.0230	0.9943	0.9936	0.0007	0.9970	0.9970	0.0000
1J2J	amber_af	4	0.3770	0.3890	-0.0120	0.9940	0.9936	0.0004	0.9985	0.9985	0.0000
1J2J	amber_boltz	0	0.5830	1.9300	-1.3470	0.9865	0.9511	0.0354	0.9788	0.9455	0.0333
1J2J	amber_boltz	1	0.5730	0.5680	0.0050	0.9868	0.9868	0.0000	0.9818	0.9803	0.0015
1J2J	amber_boltz	2	0.5750	0.6520	-0.0770	0.9865	0.9834	0.0031	0.9818	0.9727	0.0091
1J2J	amber_boltz	3	0.7150	0.6270	0.0880	0.9802	0.9844	-0.0042	0.9712	0.9742	-0.0030
1J2J	amber_boltz	4	0.6550	2.5620	-1.9070	0.9834	0.9448	0.0386	0.9712	0.9379	0.0333
1J2J	boltz	0	0.5880	1.9250	-1.3370	0.9862	0.9514	0.0348	0.9788	0.9470	0.0318
1J2J	boltz	1	0.5770	0.5780	-0.0010	0.9866	0.9864	0.0002	0.9818	0.9788	0.0030
1J2J	boltz	2	0.5780	0.6550	-0.0770	0.9864	0.9833	0.0031	0.9818	0.9727	0.0091
1J2J	boltz	3	0.7130	0.6290	0.0840	0.9803	0.9843	-0.0040	0.9712	0.9758	-0.0046
1J2J	boltz	4	0.6570	2.5620	-1.9050	0.9832	0.9450	0.0382	0.9697	0.9364	0.0333
1JIW	af_relaxed	0	0.6010	0.6570	-0.0560	0.9773	0.9742	0.0031	0.9808	0.9760	0.0048
1JIW	af_relaxed	1	0.5750	0.5750	0.0000	0.9797	0.9793	0.0004	0.9856	0.9832	0.0024
1JIW	af_relaxed	2	0.6180	0.6010	0.0170	0.9774	0.9782	-0.0008	0.9832	0.9832	0.0000
1JIW	af_relaxed	3	0.6010	0.6180	-0.0170	0.9785	0.9776	0.0009	0.9832	0.9832	0.0000
1JIW	af_relaxed	4	0.5930	0.5920	0.0010	0.9785	0.9786	-0.0001	0.9808	0.9808	0.0000
1JIW	af_unrelaxed	0	0.5670	0.6500	-0.0830	0.9801	0.9746	0.0055	0.9832	0.9784	0.0048
1JIW	af_unrelaxed	1	0.5770	0.5700	0.0070	0.9795	0.9796	-0.0001	0.9832	0.9880	-0.0048
1JIW	af_unrelaxed	2	0.5860	0.5920	-0.0060	0.9794	0.9789	0.0005	0.9856	0.9832	0.0024
1JIW	af_unrelaxed	3	0.5960	0.6020	-0.0060	0.9777	0.9786	-0.0009	0.9808	0.9832	-0.0024
1JIW	af_unrelaxed	4	0.6020	0.5790	0.0230	0.9785	0.9794	-0.0009	0.9832	0.9832	0.0000
1JIW	amber_af	0	0.5750	0.6580	-0.0830	0.9796	0.9740	0.0056	0.9856	0.9784	0.0072
1JIW	amber_af	1	0.5930	0.5750	0.0180	0.9785	0.9793	-0.0008	0.9808	0.9832	-0.0024
1JIW	amber_af	2	0.5990	0.6060	-0.0070	0.9786	0.9780	0.0006	0.9832	0.9832	0.0000
1JIW	amber_af	3	0.6010	0.6180	-0.0170	0.9773	0.9776	-0.0003	0.9808	0.9832	-0.0024
1JIW	amber_af	4	0.6170	0.5910	0.0260	0.9775	0.9786	-0.0011	0.9832	0.9808	0.0024
1JIW	amber_boltz	0	0.9680	0.9630	0.0050	0.9621	0.9596	0.0025	0.9736	0.9688	0.0048
1JIW	amber_boltz	1	0.9900	0.9920	-0.0020	0.9585	0.9600	-0.0015	0.9688	0.9712	-0.0024
1JIW	amber_boltz	2	0.9690	0.9820	-0.0130	0.9595	0.9604	-0.0009	0.9688	0.9688	0.0000
1JIW	amber_boltz	3	0.9540	0.9670	-0.0130	0.9628	0.9605	0.0023	0.9712	0.9663	0.0049
1JIW	amber_boltz	4	0.8850	1.0080	-0.1230	0.9658	0.9580	0.0078	0.9639	0.9639	0.0000
1JIW	boltz	0	0.9550	0.9530	0.0020	0.9635	0.9607	0.0028	0.9760	0.9712	0.0048
1JIW	boltz	1	0.9780	0.9790	-0.0010	0.9600	0.9611	-0.0011	0.9736	0.9736	0.0000
1JIW	boltz	2	0.9580	0.9700	-0.0120	0.9607	0.9617	-0.0010	0.9712	0.9736	-0.0024
1JIW	boltz	3	0.9450	0.9560	-0.0110	0.9639	0.9616	0.0023	0.9736	0.9712	0.0024
1JIW	boltz	4	0.8820	0.9990	-0.1170	0.9662	0.9588	0.0074	0.9639	0.9688	-0.0049
1JK9	af_relaxed	0	0.7310	0.5340	0.1970	0.9802	0.9879	-0.0077	0.9803	0.9901	-0.0098
1JK9	af_relaxed	1	0.6100	0.6710	-0.0610	0.9851	0.9828	0.0023	0.9868	0.9836	0.0032
1JK9	af_relaxed	2	0.5620	0.6040	-0.0420	0.9870	0.9853	0.0017	0.9868	0.9852	0.0016
1JK9	af_relaxed	3	0.6670	0.7340	-0.0670	0.9829	0.9801	0.0028	0.9836	0.9803	0.0033
1JK9	af_relaxed	4	0.7410	0.6620	0.0790	0.9798	0.9833	-0.0035	0.9803	0.9836	-0.0033
1JK9	af_unrelaxed	0	0.7420	0.5210	0.2210	0.9797	0.9883	-0.0086	0.9803	0.9918	-0.0115
1JK9	af_unrelaxed	1	0.7300	0.6780	0.0520	0.9801	0.9825	-0.0024	0.9819	0.9836	-0.0017
1JK9	af_unrelaxed	2	0.6110	0.6030	0.0080	0.9849	0.9852	-0.0003	0.9868	0.9868	0.0000
1JK9	af_unrelaxed	3	0.5580	0.7340	-0.1760	0.9871	0.9800	0.0071	0.9868	0.9803	0.0065
1JK9	af_unrelaxed	4	0.6730	0.6690	0.0040	0.9825	0.9829	-0.0004	0.9836	0.9836	0.0000
1JK9	amber_af	0	0.7410	0.5320	0.2090	0.9797	0.9879	-0.0082	0.9803	0.9901	-0.0098
1JK9	amber_af	1	0.7310	0.6700	0.0610	0.9801	0.9828	-0.0027	0.9803	0.9836	-0.0033
1JK9	amber_af	2	0.6100	0.6040	0.0060	0.9851	0.9853	-0.0002	0.9868	0.9852	0.0016
1JK9	amber_af	3	0.5620	0.7340	-0.1720	0.9870	0.9800	0.0070	0.9868	0.9803	0.0065
1JK9	amber_af	4	0.6670	0.6610	0.0060	0.9829	0.9833	-0.0004	0.9836	0.9836	0.0000
1JK9	amber_boltz	0	0.5360	0.5180	0.0180	0.9889	0.9899	-0.0010	0.9918	0.9934	-0.0016
1JK9	amber_boltz	1	0.5020	0.5440	-0.0420	0.9903	0.9887	0.0016	0.9951	0.9918	0.0033
1JK9	amber_boltz	2	0.5420	0.5130	0.0290	0.9891	0.9900	-0.0009	0.9951	0.9934	0.0017
1JK9	amber_boltz	3	0.5450	0.5490	-0.0040	0.9887	0.9882	0.0005	0.9951	0.9885	0.0066
1JK9	amber_boltz	4	0.5740	0.6040	-0.0300	0.9877	0.9862	0.0015	0.9885	0.9885	0.0000
1JK9	boltz	0	0.5350	0.5300	0.0050	0.9889	0.9895	-0.0006	0.9918	0.9951	-0.0033
1JK9	boltz	1	0.5020	0.5490	-0.0470	0.9903	0.9886	0.0017	0.9951	0.9918	0.0033
1JK9	boltz	2	0.5450	0.5190	0.0260	0.9891	0.9899	-0.0008	0.9951	0.9934	0.0017
1JK9	boltz	3	0.5510	0.5540	-0.0030	0.9886	0.9882	0.0004	0.9951	0.9885	0.0066
1JK9	boltz	4	0.5820	0.6100	-0.0280	0.9875	0.9860	0.0015	0.9901	0.9885	0.0016
1JMO	af_relaxed	0	9.9400	10.3480	-0.4080	0.8983	0.8970	0.0013	0.8641	0.8617	0.0024
1JMO	af_relaxed	1	8.7300	9.4130	-0.6830	0.8960	0.8969	-0.0009	0.8581	0.8611	-0.0030
1JMO	af_relaxed	2	5.9130	8.6210	-2.7080	0.9082	0.8984	0.0098	0.8653	0.8653	0.0000
1JMO	af_relaxed	3	11.6300	11.8060	-0.1760	0.8975	0.8964	0.0011	0.8635	0.8617	0.0018
1JMO	af_relaxed	4	12.3720	12.3790	-0.0070	0.8936	0.8934	0.0002	0.8557	0.8557	0.0000
1JMO	af_unrelaxed	0	11.6410	10.3450	1.2960	0.8981	0.8972	0.0009	0.8659	0.8629	0.0030
1JMO	af_unrelaxed	1	5.9080	9.4140	-3.5060	0.9085	0.8971	0.0114	0.8684	0.8635	0.0049
1JMO	af_unrelaxed	2	12.3760	8.6170	3.7590	0.8938	0.8985	-0.0047	0.8557	0.8653	-0.0096
1JMO	af_unrelaxed	3	8.7340	11.8090	-3.0750	0.8962	0.8967	-0.0005	0.8575	0.8629	-0.0054
1JMO	af_unrelaxed	4	9.9340	12.3810	-2.4470	0.8987	0.8938	0.0049	0.8653	0.8569	0.0084
1JMO	amber_af	0	11.6300	10.3470	1.2830	0.8976	0.8971	0.0005	0.8635	0.8617	0.0018
1JMO	amber_af	1	5.9110	9.4130	-3.5020	0.9083	0.8969	0.0114	0.8653	0.8611	0.0042
1JMO	amber_af	2	12.3720	8.6240	3.7480	0.8936	0.8980	-0.0044	0.8557	0.8635	-0.0078
1JMO	amber_af	3	8.7310	11.8050	-3.0740	0.8960	0.8964	-0.0004	0.8581	0.8611	-0.0030
1JMO	amber_af	4	9.9390	12.3790	-2.4400	0.8984	0.8935	0.0049	0.8635	0.8557	0.0078
1JMO	amber_boltz	0	5.1720	5.1620	0.0100	0.9295	0.9361	-0.0066	0.8720	0.8835	-0.0115
1JMO	amber_boltz	1	5.0160	5.0740	-0.0580	0.9320	0.9379	-0.0059	0.8810	0.8871	-0.0061
1JMO	amber_boltz	2	5.2920	5.0030	0.2890	0.9235	0.9379	-0.0144	0.8738	0.8883	-0.0145
1JMO	amber_boltz	3	5.1770	5.1230	0.0540	0.9316	0.9273	0.0043	0.8647	0.8714	-0.0067
1JMO	amber_boltz	4	5.2550	5.1510	0.1040	0.9275	0.9312	-0.0037	0.8762	0.8756	0.0006
1JMO	boltz	0	5.1470	5.1580	-0.0110	0.9306	0.9365	-0.0059	0.8762	0.8853	-0.0091
1JMO	boltz	1	5.0100	5.0590	-0.0490	0.9324	0.9381	-0.0057	0.8822	0.8901	-0.0079
1JMO	boltz	2	5.2830	4.9980	0.2850	0.9237	0.9383	-0.0146	0.8750	0.8889	-0.0139
1JMO	boltz	3	5.1590	5.1100	0.0490	0.9325	0.9277	0.0048	0.8690	0.8726	-0.0036
1JMO	boltz	4	5.2490	5.1500	0.0990	0.9280	0.9314	-0.0034	0.8804	0.8768	0.0036
1JPS	af_relaxed	0	1.4240	1.0350	0.3890	0.9383	0.9666	-0.0283	0.8638	0.9085	-0.0447
1JPS	af_relaxed	1	1.2780	1.3450	-0.0670	0.9498	0.9446	0.0052	0.8803	0.8697	0.0106
1JPS	af_relaxed	2	1.1000	1.5090	-0.4090	0.9623	0.9316	0.0307	0.8967	0.8486	0.0481
1JPS	af_relaxed	3	1.4350	1.3720	0.0630	0.9376	0.9424	-0.0048	0.8615	0.8674	-0.0059
1JPS	af_relaxed	4	1.6370	1.4180	0.2190	0.9209	0.9393	-0.0184	0.8369	0.8638	-0.0269
1JPS	af_unrelaxed	0	1.1030	1.0360	0.0670	0.9620	0.9665	-0.0045	0.8967	0.9085	-0.0118
1JPS	af_unrelaxed	1	1.6410	1.3480	0.2930	0.9205	0.9443	-0.0238	0.8404	0.8732	-0.0328
1JPS	af_unrelaxed	2	1.4300	1.5130	-0.0830	0.9378	0.9312	0.0066	0.8603	0.8486	0.0117
1JPS	af_unrelaxed	3	1.2820	1.3910	-0.1090	0.9493	0.9410	0.0083	0.8803	0.8662	0.0141
1JPS	af_unrelaxed	4	1.4390	1.4280	0.0110	0.9372	0.9384	-0.0012	0.8592	0.8627	-0.0035
1JPS	amber_af	0	1.0990	1.0350	0.0640	0.9624	0.9666	-0.0042	0.8967	0.9085	-0.0118
1JPS	amber_af	1	1.6380	1.3430	0.2950	0.9208	0.9447	-0.0239	0.8357	0.8697	-0.0340
1JPS	amber_af	2	1.4240	1.5100	-0.0860	0.9382	0.9316	0.0066	0.8627	0.8486	0.0141
1JPS	amber_af	3	1.2820	1.3730	-0.0910	0.9495	0.9423	0.0072	0.8803	0.8674	0.0129
1JPS	amber_af	4	1.4360	1.4170	0.0190	0.9375	0.9393	-0.0018	0.8603	0.8650	-0.0047
1JPS	amber_boltz	0	0.9590	0.9980	-0.0390	0.9705	0.9681	0.0024	0.9249	0.9096	0.0153
1JPS	amber_boltz	1	0.9240	1.0370	-0.1130	0.9725	0.9656	0.0069	0.9331	0.9014	0.0317
1JPS	amber_boltz	2	0.8720	1.4780	-0.6060	0.9754	0.9335	0.0419	0.9378	0.8498	0.0880
1JPS	amber_boltz	3	1.1360	1.0920	0.0440	0.9593	0.9620	-0.0027	0.8932	0.9014	-0.0082
1JPS	amber_boltz	4	0.9080	0.8990	0.0090	0.9734	0.9739	-0.0005	0.9261	0.9354	-0.0093
1JPS	boltz	0	0.9550	0.9940	-0.0390	0.9707	0.9683	0.0024	0.9237	0.9120	0.0117
1JPS	boltz	1	0.9210	1.0350	-0.1140	0.9727	0.9657	0.0070	0.9343	0.9014	0.0329
1JPS	boltz	2	0.8670	1.4780	-0.6110	0.9757	0.9334	0.0423	0.9343	0.8509	0.0834
1JPS	boltz	3	1.1380	1.0870	0.0510	0.9591	0.9623	-0.0032	0.8967	0.9049	-0.0082
1JPS	boltz	4	0.9070	0.8970	0.0100	0.9735	0.9740	-0.0005	0.9261	0.9343	-0.0082
1JTD	af_relaxed	0	0.4240	0.3560	0.0680	0.9953	0.9965	-0.0012	0.9971	1.0000	-0.0029
1JTD	af_relaxed	1	0.5320	0.4170	0.1150	0.9926	0.9952	-0.0026	0.9914	0.9981	-0.0067
1JTD	af_relaxed	2	0.4860	0.5220	-0.0360	0.9938	0.9929	0.0009	0.9943	0.9914	0.0029
1JTD	af_relaxed	3	0.5430	0.5770	-0.0340	0.9922	0.9913	0.0009	0.9885	0.9885	0.0000
1JTD	af_relaxed	4	0.4860	0.5130	-0.0270	0.9938	0.9930	0.0008	0.9943	0.9933	0.0010
1JTD	af_unrelaxed	0	0.4620	0.3560	0.1060	0.9944	0.9965	-0.0021	0.9962	1.0000	-0.0038
1JTD	af_unrelaxed	1	0.4090	0.3380	0.0710	0.9957	0.9968	-0.0011	0.9971	1.0000	-0.0029
1JTD	af_unrelaxed	2	0.4570	0.4590	-0.0020	0.9945	0.9945	0.0000	0.9962	0.9962	0.0000
1JTD	af_unrelaxed	3	0.4560	0.5240	-0.0680	0.9945	0.9928	0.0017	0.9962	0.9952	0.0010
1JTD	af_unrelaxed	4	0.4430	0.4650	-0.0220	0.9948	0.9943	0.0005	0.9962	0.9962	0.0000
1JTD	amber_af	0	0.4860	0.3560	0.1300	0.9938	0.9965	-0.0027	0.9943	1.0000	-0.0057
1JTD	amber_af	1	0.4170	0.4180	-0.0010	0.9955	0.9952	0.0003	0.9971	0.9981	-0.0010
1JTD	amber_af	2	0.5340	0.5600	-0.0260	0.9925	0.9918	0.0007	0.9914	0.9885	0.0029
1JTD	amber_af	3	0.5430	0.5870	-0.0440	0.9922	0.9909	0.0013	0.9895	0.9885	0.0010
1JTD	amber_af	4	0.4980	0.4880	0.0100	0.9935	0.9937	-0.0002	0.9943	0.9952	-0.0009
1JTD	amber_boltz	0	0.3560	0.3070	0.0490	0.9965	0.9974	-0.0009	1.0000	1.0000	0.0000
1JTD	amber_boltz	1	0.3110	0.3290	-0.0180	0.9973	0.9970	0.0003	1.0000	1.0000	0.0000
1JTD	amber_boltz	2	0.3420	0.2860	0.0560	0.9968	0.9977	-0.0009	1.0000	1.0000	0.0000
1JTD	amber_boltz	3	0.3390	0.3220	0.0170	0.9968	0.9971	-0.0003	1.0000	1.0000	0.0000
1JTD	amber_boltz	4	0.3400	0.3600	-0.0200	0.9968	0.9964	0.0004	1.0000	1.0000	0.0000
1JTD	boltz	0	0.3430	0.2940	0.0490	0.9967	0.9976	-0.0009	1.0000	1.0000	0.0000
1JTD	boltz	1	0.3040	0.3200	-0.0160	0.9974	0.9971	0.0003	1.0000	1.0000	0.0000
1JTD	boltz	2	0.3260	0.2780	0.0480	0.9971	0.9979	-0.0008	1.0000	1.0000	0.0000
1JTD	boltz	3	0.3290	0.3160	0.0130	0.9970	0.9972	-0.0002	1.0000	0.9990	0.0010
1JTD	boltz	4	0.3350	0.3520	-0.0170	0.9969	0.9966	0.0003	0.9990	1.0000	-0.0010
1JTG	af_relaxed	0	0.5680	0.4720	0.0960	0.9923	0.9941	-0.0018	0.9933	0.9952	-0.0019
1JTG	af_relaxed	1	0.4940	0.5010	-0.0070	0.9936	0.9934	0.0002	0.9924	0.9914	0.0010
1JTG	af_relaxed	2	0.5460	0.5050	0.0410	0.9929	0.9934	-0.0005	0.9943	0.9924	0.0019
1JTG	af_relaxed	3	0.4610	0.5540	-0.0930	0.9944	0.9927	0.0017	0.9952	0.9933	0.0019
1JTG	af_relaxed	4	0.4930	0.5740	-0.0810	0.9937	0.9925	0.0012	0.9924	0.9924	0.0000
1JTG	af_unrelaxed	0	0.4880	0.4650	0.0230	0.9938	0.9943	-0.0005	0.9933	0.9952	-0.0019
1JTG	af_unrelaxed	1	0.4830	0.4970	-0.0140	0.9939	0.9936	0.0003	0.9924	0.9924	0.0000
1JTG	af_unrelaxed	2	0.5620	0.5000	0.0620	0.9925	0.9935	-0.0010	0.9933	0.9933	0.0000
1JTG	af_unrelaxed	3	0.4510	0.5440	-0.0930	0.9946	0.9929	0.0017	0.9952	0.9924	0.0028
1JTG	af_unrelaxed	4	0.5380	0.5630	-0.0250	0.9931	0.9928	0.0003	0.9933	0.9933	0.0000
1JTG	amber_af	0	0.4920	0.4720	0.0200	0.9937	0.9941	-0.0004	0.9924	0.9952	-0.0028
1JTG	amber_af	1	0.4920	0.5010	-0.0090	0.9937	0.9934	0.0003	0.9924	0.9914	0.0010
1JTG	amber_af	2	0.5680	0.5040	0.0640	0.9923	0.9934	-0.0011	0.9933	0.9924	0.0009
1JTG	amber_af	3	0.4610	0.5550	-0.0940	0.9944	0.9927	0.0017	0.9952	0.9933	0.0019
1JTG	amber_af	4	0.5460	0.5740	-0.0280	0.9929	0.9925	0.0004	0.9943	0.9924	0.0019
1JTG	amber_boltz	0	0.5120	0.4780	0.0340	0.9939	0.9946	-0.0007	0.9933	0.9933	0.0000
1JTG	amber_boltz	1	0.4980	0.6280	-0.1300	0.9941	0.9927	0.0014	0.9933	0.9943	-0.0010
1JTG	amber_boltz	2	0.5890	0.5250	0.0640	0.9931	0.9936	-0.0005	0.9933	0.9914	0.0019
1JTG	amber_boltz	3	0.5520	0.5990	-0.0470	0.9934	0.9928	0.0006	0.9933	0.9943	-0.0010
1JTG	amber_boltz	4	0.5750	0.5810	-0.0060	0.9931	0.9931	0.0000	0.9943	0.9933	0.0010
1JTG	boltz	0	0.4990	0.4680	0.0310	0.9942	0.9948	-0.0006	0.9933	0.9943	-0.0010
1JTG	boltz	1	0.4940	0.6200	-0.1260	0.9942	0.9929	0.0013	0.9943	0.9943	0.0000
1JTG	boltz	2	0.5760	0.5170	0.0590	0.9934	0.9939	-0.0005	0.9933	0.9924	0.0009
1JTG	boltz	3	0.5410	0.5890	-0.0480	0.9937	0.9930	0.0007	0.9943	0.9943	0.0000
1JTG	boltz	4	0.5600	0.5690	-0.0090	0.9934	0.9934	0.0000	0.9933	0.9933	0.0000
1JWH	af_relaxed	0	0.7490	0.7410	0.0080	0.9882	0.9885	-0.0003	0.9716	0.9716	0.0000
1JWH	af_relaxed	1	0.7550	0.7630	-0.0080	0.9881	0.9878	0.0003	0.9709	0.9701	0.0008
1JWH	af_relaxed	2	0.7750	0.7740	0.0010	0.9874	0.9874	0.0000	0.9672	0.9672	0.0000
1JWH	af_relaxed	3	0.7960	0.7950	0.0010	0.9868	0.9868	0.0000	0.9642	0.9642	0.0000
1JWH	af_relaxed	4	0.7220	0.7180	0.0040	0.9890	0.9891	-0.0001	0.9731	0.9739	-0.0008
1JWH	af_unrelaxed	0	0.7430	0.7350	0.0080	0.9884	0.9886	-0.0002	0.9694	0.9694	0.0000
1JWH	af_unrelaxed	1	0.7170	0.7590	-0.0420	0.9891	0.9879	0.0012	0.9739	0.9694	0.0045
1JWH	af_unrelaxed	2	0.7900	0.7680	0.0220	0.9870	0.9876	-0.0006	0.9634	0.9672	-0.0038
1JWH	af_unrelaxed	3	0.7510	0.7890	-0.0380	0.9882	0.9870	0.0012	0.9701	0.9634	0.0067
1JWH	af_unrelaxed	4	0.7700	0.7140	0.0560	0.9876	0.9892	-0.0016	0.9672	0.9731	-0.0059
1JWH	amber_af	0	0.7480	0.7410	0.0070	0.9883	0.9885	-0.0002	0.9716	0.9716	0.0000
1JWH	amber_af	1	0.7210	0.7620	-0.0410	0.9890	0.9878	0.0012	0.9739	0.9701	0.0038
1JWH	amber_af	2	0.7970	0.7740	0.0230	0.9868	0.9874	-0.0006	0.9634	0.9672	-0.0038
1JWH	amber_af	3	0.7540	0.7950	-0.0410	0.9881	0.9868	0.0013	0.9709	0.9642	0.0067
1JWH	amber_af	4	0.7760	0.7180	0.0580	0.9874	0.9891	-0.0017	0.9672	0.9746	-0.0074
1JWH	amber_boltz	0	0.8680	0.9170	-0.0490	0.9846	0.9826	0.0020	0.9590	0.9440	0.0150
1JWH	amber_boltz	1	0.8390	0.9100	-0.0710	0.9856	0.9833	0.0023	0.9619	0.9545	0.0074
1JWH	amber_boltz	2	0.8750	0.9590	-0.0840	0.9844	0.9814	0.0030	0.9575	0.9455	0.0120
1JWH	amber_boltz	3	1.3040	0.8700	0.4340	0.9753	0.9846	-0.0093	0.9336	0.9597	-0.0261
1JWH	amber_boltz	4	0.8900	0.9000	-0.0100	0.9838	0.9835	0.0003	0.9515	0.9522	-0.0007
1JWH	boltz	0	0.8680	0.9180	-0.0500	0.9846	0.9825	0.0021	0.9590	0.9448	0.0142
1JWH	boltz	1	0.8370	0.9090	-0.0720	0.9857	0.9833	0.0024	0.9604	0.9537	0.0067
1JWH	boltz	2	0.8750	0.9580	-0.0830	0.9844	0.9814	0.0030	0.9567	0.9448	0.0119
1JWH	boltz	3	1.3010	0.8690	0.4320	0.9753	0.9847	-0.0094	0.9343	0.9582	-0.0239
1JWH	boltz	4	0.8880	0.9000	-0.0120	0.9838	0.9834	0.0004	0.9537	0.9522	0.0015
1JZD	af_relaxed	0	1.1030	1.0690	0.0340	0.9695	0.9702	-0.0007	0.9361	0.9372	-0.0011
1JZD	af_relaxed	1	1.0720	1.0460	0.0260	0.9699	0.9728	-0.0029	0.9361	0.9486	-0.0125
1JZD	af_relaxed	2	1.0440	0.9970	0.0470	0.9725	0.9727	-0.0002	0.9452	0.9429	0.0023
1JZD	af_relaxed	3	0.9940	1.0570	-0.0630	0.9729	0.9719	0.0010	0.9441	0.9418	0.0023
1JZD	af_relaxed	4	1.0150	1.0330	-0.0180	0.9727	0.9720	0.0007	0.9441	0.9429	0.0012
1JZD	af_unrelaxed	0	1.0190	1.0440	-0.0250	0.9731	0.9708	0.0023	0.9498	0.9418	0.0080
1JZD	af_unrelaxed	1	0.9720	1.0210	-0.0490	0.9737	0.9734	0.0003	0.9452	0.9509	-0.0057
1JZD	af_unrelaxed	2	1.0750	0.9730	0.1020	0.9701	0.9735	-0.0034	0.9418	0.9452	-0.0034
1JZD	af_unrelaxed	3	1.0470	1.0290	0.0180	0.9705	0.9726	-0.0021	0.9406	0.9486	-0.0080
1JZD	af_unrelaxed	4	0.9960	1.0160	-0.0200	0.9734	0.9726	0.0008	0.9486	0.9475	0.0011
1JZD	amber_af	0	1.0450	1.0690	-0.0240	0.9724	0.9702	0.0022	0.9463	0.9372	0.0091
1JZD	amber_af	1	0.9920	1.0450	-0.0530	0.9730	0.9729	0.0001	0.9452	0.9475	-0.0023
1JZD	amber_af	2	1.1020	0.9970	0.1050	0.9695	0.9728	-0.0033	0.9361	0.9429	-0.0068
1JZD	amber_af	3	1.0720	1.0570	0.0150	0.9699	0.9719	-0.0020	0.9361	0.9429	-0.0068
1JZD	amber_af	4	1.0120	1.0330	-0.0210	0.9728	0.9720	0.0008	0.9441	0.9418	0.0023
1JZD	amber_boltz	0	1.3820	1.3540	0.0280	0.9604	0.9588	0.0016	0.9167	0.9144	0.0023
1JZD	amber_boltz	1	1.6050	1.3070	0.2980	0.9460	0.9633	-0.0173	0.8904	0.9224	-0.0320
1JZD	amber_boltz	2	1.3180	1.5150	-0.1970	0.9625	0.9483	0.0142	0.9258	0.8938	0.0320
1JZD	amber_boltz	3	1.2590	1.4620	-0.2030	0.9671	0.9531	0.0140	0.9349	0.9075	0.0274
1JZD	amber_boltz	4	1.3430	1.3530	-0.0100	0.9631	0.9618	0.0013	0.9212	0.9235	-0.0023
1JZD	boltz	0	1.3710	1.3400	0.0310	0.9610	0.9593	0.0017	0.9178	0.9167	0.0011
1JZD	boltz	1	1.5990	1.2940	0.3050	0.9464	0.9637	-0.0173	0.8927	0.9247	-0.0320
1JZD	boltz	2	1.3030	1.5040	-0.2010	0.9631	0.9488	0.0143	0.9281	0.8961	0.0320
1JZD	boltz	3	1.2520	1.4540	-0.2020	0.9675	0.9536	0.0139	0.9349	0.9087	0.0262
1JZD	boltz	4	1.3320	1.3450	-0.0130	0.9637	0.9623	0.0014	0.9247	0.9269	-0.0022
1K5D	af_relaxed	0	0.8920	0.9280	-0.0360	0.9775	0.9755	0.0020	0.9612	0.9551	0.0061
1K5D	af_relaxed	1	0.9380	0.9660	-0.0280	0.9754	0.9737	0.0017	0.9612	0.9587	0.0025
1K5D	af_relaxed	2	0.9450	1.0770	-0.1320	0.9745	0.9683	0.0062	0.9527	0.9466	0.0061
1K5D	af_relaxed	3	1.3920	3.6790	-2.2870	0.9606	0.9044	0.0562	0.9478	0.8689	0.0789
1K5D	af_relaxed	4	3.7870	15.0360	-11.2490	0.8925	0.7517	0.1408	0.8507	0.7294	0.1213
1K5D	amber_af	0	0.9450	0.9270	0.0180	0.9745	0.9755	-0.0010	0.9527	0.9551	-0.0024
1K5D	amber_af	1	3.7890	0.9660	2.8230	0.8925	0.9737	-0.0812	0.8507	0.9575	-0.1068
1K5D	amber_af	2	1.3920	1.0760	0.3160	0.9606	0.9683	-0.0077	0.9478	0.9490	-0.0012
1K5D	amber_af	3	0.8930	3.6790	-2.7860	0.9775	0.9044	0.0731	0.9612	0.8677	0.0935
1K5D	amber_af	4	0.9380	15.0360	-14.0980	0.9754	0.7516	0.2238	0.9600	0.7294	0.2306
1K5D	amber_boltz	0	1.1730	1.2130	-0.0400	0.9636	0.9605	0.0031	0.9405	0.9235	0.0170
1K5D	amber_boltz	1	1.2460	1.1870	0.0590	0.9605	0.9617	-0.0012	0.9272	0.9272	0.0000
1K5D	amber_boltz	2	1.3460	1.1930	0.1530	0.9509	0.9632	-0.0123	0.9175	0.9357	-0.0182
1K5D	amber_boltz	3	1.3470	1.4240	-0.0770	0.9532	0.9481	0.0051	0.9211	0.9090	0.0121
1K5D	amber_boltz	4	1.4190	1.5440	-0.1250	0.9515	0.9456	0.0059	0.9187	0.9029	0.0158
1K5D	boltz	0	1.1670	1.2120	-0.0450	0.9636	0.9608	0.0028	0.9405	0.9272	0.0133
1K5D	boltz	1	1.2240	1.1900	0.0340	0.9613	0.9615	-0.0002	0.9320	0.9260	0.0060
1K5D	boltz	2	1.3490	1.1810	0.1680	0.9508	0.9635	-0.0127	0.9187	0.9369	-0.0182
1K5D	boltz	3	1.3350	1.4170	-0.0820	0.9536	0.9485	0.0051	0.9223	0.9114	0.0109
1K5D	boltz	4	1.4200	1.5490	-0.1290	0.9518	0.9455	0.0063	0.9199	0.9053	0.0146
1K74	af_relaxed	0	2.4230	2.4310	-0.0080	0.9429	0.9428	0.0001	0.9289	0.9300	-0.0011
1K74	af_relaxed	1	2.3680	2.2910	0.0770	0.9445	0.9457	-0.0012	0.9321	0.9321	0.0000
1K74	af_relaxed	2	4.2200	4.0290	0.1910	0.8894	0.8969	-0.0075	0.8610	0.8728	-0.0118
1K74	af_relaxed	3	4.3180	4.3500	-0.0320	0.8854	0.8859	-0.0005	0.8588	0.8599	-0.0011
1K74	af_relaxed	4	4.5420	4.5580	-0.0160	0.8832	0.8831	0.0001	0.8578	0.8599	-0.0021
1K74	af_unrelaxed	0	4.2090	2.4340	1.7750	0.8897	0.9429	-0.0532	0.8631	0.9300	-0.0669
1K74	af_unrelaxed	1	4.5400	2.2910	2.2490	0.8834	0.9458	-0.0624	0.8578	0.9321	-0.0743
1K74	af_unrelaxed	2	2.3680	4.0160	-1.6480	0.9445	0.8971	0.0474	0.9289	0.8739	0.0550
1K74	af_unrelaxed	3	4.3110	4.3420	-0.0310	0.8856	0.8859	-0.0003	0.8599	0.8599	0.0000
1K74	af_unrelaxed	4	2.4240	4.5580	-2.1340	0.9430	0.8834	0.0596	0.9289	0.8599	0.0690
1K74	amber_af	0	4.2190	2.4310	1.7880	0.8895	0.9428	-0.0533	0.8610	0.9300	-0.0690
1K74	amber_af	1	4.5420	2.2900	2.2520	0.8833	0.9457	-0.0624	0.8578	0.9310	-0.0732
1K74	amber_af	2	2.3670	4.0290	-1.6620	0.9445	0.8969	0.0476	0.9321	0.8739	0.0582
1K74	amber_af	3	4.3190	4.3490	-0.0300	0.8853	0.8859	-0.0006	0.8588	0.8599	-0.0011
1K74	amber_af	4	2.4230	4.5580	-2.1350	0.9429	0.8831	0.0598	0.9289	0.8599	0.0690
1K74	amber_boltz	0	4.3020	4.7260	-0.4240	0.8925	0.8763	0.0162	0.8664	0.8438	0.0226
1K74	amber_boltz	1	4.4770	4.7940	-0.3170	0.8817	0.8741	0.0076	0.8545	0.8491	0.0054
1K74	amber_boltz	2	5.1200	5.2760	-0.1560	0.8708	0.8658	0.0050	0.8448	0.8384	0.0064
1K74	amber_boltz	3	5.5050	4.8410	0.6640	0.8643	0.8718	-0.0075	0.8362	0.8448	-0.0086
1K74	amber_boltz	4	5.3300	5.0320	0.2980	0.8673	0.8603	0.0070	0.8438	0.8319	0.0119
1K74	boltz	0	4.2990	4.7200	-0.4210	0.8928	0.8768	0.0160	0.8642	0.8448	0.0194
1K74	boltz	1	4.4670	4.7870	-0.3200	0.8823	0.8744	0.0079	0.8545	0.8470	0.0075
1K74	boltz	2	5.1120	5.2660	-0.1540	0.8716	0.8663	0.0053	0.8459	0.8405	0.0054
1K74	boltz	3	5.4900	4.8350	0.6550	0.8646	0.8722	-0.0076	0.8384	0.8448	-0.0064
1K74	boltz	4	5.3230	5.0280	0.2950	0.8676	0.8609	0.0067	0.8438	0.8330	0.0108
1KAC	af_relaxed	0	0.2470	0.2440	0.0030	0.9977	0.9977	0.0000	1.0000	1.0000	0.0000
1KAC	af_relaxed	1	0.3540	0.2600	0.0940	0.9952	0.9974	-0.0022	0.9959	1.0000	-0.0041
1KAC	af_relaxed	2	0.2900	0.2750	0.0150	0.9968	0.9971	-0.0003	1.0000	0.9986	0.0014
1KAC	af_relaxed	3	0.3940	0.4520	-0.0580	0.9943	0.9926	0.0017	0.9919	0.9878	0.0041
1KAC	af_relaxed	4	0.2860	0.2780	0.0080	0.9969	0.9970	-0.0001	0.9986	1.0000	-0.0014
1KAC	af_unrelaxed	0	0.2330	0.2300	0.0030	0.9979	0.9980	-0.0001	1.0000	1.0000	0.0000
1KAC	af_unrelaxed	1	0.2370	0.2420	-0.0050	0.9978	0.9978	0.0000	1.0000	1.0000	0.0000
1KAC	af_unrelaxed	2	0.2670	0.2640	0.0030	0.9973	0.9974	-0.0001	1.0000	0.9986	0.0014
1KAC	af_unrelaxed	3	0.2490	0.2370	0.0120	0.9976	0.9978	-0.0002	1.0000	1.0000	0.0000
1KAC	af_unrelaxed	4	0.2390	0.2650	-0.0260	0.9978	0.9973	0.0005	1.0000	1.0000	0.0000
1KAC	amber_af	0	0.2480	0.2450	0.0030	0.9976	0.9977	-0.0001	1.0000	1.0000	0.0000
1KAC	amber_af	1	0.2850	0.2600	0.0250	0.9969	0.9974	-0.0005	0.9986	1.0000	-0.0014
1KAC	amber_af	2	0.3590	0.2760	0.0830	0.9951	0.9971	-0.0020	0.9946	0.9986	-0.0040
1KAC	amber_af	3	0.2910	0.4510	-0.1600	0.9968	0.9927	0.0041	1.0000	0.9878	0.0122
1KAC	amber_af	4	0.3910	0.2810	0.1100	0.9943	0.9970	-0.0027	0.9919	0.9986	-0.0067
1KAC	amber_boltz	0	1.1100	1.1440	-0.0340	0.9695	0.9680	0.0015	0.9622	0.9581	0.0041
1KAC	amber_boltz	1	1.1220	1.0730	0.0490	0.9671	0.9711	-0.0040	0.9568	0.9622	-0.0054
1KAC	amber_boltz	2	0.9270	1.0200	-0.0930	0.9774	0.9728	0.0046	0.9689	0.9635	0.0054
1KAC	amber_boltz	3	1.0870	1.1390	-0.0520	0.9707	0.9690	0.0017	0.9595	0.9635	-0.0040
1KAC	amber_boltz	4	1.1250	1.1180	0.0070	0.9687	0.9681	0.0006	0.9581	0.9581	0.0000
1KAC	boltz	0	1.1040	1.1370	-0.0330	0.9697	0.9685	0.0012	0.9635	0.9581	0.0054
1KAC	boltz	1	1.1050	1.0690	0.0360	0.9684	0.9713	-0.0029	0.9608	0.9622	-0.0014
1KAC	boltz	2	0.9220	1.0340	-0.1120	0.9778	0.9725	0.0053	0.9730	0.9649	0.0081
1KAC	boltz	3	1.0740	1.1310	-0.0570	0.9715	0.9695	0.0020	0.9635	0.9608	0.0027
1KAC	boltz	4	1.1240	1.1180	0.0060	0.9687	0.9682	0.0005	0.9608	0.9595	0.0013
1KKL	af_relaxed	0	1.7610	1.8070	-0.0460	0.9558	0.9528	0.0030	0.9431	0.9401	0.0030
1KKL	af_relaxed	1	1.7910	1.8020	-0.0110	0.9573	0.9576	-0.0003	0.9446	0.9431	0.0015
1KKL	af_relaxed	2	1.7780	1.7970	-0.0190	0.9602	0.9569	0.0033	0.9476	0.9446	0.0030
1KKL	af_relaxed	3	1.7960	1.8240	-0.0280	0.9562	0.9546	0.0016	0.9446	0.9371	0.0075
1KKL	af_relaxed	4	2.0350	2.0340	0.0010	0.9320	0.9330	-0.0010	0.9102	0.9102	0.0000
1KKL	af_unrelaxed	0	1.7810	1.8060	-0.0250	0.9603	0.9530	0.0073	0.9461	0.9386	0.0075
1KKL	af_unrelaxed	1	1.7630	1.8060	-0.0430	0.9560	0.9578	-0.0018	0.9431	0.9446	-0.0015
1KKL	af_unrelaxed	2	1.7930	1.8060	-0.0130	0.9575	0.9569	0.0006	0.9446	0.9446	0.0000
1KKL	af_unrelaxed	3	1.8050	1.8290	-0.0240	0.9561	0.9548	0.0013	0.9446	0.9371	0.0075
1KKL	af_unrelaxed	4	2.0680	2.0700	-0.0020	0.9277	0.9288	-0.0011	0.8922	0.8982	-0.0060
1KKL	amber_af	0	1.7780	1.8060	-0.0280	0.9602	0.9528	0.0074	0.9476	0.9401	0.0075
1KKL	amber_af	1	1.7610	1.8020	-0.0410	0.9558	0.9577	-0.0019	0.9431	0.9431	0.0000
1KKL	amber_af	2	1.7890	1.7980	-0.0090	0.9572	0.9568	0.0004	0.9446	0.9446	0.0000
1KKL	amber_af	3	1.7960	1.8250	-0.0290	0.9562	0.9547	0.0015	0.9431	0.9371	0.0060
1KKL	amber_af	4	2.0350	2.0340	0.0010	0.9320	0.9329	-0.0009	0.9087	0.9102	-0.0015
1KKL	amber_boltz	0	20.4450	20.2420	0.2030	0.6245	0.6239	0.0006	0.6183	0.6198	-0.0015
1KKL	amber_boltz	1	20.2710	20.5500	-0.2790	0.6242	0.6242	0.0000	0.6198	0.6198	0.0000
1KKL	amber_boltz	2	20.4380	20.3210	0.1170	0.6259	0.6263	-0.0004	0.6228	0.6228	0.0000
1KKL	amber_boltz	3	20.3470	20.4590	-0.1120	0.6231	0.6254	-0.0023	0.6153	0.6228	-0.0075
1KKL	amber_boltz	4	20.4120	20.4060	0.0060	0.6250	0.6257	-0.0007	0.6168	0.6243	-0.0075
1KKL	boltz	0	20.4330	20.2230	0.2100	0.6246	0.6240	0.0006	0.6183	0.6183	0.0000
1KKL	boltz	1	20.2560	20.5340	-0.2780	0.6244	0.6238	0.0006	0.6198	0.6168	0.0030
1KKL	boltz	2	20.4300	20.3100	0.1200	0.6259	0.6265	-0.0006	0.6198	0.6257	-0.0059
1KKL	boltz	3	20.3320	20.4470	-0.1150	0.6238	0.6255	-0.0017	0.6168	0.6213	-0.0045
1KKL	boltz	4	20.3970	20.4010	-0.0040	0.6252	0.6259	-0.0007	0.6168	0.6257	-0.0089
1KLU	af_relaxed	0	0.4760	0.4740	0.0020	0.9924	0.9924	0.0000	0.9972	0.9972	0.0000
1KLU	af_relaxed	1	0.4720	0.4660	0.0060	0.9923	0.9925	-0.0002	0.9972	0.9972	0.0000
1KLU	af_relaxed	2	0.4640	0.6260	-0.1620	0.9926	0.9865	0.0061	0.9972	0.9846	0.0126
1KLU	af_relaxed	3	0.5290	0.5330	-0.0040	0.9902	0.9902	0.0000	0.9944	0.9888	0.0056
1KLU	af_relaxed	4	0.6590	0.6430	0.0160	0.9845	0.9852	-0.0007	0.9804	0.9804	0.0000
1KLU	af_unrelaxed	0	0.4610	0.4710	-0.0100	0.9927	0.9925	0.0002	0.9972	0.9972	0.0000
1KLU	af_unrelaxed	1	0.5270	0.4640	0.0630	0.9903	0.9926	-0.0023	0.9930	0.9972	-0.0042
1KLU	af_unrelaxed	2	0.4710	0.4960	-0.0250	0.9926	0.9917	0.0009	0.9972	0.9944	0.0028
1KLU	af_unrelaxed	3	0.4690	0.5050	-0.0360	0.9924	0.9913	0.0011	0.9972	0.9944	0.0028
1KLU	af_unrelaxed	4	0.5030	0.5290	-0.0260	0.9913	0.9902	0.0011	0.9944	0.9916	0.0028
1KLU	amber_af	0	0.4640	0.4740	-0.0100	0.9926	0.9923	0.0003	0.9972	0.9972	0.0000
1KLU	amber_af	1	0.6610	0.4660	0.1950	0.9846	0.9925	-0.0079	0.9777	0.9972	-0.0195
1KLU	amber_af	2	0.4760	0.7230	-0.2470	0.9924	0.9833	0.0091	0.9972	0.9777	0.0195
1KLU	amber_af	3	0.4720	0.5330	-0.0610	0.9923	0.9902	0.0021	0.9972	0.9888	0.0084
1KLU	amber_af	4	0.5300	0.6460	-0.1160	0.9902	0.9851	0.0051	0.9944	0.9804	0.0140
1KLU	amber_boltz	0	0.4680	0.4020	0.0660	0.9921	0.9939	-0.0018	0.9958	0.9972	-0.0014
1KLU	amber_boltz	1	0.5420	0.4690	0.0730	0.9901	0.9923	-0.0022	0.9944	0.9972	-0.0028
1KLU	amber_boltz	2	0.5170	0.4260	0.0910	0.9901	0.9934	-0.0033	0.9944	0.9972	-0.0028
1KLU	amber_boltz	3	0.4660	0.5100	-0.0440	0.9917	0.9916	0.0001	0.9944	0.9958	-0.0014
1KLU	amber_boltz	4	0.5020	0.4850	0.0170	0.9911	0.9917	-0.0006	0.9944	0.9972	-0.0028
1KLU	boltz	0	0.4560	0.3910	0.0650	0.9924	0.9942	-0.0018	0.9958	0.9972	-0.0014
1KLU	boltz	1	0.5210	0.4610	0.0600	0.9907	0.9926	-0.0019	0.9930	0.9972	-0.0042
1KLU	boltz	2	0.5060	0.4150	0.0910	0.9904	0.9937	-0.0033	0.9944	0.9972	-0.0028
1KLU	boltz	3	0.4470	0.5040	-0.0570	0.9923	0.9918	0.0005	0.9944	0.9958	-0.0014
1KLU	boltz	4	0.4900	0.4740	0.0160	0.9915	0.9921	-0.0006	0.9958	0.9972	-0.0014
1KTZ	af_relaxed	0	1.5140	1.5710	-0.0570	0.9340	0.9275	0.0065	0.9512	0.9482	0.0030
1KTZ	af_relaxed	1	2.9770	2.5800	0.3970	0.8768	0.8922	-0.0154	0.9085	0.9207	-0.0122
1KTZ	af_relaxed	2	2.5900	1.7440	0.8460	0.8946	0.9246	-0.0300	0.9207	0.9482	-0.0275
1KTZ	af_relaxed	3	1.6600	2.7210	-1.0610	0.9321	0.8901	0.0420	0.9512	0.9146	0.0366
1KTZ	af_relaxed	4	2.7100	2.6870	0.0230	0.8837	0.8879	-0.0042	0.9177	0.9207	-0.0030
1KTZ	af_unrelaxed	0	2.5800	1.5770	1.0030	0.8946	0.9274	-0.0328	0.9207	0.9482	-0.0275
1KTZ	af_unrelaxed	1	1.6640	2.5700	-0.9060	0.9319	0.8923	0.0396	0.9482	0.9177	0.0305
1KTZ	af_unrelaxed	2	2.6940	1.7570	0.9370	0.8842	0.9246	-0.0404	0.9177	0.9451	-0.0274
1KTZ	af_unrelaxed	3	2.9670	2.7100	0.2570	0.8774	0.8892	-0.0118	0.9085	0.9146	-0.0061
1KTZ	af_unrelaxed	4	1.5150	2.6730	-1.1580	0.9337	0.8868	0.0469	0.9512	0.9207	0.0305
1KTZ	amber_af	0	2.5890	1.5710	1.0180	0.8947	0.9274	-0.0327	0.9207	0.9482	-0.0275
1KTZ	amber_af	1	1.6600	2.5790	-0.9190	0.9321	0.8923	0.0398	0.9512	0.9207	0.0305
1KTZ	amber_af	2	2.7110	1.7440	0.9670	0.8837	0.9247	-0.0410	0.9177	0.9482	-0.0305
1KTZ	amber_af	3	2.9770	2.7210	0.2560	0.8768	0.8901	-0.0133	0.9085	0.9146	-0.0061
1KTZ	amber_af	4	1.5130	2.6860	-1.1730	0.9340	0.8879	0.0461	0.9512	0.9207	0.0305
1KTZ	amber_boltz	0	1.4630	1.3560	0.1070	0.9182	0.9237	-0.0055	0.9360	0.9482	-0.0122
1KTZ	amber_boltz	1	1.9120	1.6300	0.2820	0.9049	0.9209	-0.0160	0.9329	0.9390	-0.0061
1KTZ	amber_boltz	2	1.5410	1.8050	-0.2640	0.9182	0.9173	0.0009	0.9421	0.9390	0.0031
1KTZ	amber_boltz	3	1.4840	1.5350	-0.0510	0.9198	0.9147	0.0051	0.9421	0.9451	-0.0030
1KTZ	amber_boltz	4	1.5870	1.5850	0.0020	0.8963	0.9112	-0.0149	0.9177	0.9299	-0.0122
1KTZ	boltz	0	1.4560	1.3480	0.1080	0.9189	0.9239	-0.0050	0.9421	0.9451	-0.0030
1KTZ	boltz	1	1.9050	1.6260	0.2790	0.9053	0.9216	-0.0163	0.9329	0.9421	-0.0092
1KTZ	boltz	2	1.5350	1.7980	-0.2630	0.9187	0.9175	0.0012	0.9451	0.9390	0.0061
1KTZ	boltz	3	1.4730	1.5250	-0.0520	0.9208	0.9153	0.0055	0.9421	0.9482	-0.0061
1KTZ	boltz	4	1.5820	1.5760	0.0060	0.8974	0.9121	-0.0147	0.9146	0.9329	-0.0183
1KXP	af_relaxed	0	0.7200	0.7180	0.0020	0.9907	0.9908	-0.0001	0.9799	0.9792	0.0007
1KXP	af_relaxed	1	0.8050	0.8140	-0.0090	0.9894	0.9890	0.0004	0.9764	0.9749	0.0015
1KXP	af_relaxed	2	0.7530	0.7450	0.0080	0.9897	0.9899	-0.0002	0.9764	0.9764	0.0000
1KXP	af_relaxed	3	0.8000	0.7900	0.0100	0.9894	0.9895	-0.0001	0.9778	0.9778	0.0000
1KXP	af_relaxed	4	0.8090	0.8130	-0.0040	0.9890	0.9888	0.0002	0.9764	0.9749	0.0015
1KXP	af_unrelaxed	0	0.8040	0.6730	0.1310	0.9893	0.9919	-0.0026	0.9771	0.9828	-0.0057
1KXP	af_unrelaxed	1	0.8140	0.8170	-0.0030	0.9889	0.9890	-0.0001	0.9749	0.9742	0.0007
1KXP	af_unrelaxed	2	0.8070	0.7070	0.1000	0.9894	0.9909	-0.0015	0.9764	0.9778	-0.0014
1KXP	af_unrelaxed	3	0.7170	0.7920	-0.0750	0.9906	0.9895	0.0011	0.9771	0.9792	-0.0021
1KXP	af_unrelaxed	4	0.6740	0.8150	-0.1410	0.9918	0.9887	0.0031	0.9807	0.9742	0.0065
1KXP	amber_af	0	0.8000	0.7190	0.0810	0.9894	0.9908	-0.0014	0.9778	0.9799	-0.0021
1KXP	amber_af	1	0.8090	0.8150	-0.0060	0.9890	0.9890	0.0000	0.9764	0.9749	0.0015
1KXP	amber_af	2	0.8050	0.7500	0.0550	0.9894	0.9898	-0.0004	0.9771	0.9749	0.0022
1KXP	amber_af	3	0.7550	0.7910	-0.0360	0.9896	0.9895	0.0001	0.9756	0.9778	-0.0022
1KXP	amber_af	4	0.7210	0.8130	-0.0920	0.9906	0.9888	0.0018	0.9785	0.9749	0.0036
1KXP	amber_boltz	0	0.7790	0.8240	-0.0450	0.9898	0.9884	0.0014	0.9785	0.9706	0.0079
1KXP	amber_boltz	1	0.8730	0.8920	-0.0190	0.9870	0.9857	0.0013	0.9735	0.9628	0.0107
1KXP	amber_boltz	2	0.9580	0.8520	0.1060	0.9836	0.9873	-0.0037	0.9513	0.9692	-0.0179
1KXP	amber_boltz	3	0.7840	0.9670	-0.1830	0.9899	0.9838	0.0061	0.9799	0.9577	0.0222
1KXP	amber_boltz	4	1.0950	1.0090	0.0860	0.9787	0.9822	-0.0035	0.9305	0.9448	-0.0143
1KXP	boltz	0	0.7760	0.8170	-0.0410	0.9899	0.9885	0.0014	0.9785	0.9721	0.0064
1KXP	boltz	1	0.8690	0.8900	-0.0210	0.9871	0.9857	0.0014	0.9735	0.9628	0.0107
1KXP	boltz	2	0.9570	0.8490	0.1080	0.9836	0.9874	-0.0038	0.9513	0.9692	-0.0179
1KXP	boltz	3	0.7830	0.9700	-0.1870	0.9898	0.9838	0.0060	0.9792	0.9577	0.0215
1KXP	boltz	4	1.0960	1.0090	0.0870	0.9787	0.9822	-0.0035	0.9305	0.9456	-0.0151
1LFD	af_relaxed	0	0.4760	0.4690	0.0070	0.9809	0.9813	-0.0004	0.9942	0.9942	0.0000
1LFD	af_relaxed	1	0.4720	0.4640	0.0080	0.9812	0.9817	-0.0005	0.9942	0.9913	0.0029
1LFD	af_relaxed	2	0.4590	0.4550	0.0040	0.9820	0.9823	-0.0003	0.9942	0.9942	0.0000
1LFD	af_relaxed	3	0.4970	0.5090	-0.0120	0.9793	0.9784	0.0009	0.9942	0.9913	0.0029
1LFD	af_relaxed	4	1.3380	1.3150	0.0230	0.9358	0.9368	-0.0010	0.9593	0.9593	0.0000
1LFD	af_unrelaxed	0	1.3070	0.4660	0.8410	0.9371	0.9816	-0.0445	0.9593	0.9942	-0.0349
1LFD	af_unrelaxed	1	0.4910	0.4560	0.0350	0.9798	0.9823	-0.0025	0.9942	0.9942	0.0000
1LFD	af_unrelaxed	2	0.4690	0.4510	0.0180	0.9814	0.9827	-0.0013	0.9942	0.9942	0.0000
1LFD	af_unrelaxed	3	0.4550	0.4970	-0.0420	0.9823	0.9794	0.0029	0.9942	0.9942	0.0000
1LFD	af_unrelaxed	4	0.4700	1.2850	-0.8150	0.9813	0.9383	0.0430	0.9942	0.9593	0.0349
1LFD	amber_af	0	1.3380	0.4690	0.8690	0.9357	0.9814	-0.0457	0.9593	0.9942	-0.0349
1LFD	amber_af	1	0.4970	0.4640	0.0330	0.9793	0.9817	-0.0024	0.9942	0.9913	0.0029
1LFD	amber_af	2	0.4690	0.4570	0.0120	0.9814	0.9822	-0.0008	0.9942	0.9971	-0.0029
1LFD	amber_af	3	0.4590	0.5000	-0.0410	0.9821	0.9791	0.0030	0.9942	0.9913	0.0029
1LFD	amber_af	4	0.4760	1.3140	-0.8380	0.9809	0.9369	0.0440	0.9942	0.9593	0.0349
1LFD	amber_boltz	0	0.6650	0.6220	0.0430	0.9646	0.9681	-0.0035	0.9738	0.9767	-0.0029
1LFD	amber_boltz	1	0.6530	0.6240	0.0290	0.9657	0.9682	-0.0025	0.9767	0.9826	-0.0059
1LFD	amber_boltz	2	0.6450	0.6780	-0.0330	0.9660	0.9633	0.0027	0.9738	0.9738	0.0000
1LFD	amber_boltz	3	0.5710	0.7060	-0.1350	0.9725	0.9608	0.0117	0.9855	0.9709	0.0146
1LFD	amber_boltz	4	0.7540	0.6360	0.1180	0.9576	0.9675	-0.0099	0.9738	0.9767	-0.0029
1LFD	boltz	0	0.6640	0.6190	0.0450	0.9648	0.9685	-0.0037	0.9738	0.9767	-0.0029
1LFD	boltz	1	0.6480	0.6200	0.0280	0.9663	0.9686	-0.0023	0.9767	0.9826	-0.0059
1LFD	boltz	2	0.6350	0.6710	-0.0360	0.9670	0.9640	0.0030	0.9738	0.9767	-0.0029
1LFD	boltz	3	0.5690	0.7030	-0.1340	0.9727	0.9611	0.0116	0.9884	0.9738	0.0146
1LFD	boltz	4	0.7520	0.6450	0.1070	0.9579	0.9668	-0.0089	0.9738	0.9767	-0.0029
1M10	af_relaxed	0	1.0850	1.0810	0.0040	0.9777	0.9777	0.0000	0.9724	0.9724	0.0000
1M10	af_relaxed	1	1.1100	1.0700	0.0400	0.9770	0.9776	-0.0006	0.9724	0.9724	0.0000
1M10	af_relaxed	2	1.0770	1.0920	-0.0150	0.9777	0.9777	0.0000	0.9724	0.9724	0.0000
1M10	af_relaxed	3	1.0860	1.1100	-0.0240	0.9778	0.9771	0.0007	0.9724	0.9724	0.0000
1M10	af_relaxed	4	1.0950	1.0890	0.0060	0.9778	0.9772	0.0006	0.9736	0.9724	0.0012
1M10	af_unrelaxed	0	1.0740	1.0800	-0.0060	0.9776	0.9776	0.0000	0.9736	0.9736	0.0000
1M10	af_unrelaxed	1	1.0900	1.0690	0.0210	0.9777	0.9776	0.0001	0.9736	0.9736	0.0000
1M10	af_unrelaxed	2	1.0980	1.0930	0.0050	0.9777	0.9777	0.0000	0.9724	0.9736	-0.0012
1M10	af_unrelaxed	3	1.1120	1.1120	0.0000	0.9770	0.9771	-0.0001	0.9724	0.9736	-0.0012
1M10	af_unrelaxed	4	1.0860	1.0910	-0.0050	0.9775	0.9771	0.0004	0.9736	0.9711	0.0025
1M10	amber_af	0	1.0800	1.0800	0.0000	0.9776	0.9777	-0.0001	0.9724	0.9724	0.0000
1M10	amber_af	1	1.0910	1.0750	0.0160	0.9778	0.9775	0.0003	0.9724	0.9724	0.0000
1M10	amber_af	2	1.0950	1.0910	0.0040	0.9778	0.9777	0.0001	0.9736	0.9724	0.0012
1M10	amber_af	3	1.1110	1.1100	0.0010	0.9771	0.9771	0.0000	0.9724	0.9724	0.0000
1M10	amber_af	4	1.0850	1.0910	-0.0060	0.9777	0.9773	0.0004	0.9724	0.9711	0.0013
1M10	amber_boltz	0	1.0120	1.0430	-0.0310	0.9787	0.9765	0.0022	0.9761	0.9736	0.0025
1M10	amber_boltz	1	1.1890	1.0810	0.1080	0.9740	0.9762	-0.0022	0.9711	0.9736	-0.0025
1M10	amber_boltz	2	0.9890	1.1050	-0.1160	0.9783	0.9755	0.0028	0.9761	0.9724	0.0037
1M10	amber_boltz	3	0.9010	1.0130	-0.1120	0.9797	0.9781	0.0016	0.9786	0.9786	0.0000
1M10	amber_boltz	4	1.0710	1.0630	0.0080	0.9761	0.9782	-0.0021	0.9736	0.9736	0.0000
1M10	boltz	0	1.0140	1.0440	-0.0300	0.9787	0.9764	0.0023	0.9749	0.9724	0.0025
1M10	boltz	1	1.1870	1.0820	0.1050	0.9741	0.9763	-0.0022	0.9711	0.9736	-0.0025
1M10	boltz	2	0.9830	1.1040	-0.1210	0.9785	0.9757	0.0028	0.9774	0.9724	0.0050
1M10	boltz	3	0.9010	1.0070	-0.1060	0.9798	0.9782	0.0016	0.9786	0.9761	0.0025
1M10	boltz	4	1.0640	1.0540	0.0100	0.9764	0.9784	-0.0020	0.9724	0.9736	-0.0012
1M27	af_relaxed	0	1.5090	1.3280	0.1810	0.8983	0.9219	-0.0236	0.8846	0.9159	-0.0313
1M27	af_relaxed	1	1.3410	0.9450	0.3960	0.9221	0.9619	-0.0398	0.9207	0.9688	-0.0481
1M27	af_relaxed	2	0.7390	1.3270	-0.5880	0.9712	0.9290	0.0422	0.9760	0.9279	0.0481
1M27	af_relaxed	3	1.2720	1.1860	0.0860	0.9353	0.9391	-0.0038	0.9351	0.9375	-0.0024
1M27	af_relaxed	4	1.3100	1.4790	-0.1690	0.9289	0.9277	0.0012	0.9279	0.9327	-0.0048
1M27	af_unrelaxed	0	1.5650	1.3320	0.2330	0.8902	0.9201	-0.0299	0.8702	0.9159	-0.0457
1M27	af_unrelaxed	1	1.3600	0.9440	0.4160	0.9181	0.9610	-0.0429	0.9159	0.9712	-0.0553
1M27	af_unrelaxed	2	1.2650	1.3470	-0.0820	0.9350	0.9261	0.0089	0.9303	0.9231	0.0072
1M27	af_unrelaxed	3	0.7520	1.1630	-0.4110	0.9705	0.9404	0.0301	0.9784	0.9351	0.0433
1M27	af_unrelaxed	4	1.2570	1.2730	-0.0160	0.9340	0.9335	0.0005	0.9279	0.9303	-0.0024
1M27	amber_af	0	1.4860	1.3260	0.1600	0.9020	0.9220	-0.0200	0.8894	0.9159	-0.0265
1M27	amber_af	1	1.3420	0.9450	0.3970	0.9219	0.9618	-0.0399	0.9207	0.9688	-0.0481
1M27	amber_af	2	1.2720	1.3260	-0.0540	0.9353	0.9291	0.0062	0.9351	0.9279	0.0072
1M27	amber_af	3	0.7390	1.1870	-0.4480	0.9712	0.9388	0.0324	0.9760	0.9375	0.0385
1M27	amber_af	4	1.2960	1.4540	-0.1580	0.9299	0.9278	0.0021	0.9231	0.9351	-0.0120
1M27	amber_boltz	0	0.6670	0.7090	-0.0420	0.9775	0.9747	0.0028	0.9832	0.9808	0.0024
1M27	amber_boltz	1	0.6520	0.6680	-0.0160	0.9783	0.9771	0.0012	0.9832	0.9832	0.0000
1M27	amber_boltz	2	0.6830	0.6650	0.0180	0.9761	0.9773	-0.0012	0.9808	0.9832	-0.0024
1M27	amber_boltz	3	0.6870	0.7440	-0.0570	0.9760	0.9731	0.0029	0.9832	0.9784	0.0048
1M27	amber_boltz	4	0.7200	0.7100	0.0100	0.9734	0.9745	-0.0011	0.9808	0.9808	0.0000
1M27	boltz	0	0.6750	0.7240	-0.0490	0.9772	0.9743	0.0029	0.9832	0.9784	0.0048
1M27	boltz	1	0.6660	0.6820	-0.0160	0.9779	0.9766	0.0013	0.9832	0.9832	0.0000
1M27	boltz	2	0.6910	0.6700	0.0210	0.9757	0.9770	-0.0013	0.9808	0.9832	-0.0024
1M27	boltz	3	0.6860	0.7460	-0.0600	0.9762	0.9731	0.0031	0.9832	0.9784	0.0048
1M27	boltz	4	0.7180	0.7200	-0.0020	0.9734	0.9740	-0.0006	0.9784	0.9808	-0.0024
1MAH	af_relaxed	0	0.8860	0.8830	0.0030	0.9906	0.9907	-0.0001	0.9780	0.9784	-0.0004
1MAH	af_relaxed	1	0.9110	0.7470	0.1640	0.9901	0.9924	-0.0023	0.9756	0.9803	-0.0047
1MAH	af_relaxed	2	0.7690	0.9040	-0.1350	0.9919	0.9904	0.0015	0.9775	0.9789	-0.0014
1MAH	af_relaxed	3	0.7640	0.7850	-0.0210	0.9920	0.9916	0.0004	0.9775	0.9737	0.0038
1MAH	af_relaxed	4	0.7960	0.7550	0.0410	0.9913	0.9922	-0.0009	0.9737	0.9794	-0.0057
1MAH	af_unrelaxed	0	0.7150	0.8820	-0.1670	0.9930	0.9908	0.0022	0.9826	0.9794	0.0032
1MAH	af_unrelaxed	1	0.7000	0.6970	0.0030	0.9933	0.9933	0.0000	0.9836	0.9841	-0.0005
1MAH	af_unrelaxed	2	0.8830	0.9000	-0.0170	0.9907	0.9905	0.0002	0.9794	0.9794	0.0000
1MAH	af_unrelaxed	3	0.6980	0.7150	-0.0170	0.9933	0.9930	0.0003	0.9836	0.9822	0.0014
1MAH	af_unrelaxed	4	0.9030	0.6990	0.2040	0.9904	0.9933	-0.0029	0.9789	0.9836	-0.0047
1MAH	amber_af	0	0.7940	0.8830	-0.0890	0.9914	0.9907	0.0007	0.9723	0.9784	-0.0061
1MAH	amber_af	1	0.7650	0.7470	0.0180	0.9920	0.9924	-0.0004	0.9770	0.9798	-0.0028
1MAH	amber_af	2	0.8850	0.9030	-0.0180	0.9906	0.9904	0.0002	0.9775	0.9798	-0.0023
1MAH	amber_af	3	0.7680	0.7900	-0.0220	0.9919	0.9914	0.0005	0.9761	0.9733	0.0028
1MAH	amber_af	4	0.9120	0.7560	0.1560	0.9901	0.9922	-0.0021	0.9765	0.9789	-0.0024
1MAH	amber_boltz	0	0.9280	0.8870	0.0410	0.9898	0.9905	-0.0007	0.9751	0.9765	-0.0014
1MAH	amber_boltz	1	0.9240	0.9130	0.0110	0.9896	0.9900	-0.0004	0.9681	0.9747	-0.0066
1MAH	amber_boltz	2	0.8920	0.9280	-0.0360	0.9904	0.9898	0.0006	0.9775	0.9733	0.0042
1MAH	amber_boltz	3	0.9350	0.9010	0.0340	0.9897	0.9903	-0.0006	0.9714	0.9756	-0.0042
1MAH	amber_boltz	4	0.9480	0.9630	-0.0150	0.9890	0.9887	0.0003	0.9662	0.9611	0.0051
1MAH	boltz	0	0.9230	0.8850	0.0380	0.9900	0.9906	-0.0006	0.9765	0.9775	-0.0010
1MAH	boltz	1	0.9200	0.9100	0.0100	0.9897	0.9901	-0.0004	0.9714	0.9761	-0.0047
1MAH	boltz	2	0.8890	0.9250	-0.0360	0.9905	0.9899	0.0006	0.9789	0.9756	0.0033
1MAH	boltz	3	0.9320	0.8970	0.0350	0.9899	0.9905	-0.0006	0.9719	0.9765	-0.0046
1MAH	boltz	4	0.9460	0.9560	-0.0100	0.9891	0.9889	0.0002	0.9672	0.9644	0.0028
1ML0	af_relaxed	0	13.7680	12.5930	1.1750	0.6314	0.6052	0.0262	0.4427	0.3747	0.0680
1ML0	af_relaxed	1	21.6440	20.0480	1.5960	0.3395	0.3655	-0.0260	0.2042	0.2224	-0.0182
1ML0	af_relaxed	2	22.6040	21.7940	0.8100	0.3776	0.3704	0.0072	0.2284	0.2183	0.0101
1ML0	af_relaxed	3	18.3860	21.7790	-3.3930	0.3994	0.3614	0.0380	0.1947	0.2096	-0.0149
1ML0	af_relaxed	4	17.6450	16.5040	1.1410	0.3435	0.3881	-0.0446	0.1968	0.2156	-0.0188
1ML0	af_unrelaxed	0	17.6080	12.5810	5.0270	0.3430	0.6062	-0.2632	0.1947	0.3753	-0.1806
1ML0	af_unrelaxed	1	18.3450	20.0090	-1.6640	0.4015	0.3646	0.0369	0.1974	0.2224	-0.0250
1ML0	af_unrelaxed	2	22.5960	21.7540	0.8420	0.3771	0.3709	0.0062	0.2284	0.2190	0.0094
1ML0	af_unrelaxed	3	13.7080	21.7290	-8.0210	0.6333	0.3615	0.2718	0.4434	0.2096	0.2338
1ML0	af_unrelaxed	4	21.6240	16.4720	5.1520	0.3412	0.3891	-0.0479	0.2055	0.2177	-0.0122
1ML0	amber_af	0	17.6480	12.5940	5.0540	0.3435	0.6050	-0.2615	0.1974	0.3740	-0.1766
1ML0	amber_af	1	18.3870	20.0510	-1.6640	0.3991	0.3655	0.0336	0.1961	0.2224	-0.0263
1ML0	amber_af	2	22.6020	21.8350	0.7670	0.3777	0.3702	0.0075	0.2271	0.2197	0.0074
1ML0	amber_af	3	13.7700	21.7790	-8.0090	0.6314	0.3615	0.2699	0.4414	0.2089	0.2325
1ML0	amber_af	4	21.6420	16.4990	5.1430	0.3397	0.3891	-0.0494	0.2028	0.2163	-0.0135
1ML0	amber_boltz	0	18.8770	21.3080	-2.4310	0.4444	0.3979	0.0465	0.2837	0.2561	0.0276
1ML0	amber_boltz	1	20.8090	18.7940	2.0150	0.4170	0.4022	0.0148	0.2770	0.2466	0.0304
1ML0	amber_boltz	2	14.5970	15.8940	-1.2970	0.4117	0.4308	-0.0191	0.2466	0.2756	-0.0290
1ML0	amber_boltz	3	17.9020	18.1350	-0.2330	0.3732	0.4508	-0.0776	0.2493	0.2904	-0.0411
1ML0	amber_boltz	4	18.7840	18.3840	0.4000	0.3834	0.3927	-0.0093	0.2412	0.2500	-0.0088
1ML0	boltz	0	18.7770	21.2770	-2.5000	0.4451	0.3991	0.0460	0.2857	0.2561	0.0296
1ML0	boltz	1	20.7640	18.7550	2.0090	0.4177	0.4031	0.0146	0.2763	0.2466	0.0297
1ML0	boltz	2	14.5640	15.8720	-1.3080	0.4118	0.4312	-0.0194	0.2487	0.2756	-0.0269
1ML0	boltz	3	17.8860	18.0950	-0.2090	0.3734	0.4535	-0.0801	0.2500	0.2911	-0.0411
1ML0	boltz	4	18.7370	18.3440	0.3930	0.3835	0.3928	-0.0093	0.2453	0.2487	-0.0034
1MLC	af_relaxed	0	1.1840	1.1590	0.0250	0.9586	0.9603	-0.0017	0.8960	0.8972	-0.0012
1MLC	af_relaxed	1	1.1660	1.1450	0.0210	0.9588	0.9601	-0.0013	0.8960	0.8972	-0.0012
1MLC	af_relaxed	2	1.1400	1.1150	0.0250	0.9610	0.9629	-0.0019	0.9054	0.9030	0.0024
1MLC	af_relaxed	3	1.1870	1.0030	0.1840	0.9585	0.9696	-0.0111	0.8972	0.9229	-0.0257
1MLC	af_relaxed	4	1.0370	1.2450	-0.2080	0.9672	0.9544	0.0128	0.9159	0.8879	0.0280
1MLC	af_unrelaxed	0	1.1810	1.1480	0.0330	0.9587	0.9609	-0.0022	0.8984	0.9019	-0.0035
1MLC	af_unrelaxed	1	1.1740	1.1330	0.0410	0.9591	0.9607	-0.0016	0.8995	0.8995	0.0000
1MLC	af_unrelaxed	2	1.1510	1.0940	0.0570	0.9595	0.9638	-0.0043	0.8972	0.9077	-0.0105
1MLC	af_unrelaxed	3	1.1030	0.9880	0.1150	0.9629	0.9702	-0.0073	0.9042	0.9241	-0.0199
1MLC	af_unrelaxed	4	1.0170	1.2360	-0.2190	0.9682	0.9548	0.0134	0.9171	0.8914	0.0257
1MLC	amber_af	0	1.1870	1.1590	0.0280	0.9585	0.9603	-0.0018	0.8972	0.8972	0.0000
1MLC	amber_af	1	1.1840	1.1460	0.0380	0.9586	0.9601	-0.0015	0.8960	0.8972	-0.0012
1MLC	amber_af	2	1.1650	1.1150	0.0500	0.9589	0.9628	-0.0039	0.8960	0.9042	-0.0082
1MLC	amber_af	3	1.1530	1.0040	0.1490	0.9603	0.9696	-0.0093	0.9019	0.9229	-0.0210
1MLC	amber_af	4	1.0370	1.2450	-0.2080	0.9673	0.9544	0.0129	0.9159	0.8879	0.0280
1MLC	amber_boltz	0	0.9630	0.9590	0.0040	0.9704	0.9717	-0.0013	0.9241	0.9287	-0.0046
1MLC	amber_boltz	1	0.7530	0.6870	0.0660	0.9842	0.9875	-0.0033	0.9825	0.9883	-0.0058
1MLC	amber_boltz	2	0.9800	1.0150	-0.0350	0.9712	0.9674	0.0038	0.9404	0.9089	0.0315
1MLC	amber_boltz	3	1.1540	1.0140	0.1400	0.9595	0.9672	-0.0077	0.8995	0.9054	-0.0059
1MLC	amber_boltz	4	0.7810	1.0290	-0.2480	0.9830	0.9679	0.0151	0.9790	0.9147	0.0643
1MLC	boltz	0	0.9530	0.9460	0.0070	0.9710	0.9723	-0.0013	0.9241	0.9311	-0.0070
1MLC	boltz	1	0.7400	0.6780	0.0620	0.9845	0.9877	-0.0032	0.9848	0.9895	-0.0047
1MLC	boltz	2	0.9770	0.9950	-0.0180	0.9715	0.9687	0.0028	0.9439	0.9124	0.0315
1MLC	boltz	3	1.1400	1.0090	0.1310	0.9602	0.9675	-0.0073	0.9007	0.9042	-0.0035
1MLC	boltz	4	0.7780	1.0180	-0.2400	0.9831	0.9683	0.0148	0.9766	0.9159	0.0607
1MQ8	af_relaxed	0	0.9350	0.9380	-0.0030	0.9712	0.9710	0.0002	0.9633	0.9633	0.0000
1MQ8	af_relaxed	1	0.9120	0.9100	0.0020	0.9725	0.9723	0.0002	0.9592	0.9592	0.0000
1MQ8	af_relaxed	2	0.9530	0.9050	0.0480	0.9701	0.9727	-0.0026	0.9538	0.9647	-0.0109
1MQ8	af_relaxed	3	0.9080	0.9720	-0.0640	0.9723	0.9689	0.0034	0.9592	0.9511	0.0081
1MQ8	af_relaxed	4	0.9040	0.9170	-0.0130	0.9727	0.9723	0.0004	0.9633	0.9592	0.0041
1MQ8	af_unrelaxed	0	0.9100	0.9370	-0.0270	0.9727	0.9710	0.0017	0.9565	0.9633	-0.0068
1MQ8	af_unrelaxed	1	0.9070	0.9100	-0.0030	0.9723	0.9724	-0.0001	0.9606	0.9606	0.0000
1MQ8	af_unrelaxed	2	0.9320	0.9020	0.0300	0.9714	0.9729	-0.0015	0.9606	0.9647	-0.0041
1MQ8	af_unrelaxed	3	0.9520	0.9720	-0.0200	0.9702	0.9689	0.0013	0.9552	0.9524	0.0028
1MQ8	af_unrelaxed	4	0.9010	0.9130	-0.0120	0.9729	0.9725	0.0004	0.9633	0.9565	0.0068
1MQ8	amber_af	0	0.9130	0.9380	-0.0250	0.9725	0.9710	0.0015	0.9592	0.9620	-0.0028
1MQ8	amber_af	1	0.9090	0.9110	-0.0020	0.9722	0.9723	-0.0001	0.9606	0.9592	0.0014
1MQ8	amber_af	2	0.9340	0.9050	0.0290	0.9713	0.9727	-0.0014	0.9633	0.9660	-0.0027
1MQ8	amber_af	3	0.9530	0.9720	-0.0190	0.9701	0.9688	0.0013	0.9552	0.9511	0.0041
1MQ8	amber_af	4	0.9050	0.9170	-0.0120	0.9726	0.9722	0.0004	0.9647	0.9579	0.0068
1MQ8	amber_boltz	0	1.1430	1.0920	0.0510	0.9562	0.9599	-0.0037	0.9090	0.9185	-0.0095
1MQ8	amber_boltz	1	1.0160	1.2410	-0.2250	0.9649	0.9487	0.0162	0.9280	0.9035	0.0245
1MQ8	amber_boltz	2	1.3160	1.3200	-0.0040	0.9422	0.9419	0.0003	0.8750	0.8845	-0.0095
1MQ8	amber_boltz	3	1.4420	1.0790	0.3630	0.9318	0.9608	-0.0290	0.8519	0.9280	-0.0761
1MQ8	amber_boltz	4	1.2290	1.0780	0.1510	0.9498	0.9613	-0.0115	0.8940	0.9293	-0.0353
1MQ8	boltz	0	1.1420	1.0920	0.0500	0.9562	0.9600	-0.0038	0.9076	0.9171	-0.0095
1MQ8	boltz	1	1.0190	1.2350	-0.2160	0.9648	0.9492	0.0156	0.9280	0.9035	0.0245
1MQ8	boltz	2	1.3160	1.3130	0.0030	0.9423	0.9427	-0.0004	0.8668	0.8804	-0.0136
1MQ8	boltz	3	1.4370	1.0740	0.3630	0.9322	0.9612	-0.0290	0.8492	0.9266	-0.0774
1MQ8	boltz	4	1.2240	1.0800	0.1440	0.9502	0.9615	-0.0113	0.8927	0.9307	-0.0380
1N2C	af_relaxed	0	0.5680	0.5710	-0.0030	0.9953	0.9953	0.0000	0.9895	0.9895	0.0000
1N2C	af_relaxed	1	0.5890	0.5850	0.0040	0.9950	0.9950	0.0000	0.9895	0.9895	0.0000
1N2C	af_relaxed	2	0.5670	0.5680	-0.0010	0.9953	0.9953	0.0000	0.9901	0.9906	-0.0005
1N2C	af_relaxed	3	0.5570	0.5580	-0.0010	0.9955	0.9955	0.0000	0.9895	0.9901	-0.0006
1N2C	af_relaxed	4	0.5510	0.5500	0.0010	0.9956	0.9956	0.0000	0.9906	0.9906	0.0000
1N2C	amber_af	0	0.5510	0.5710	-0.0200	0.9956	0.9953	0.0003	0.9906	0.9895	0.0011
1N2C	amber_af	1	0.5570	0.5850	-0.0280	0.9955	0.9950	0.0005	0.9895	0.9895	0.0000
1N2C	amber_af	2	0.5670	0.5680	-0.0010	0.9953	0.9953	0.0000	0.9901	0.9906	-0.0005
1N2C	amber_af	3	0.5880	0.5590	0.0290	0.9950	0.9954	-0.0004	0.9895	0.9901	-0.0006
1N2C	amber_af	4	0.5680	0.5520	0.0160	0.9953	0.9956	-0.0003	0.9895	0.9901	-0.0006
1N2C	amber_boltz	0	0.6400	0.5860	0.0540	0.9940	0.9949	-0.0009	0.9869	0.9874	-0.0005
1N2C	amber_boltz	1	0.6280	0.5920	0.0360	0.9943	0.9948	-0.0005	0.9869	0.9890	-0.0021
1N2C	amber_boltz	2	0.6080	0.6020	0.0060	0.9945	0.9946	-0.0001	0.9874	0.9885	-0.0011
1N2C	amber_boltz	3	0.5950	0.5890	0.0060	0.9948	0.9949	-0.0001	0.9890	0.9885	0.0005
1N2C	amber_boltz	4	0.6260	0.6190	0.0070	0.9942	0.9944	-0.0002	0.9864	0.9895	-0.0031
1N2C	boltz	0	0.6410	0.5880	0.0530	0.9940	0.9948	-0.0008	0.9864	0.9874	-0.0010
1N2C	boltz	1	0.6320	0.5920	0.0400	0.9942	0.9948	-0.0006	0.9869	0.9890	-0.0021
1N2C	boltz	2	0.6080	0.6050	0.0030	0.9945	0.9946	-0.0001	0.9874	0.9885	-0.0011
1N2C	boltz	3	0.5980	0.5910	0.0070	0.9947	0.9948	-0.0001	0.9890	0.9874	0.0016
1N2C	boltz	4	0.6300	0.6250	0.0050	0.9941	0.9943	-0.0002	0.9869	0.9901	-0.0032
1NW9	af_relaxed	0	0.4650	0.6690	-0.2040	0.9828	0.9749	0.0079	0.9945	0.9863	0.0082
1NW9	af_relaxed	1	0.7090	0.4440	0.2650	0.9674	0.9842	-0.0168	0.9780	0.9945	-0.0165
1NW9	af_relaxed	2	0.5940	0.7590	-0.1650	0.9742	0.9615	0.0127	0.9835	0.9670	0.0165
1NW9	af_relaxed	3	0.5900	0.4830	0.1070	0.9728	0.9815	-0.0087	0.9835	0.9918	-0.0083
1NW9	af_relaxed	4	0.5050	0.4620	0.0430	0.9804	0.9830	-0.0026	0.9918	0.9918	0.0000
1NW9	af_unrelaxed	0	0.4510	0.6180	-0.1670	0.9838	0.9798	0.0040	0.9973	0.9918	0.0055
1NW9	af_unrelaxed	1	0.4700	0.4560	0.0140	0.9824	0.9834	-0.0010	0.9945	0.9945	0.0000
1NW9	af_unrelaxed	2	0.5730	0.5810	-0.0080	0.9741	0.9734	0.0007	0.9890	0.9863	0.0027
1NW9	af_unrelaxed	3	0.7040	0.4500	0.2540	0.9684	0.9839	-0.0155	0.9835	0.9973	-0.0138
1NW9	af_unrelaxed	4	0.4850	0.4650	0.0200	0.9813	0.9828	-0.0015	0.9945	0.9945	0.0000
1NW9	amber_af	0	0.5100	0.6470	-0.1370	0.9803	0.9768	0.0035	0.9918	0.9863	0.0055
1NW9	amber_af	1	0.4640	0.4450	0.0190	0.9828	0.9842	-0.0014	0.9945	0.9945	0.0000
1NW9	amber_af	2	0.5900	0.8050	-0.2150	0.9728	0.9593	0.0135	0.9835	0.9643	0.0192
1NW9	amber_af	3	0.7090	0.4840	0.2250	0.9676	0.9814	-0.0138	0.9780	0.9918	-0.0138
1NW9	amber_af	4	0.5930	0.4630	0.1300	0.9742	0.9829	-0.0087	0.9835	0.9918	-0.0083
1NW9	amber_boltz	0	0.3510	0.2880	0.0630	0.9900	0.9932	-0.0032	1.0000	1.0000	0.0000
1NW9	amber_boltz	1	0.3740	0.3380	0.0360	0.9887	0.9907	-0.0020	0.9973	1.0000	-0.0027
1NW9	amber_boltz	2	0.3150	0.3670	-0.0520	0.9919	0.9893	0.0026	1.0000	0.9973	0.0027
1NW9	amber_boltz	3	0.3550	0.3180	0.0370	0.9898	0.9918	-0.0020	1.0000	1.0000	0.0000
1NW9	amber_boltz	4	0.3410	0.3690	-0.0280	0.9905	0.9891	0.0014	1.0000	0.9973	0.0027
1NW9	boltz	0	0.3320	0.2740	0.0580	0.9910	0.9939	-0.0029	1.0000	1.0000	0.0000
1NW9	boltz	1	0.3420	0.3080	0.0340	0.9905	0.9922	-0.0017	1.0000	1.0000	0.0000
1NW9	boltz	2	0.2970	0.3430	-0.0460	0.9928	0.9906	0.0022	1.0000	0.9973	0.0027
1NW9	boltz	3	0.3550	0.2960	0.0590	0.9899	0.9928	-0.0029	0.9973	1.0000	-0.0027
1NW9	boltz	4	0.3140	0.3610	-0.0470	0.9919	0.9896	0.0023	1.0000	0.9973	0.0027
1OC0	af_relaxed	0	2.3620	2.3930	-0.0310	0.9626	0.9625	0.0001	0.9135	0.9141	-0.0006
1OC0	af_relaxed	1	2.4060	2.3850	0.0210	0.9603	0.9614	-0.0011	0.9032	0.9073	-0.0041
1OC0	af_relaxed	2	2.4060	2.4120	-0.0060	0.9620	0.9611	0.0009	0.9093	0.9045	0.0048
1OC0	af_relaxed	3	2.3270	2.4210	-0.0940	0.9627	0.9631	-0.0004	0.9107	0.9128	-0.0021
1OC0	af_relaxed	4	2.4110	2.3340	0.0770	0.9632	0.9625	0.0007	0.9141	0.9114	0.0027
1OC0	af_unrelaxed	0	2.4110	2.3840	0.0270	0.9608	0.9627	-0.0019	0.9059	0.9162	-0.0103
1OC0	af_unrelaxed	1	2.3960	2.3840	0.0120	0.9636	0.9617	0.0019	0.9176	0.9100	0.0076
1OC0	af_unrelaxed	2	2.3510	2.3970	-0.0460	0.9627	0.9613	0.0014	0.9162	0.9066	0.0096
1OC0	af_unrelaxed	3	2.3030	2.4130	-0.1100	0.9628	0.9632	-0.0004	0.9135	0.9169	-0.0034
1OC0	af_unrelaxed	4	2.3890	2.3050	0.0840	0.9622	0.9627	-0.0005	0.9107	0.9128	-0.0021
1OC0	amber_af	0	2.4030	2.3940	0.0090	0.9604	0.9625	-0.0021	0.9032	0.9148	-0.0116
1OC0	amber_af	1	2.4010	2.3690	0.0320	0.9635	0.9614	0.0021	0.9148	0.9066	0.0082
1OC0	amber_af	2	2.3650	2.4130	-0.0480	0.9626	0.9611	0.0015	0.9141	0.9052	0.0089
1OC0	amber_af	3	2.3260	2.4210	-0.0950	0.9627	0.9631	-0.0004	0.9114	0.9135	-0.0021
1OC0	amber_af	4	2.4060	2.3340	0.0720	0.9619	0.9625	-0.0006	0.9087	0.9093	-0.0006
1OC0	amber_boltz	0	2.3620	2.5970	-0.2350	0.9659	0.9624	0.0035	0.9306	0.9183	0.0123
1OC0	amber_boltz	1	2.4950	2.5370	-0.0420	0.9649	0.9641	0.0008	0.9265	0.9231	0.0034
1OC0	amber_boltz	2	2.6190	2.5390	0.0800	0.9642	0.9661	-0.0019	0.9258	0.9313	-0.0055
1OC0	amber_boltz	3	2.3680	2.5390	-0.1710	0.9662	0.9619	0.0043	0.9251	0.9107	0.0144
1OC0	amber_boltz	4	2.4940	2.5460	-0.0520	0.9670	0.9641	0.0029	0.9348	0.9224	0.0124
1OC0	boltz	0	2.3640	2.5900	-0.2260	0.9661	0.9627	0.0034	0.9313	0.9190	0.0123
1OC0	boltz	1	2.4900	2.5360	-0.0460	0.9654	0.9644	0.0010	0.9293	0.9245	0.0048
1OC0	boltz	2	2.5810	2.5330	0.0480	0.9651	0.9663	-0.0012	0.9279	0.9327	-0.0048
1OC0	boltz	3	2.3570	2.5250	-0.1680	0.9664	0.9625	0.0039	0.9279	0.9162	0.0117
1OC0	boltz	4	2.4840	2.5520	-0.0680	0.9674	0.9645	0.0029	0.9361	0.9251	0.0110
1OFU	af_relaxed	0	0.7390	0.7480	-0.0090	0.9889	0.9887	0.0002	0.9828	0.9812	0.0016
1OFU	af_relaxed	1	0.8220	0.7130	0.1090	0.9864	0.9896	-0.0032	0.9722	0.9812	-0.0090
1OFU	af_relaxed	2	0.8200	0.8250	-0.0050	0.9867	0.9861	0.0006	0.9739	0.9722	0.0017
1OFU	af_relaxed	3	0.7750	0.8480	-0.0730	0.9879	0.9856	0.0023	0.9788	0.9714	0.0074
1OFU	af_relaxed	4	0.7940	0.8040	-0.0100	0.9872	0.9872	0.0000	0.9763	0.9763	0.0000
1OFU	af_unrelaxed	0	0.7910	0.7410	0.0500	0.9872	0.9889	-0.0017	0.9755	0.9812	-0.0057
1OFU	af_unrelaxed	1	0.7330	0.7100	0.0230	0.9890	0.9897	-0.0007	0.9820	0.9820	0.0000
1OFU	af_unrelaxed	2	0.8180	0.8240	-0.0060	0.9865	0.9861	0.0004	0.9730	0.9690	0.0040
1OFU	af_unrelaxed	3	0.7680	0.8470	-0.0790	0.9881	0.9855	0.0026	0.9788	0.9698	0.0090
1OFU	af_unrelaxed	4	0.8170	0.8010	0.0160	0.9867	0.9872	-0.0005	0.9747	0.9755	-0.0008
1OFU	amber_af	0	0.7940	0.7480	0.0460	0.9872	0.9887	-0.0015	0.9763	0.9812	-0.0049
1OFU	amber_af	1	0.7390	0.7130	0.0260	0.9889	0.9896	-0.0007	0.9828	0.9812	0.0016
1OFU	amber_af	2	0.8220	0.8260	-0.0040	0.9864	0.9861	0.0003	0.9730	0.9714	0.0016
1OFU	amber_af	3	0.7750	0.8480	-0.0730	0.9879	0.9856	0.0023	0.9779	0.9714	0.0065
1OFU	amber_af	4	0.8210	0.8040	0.0170	0.9867	0.9871	-0.0004	0.9730	0.9763	-0.0033
1OFU	amber_boltz	0	1.0780	1.0350	0.0430	0.9758	0.9785	-0.0027	0.9363	0.9477	-0.0114
1OFU	amber_boltz	1	0.9670	0.8880	0.0790	0.9818	0.9838	-0.0020	0.9624	0.9632	-0.0008
1OFU	amber_boltz	2	1.0080	1.0650	-0.0570	0.9807	0.9770	0.0037	0.9526	0.9412	0.0114
1OFU	amber_boltz	3	1.0130	0.9090	0.1040	0.9783	0.9832	-0.0049	0.9412	0.9624	-0.0212
1OFU	amber_boltz	4	0.9530	1.1120	-0.1590	0.9817	0.9752	0.0065	0.9551	0.9346	0.0205
1OFU	boltz	0	1.0690	1.0260	0.0430	0.9761	0.9788	-0.0027	0.9395	0.9477	-0.0082
1OFU	boltz	1	0.9610	0.8820	0.0790	0.9819	0.9840	-0.0021	0.9608	0.9632	-0.0024
1OFU	boltz	2	1.0020	1.0600	-0.0580	0.9809	0.9771	0.0038	0.9518	0.9395	0.0123
1OFU	boltz	3	1.0100	0.9030	0.1070	0.9784	0.9834	-0.0050	0.9420	0.9624	-0.0204
1OFU	boltz	4	0.9450	1.1090	-0.1640	0.9819	0.9753	0.0066	0.9542	0.9338	0.0204
1OPH	af_relaxed	0	1.0410	1.4580	-0.4170	0.9821	0.9736	0.0085	0.9520	0.9393	0.0127
1OPH	af_relaxed	1	1.4250	1.0890	0.3360	0.9738	0.9805	-0.0067	0.9380	0.9460	-0.0080
1OPH	af_relaxed	2	1.2100	1.5970	-0.3870	0.9761	0.9718	0.0043	0.9307	0.9393	-0.0086
1OPH	af_relaxed	3	1.1080	1.2740	-0.1660	0.9801	0.9751	0.0050	0.9453	0.9327	0.0126
1OPH	af_relaxed	4	1.6750	1.5130	0.1620	0.9694	0.9731	-0.0037	0.9260	0.9420	-0.0160
1OPH	af_unrelaxed	0	1.4180	1.4570	-0.0390	0.9741	0.9738	0.0003	0.9413	0.9407	0.0006
1OPH	af_unrelaxed	1	1.2060	1.0880	0.1180	0.9762	0.9805	-0.0043	0.9327	0.9440	-0.0113
1OPH	af_unrelaxed	2	1.6710	1.5990	0.0720	0.9696	0.9720	-0.0024	0.9287	0.9407	-0.0120
1OPH	af_unrelaxed	3	1.1060	1.2700	-0.1640	0.9801	0.9752	0.0049	0.9453	0.9353	0.0100
1OPH	af_unrelaxed	4	1.0320	1.5120	-0.4800	0.9824	0.9734	0.0090	0.9520	0.9407	0.0113
1OPH	amber_af	0	1.4250	1.4580	-0.0330	0.9738	0.9736	0.0002	0.9373	0.9393	-0.0020
1OPH	amber_af	1	1.2100	1.0890	0.1210	0.9761	0.9804	-0.0043	0.9293	0.9460	-0.0167
1OPH	amber_af	2	1.6750	1.5970	0.0780	0.9694	0.9719	-0.0025	0.9267	0.9387	-0.0120
1OPH	amber_af	3	1.1070	1.2760	-0.1690	0.9801	0.9750	0.0051	0.9453	0.9327	0.0126
1OPH	amber_af	4	1.0400	1.5130	-0.4730	0.9821	0.9731	0.0090	0.9520	0.9420	0.0100
1OPH	amber_boltz	0	1.9180	1.9330	-0.0150	0.9677	0.9669	0.0008	0.9300	0.9233	0.0067
1OPH	amber_boltz	1	1.8670	2.0640	-0.1970	0.9676	0.9650	0.0026	0.9187	0.9240	-0.0053
1OPH	amber_boltz	2	1.8430	1.2710	0.5720	0.9649	0.9748	-0.0099	0.9107	0.9347	-0.0240
1OPH	amber_boltz	3	1.6930	1.8040	-0.1110	0.9698	0.9678	0.0020	0.9387	0.9327	0.0060
1OPH	amber_boltz	4	1.8010	2.0180	-0.2170	0.9683	0.9661	0.0022	0.9313	0.9307	0.0006
1OPH	boltz	0	1.9170	1.9230	-0.0060	0.9678	0.9671	0.0007	0.9293	0.9253	0.0040
1OPH	boltz	1	1.8520	2.0590	-0.2070	0.9681	0.9653	0.0028	0.9207	0.9273	-0.0066
1OPH	boltz	2	1.8340	1.2690	0.5650	0.9651	0.9750	-0.0099	0.9113	0.9367	-0.0254
1OPH	boltz	3	1.6900	1.8020	-0.1120	0.9700	0.9680	0.0020	0.9400	0.9340	0.0060
1OPH	boltz	4	1.7950	2.0210	-0.2260	0.9685	0.9662	0.0023	0.9367	0.9333	0.0034
1OYV	af_relaxed	0	0.2870	0.2890	-0.0020	0.9978	0.9978	0.0000	1.0000	1.0000	0.0000
1OYV	af_relaxed	1	0.2950	0.2920	0.0030	0.9977	0.9977	0.0000	1.0000	1.0000	0.0000
1OYV	af_relaxed	2	0.2910	0.2870	0.0040	0.9977	0.9978	-0.0001	1.0000	1.0000	0.0000
1OYV	af_relaxed	3	0.2870	0.2820	0.0050	0.9978	0.9979	-0.0001	1.0000	1.0000	0.0000
1OYV	af_relaxed	4	0.2860	0.2870	-0.0010	0.9978	0.9978	0.0000	1.0000	1.0000	0.0000
1OYV	af_unrelaxed	0	0.2680	0.2730	-0.0050	0.9981	0.9980	0.0001	1.0000	1.0000	0.0000
1OYV	af_unrelaxed	1	0.2700	0.2770	-0.0070	0.9980	0.9980	0.0000	1.0000	1.0000	0.0000
1OYV	af_unrelaxed	2	0.2730	0.2740	-0.0010	0.9980	0.9980	0.0000	1.0000	1.0000	0.0000
1OYV	af_unrelaxed	3	0.2760	0.2670	0.0090	0.9980	0.9981	-0.0001	1.0000	1.0000	0.0000
1OYV	af_unrelaxed	4	0.2800	0.2720	0.0080	0.9979	0.9980	-0.0001	1.0000	1.0000	0.0000
1OYV	amber_af	0	0.2840	0.2880	-0.0040	0.9978	0.9978	0.0000	1.0000	1.0000	0.0000
1OYV	amber_af	1	0.2860	0.2910	-0.0050	0.9978	0.9977	0.0001	1.0000	1.0000	0.0000
1OYV	amber_af	2	0.2870	0.2870	0.0000	0.9978	0.9978	0.0000	1.0000	1.0000	0.0000
1OYV	amber_af	3	0.2900	0.2830	0.0070	0.9978	0.9979	-0.0001	1.0000	1.0000	0.0000
1OYV	amber_af	4	0.2960	0.2880	0.0080	0.9977	0.9978	-0.0001	1.0000	1.0000	0.0000
1OYV	amber_boltz	0	0.2840	0.2890	-0.0050	0.9979	0.9978	0.0001	1.0000	1.0000	0.0000
1OYV	amber_boltz	1	0.3110	0.2690	0.0420	0.9974	0.9981	-0.0007	1.0000	1.0000	0.0000
1OYV	amber_boltz	2	0.2890	0.2890	0.0000	0.9978	0.9978	0.0000	1.0000	1.0000	0.0000
1OYV	amber_boltz	3	0.2910	0.2870	0.0040	0.9977	0.9978	-0.0001	1.0000	1.0000	0.0000
1OYV	amber_boltz	4	0.3080	0.2800	0.0280	0.9975	0.9979	-0.0004	1.0000	1.0000	0.0000
1OYV	boltz	0	0.2690	0.2760	-0.0070	0.9981	0.9980	0.0001	1.0000	1.0000	0.0000
1OYV	boltz	1	0.3000	0.2530	0.0470	0.9976	0.9983	-0.0007	1.0000	1.0000	0.0000
1OYV	boltz	2	0.2740	0.2720	0.0020	0.9980	0.9980	0.0000	1.0000	1.0000	0.0000
1OYV	boltz	3	0.2790	0.2720	0.0070	0.9979	0.9980	-0.0001	1.0000	1.0000	0.0000
1OYV	boltz	4	0.2930	0.2640	0.0290	0.9977	0.9981	-0.0004	1.0000	1.0000	0.0000
1PPE	af_relaxed	0	0.4610	0.4640	-0.0030	0.9940	0.9939	0.0001	0.9921	0.9932	-0.0011
1PPE	af_relaxed	1	0.4510	0.4590	-0.0080	0.9942	0.9940	0.0002	0.9921	0.9921	0.0000
1PPE	af_relaxed	2	0.4400	0.4370	0.0030	0.9944	0.9944	0.0000	0.9932	0.9932	0.0000
1PPE	af_relaxed	3	0.4680	0.4560	0.0120	0.9939	0.9941	-0.0002	0.9932	0.9932	0.0000
1PPE	af_relaxed	4	0.4550	0.4700	-0.0150	0.9941	0.9938	0.0003	0.9932	0.9944	-0.0012
1PPE	af_unrelaxed	0	0.4560	0.4580	-0.0020	0.9941	0.9941	0.0000	0.9944	0.9932	0.0012
1PPE	af_unrelaxed	1	0.4640	0.4510	0.0130	0.9940	0.9942	-0.0002	0.9932	0.9921	0.0011
1PPE	af_unrelaxed	2	0.4340	0.4310	0.0030	0.9945	0.9946	-0.0001	0.9932	0.9932	0.0000
1PPE	af_unrelaxed	3	0.4500	0.4510	-0.0010	0.9943	0.9943	0.0000	0.9932	0.9932	0.0000
1PPE	af_unrelaxed	4	0.4440	0.4660	-0.0220	0.9944	0.9939	0.0005	0.9932	0.9932	0.0000
1PPE	amber_af	0	0.4610	0.4640	-0.0030	0.9940	0.9939	0.0001	0.9932	0.9921	0.0011
1PPE	amber_af	1	0.4690	0.4580	0.0110	0.9939	0.9941	-0.0002	0.9932	0.9921	0.0011
1PPE	amber_af	2	0.4410	0.4370	0.0040	0.9944	0.9944	0.0000	0.9932	0.9932	0.0000
1PPE	amber_af	3	0.4560	0.4560	0.0000	0.9941	0.9941	0.0000	0.9932	0.9932	0.0000
1PPE	amber_af	4	0.4510	0.4700	-0.0190	0.9942	0.9938	0.0004	0.9921	0.9944	-0.0023
1PPE	amber_boltz	0	0.4560	0.4530	0.0030	0.9945	0.9946	-0.0001	0.9955	0.9955	0.0000
1PPE	amber_boltz	1	0.4590	0.4570	0.0020	0.9946	0.9946	0.0000	0.9955	0.9955	0.0000
1PPE	amber_boltz	2	0.4500	0.4600	-0.0100	0.9948	0.9945	0.0003	0.9955	0.9955	0.0000
1PPE	amber_boltz	3	0.4460	0.4620	-0.0160	0.9948	0.9944	0.0004	0.9955	0.9944	0.0011
1PPE	amber_boltz	4	0.4520	0.4380	0.0140	0.9947	0.9949	-0.0002	0.9955	0.9955	0.0000
1PPE	boltz	0	0.4490	0.4480	0.0010	0.9946	0.9948	-0.0002	0.9955	0.9955	0.0000
1PPE	boltz	1	0.4520	0.4510	0.0010	0.9948	0.9947	0.0001	0.9955	0.9955	0.0000
1PPE	boltz	2	0.4430	0.4520	-0.0090	0.9949	0.9947	0.0002	0.9955	0.9955	0.0000
1PPE	boltz	3	0.4370	0.4540	-0.0170	0.9950	0.9946	0.0004	0.9955	0.9944	0.0011
1PPE	boltz	4	0.4440	0.4290	0.0150	0.9949	0.9951	-0.0002	0.9955	0.9955	0.0000
1PVH	af_relaxed	0	0.7870	0.7780	0.0090	0.9826	0.9830	-0.0004	0.9739	0.9776	-0.0037
1PVH	af_relaxed	1	0.7500	0.7830	-0.0330	0.9843	0.9827	0.0016	0.9813	0.9751	0.0062
1PVH	af_relaxed	2	0.7930	0.8130	-0.0200	0.9822	0.9809	0.0013	0.9739	0.9677	0.0062
1PVH	af_relaxed	3	0.7360	0.7390	-0.0030	0.9850	0.9848	0.0002	0.9838	0.9838	0.0000
1PVH	af_relaxed	4	0.8080	0.7580	0.0500	0.9811	0.9839	-0.0028	0.9677	0.9813	-0.0136
1PVH	af_unrelaxed	0	0.7290	0.7700	-0.0410	0.9852	0.9833	0.0019	0.9851	0.9801	0.0050
1PVH	af_unrelaxed	1	0.8020	0.7780	0.0240	0.9813	0.9828	-0.0015	0.9714	0.9764	-0.0050
1PVH	af_unrelaxed	2	0.7880	0.8080	-0.0200	0.9823	0.9811	0.0012	0.9739	0.9701	0.0038
1PVH	af_unrelaxed	3	0.7420	0.7300	0.0120	0.9845	0.9851	-0.0006	0.9838	0.9851	-0.0013
1PVH	af_unrelaxed	4	0.7790	0.7500	0.0290	0.9829	0.9842	-0.0013	0.9789	0.9838	-0.0049
1PVH	amber_af	0	0.7350	0.7780	-0.0430	0.9850	0.9831	0.0019	0.9826	0.9764	0.0062
1PVH	amber_af	1	0.8090	0.7830	0.0260	0.9811	0.9827	-0.0016	0.9677	0.9751	-0.0074
1PVH	amber_af	2	0.7930	0.8130	-0.0200	0.9822	0.9809	0.0013	0.9726	0.9677	0.0049
1PVH	amber_af	3	0.7490	0.7390	0.0100	0.9843	0.9848	-0.0005	0.9813	0.9838	-0.0025
1PVH	amber_af	4	0.7880	0.7580	0.0300	0.9825	0.9839	-0.0014	0.9739	0.9813	-0.0074
1PVH	amber_boltz	0	0.8710	0.8780	-0.0070	0.9787	0.9768	0.0019	0.9614	0.9614	0.0000
1PVH	amber_boltz	1	0.8700	0.8350	0.0350	0.9785	0.9794	-0.0009	0.9639	0.9602	0.0037
1PVH	amber_boltz	2	0.8740	0.8070	0.0670	0.9771	0.9810	-0.0039	0.9577	0.9714	-0.0137
1PVH	amber_boltz	3	0.8350	0.9060	-0.0710	0.9793	0.9769	0.0024	0.9689	0.9565	0.0124
1PVH	amber_boltz	4	0.9080	0.7900	0.1180	0.9763	0.9816	-0.0053	0.9540	0.9764	-0.0224
1PVH	boltz	0	0.8680	0.8730	-0.0050	0.9788	0.9771	0.0017	0.9639	0.9627	0.0012
1PVH	boltz	1	0.8670	0.8340	0.0330	0.9786	0.9794	-0.0008	0.9664	0.9614	0.0050
1PVH	boltz	2	0.8740	0.8060	0.0680	0.9771	0.9810	-0.0039	0.9577	0.9714	-0.0137
1PVH	boltz	3	0.8360	0.9080	-0.0720	0.9793	0.9769	0.0024	0.9677	0.9590	0.0087
1PVH	boltz	4	0.9060	0.7880	0.1180	0.9764	0.9817	-0.0053	0.9565	0.9751	-0.0186
1PXV	af_relaxed	0	4.0970	4.1450	-0.0480	0.9524	0.9523	0.0001	0.9495	0.9495	0.0000
1PXV	af_relaxed	1	1.4330	1.4760	-0.0430	0.9671	0.9665	0.0006	0.9604	0.9604	0.0000
1PXV	af_relaxed	2	3.1190	4.3090	-1.1900	0.9522	0.9510	0.0012	0.9508	0.9495	0.0013
1PXV	af_relaxed	3	4.1760	1.6410	2.5350	0.9513	0.9652	-0.0139	0.9481	0.9604	-0.0123
1PXV	af_relaxed	4	4.2200	4.2400	-0.0200	0.9510	0.9511	-0.0001	0.9481	0.9495	-0.0014
1PXV	af_unrelaxed	0	4.0960	4.1460	-0.0500	0.9524	0.9523	0.0001	0.9495	0.9481	0.0014
1PXV	af_unrelaxed	1	1.4290	1.4700	-0.0410	0.9670	0.9665	0.0005	0.9590	0.9590	0.0000
1PXV	af_unrelaxed	2	3.1280	4.3100	-1.1820	0.9522	0.9510	0.0012	0.9495	0.9467	0.0028
1PXV	af_unrelaxed	3	4.1780	1.6370	2.5410	0.9512	0.9654	-0.0142	0.9467	0.9563	-0.0096
1PXV	af_unrelaxed	4	4.2230	4.2430	-0.0200	0.9509	0.9510	-0.0001	0.9481	0.9495	-0.0014
1PXV	amber_af	0	4.0970	4.1450	-0.0480	0.9524	0.9523	0.0001	0.9495	0.9495	0.0000
1PXV	amber_af	1	1.4330	1.4740	-0.0410	0.9671	0.9666	0.0005	0.9604	0.9604	0.0000
1PXV	amber_af	2	3.1180	4.3090	-1.1910	0.9523	0.9510	0.0013	0.9508	0.9495	0.0013
1PXV	amber_af	3	4.1760	1.6420	2.5340	0.9513	0.9652	-0.0139	0.9481	0.9590	-0.0109
1PXV	amber_af	4	4.2200	4.2410	-0.0210	0.9510	0.9511	-0.0001	0.9481	0.9495	-0.0014
1PXV	amber_boltz	0	3.5430	4.0190	-0.4760	0.9491	0.9545	-0.0054	0.9454	0.9549	-0.0095
1PXV	amber_boltz	1	4.6560	4.8560	-0.2000	0.9398	0.9415	-0.0017	0.9399	0.9385	0.0014
1PXV	amber_boltz	2	4.1380	5.3820	-1.2440	0.9520	0.9444	0.0076	0.9508	0.9413	0.0095
1PXV	amber_boltz	3	3.6530	3.8910	-0.2380	0.9554	0.9546	0.0008	0.9495	0.9495	0.0000
1PXV	amber_boltz	4	4.0420	3.9550	0.0870	0.9457	0.9469	-0.0012	0.9440	0.9440	0.0000
1PXV	boltz	0	3.5480	4.0280	-0.4800	0.9490	0.9546	-0.0056	0.9454	0.9563	-0.0109
1PXV	boltz	1	4.6520	4.8580	-0.2060	0.9400	0.9418	-0.0018	0.9399	0.9385	0.0014
1PXV	boltz	2	4.1520	5.3830	-1.2310	0.9521	0.9444	0.0077	0.9495	0.9426	0.0069
1PXV	boltz	3	3.6730	3.9040	-0.2310	0.9553	0.9546	0.0007	0.9481	0.9495	-0.0014
1PXV	boltz	4	4.0540	3.9550	0.0990	0.9455	0.9468	-0.0013	0.9413	0.9440	-0.0027
1QA9	af_relaxed	0	0.6000	0.6040	-0.0040	0.9760	0.9757	0.0003	0.9926	0.9877	0.0049
1QA9	af_relaxed	1	0.6810	0.7000	-0.0190	0.9739	0.9734	0.0005	0.9877	0.9877	0.0000
1QA9	af_relaxed	2	0.7620	0.7910	-0.0290	0.9718	0.9684	0.0034	0.9877	0.9853	0.0024
1QA9	af_relaxed	3	0.6690	0.6680	0.0010	0.9709	0.9709	0.0000	0.9828	0.9828	0.0000
1QA9	af_relaxed	4	0.7840	0.7590	0.0250	0.9692	0.9714	-0.0022	0.9828	0.9853	-0.0025
1QA9	af_unrelaxed	0	0.7810	0.5960	0.1850	0.9693	0.9762	-0.0069	0.9877	0.9902	-0.0025
1QA9	af_unrelaxed	1	0.6670	0.6990	-0.0320	0.9711	0.9735	-0.0024	0.9828	0.9877	-0.0049
1QA9	af_unrelaxed	2	0.7560	0.7880	-0.0320	0.9721	0.9685	0.0036	0.9902	0.9853	0.0049
1QA9	af_unrelaxed	3	0.5920	0.6680	-0.0760	0.9765	0.9710	0.0055	0.9902	0.9828	0.0074
1QA9	af_unrelaxed	4	0.6780	0.7540	-0.0760	0.9741	0.9716	0.0025	0.9877	0.9902	-0.0025
1QA9	amber_af	0	0.7830	0.6050	0.1780	0.9694	0.9756	-0.0062	0.9828	0.9853	-0.0025
1QA9	amber_af	1	0.6690	0.7010	-0.0320	0.9709	0.9732	-0.0023	0.9828	0.9877	-0.0049
1QA9	amber_af	2	0.7610	0.7910	-0.0300	0.9719	0.9684	0.0035	0.9877	0.9853	0.0024
1QA9	amber_af	3	0.5990	0.6680	-0.0690	0.9760	0.9709	0.0051	0.9926	0.9828	0.0098
1QA9	amber_af	4	0.6810	0.7590	-0.0780	0.9739	0.9714	0.0025	0.9877	0.9853	0.0024
1QA9	amber_boltz	0	0.7050	0.6300	0.0750	0.9680	0.9741	-0.0061	0.9804	0.9828	-0.0024
1QA9	amber_boltz	1	0.7470	0.7870	-0.0400	0.9653	0.9668	-0.0015	0.9804	0.9779	0.0025
1QA9	amber_boltz	2	0.7760	0.7510	0.0250	0.9652	0.9675	-0.0023	0.9755	0.9804	-0.0049
1QA9	amber_boltz	3	0.7150	0.7470	-0.0320	0.9697	0.9664	0.0033	0.9804	0.9730	0.0074
1QA9	amber_boltz	4	0.6740	0.7460	-0.0720	0.9718	0.9699	0.0019	0.9853	0.9755	0.0098
1QA9	boltz	0	0.7040	0.6300	0.0740	0.9682	0.9741	-0.0059	0.9804	0.9853	-0.0049
1QA9	boltz	1	0.7400	0.7830	-0.0430	0.9658	0.9670	-0.0012	0.9804	0.9779	0.0025
1QA9	boltz	2	0.7730	0.7470	0.0260	0.9656	0.9678	-0.0022	0.9755	0.9804	-0.0049
1QA9	boltz	3	0.7150	0.7470	-0.0320	0.9698	0.9664	0.0034	0.9804	0.9730	0.0074
1QA9	boltz	4	0.6730	0.7440	-0.0710	0.9719	0.9703	0.0016	0.9853	0.9779	0.0074
1R0R	af_relaxed	0	0.2560	0.2580	-0.0020	0.9983	0.9982	0.0001	0.9991	0.9991	0.0000
1R0R	af_relaxed	1	0.2580	0.2590	-0.0010	0.9982	0.9982	0.0000	0.9991	0.9991	0.0000
1R0R	af_relaxed	2	0.2600	0.2580	0.0020	0.9982	0.9982	0.0000	0.9991	0.9991	0.0000
1R0R	af_relaxed	3	0.2600	0.2600	0.0000	0.9982	0.9982	0.0000	0.9991	0.9991	0.0000
1R0R	af_relaxed	4	0.2610	0.2590	0.0020	0.9982	0.9982	0.0000	1.0000	0.9991	0.0009
1R0R	af_unrelaxed	0	0.2470	0.2490	-0.0020	0.9984	0.9984	0.0000	1.0000	0.9991	0.0009
1R0R	af_unrelaxed	1	0.2530	0.2490	0.0040	0.9983	0.9983	0.0000	1.0000	0.9991	0.0009
1R0R	af_unrelaxed	2	0.2540	0.2520	0.0020	0.9983	0.9983	0.0000	1.0000	1.0000	0.0000
1R0R	af_unrelaxed	3	0.2520	0.2510	0.0010	0.9983	0.9983	0.0000	0.9991	0.9991	0.0000
1R0R	af_unrelaxed	4	0.2530	0.2530	0.0000	0.9983	0.9983	0.0000	1.0000	1.0000	0.0000
1R0R	amber_af	0	0.2560	0.2580	-0.0020	0.9983	0.9982	0.0001	0.9991	0.9991	0.0000
1R0R	amber_af	1	0.2590	0.2570	0.0020	0.9982	0.9982	0.0000	1.0000	0.9991	0.0009
1R0R	amber_af	2	0.2620	0.2570	0.0050	0.9982	0.9982	0.0000	0.9991	1.0000	-0.0009
1R0R	amber_af	3	0.2580	0.2580	0.0000	0.9982	0.9982	0.0000	0.9991	0.9991	0.0000
1R0R	amber_af	4	0.2620	0.2600	0.0020	0.9982	0.9982	0.0000	0.9991	0.9991	0.0000
1R0R	amber_boltz	0	0.2710	0.2790	-0.0080	0.9981	0.9980	0.0001	0.9991	0.9991	0.0000
1R0R	amber_boltz	1	0.3010	0.2610	0.0400	0.9977	0.9982	-0.0005	0.9991	0.9991	0.0000
1R0R	amber_boltz	2	0.2980	0.2780	0.0200	0.9977	0.9980	-0.0003	0.9991	0.9991	0.0000
1R0R	amber_boltz	3	0.3010	0.2830	0.0180	0.9977	0.9979	-0.0002	0.9982	0.9991	-0.0009
1R0R	amber_boltz	4	0.2810	0.2810	0.0000	0.9979	0.9979	0.0000	0.9991	0.9991	0.0000
1R0R	boltz	0	0.2620	0.2700	-0.0080	0.9982	0.9981	0.0001	0.9991	0.9991	0.0000
1R0R	boltz	1	0.2940	0.2500	0.0440	0.9977	0.9984	-0.0007	0.9991	0.9991	0.0000
1R0R	boltz	2	0.2900	0.2680	0.0220	0.9978	0.9981	-0.0003	0.9991	0.9991	0.0000
1R0R	boltz	3	0.2900	0.2710	0.0190	0.9978	0.9981	-0.0003	0.9982	0.9982	0.0000
1R0R	boltz	4	0.2720	0.2730	-0.0010	0.9981	0.9980	0.0001	0.9991	0.9982	0.0009
1R6Q	af_relaxed	0	0.5490	0.5320	0.0170	0.9861	0.9868	-0.0007	0.9912	0.9912	0.0000
1R6Q	af_relaxed	1	0.5460	0.5490	-0.0030	0.9864	0.9862	0.0002	0.9912	0.9912	0.0000
1R6Q	af_relaxed	2	0.5930	0.5640	0.0290	0.9841	0.9853	-0.0012	0.9877	0.9894	-0.0017
1R6Q	af_relaxed	3	0.5670	0.5660	0.0010	0.9856	0.9856	0.0000	0.9894	0.9912	-0.0018
1R6Q	af_relaxed	4	0.8900	0.6080	0.2820	0.9809	0.9836	-0.0027	0.9877	0.9877	0.0000
1R6Q	af_unrelaxed	0	0.8810	0.5260	0.3550	0.9810	0.9871	-0.0061	0.9877	0.9912	-0.0035
1R6Q	af_unrelaxed	1	0.5950	0.5390	0.0560	0.9842	0.9867	-0.0025	0.9859	0.9912	-0.0053
1R6Q	af_unrelaxed	2	0.5570	0.5620	-0.0050	0.9860	0.9854	0.0006	0.9912	0.9894	0.0018
1R6Q	af_unrelaxed	3	0.5400	0.5570	-0.0170	0.9865	0.9860	0.0005	0.9912	0.9912	0.0000
1R6Q	af_unrelaxed	4	0.5380	0.6050	-0.0670	0.9867	0.9838	0.0029	0.9912	0.9894	0.0018
1R6Q	amber_af	0	0.8910	0.5400	0.3510	0.9808	0.9865	-0.0057	0.9877	0.9894	-0.0017
1R6Q	amber_af	1	0.5940	0.5490	0.0450	0.9841	0.9862	-0.0021	0.9877	0.9912	-0.0035
1R6Q	amber_af	2	0.5670	0.5640	0.0030	0.9856	0.9853	0.0003	0.9894	0.9894	0.0000
1R6Q	amber_af	3	0.5500	0.5660	-0.0160	0.9861	0.9856	0.0005	0.9912	0.9912	0.0000
1R6Q	amber_af	4	0.5460	0.6080	-0.0620	0.9863	0.9836	0.0027	0.9912	0.9894	0.0018
1R6Q	amber_boltz	0	0.5480	0.5020	0.0460	0.9863	0.9881	-0.0018	0.9894	0.9930	-0.0036
1R6Q	amber_boltz	1	0.5280	0.5720	-0.0440	0.9870	0.9852	0.0018	0.9930	0.9877	0.0053
1R6Q	amber_boltz	2	0.5420	0.5690	-0.0270	0.9862	0.9851	0.0011	0.9894	0.9877	0.0017
1R6Q	amber_boltz	3	0.5670	0.8680	-0.3010	0.9858	0.9832	0.0026	0.9894	0.9859	0.0035
1R6Q	amber_boltz	4	0.4900	0.5320	-0.0420	0.9883	0.9869	0.0014	0.9930	0.9894	0.0036
1R6Q	boltz	0	0.5450	0.4980	0.0470	0.9865	0.9883	-0.0018	0.9894	0.9912	-0.0018
1R6Q	boltz	1	0.5260	0.5740	-0.0480	0.9871	0.9851	0.0020	0.9930	0.9894	0.0036
1R6Q	boltz	2	0.5370	0.5670	-0.0300	0.9865	0.9852	0.0013	0.9912	0.9894	0.0018
1R6Q	boltz	3	0.5630	0.8600	-0.2970	0.9860	0.9834	0.0026	0.9912	0.9859	0.0053
1R6Q	boltz	4	0.4910	0.5290	-0.0380	0.9882	0.9871	0.0011	0.9947	0.9894	0.0053
1R8S	af_relaxed	0	1.2750	1.5740	-0.2990	0.9397	0.9121	0.0276	0.9094	0.8875	0.0219
1R8S	af_relaxed	1	1.8780	1.2770	0.6010	0.8815	0.9402	-0.0587	0.8656	0.9078	-0.0422
1R8S	af_relaxed	2	2.3230	2.1740	0.1490	0.8435	0.8567	-0.0132	0.8516	0.8547	-0.0031
1R8S	af_relaxed	3	1.5480	1.5840	-0.0360	0.9138	0.9117	0.0021	0.8891	0.8844	0.0047
1R8S	af_relaxed	4	1.5900	3.0540	-1.4640	0.9245	0.8262	0.0983	0.8969	0.8359	0.0610
1R8S	af_unrelaxed	0	2.3020	1.5760	0.7260	0.8449	0.9121	-0.0672	0.8516	0.8875	-0.0359
1R8S	af_unrelaxed	1	1.5400	1.2760	0.2640	0.9148	0.9404	-0.0256	0.8906	0.9062	-0.0156
1R8S	af_unrelaxed	2	1.5990	2.1600	-0.5610	0.9244	0.8579	0.0665	0.8984	0.8547	0.0437
1R8S	af_unrelaxed	3	1.8700	1.5760	0.2940	0.8825	0.9126	-0.0301	0.8641	0.8875	-0.0234
1R8S	af_unrelaxed	4	1.2730	3.0440	-1.7710	0.9399	0.8266	0.1133	0.9062	0.8406	0.0656
1R8S	amber_af	0	2.3240	1.5750	0.7490	0.8435	0.9120	-0.0685	0.8500	0.8875	-0.0375
1R8S	amber_af	1	1.5470	1.2750	0.2720	0.9139	0.9403	-0.0264	0.8891	0.9078	-0.0187
1R8S	amber_af	2	1.5910	2.1790	-0.5880	0.9244	0.8565	0.0679	0.8969	0.8547	0.0422
1R8S	amber_af	3	1.8790	1.5830	0.2960	0.8815	0.9117	-0.0302	0.8625	0.8828	-0.0203
1R8S	amber_af	4	1.2770	3.0550	-1.7780	0.9395	0.8262	0.1133	0.9094	0.8375	0.0719
1R8S	amber_boltz	0	1.6630	1.6840	-0.0210	0.9206	0.9281	-0.0075	0.8922	0.8984	-0.0062
1R8S	amber_boltz	1	1.0800	1.0640	0.0160	0.9588	0.9575	0.0013	0.9359	0.9281	0.0078
1R8S	amber_boltz	2	1.1160	1.1320	-0.0160	0.9544	0.9529	0.0015	0.9234	0.9266	-0.0032
1R8S	amber_boltz	3	1.1990	1.0260	0.1730	0.9461	0.9600	-0.0139	0.9203	0.9375	-0.0172
1R8S	amber_boltz	4	1.5230	1.0620	0.4610	0.9370	0.9572	-0.0202	0.9031	0.9344	-0.0313
1R8S	boltz	0	1.6460	1.6750	-0.0290	0.9220	0.9290	-0.0070	0.8938	0.8953	-0.0015
1R8S	boltz	1	1.0680	1.0510	0.0170	0.9598	0.9586	0.0012	0.9391	0.9281	0.0110
1R8S	boltz	2	1.1060	1.1190	-0.0130	0.9554	0.9541	0.0013	0.9234	0.9266	-0.0032
1R8S	boltz	3	1.1860	1.0200	0.1660	0.9473	0.9604	-0.0131	0.9187	0.9313	-0.0126
1R8S	boltz	4	1.5140	1.0490	0.4650	0.9380	0.9584	-0.0204	0.9062	0.9375	-0.0313
1RKE	af_relaxed	0	4.3410	4.3590	-0.0180	0.8387	0.8394	-0.0007	0.7395	0.7395	0.0000
1RKE	af_relaxed	1	4.3010	4.2570	0.0440	0.8429	0.8573	-0.0144	0.7395	0.7424	-0.0029
1RKE	af_relaxed	2	4.2640	4.1980	0.0660	0.8531	0.8616	-0.0085	0.7414	0.7452	-0.0038
1RKE	af_relaxed	3	4.1810	4.3050	-0.1240	0.8612	0.8422	0.0190	0.7452	0.7385	0.0067
1RKE	af_relaxed	4	4.3000	4.3090	-0.0090	0.8493	0.8458	0.0035	0.7395	0.7395	0.0000
1RKE	af_unrelaxed	0	4.1770	4.3560	-0.1790	0.8616	0.8398	0.0218	0.7462	0.7414	0.0048
1RKE	af_unrelaxed	1	4.2960	4.2540	0.0420	0.8496	0.8578	-0.0082	0.7414	0.7424	-0.0010
1RKE	af_unrelaxed	2	4.3370	4.1930	0.1440	0.8392	0.8618	-0.0226	0.7395	0.7462	-0.0067
1RKE	af_unrelaxed	3	4.2980	4.3030	-0.0050	0.8433	0.8425	0.0008	0.7395	0.7395	0.0000
1RKE	af_unrelaxed	4	4.2600	4.3060	-0.0460	0.8536	0.8460	0.0076	0.7424	0.7395	0.0029
1RKE	amber_af	0	4.1810	4.3600	-0.1790	0.8613	0.8394	0.0219	0.7452	0.7385	0.0067
1RKE	amber_af	1	4.3000	4.2570	0.0430	0.8493	0.8572	-0.0079	0.7395	0.7424	-0.0029
1RKE	amber_af	2	4.3410	4.1970	0.1440	0.8387	0.8616	-0.0229	0.7385	0.7452	-0.0067
1RKE	amber_af	3	4.3010	4.3050	-0.0040	0.8429	0.8422	0.0007	0.7395	0.7376	0.0019
1RKE	amber_af	4	4.2640	4.3090	-0.0450	0.8532	0.8458	0.0074	0.7414	0.7395	0.0019
1RKE	amber_boltz	0	4.0560	3.9530	0.1030	0.8948	0.8868	0.0080	0.7834	0.7700	0.0134
1RKE	amber_boltz	1	4.0340	4.1200	-0.0860	0.9228	0.8982	0.0246	0.8368	0.8006	0.0362
1RKE	amber_boltz	2	4.1160	4.2490	-0.1330	0.8883	0.8505	0.0378	0.7767	0.7452	0.0315
1RKE	amber_boltz	3	4.2290	4.1130	0.1160	0.8624	0.8950	-0.0326	0.7481	0.7777	-0.0296
1RKE	amber_boltz	4	4.1220	4.1130	0.0090	0.9129	0.9117	0.0012	0.8244	0.8187	0.0057
1RKE	boltz	0	4.0480	3.9500	0.0980	0.8952	0.8871	0.0081	0.7872	0.7691	0.0181
1RKE	boltz	1	4.0290	4.1180	-0.0890	0.9231	0.8985	0.0246	0.8397	0.8034	0.0363
1RKE	boltz	2	4.1070	4.2460	-0.1390	0.8888	0.8506	0.0382	0.7767	0.7452	0.0315
1RKE	boltz	3	4.2270	4.1090	0.1180	0.8629	0.8955	-0.0326	0.7471	0.7777	-0.0306
1RKE	boltz	4	4.1190	4.1070	0.0120	0.9132	0.9118	0.0014	0.8254	0.8187	0.0067
1RLB	af_relaxed	0	1.0920	1.0380	0.0540	0.9615	0.9636	-0.0021	0.9628	0.9690	-0.0062
1RLB	af_relaxed	1	1.3470	1.1020	0.2450	0.9554	0.9618	-0.0064	0.9545	0.9628	-0.0083
1RLB	af_relaxed	2	1.1080	1.3670	-0.2590	0.9615	0.9553	0.0062	0.9628	0.9545	0.0083
1RLB	af_relaxed	3	1.0620	1.1000	-0.0380	0.9615	0.9610	0.0005	0.9628	0.9607	0.0021
1RLB	af_relaxed	4	1.2400	1.4520	-0.2120	0.9541	0.9509	0.0032	0.9525	0.9525	0.0000
1RLB	af_unrelaxed	0	1.2250	1.0210	0.2040	0.9544	0.9639	-0.0095	0.9545	0.9649	-0.0104
1RLB	af_unrelaxed	1	1.3330	1.0850	0.2480	0.9558	0.9623	-0.0065	0.9587	0.9649	-0.0062
1RLB	af_unrelaxed	2	1.0780	1.3520	-0.2740	0.9618	0.9560	0.0058	0.9628	0.9587	0.0041
1RLB	af_unrelaxed	3	1.0900	1.0870	0.0030	0.9620	0.9611	0.0009	0.9649	0.9607	0.0042
1RLB	af_unrelaxed	4	1.0490	1.4390	-0.3900	0.9615	0.9512	0.0103	0.9607	0.9525	0.0082
1RLB	amber_af	0	1.2500	1.0380	0.2120	0.9533	0.9637	-0.0104	0.9525	0.9690	-0.0165
1RLB	amber_af	1	1.3470	1.1020	0.2450	0.9554	0.9618	-0.0064	0.9566	0.9628	-0.0062
1RLB	amber_af	2	1.0910	1.3660	-0.2750	0.9616	0.9554	0.0062	0.9628	0.9566	0.0062
1RLB	amber_af	3	1.1060	1.1000	0.0060	0.9616	0.9609	0.0007	0.9628	0.9607	0.0021
1RLB	amber_af	4	1.0620	1.4520	-0.3900	0.9615	0.9510	0.0105	0.9628	0.9525	0.0103
1RLB	amber_boltz	0	1.1510	1.1620	-0.0110	0.9608	0.9618	-0.0010	0.9690	0.9690	0.0000
1RLB	amber_boltz	1	1.4230	1.4060	0.0170	0.9590	0.9594	-0.0004	0.9649	0.9690	-0.0041
1RLB	amber_boltz	2	1.2230	1.1600	0.0630	0.9627	0.9605	0.0022	0.9711	0.9669	0.0042
1RLB	amber_boltz	3	1.2230	1.4770	-0.2540	0.9610	0.9596	0.0014	0.9711	0.9628	0.0083
1RLB	amber_boltz	4	1.4300	1.3070	0.1230	0.9573	0.9596	-0.0023	0.9649	0.9669	-0.0020
1RLB	boltz	0	1.1370	1.1380	-0.0010	0.9613	0.9624	-0.0011	0.9690	0.9669	0.0021
1RLB	boltz	1	1.4080	1.3980	0.0100	0.9595	0.9598	-0.0003	0.9649	0.9669	-0.0020
1RLB	boltz	2	1.2060	1.1460	0.0600	0.9637	0.9612	0.0025	0.9731	0.9669	0.0062
1RLB	boltz	3	1.2050	1.4660	-0.2610	0.9618	0.9599	0.0019	0.9711	0.9628	0.0083
1RLB	boltz	4	1.4030	1.2830	0.1200	0.9579	0.9607	-0.0028	0.9649	0.9669	-0.0020
1RV6	af_relaxed	0	0.9380	0.9620	-0.0240	0.9383	0.9359	0.0024	0.9495	0.9415	0.0080
1RV6	af_relaxed	1	0.9440	1.0020	-0.0580	0.9373	0.9314	0.0059	0.9415	0.9441	-0.0026
1RV6	af_relaxed	2	1.1230	1.1290	-0.0060	0.9157	0.9141	0.0016	0.9282	0.9255	0.0027
1RV6	af_relaxed	3	0.9470	0.9300	0.0170	0.9373	0.9382	-0.0009	0.9415	0.9441	-0.0026
1RV6	af_relaxed	4	0.8970	0.9600	-0.0630	0.9428	0.9360	0.0068	0.9468	0.9388	0.0080
1RV6	af_unrelaxed	0	1.1260	0.9640	0.1620	0.9153	0.9355	-0.0202	0.9255	0.9388	-0.0133
1RV6	af_unrelaxed	1	0.8990	1.0050	-0.1060	0.9426	0.9311	0.0115	0.9468	0.9441	0.0027
1RV6	af_unrelaxed	2	0.9420	1.1250	-0.1830	0.9375	0.9148	0.0227	0.9415	0.9255	0.0160
1RV6	af_unrelaxed	3	0.9500	0.9300	0.0200	0.9370	0.9383	-0.0013	0.9441	0.9415	0.0026
1RV6	af_unrelaxed	4	0.9350	0.9610	-0.0260	0.9388	0.9358	0.0030	0.9468	0.9441	0.0027
1RV6	amber_af	0	1.1250	0.9640	0.1610	0.9154	0.9357	-0.0203	0.9282	0.9388	-0.0106
1RV6	amber_af	1	0.8970	1.0040	-0.1070	0.9428	0.9312	0.0116	0.9468	0.9441	0.0027
1RV6	amber_af	2	0.9440	1.1280	-0.1840	0.9372	0.9142	0.0230	0.9415	0.9255	0.0160
1RV6	amber_af	3	0.9460	0.9290	0.0170	0.9374	0.9384	-0.0010	0.9415	0.9441	-0.0026
1RV6	amber_af	4	0.9380	0.9580	-0.0200	0.9383	0.9361	0.0022	0.9495	0.9388	0.0107
1RV6	amber_boltz	0	0.9540	1.0190	-0.0650	0.9378	0.9302	0.0076	0.9335	0.9309	0.0026
1RV6	amber_boltz	1	1.0640	0.9900	0.0740	0.9274	0.9347	-0.0073	0.9255	0.9309	-0.0054
1RV6	amber_boltz	2	1.0380	0.9630	0.0750	0.9299	0.9367	-0.0068	0.9335	0.9415	-0.0080
1RV6	amber_boltz	3	1.0310	1.0420	-0.0110	0.9293	0.9274	0.0019	0.9282	0.9229	0.0053
1RV6	amber_boltz	4	0.9870	0.9120	0.0750	0.9357	0.9423	-0.0066	0.9282	0.9415	-0.0133
1RV6	boltz	0	0.9490	1.0170	-0.0680	0.9382	0.9303	0.0079	0.9335	0.9335	0.0000
1RV6	boltz	1	1.0600	0.9900	0.0700	0.9275	0.9347	-0.0072	0.9282	0.9282	0.0000
1RV6	boltz	2	1.0350	0.9560	0.0790	0.9300	0.9374	-0.0074	0.9335	0.9468	-0.0133
1RV6	boltz	3	1.0250	1.0420	-0.0170	0.9298	0.9273	0.0025	0.9309	0.9255	0.0054
1RV6	boltz	4	0.9820	0.9120	0.0700	0.9360	0.9424	-0.0064	0.9282	0.9415	-0.0133
1S1Q	af_relaxed	0	1.5210	1.6060	-0.0850	0.9170	0.9131	0.0039	0.8905	0.8869	0.0036
1S1Q	af_relaxed	1	1.5860	1.6320	-0.0460	0.9125	0.9143	-0.0018	0.8832	0.8905	-0.0073
1S1Q	af_relaxed	2	1.7030	1.5650	0.1380	0.9090	0.9143	-0.0053	0.8832	0.8905	-0.0073
1S1Q	af_relaxed	3	1.5730	1.5480	0.0250	0.9176	0.9154	0.0022	0.8832	0.8869	-0.0037
1S1Q	af_relaxed	4	1.6200	1.7140	-0.0940	0.9120	0.9048	0.0072	0.8814	0.8759	0.0055
1S1Q	af_unrelaxed	0	1.5760	1.6070	-0.0310	0.9175	0.9126	0.0049	0.8869	0.8869	0.0000
1S1Q	af_unrelaxed	1	1.5180	1.6330	-0.1150	0.9168	0.9139	0.0029	0.8905	0.8923	-0.0018
1S1Q	af_unrelaxed	2	1.5870	1.5660	0.0210	0.9119	0.9141	-0.0022	0.8869	0.8869	0.0000
1S1Q	af_unrelaxed	3	1.6990	1.5450	0.1540	0.9091	0.9153	-0.0062	0.8850	0.8850	0.0000
1S1Q	af_unrelaxed	4	1.6210	1.7140	-0.0930	0.9118	0.9045	0.0073	0.8814	0.8723	0.0091
1S1Q	amber_af	0	1.5740	1.6070	-0.0330	0.9175	0.9130	0.0045	0.8850	0.8850	0.0000
1S1Q	amber_af	1	1.5220	1.6310	-0.1090	0.9168	0.9143	0.0025	0.8923	0.8905	0.0018
1S1Q	amber_af	2	1.5840	1.5650	0.0190	0.9126	0.9143	-0.0017	0.8850	0.8887	-0.0037
1S1Q	amber_af	3	1.7030	1.5480	0.1550	0.9090	0.9154	-0.0064	0.8832	0.8850	-0.0018
1S1Q	amber_af	4	1.6190	1.7120	-0.0930	0.9121	0.9049	0.0072	0.8814	0.8741	0.0073
1S1Q	amber_boltz	0	1.3790	1.5770	-0.1980	0.9305	0.9142	0.0163	0.9033	0.8796	0.0237
1S1Q	amber_boltz	1	1.3670	1.4940	-0.1270	0.9294	0.9231	0.0063	0.8978	0.8905	0.0073
1S1Q	amber_boltz	2	1.6330	1.3880	0.2450	0.9145	0.9300	-0.0155	0.8850	0.9015	-0.0165
1S1Q	amber_boltz	3	1.4700	1.4420	0.0280	0.9254	0.9258	-0.0004	0.8923	0.8960	-0.0037
1S1Q	amber_boltz	4	1.3680	1.5680	-0.2000	0.9302	0.9165	0.0137	0.8960	0.8850	0.0110
1S1Q	boltz	0	1.3830	1.5820	-0.1990	0.9302	0.9133	0.0169	0.9015	0.8814	0.0201
1S1Q	boltz	1	1.3750	1.4830	-0.1080	0.9286	0.9236	0.0050	0.8942	0.8905	0.0037
1S1Q	boltz	2	1.6370	1.4020	0.2350	0.9137	0.9287	-0.0150	0.8850	0.8960	-0.0110
1S1Q	boltz	3	1.4680	1.4550	0.0130	0.9252	0.9247	0.0005	0.8923	0.8942	-0.0019
1S1Q	boltz	4	1.3750	1.5750	-0.2000	0.9296	0.9159	0.0137	0.8978	0.8850	0.0128
1S78	af_relaxed	0	1.6440	1.6960	-0.0520	0.9691	0.9672	0.0019	0.8901	0.8770	0.0131
1S78	af_relaxed	1	1.5340	1.1830	0.3510	0.9730	0.9835	-0.0105	0.9032	0.9383	-0.0351
1S78	af_relaxed	2	1.7100	1.7530	-0.0430	0.9663	0.9644	0.0019	0.8766	0.8734	0.0032
1S78	af_relaxed	3	1.4200	1.5090	-0.0890	0.9757	0.9741	0.0016	0.9095	0.9036	0.0059
1S78	af_relaxed	4	1.2050	1.4670	-0.2620	0.9826	0.9740	0.0086	0.9333	0.9009	0.0324
1S78	af_unrelaxed	0	1.2040	1.6710	-0.4670	0.9826	0.9678	0.0148	0.9333	0.8824	0.0509
1S78	af_unrelaxed	1	1.4030	1.1820	0.2210	0.9765	0.9835	-0.0070	0.9162	0.9387	-0.0225
1S78	af_unrelaxed	2	1.5270	1.7530	-0.2260	0.9732	0.9644	0.0088	0.9036	0.8757	0.0279
1S78	af_unrelaxed	3	1.6290	1.4920	0.1370	0.9694	0.9746	-0.0052	0.8910	0.9054	-0.0144
1S78	af_unrelaxed	4	1.7080	1.4120	0.2960	0.9663	0.9762	-0.0099	0.8748	0.9149	-0.0401
1S78	amber_af	0	1.2050	1.6880	-0.4830	0.9826	0.9674	0.0152	0.9333	0.8806	0.0527
1S78	amber_af	1	1.4210	1.1830	0.2380	0.9756	0.9835	-0.0079	0.9104	0.9392	-0.0288
1S78	amber_af	2	1.5330	1.7530	-0.2200	0.9730	0.9644	0.0086	0.9032	0.8730	0.0302
1S78	amber_af	3	1.6430	1.5360	0.1070	0.9691	0.9734	-0.0043	0.8905	0.9032	-0.0127
1S78	amber_af	4	1.7110	1.4570	0.2540	0.9663	0.9742	-0.0079	0.8761	0.8986	-0.0225
1S78	amber_boltz	0	1.2370	1.3000	-0.0630	0.9826	0.9804	0.0022	0.9293	0.9153	0.0140
1S78	amber_boltz	1	1.4270	1.2100	0.2170	0.9775	0.9832	-0.0057	0.9099	0.9306	-0.0207
1S78	amber_boltz	2	1.2580	1.4290	-0.1710	0.9816	0.9778	0.0038	0.9329	0.9068	0.0261
1S78	amber_boltz	3	1.3050	1.3200	-0.0150	0.9787	0.9813	-0.0026	0.8932	0.9306	-0.0374
1S78	amber_boltz	4	1.4190	1.1750	0.2440	0.9773	0.9829	-0.0056	0.8973	0.9239	-0.0266
1S78	boltz	0	1.2260	1.2920	-0.0660	0.9829	0.9806	0.0023	0.9306	0.9153	0.0153
1S78	boltz	1	1.4240	1.2000	0.2240	0.9776	0.9834	-0.0058	0.9099	0.9329	-0.0230
1S78	boltz	2	1.2520	1.4200	-0.1680	0.9818	0.9781	0.0037	0.9338	0.9068	0.0270
1S78	boltz	3	1.3010	1.3140	-0.0130	0.9789	0.9814	-0.0025	0.8955	0.9302	-0.0347
1S78	boltz	4	1.4120	1.1660	0.2460	0.9775	0.9831	-0.0056	0.8986	0.9261	-0.0275
1SBB	af_relaxed	0	2.4900	5.9410	-3.4510	0.8633	0.6444	0.2189	0.7604	0.6187	0.1417
1SBB	af_relaxed	1	4.4710	2.7630	1.7080	0.7110	0.8674	-0.1564	0.6601	0.7730	-0.1129
1SBB	af_relaxed	2	4.0340	2.1190	1.9150	0.7053	0.9030	-0.1977	0.6452	0.8180	-0.1728
1SBB	af_relaxed	3	13.4900	3.8620	9.6280	0.5764	0.7638	-0.1874	0.5265	0.6959	-0.1694
1SBB	af_relaxed	4	13.8630	18.7990	-4.9360	0.5757	0.5454	0.0303	0.5369	0.4896	0.0473
1SBB	af_unrelaxed	0	4.0780	6.0410	-1.9630	0.7071	0.6478	0.0593	0.6671	0.6406	0.0265
1SBB	af_unrelaxed	1	2.4990	2.7690	-0.2700	0.8624	0.8648	-0.0024	0.7604	0.7765	-0.0161
1SBB	af_unrelaxed	2	13.3810	2.0720	11.3090	0.5863	0.9049	-0.3186	0.5518	0.8272	-0.2754
1SBB	af_unrelaxed	3	13.7830	3.9510	9.8320	0.5768	0.7589	-0.1821	0.5403	0.7062	-0.1659
1SBB	af_unrelaxed	4	4.5050	18.6870	-14.1820	0.7134	0.5604	0.1530	0.6832	0.5415	0.1417
1SBB	amber_af	0	4.0300	5.9210	-1.8910	0.7056	0.6458	0.0598	0.6521	0.6210	0.0311
1SBB	amber_af	1	2.4940	2.7680	-0.2740	0.8639	0.8673	-0.0034	0.7615	0.7742	-0.0127
1SBB	amber_af	2	13.4880	2.1030	11.3850	0.5777	0.9034	-0.3257	0.5300	0.8191	-0.2891
1SBB	amber_af	3	13.8570	3.8600	9.9970	0.5756	0.7638	-0.1882	0.5403	0.6959	-0.1556
1SBB	amber_af	4	4.4680	18.8210	-14.3530	0.7117	0.5445	0.1672	0.6636	0.4862	0.1774
1SBB	amber_boltz	0	1.8750	1.7710	0.1040	0.9348	0.9425	-0.0077	0.8825	0.9032	-0.0207
1SBB	amber_boltz	1	1.6780	1.7350	-0.0570	0.9441	0.9432	0.0009	0.9032	0.9032	0.0000
1SBB	amber_boltz	2	1.7330	1.6990	0.0340	0.9448	0.9420	0.0028	0.9124	0.8963	0.0161
1SBB	amber_boltz	3	1.6800	1.6190	0.0610	0.9444	0.9489	-0.0045	0.9078	0.9124	-0.0046
1SBB	amber_boltz	4	1.5980	1.7980	-0.2000	0.9495	0.9428	0.0067	0.9113	0.9090	0.0023
1SBB	boltz	0	1.8710	1.7630	0.1080	0.9350	0.9428	-0.0078	0.8848	0.8998	-0.0150
1SBB	boltz	1	1.6700	1.7260	-0.0560	0.9444	0.9437	0.0007	0.9044	0.9044	0.0000
1SBB	boltz	2	1.7260	1.6940	0.0320	0.9453	0.9423	0.0030	0.9124	0.8986	0.0138
1SBB	boltz	3	1.6730	1.6030	0.0700	0.9448	0.9497	-0.0049	0.9078	0.9124	-0.0046
1SBB	boltz	4	1.5950	1.7890	-0.1940	0.9496	0.9433	0.0063	0.9124	0.9067	0.0057
1SYX	af_relaxed	0	0.3010	0.2990	0.0020	0.9952	0.9953	-0.0001	1.0000	1.0000	0.0000
1SYX	af_relaxed	1	0.2860	0.2830	0.0030	0.9957	0.9958	-0.0001	1.0000	1.0000	0.0000
1SYX	af_relaxed	2	0.3170	0.3010	0.0160	0.9948	0.9952	-0.0004	1.0000	1.0000	0.0000
1SYX	af_relaxed	3	0.3010	0.2970	0.0040	0.9952	0.9953	-0.0001	1.0000	1.0000	0.0000
1SYX	af_relaxed	4	0.3020	0.2980	0.0040	0.9952	0.9953	-0.0001	1.0000	1.0000	0.0000
1SYX	af_unrelaxed	0	0.3040	0.3010	0.0030	0.9951	0.9952	-0.0001	1.0000	1.0000	0.0000
1SYX	af_unrelaxed	1	0.2840	0.2840	0.0000	0.9957	0.9957	0.0000	1.0000	1.0000	0.0000
1SYX	af_unrelaxed	2	0.2990	0.2990	0.0000	0.9953	0.9953	0.0000	1.0000	1.0000	0.0000
1SYX	af_unrelaxed	3	0.3150	0.2960	0.0190	0.9948	0.9954	-0.0006	0.9981	1.0000	-0.0019
1SYX	af_unrelaxed	4	0.2980	0.2950	0.0030	0.9953	0.9954	-0.0001	1.0000	1.0000	0.0000
1SYX	amber_af	0	0.3010	0.2990	0.0020	0.9952	0.9953	-0.0001	1.0000	1.0000	0.0000
1SYX	amber_af	1	0.2880	0.2830	0.0050	0.9956	0.9957	-0.0001	1.0000	1.0000	0.0000
1SYX	amber_af	2	0.3010	0.3010	0.0000	0.9952	0.9952	0.0000	1.0000	1.0000	0.0000
1SYX	amber_af	3	0.3170	0.2980	0.0190	0.9948	0.9953	-0.0005	1.0000	1.0000	0.0000
1SYX	amber_af	4	0.3010	0.2960	0.0050	0.9952	0.9954	-0.0002	1.0000	1.0000	0.0000
1SYX	amber_boltz	0	0.5440	0.4070	0.1370	0.9875	0.9914	-0.0039	0.9944	0.9963	-0.0019
1SYX	amber_boltz	1	0.5520	0.4580	0.0940	0.9873	0.9894	-0.0021	0.9944	0.9963	-0.0019
1SYX	amber_boltz	2	0.5570	0.6790	-0.1220	0.9871	0.9867	0.0004	0.9944	0.9907	0.0037
1SYX	amber_boltz	3	0.6210	0.4440	0.1770	0.9861	0.9900	-0.0039	0.9926	0.9981	-0.0055
1SYX	amber_boltz	4	0.4730	0.6110	-0.1380	0.9890	0.9860	0.0030	0.9963	0.9944	0.0019
1SYX	boltz	0	0.5310	0.4250	0.1060	0.9877	0.9909	-0.0032	0.9944	0.9963	-0.0019
1SYX	boltz	1	0.5370	0.4590	0.0780	0.9876	0.9894	-0.0018	0.9944	0.9963	-0.0019
1SYX	boltz	2	0.5470	0.6660	-0.1190	0.9872	0.9869	0.0003	0.9944	0.9907	0.0037
1SYX	boltz	3	0.6060	0.4420	0.1640	0.9862	0.9901	-0.0039	0.9926	0.9981	-0.0055
1SYX	boltz	4	0.4720	0.5940	-0.1220	0.9889	0.9863	0.0026	0.9963	0.9944	0.0019
1T6B	af_relaxed	0	1.3330	1.3070	0.0260	0.9812	0.9814	-0.0002	0.8979	0.8994	-0.0015
1T6B	af_relaxed	1	1.3030	1.3100	-0.0070	0.9824	0.9823	0.0001	0.9013	0.9038	-0.0025
1T6B	af_relaxed	2	1.3590	1.3390	0.0200	0.9807	0.9804	0.0003	0.8968	0.8961	0.0007
1T6B	af_relaxed	3	1.2740	1.3130	-0.0390	0.9825	0.9818	0.0007	0.9061	0.9024	0.0037
1T6B	af_relaxed	4	1.3660	1.3490	0.0170	0.9808	0.9812	-0.0004	0.8983	0.8994	-0.0011
1T6B	af_unrelaxed	0	1.2840	1.2580	0.0260	0.9823	0.9825	-0.0002	0.9042	0.9038	0.0004
1T6B	af_unrelaxed	1	1.2800	1.2530	0.0270	0.9829	0.9836	-0.0007	0.9090	0.9098	-0.0008
1T6B	af_unrelaxed	2	1.2280	1.2980	-0.0700	0.9836	0.9814	0.0022	0.9087	0.9005	0.0082
1T6B	af_unrelaxed	3	1.3160	1.2610	0.0550	0.9817	0.9829	-0.0012	0.9027	0.9057	-0.0030
1T6B	af_unrelaxed	4	1.2560	1.2710	-0.0150	0.9835	0.9832	0.0003	0.9083	0.9094	-0.0011
1T6B	amber_af	0	1.3260	1.3070	0.0190	0.9814	0.9814	0.0000	0.8998	0.8994	0.0004
1T6B	amber_af	1	1.3610	1.2950	0.0660	0.9808	0.9827	-0.0019	0.8972	0.9053	-0.0081
1T6B	amber_af	2	1.2880	1.3400	-0.0520	0.9822	0.9804	0.0018	0.9038	0.8976	0.0062
1T6B	amber_af	3	1.3600	1.3040	0.0560	0.9807	0.9820	-0.0013	0.8964	0.9024	-0.0060
1T6B	amber_af	4	1.3010	1.3500	-0.0490	0.9825	0.9812	0.0013	0.9013	0.9001	0.0012
1T6B	amber_boltz	0	13.8570	14.2020	-0.3450	0.7461	0.7312	0.0149	0.5647	0.5303	0.0344
1T6B	amber_boltz	1	13.6980	14.0910	-0.3930	0.7503	0.7413	0.0090	0.5562	0.5337	0.0225
1T6B	amber_boltz	2	10.4020	14.0710	-3.6690	0.7414	0.7159	0.0255	0.5374	0.5063	0.0311
1T6B	amber_boltz	3	14.5270	14.1480	0.3790	0.7295	0.7242	0.0053	0.5203	0.5244	-0.0041
1T6B	amber_boltz	4	13.9060	14.6380	-0.7320	0.7319	0.7315	0.0004	0.5399	0.5333	0.0066
1T6B	boltz	0	13.8320	14.1780	-0.3460	0.7461	0.7312	0.0149	0.5625	0.5285	0.0340
1T6B	boltz	1	13.6360	14.0730	-0.4370	0.7509	0.7416	0.0093	0.5566	0.5366	0.0200
1T6B	boltz	2	10.3790	14.0440	-3.6650	0.7416	0.7158	0.0258	0.5359	0.5052	0.0307
1T6B	boltz	3	14.5070	14.1250	0.3820	0.7295	0.7242	0.0053	0.5203	0.5248	-0.0045
1T6B	boltz	4	13.8900	14.6070	-0.7170	0.7318	0.7316	0.0002	0.5411	0.5337	0.0074
1TMQ	af_relaxed	0	0.4960	0.6210	-0.1250	0.9959	0.9942	0.0017	0.9947	0.9878	0.0069
1TMQ	af_relaxed	1	0.5200	0.5020	0.0180	0.9955	0.9958	-0.0003	0.9920	0.9952	-0.0032
1TMQ	af_relaxed	2	0.5340	0.5230	0.0110	0.9953	0.9955	-0.0002	0.9904	0.9915	-0.0011
1TMQ	af_relaxed	3	0.5600	0.5200	0.0400	0.9948	0.9955	-0.0007	0.9878	0.9936	-0.0058
1TMQ	af_relaxed	4	0.5300	0.5440	-0.0140	0.9954	0.9951	0.0003	0.9931	0.9894	0.0037
1TMQ	af_unrelaxed	0	0.5390	0.6200	-0.0810	0.9952	0.9942	0.0010	0.9915	0.9894	0.0021
1TMQ	af_unrelaxed	1	0.5250	0.5070	0.0180	0.9954	0.9958	-0.0004	0.9920	0.9952	-0.0032
1TMQ	af_unrelaxed	2	0.5230	0.5280	-0.0050	0.9955	0.9954	0.0001	0.9931	0.9926	0.0005
1TMQ	af_unrelaxed	3	0.5240	0.5250	-0.0010	0.9955	0.9954	0.0001	0.9936	0.9931	0.0005
1TMQ	af_unrelaxed	4	0.5010	0.5410	-0.0400	0.9958	0.9952	0.0006	0.9952	0.9915	0.0037
1TMQ	amber_af	0	0.5570	0.6210	-0.0640	0.9949	0.9942	0.0007	0.9883	0.9883	0.0000
1TMQ	amber_af	1	0.5220	0.5020	0.0200	0.9955	0.9958	-0.0003	0.9915	0.9952	-0.0037
1TMQ	amber_af	2	0.5340	0.5230	0.0110	0.9953	0.9955	-0.0002	0.9904	0.9920	-0.0016
1TMQ	amber_af	3	0.5330	0.5220	0.0110	0.9953	0.9955	-0.0002	0.9926	0.9931	-0.0005
1TMQ	amber_af	4	0.4960	0.5380	-0.0420	0.9959	0.9952	0.0007	0.9947	0.9894	0.0053
1TMQ	amber_boltz	0	0.4780	0.5020	-0.0240	0.9962	0.9959	0.0003	0.9926	0.9910	0.0016
1TMQ	amber_boltz	1	0.5100	0.5330	-0.0230	0.9957	0.9953	0.0004	0.9931	0.9904	0.0027
1TMQ	amber_boltz	2	0.4470	0.5240	-0.0770	0.9967	0.9955	0.0012	0.9947	0.9894	0.0053
1TMQ	amber_boltz	3	0.4780	0.5080	-0.0300	0.9962	0.9957	0.0005	0.9936	0.9931	0.0005
1TMQ	amber_boltz	4	0.4610	0.5390	-0.0780	0.9965	0.9952	0.0013	0.9941	0.9904	0.0037
1TMQ	boltz	0	0.4770	0.5030	-0.0260	0.9963	0.9959	0.0004	0.9931	0.9915	0.0016
1TMQ	boltz	1	0.5100	0.5340	-0.0240	0.9957	0.9953	0.0004	0.9936	0.9904	0.0032
1TMQ	boltz	2	0.4450	0.5250	-0.0800	0.9967	0.9955	0.0012	0.9947	0.9888	0.0059
1TMQ	boltz	3	0.4760	0.5090	-0.0330	0.9963	0.9957	0.0006	0.9947	0.9926	0.0021
1TMQ	boltz	4	0.4600	0.5400	-0.0800	0.9965	0.9952	0.0013	0.9941	0.9904	0.0037
1UDI	af_relaxed	0	0.4130	0.4040	0.0090	0.9947	0.9949	-0.0002	0.9978	0.9967	0.0011
1UDI	af_relaxed	1	0.4020	0.4180	-0.0160	0.9949	0.9945	0.0004	0.9967	0.9967	0.0000
1UDI	af_relaxed	2	0.4450	0.4070	0.0380	0.9938	0.9948	-0.0010	0.9967	0.9978	-0.0011
1UDI	af_relaxed	3	0.4080	0.4420	-0.0340	0.9948	0.9939	0.0009	0.9978	0.9967	0.0011
1UDI	af_relaxed	4	0.4440	0.4700	-0.0260	0.9938	0.9931	0.0007	0.9967	0.9945	0.0022
1UDI	amber_af	0	0.4440	0.4040	0.0400	0.9938	0.9949	-0.0011	0.9967	0.9967	0.0000
1UDI	amber_af	1	0.4450	0.4180	0.0270	0.9938	0.9945	-0.0007	0.9956	0.9978	-0.0022
1UDI	amber_af	2	0.4080	0.4070	0.0010	0.9948	0.9948	0.0000	0.9978	0.9978	0.0000
1UDI	amber_af	3	0.4030	0.4420	-0.0390	0.9949	0.9939	0.0010	0.9967	0.9967	0.0000
1UDI	amber_af	4	0.4130	0.4700	-0.0570	0.9946	0.9931	0.0015	0.9978	0.9945	0.0033
1UDI	amber_boltz	0	0.4550	0.4170	0.0380	0.9935	0.9946	-0.0011	0.9956	0.9967	-0.0011
1UDI	amber_boltz	1	0.4350	0.4680	-0.0330	0.9941	0.9932	0.0009	0.9956	0.9934	0.0022
1UDI	amber_boltz	2	0.4120	0.4090	0.0030	0.9947	0.9948	-0.0001	0.9967	0.9967	0.0000
1UDI	amber_boltz	3	0.4370	0.3940	0.0430	0.9940	0.9952	-0.0012	0.9945	0.9967	-0.0022
1UDI	amber_boltz	4	0.4030	0.4160	-0.0130	0.9949	0.9946	0.0003	0.9978	0.9956	0.0022
1UDI	boltz	0	0.4490	0.4110	0.0380	0.9937	0.9947	-0.0010	0.9956	0.9956	0.0000
1UDI	boltz	1	0.4300	0.4640	-0.0340	0.9942	0.9933	0.0009	0.9956	0.9934	0.0022
1UDI	boltz	2	0.4050	0.4000	0.0050	0.9949	0.9950	-0.0001	0.9967	0.9967	0.0000
1UDI	boltz	3	0.4310	0.3880	0.0430	0.9942	0.9953	-0.0011	0.9945	0.9967	-0.0022
1UDI	boltz	4	0.3940	0.4100	-0.0160	0.9951	0.9947	0.0004	0.9967	0.9956	0.0011
1US7	af_relaxed	0	0.6200	0.6050	0.0150	0.9870	0.9876	-0.0006	0.9818	0.9854	-0.0036
1US7	af_relaxed	1	0.6020	0.6240	-0.0220	0.9877	0.9869	0.0008	0.9854	0.9830	0.0024
1US7	af_relaxed	2	0.6320	0.6240	0.0080	0.9865	0.9868	-0.0003	0.9806	0.9818	-0.0012
1US7	af_relaxed	3	0.6350	0.6530	-0.0180	0.9863	0.9856	0.0007	0.9818	0.9818	0.0000
1US7	af_relaxed	4	0.7540	0.6440	0.1100	0.9820	0.9859	-0.0039	0.9733	0.9806	-0.0073
1US7	amber_af	0	0.6310	0.6050	0.0260	0.9866	0.9876	-0.0010	0.9806	0.9854	-0.0048
1US7	amber_af	1	0.6210	0.6220	-0.0010	0.9870	0.9869	0.0001	0.9818	0.9830	-0.0012
1US7	amber_af	2	0.7530	0.6240	0.1290	0.9820	0.9868	-0.0048	0.9733	0.9818	-0.0085
1US7	amber_af	3	0.6020	0.6540	-0.0520	0.9877	0.9855	0.0022	0.9854	0.9806	0.0048
1US7	amber_af	4	0.6350	0.6430	-0.0080	0.9863	0.9860	0.0003	0.9830	0.9818	0.0012
1US7	amber_boltz	0	0.6780	0.6320	0.0460	0.9867	0.9893	-0.0026	0.9806	0.9867	-0.0061
1US7	amber_boltz	1	0.6670	0.6400	0.0270	0.9874	0.9886	-0.0012	0.9806	0.9842	-0.0036
1US7	amber_boltz	2	0.6680	0.6780	-0.0100	0.9878	0.9872	0.0006	0.9842	0.9842	0.0000
1US7	amber_boltz	3	0.6910	0.6880	0.0030	0.9866	0.9865	0.0001	0.9794	0.9794	0.0000
1US7	amber_boltz	4	0.7570	0.7260	0.0310	0.9839	0.9850	-0.0011	0.9709	0.9769	-0.0060
1US7	boltz	0	0.6660	0.6200	0.0460	0.9872	0.9897	-0.0025	0.9818	0.9879	-0.0061
1US7	boltz	1	0.6580	0.6290	0.0290	0.9877	0.9889	-0.0012	0.9830	0.9867	-0.0037
1US7	boltz	2	0.6590	0.6670	-0.0080	0.9881	0.9875	0.0006	0.9842	0.9830	0.0012
1US7	boltz	3	0.6760	0.6760	0.0000	0.9871	0.9870	0.0001	0.9842	0.9806	0.0036
1US7	boltz	4	0.7470	0.7190	0.0280	0.9843	0.9852	-0.0009	0.9721	0.9745	-0.0024
1VFB	af_relaxed	0	0.4560	0.4570	-0.0010	0.9868	0.9864	0.0004	0.9930	0.9953	-0.0023
1VFB	af_relaxed	1	0.4100	0.3870	0.0230	0.9890	0.9902	-0.0012	0.9977	0.9977	0.0000
1VFB	af_relaxed	2	0.4470	0.4540	-0.0070	0.9871	0.9869	0.0002	0.9953	0.9930	0.0023
1VFB	af_relaxed	3	0.4280	0.4060	0.0220	0.9879	0.9890	-0.0011	0.9977	0.9977	0.0000
1VFB	af_relaxed	4	0.4050	0.4210	-0.0160	0.9893	0.9886	0.0007	0.9977	0.9953	0.0024
1VFB	amber_af	0	0.4270	0.4570	-0.0300	0.9879	0.9864	0.0015	0.9977	0.9953	0.0024
1VFB	amber_af	1	0.4620	0.3870	0.0750	0.9863	0.9902	-0.0039	0.9953	0.9977	-0.0024
1VFB	amber_af	2	0.4130	0.4540	-0.0410	0.9889	0.9869	0.0020	0.9977	0.9930	0.0047
1VFB	amber_af	3	0.4570	0.4060	0.0510	0.9868	0.9890	-0.0022	0.9930	0.9977	-0.0047
1VFB	amber_af	4	0.4110	0.4210	-0.0100	0.9891	0.9886	0.0005	0.9977	0.9953	0.0024
1VFB	amber_boltz	0	0.4310	0.3740	0.0570	0.9879	0.9909	-0.0030	0.9953	0.9977	-0.0024
1VFB	amber_boltz	1	0.4680	0.3930	0.0750	0.9866	0.9898	-0.0032	0.9930	0.9953	-0.0023
1VFB	amber_boltz	2	0.3980	0.4180	-0.0200	0.9896	0.9886	0.0010	0.9953	0.9930	0.0023
1VFB	amber_boltz	3	0.4250	0.3630	0.0620	0.9883	0.9912	-0.0029	0.9930	0.9977	-0.0047
1VFB	amber_boltz	4	0.4140	0.4080	0.0060	0.9888	0.9893	-0.0005	0.9953	0.9930	0.0023
1VFB	boltz	0	0.4350	0.3610	0.0740	0.9878	0.9914	-0.0036	0.9953	0.9977	-0.0024
1VFB	boltz	1	0.4660	0.3940	0.0720	0.9868	0.9898	-0.0030	0.9930	0.9953	-0.0023
1VFB	boltz	2	0.3940	0.4170	-0.0230	0.9898	0.9887	0.0011	0.9953	0.9930	0.0023
1VFB	boltz	3	0.4260	0.3590	0.0670	0.9883	0.9914	-0.0031	0.9930	0.9977	-0.0047
1VFB	boltz	4	0.4200	0.4040	0.0160	0.9885	0.9895	-0.0010	0.9953	0.9930	0.0023
1WDW	af_relaxed	0	0.6690	0.6740	-0.0050	0.9896	0.9895	0.0001	0.9885	0.9885	0.0000
1WDW	af_relaxed	1	0.6690	0.6730	-0.0040	0.9895	0.9894	0.0001	0.9875	0.9885	-0.0010
1WDW	af_relaxed	2	0.6880	0.6910	-0.0030	0.9892	0.9891	0.0001	0.9875	0.9885	-0.0010
1WDW	af_relaxed	3	0.6690	0.6690	0.0000	0.9895	0.9896	-0.0001	0.9875	0.9885	-0.0010
1WDW	af_relaxed	4	0.6690	0.6690	0.0000	0.9896	0.9896	0.0000	0.9875	0.9875	0.0000
1WDW	amber_af	0	0.6700	0.6730	-0.0030	0.9895	0.9895	0.0000	0.9875	0.9885	-0.0010
1WDW	amber_af	1	0.6730	0.6730	0.0000	0.9894	0.9894	0.0000	0.9865	0.9875	-0.0010
1WDW	amber_af	2	0.6700	0.6900	-0.0200	0.9896	0.9891	0.0005	0.9885	0.9875	0.0010
1WDW	amber_af	3	0.6680	0.6700	-0.0020	0.9897	0.9896	0.0001	0.9875	0.9885	-0.0010
1WDW	amber_af	4	0.6870	0.6680	0.0190	0.9892	0.9897	-0.0005	0.9885	0.9865	0.0020
1WDW	amber_boltz	0	0.9800	0.9400	0.0400	0.9803	0.9808	-0.0005	0.9698	0.9719	-0.0021
1WDW	amber_boltz	1	0.9520	0.9290	0.0230	0.9799	0.9808	-0.0009	0.9688	0.9719	-0.0031
1WDW	amber_boltz	2	0.8600	0.9430	-0.0830	0.9822	0.9808	0.0014	0.9740	0.9719	0.0021
1WDW	amber_boltz	3	0.9500	0.9250	0.0250	0.9808	0.9811	-0.0003	0.9719	0.9708	0.0011
1WDW	amber_boltz	4	0.9680	0.9210	0.0470	0.9793	0.9813	-0.0020	0.9688	0.9740	-0.0052
1WDW	boltz	0	0.9700	0.9300	0.0400	0.9807	0.9813	-0.0006	0.9708	0.9740	-0.0032
1WDW	boltz	1	0.9440	0.9200	0.0240	0.9803	0.9812	-0.0009	0.9698	0.9719	-0.0021
1WDW	boltz	2	0.8540	0.9370	-0.0830	0.9825	0.9811	0.0014	0.9740	0.9719	0.0021
1WDW	boltz	3	0.9440	0.9160	0.0280	0.9811	0.9815	-0.0004	0.9719	0.9729	-0.0010
1WDW	boltz	4	0.9610	0.9110	0.0500	0.9797	0.9818	-0.0021	0.9677	0.9750	-0.0073
1WEJ	af_relaxed	0	13.6350	13.6380	-0.0030	0.1652	0.1655	-0.0003	0.1442	0.1442	0.0000
1WEJ	af_relaxed	1	13.6280	13.6190	0.0090	0.1656	0.1666	-0.0010	0.1490	0.1466	0.0024
1WEJ	af_relaxed	2	13.6100	13.6190	-0.0090	0.1661	0.1662	-0.0001	0.1514	0.1514	0.0000
1WEJ	af_relaxed	3	13.6210	13.6050	0.0160	0.1660	0.1669	-0.0009	0.1442	0.1442	0.0000
1WEJ	af_relaxed	4	13.6030	13.6260	-0.0230	0.1665	0.1657	0.0008	0.1490	0.1490	0.0000
1WEJ	amber_af	0	13.6280	13.6370	-0.0090	0.1656	0.1654	0.0002	0.1442	0.1442	0.0000
1WEJ	amber_af	1	13.6200	13.6190	0.0010	0.1661	0.1665	-0.0004	0.1442	0.1442	0.0000
1WEJ	amber_af	2	13.6100	13.6200	-0.0100	0.1662	0.1661	0.0001	0.1514	0.1490	0.0024
1WEJ	amber_af	3	13.6340	13.6050	0.0290	0.1653	0.1669	-0.0016	0.1442	0.1490	-0.0048
1WEJ	amber_af	4	13.6040	13.6260	-0.0220	0.1664	0.1660	0.0004	0.1490	0.1442	0.0048
1WEJ	amber_boltz	0	13.6220	13.6360	-0.0140	0.1660	0.1664	-0.0004	0.1466	0.1466	0.0000
1WEJ	amber_boltz	1	13.6510	13.6480	0.0030	0.1652	0.1659	-0.0007	0.1418	0.1442	-0.0024
1WEJ	amber_boltz	2	13.6350	13.6270	0.0080	0.1665	0.1654	0.0011	0.1466	0.1418	0.0048
1WEJ	amber_boltz	3	13.6350	13.6420	-0.0070	0.1657	0.1652	0.0005	0.1466	0.1466	0.0000
1WEJ	amber_boltz	4	13.6270	13.6400	-0.0130	0.1663	0.1656	0.0007	0.1442	0.1466	-0.0024
1WEJ	boltz	0	13.6110	13.6280	-0.0170	0.1666	0.1667	-0.0001	0.1490	0.1490	0.0000
1WEJ	boltz	1	13.6400	13.6380	0.0020	0.1667	0.1661	0.0006	0.1466	0.1466	0.0000
1WEJ	boltz	2	13.6150	13.6090	0.0060	0.1671	0.1667	0.0004	0.1490	0.1442	0.0048
1WEJ	boltz	3	13.6180	13.6300	-0.0120	0.1670	0.1666	0.0004	0.1466	0.1466	0.0000
1WEJ	boltz	4	13.6120	13.6320	-0.0200	0.1665	0.1658	0.0007	0.1442	0.1442	0.0000
1WQ1	af_relaxed	0	1.1650	1.1630	0.0020	0.9749	0.9751	-0.0002	0.9266	0.9273	-0.0007
1WQ1	af_relaxed	1	1.1740	1.1660	0.0080	0.9748	0.9760	-0.0012	0.9273	0.9305	-0.0032
1WQ1	af_relaxed	2	1.1190	1.1620	-0.0430	0.9777	0.9749	0.0028	0.9414	0.9273	0.0141
1WQ1	af_relaxed	3	1.2210	1.2330	-0.0120	0.9734	0.9732	0.0002	0.9258	0.9219	0.0039
1WQ1	af_relaxed	4	1.2230	1.2650	-0.0420	0.9736	0.9719	0.0017	0.9219	0.9180	0.0039
1WQ1	amber_af	0	1.2230	1.1630	0.0600	0.9735	0.9751	-0.0016	0.9211	0.9266	-0.0055
1WQ1	amber_af	1	1.2210	1.1650	0.0560	0.9734	0.9760	-0.0026	0.9250	0.9305	-0.0055
1WQ1	amber_af	2	1.1740	1.1620	0.0120	0.9748	0.9749	-0.0001	0.9266	0.9281	-0.0015
1WQ1	amber_af	3	1.1190	1.2340	-0.1150	0.9777	0.9732	0.0045	0.9414	0.9219	0.0195
1WQ1	amber_af	4	1.1650	1.2650	-0.1000	0.9749	0.9719	0.0030	0.9273	0.9180	0.0093
1WQ1	amber_boltz	0	1.7090	1.6920	0.0170	0.9503	0.9529	-0.0026	0.8727	0.8812	-0.0085
1WQ1	amber_boltz	1	1.6900	1.6420	0.0480	0.9510	0.9532	-0.0022	0.8836	0.8875	-0.0039
1WQ1	amber_boltz	2	1.5670	1.8040	-0.2370	0.9604	0.9446	0.0158	0.8938	0.8633	0.0305
1WQ1	amber_boltz	3	1.6960	1.7390	-0.0430	0.9522	0.9508	0.0014	0.8852	0.8773	0.0079
1WQ1	amber_boltz	4	1.7290	1.8020	-0.0730	0.9506	0.9447	0.0059	0.8828	0.8750	0.0078
1WQ1	boltz	0	1.7010	1.6850	0.0160	0.9506	0.9532	-0.0026	0.8758	0.8820	-0.0062
1WQ1	boltz	1	1.6840	1.6360	0.0480	0.9512	0.9534	-0.0022	0.8836	0.8883	-0.0047
1WQ1	boltz	2	1.5590	1.8030	-0.2440	0.9606	0.9446	0.0160	0.8945	0.8641	0.0304
1WQ1	boltz	3	1.6910	1.7360	-0.0450	0.9524	0.9509	0.0015	0.8883	0.8789	0.0094
1WQ1	boltz	4	1.7240	1.8010	-0.0770	0.9507	0.9447	0.0060	0.8852	0.8750	0.0102
1XD3	af_relaxed	0	0.6660	0.6620	0.0040	0.9903	0.9904	-0.0001	0.9924	0.9924	0.0000
1XD3	af_relaxed	1	0.6570	0.6530	0.0040	0.9902	0.9904	-0.0002	0.9934	0.9934	0.0000
1XD3	af_relaxed	2	0.6480	0.6500	-0.0020	0.9905	0.9906	-0.0001	0.9934	0.9934	0.0000
1XD3	af_relaxed	3	0.6850	0.6860	-0.0010	0.9899	0.9897	0.0002	0.9913	0.9913	0.0000
1XD3	af_relaxed	4	0.6490	0.6450	0.0040	0.9904	0.9906	-0.0002	0.9934	0.9945	-0.0011
1XD3	amber_af	0	0.6490	0.6620	-0.0130	0.9905	0.9904	0.0001	0.9934	0.9924	0.0010
1XD3	amber_af	1	0.6490	0.6530	-0.0040	0.9904	0.9905	-0.0001	0.9934	0.9934	0.0000
1XD3	amber_af	2	0.6650	0.6510	0.0140	0.9903	0.9905	-0.0002	0.9924	0.9934	-0.0010
1XD3	amber_af	3	0.6850	0.6870	-0.0020	0.9899	0.9897	0.0002	0.9913	0.9913	0.0000
1XD3	amber_af	4	0.6570	0.6450	0.0120	0.9902	0.9906	-0.0004	0.9934	0.9945	-0.0011
1XD3	amber_boltz	0	0.7250	0.6830	0.0420	0.9909	0.9916	-0.0007	0.9934	0.9956	-0.0022
1XD3	amber_boltz	1	0.7060	0.7440	-0.0380	0.9918	0.9909	0.0009	0.9956	0.9945	0.0011
1XD3	amber_boltz	2	0.6470	0.6750	-0.0280	0.9918	0.9913	0.0005	0.9956	0.9945	0.0011
1XD3	amber_boltz	3	0.6890	0.7620	-0.0730	0.9915	0.9908	0.0007	0.9945	0.9956	-0.0011
1XD3	amber_boltz	4	0.6370	0.6240	0.0130	0.9924	0.9925	-0.0001	0.9956	0.9956	0.0000
1XD3	boltz	0	0.7220	0.6780	0.0440	0.9910	0.9918	-0.0008	0.9934	0.9956	-0.0022
1XD3	boltz	1	0.7120	0.7400	-0.0280	0.9917	0.9911	0.0006	0.9956	0.9956	0.0000
1XD3	boltz	2	0.6420	0.6690	-0.0270	0.9919	0.9915	0.0004	0.9967	0.9945	0.0022
1XD3	boltz	3	0.6850	0.7500	-0.0650	0.9916	0.9910	0.0006	0.9945	0.9956	-0.0011
1XD3	boltz	4	0.6350	0.6170	0.0180	0.9925	0.9927	-0.0002	0.9956	0.9967	-0.0011
1XQS	af_relaxed	0	0.7080	0.5810	0.1270	0.9895	0.9910	-0.0015	0.9886	0.9905	-0.0019
1XQS	af_relaxed	1	0.5810	0.5850	-0.0040	0.9911	0.9910	0.0001	0.9886	0.9886	0.0000
1XQS	af_relaxed	2	0.5820	0.7190	-0.1370	0.9910	0.9891	0.0019	0.9886	0.9877	0.0009
1XQS	af_relaxed	3	0.6010	0.6230	-0.0220	0.9905	0.9897	0.0008	0.9867	0.9858	0.0009
1XQS	af_relaxed	4	0.6370	0.5900	0.0470	0.9892	0.9908	-0.0016	0.9820	0.9867	-0.0047
1XQS	amber_af	0	0.7080	0.5810	0.1270	0.9895	0.9910	-0.0015	0.9886	0.9896	-0.0010
1XQS	amber_af	1	0.6350	0.5850	0.0500	0.9892	0.9910	-0.0018	0.9820	0.9886	-0.0066
1XQS	amber_af	2	0.5820	0.7190	-0.1370	0.9910	0.9891	0.0019	0.9886	0.9877	0.0009
1XQS	amber_af	3	0.6010	0.6230	-0.0220	0.9904	0.9897	0.0007	0.9867	0.9848	0.0019
1XQS	amber_af	4	0.5810	0.5900	-0.0090	0.9911	0.9908	0.0003	0.9886	0.9867	0.0019
1XQS	amber_boltz	0	0.7900	0.6400	0.1500	0.9873	0.9890	-0.0017	0.9858	0.9792	0.0066
1XQS	amber_boltz	1	0.6630	0.6220	0.0410	0.9886	0.9897	-0.0011	0.9830	0.9858	-0.0028
1XQS	amber_boltz	2	0.7360	0.6100	0.1260	0.9860	0.9904	-0.0044	0.9744	0.9886	-0.0142
1XQS	amber_boltz	3	0.8830	0.7220	0.1610	0.9831	0.9862	-0.0031	0.9744	0.9688	0.0056
1XQS	amber_boltz	4	0.7320	0.8570	-0.1250	0.9859	0.9846	0.0013	0.9650	0.9744	-0.0094
1XQS	boltz	0	0.7880	0.6380	0.1500	0.9874	0.9890	-0.0016	0.9848	0.9801	0.0047
1XQS	boltz	1	0.6620	0.6230	0.0390	0.9886	0.9897	-0.0011	0.9839	0.9848	-0.0009
1XQS	boltz	2	0.7330	0.6060	0.1270	0.9861	0.9905	-0.0044	0.9744	0.9905	-0.0161
1XQS	boltz	3	0.8830	0.7190	0.1640	0.9831	0.9863	-0.0032	0.9754	0.9706	0.0048
1XQS	boltz	4	0.7310	0.8560	-0.1250	0.9859	0.9847	0.0012	0.9650	0.9735	-0.0085
1XU1	af_relaxed	0	0.6760	0.6590	0.0170	0.9843	0.9846	-0.0003	0.9909	0.9909	0.0000
1XU1	af_relaxed	1	0.7930	0.7830	0.0100	0.9782	0.9783	-0.0001	0.9818	0.9818	0.0000
1XU1	af_relaxed	2	0.7880	0.7860	0.0020	0.9795	0.9785	0.0010	0.9854	0.9836	0.0018
1XU1	af_relaxed	3	0.7580	0.7970	-0.0390	0.9796	0.9790	0.0006	0.9836	0.9854	-0.0018
1XU1	af_relaxed	4	0.7860	0.7580	0.0280	0.9786	0.9797	-0.0011	0.9836	0.9818	0.0018
1XU1	amber_af	0	0.6770	0.6590	0.0180	0.9843	0.9846	-0.0003	0.9909	0.9909	0.0000
1XU1	amber_af	1	0.7920	0.7840	0.0080	0.9782	0.9783	-0.0001	0.9818	0.9818	0.0000
1XU1	amber_af	2	0.7590	0.7850	-0.0260	0.9796	0.9785	0.0011	0.9836	0.9836	0.0000
1XU1	amber_af	3	0.7890	0.7970	-0.0080	0.9795	0.9790	0.0005	0.9854	0.9854	0.0000
1XU1	amber_af	4	0.7850	0.7590	0.0260	0.9785	0.9796	-0.0011	0.9836	0.9818	0.0018
1XU1	amber_boltz	0	0.5730	0.6470	-0.0740	0.9854	0.9813	0.0041	0.9909	0.9872	0.0037
1XU1	amber_boltz	1	0.6530	0.6050	0.0480	0.9807	0.9835	-0.0028	0.9854	0.9909	-0.0055
1XU1	amber_boltz	2	0.6150	0.6360	-0.0210	0.9827	0.9829	-0.0002	0.9909	0.9909	0.0000
1XU1	amber_boltz	3	0.6470	0.6340	0.0130	0.9812	0.9822	-0.0010	0.9909	0.9891	0.0018
1XU1	amber_boltz	4	0.6550	0.6460	0.0090	0.9815	0.9812	0.0003	0.9872	0.9891	-0.0019
1XU1	boltz	0	0.5770	0.6460	-0.0690	0.9852	0.9814	0.0038	0.9909	0.9872	0.0037
1XU1	boltz	1	0.6490	0.6100	0.0390	0.9810	0.9833	-0.0023	0.9854	0.9891	-0.0037
1XU1	boltz	2	0.6120	0.6350	-0.0230	0.9829	0.9831	-0.0002	0.9909	0.9909	0.0000
1XU1	boltz	3	0.6440	0.6340	0.0100	0.9814	0.9822	-0.0008	0.9891	0.9891	0.0000
1XU1	boltz	4	0.6530	0.6490	0.0040	0.9816	0.9810	0.0006	0.9872	0.9891	-0.0019
1Y64	af_relaxed	0	1.1670	1.1750	-0.0080	0.9742	0.9740	0.0002	0.9108	0.9087	0.0021
1Y64	af_relaxed	1	1.2480	1.2590	-0.0110	0.9732	0.9728	0.0004	0.9087	0.9066	0.0021
1Y64	af_relaxed	2	1.2000	1.2040	-0.0040	0.9731	0.9745	-0.0014	0.9094	0.9136	-0.0042
1Y64	af_relaxed	3	1.1880	1.2130	-0.0250	0.9751	0.9721	0.0030	0.9150	0.8989	0.0161
1Y64	af_relaxed	4	1.2130	1.2470	-0.0340	0.9742	0.9729	0.0013	0.9108	0.9066	0.0042
1Y64	amber_af	0	1.1890	1.1750	0.0140	0.9750	0.9740	0.0010	0.9129	0.9094	0.0035
1Y64	amber_af	1	1.2130	1.2590	-0.0460	0.9742	0.9727	0.0015	0.9115	0.9059	0.0056
1Y64	amber_af	2	1.2470	1.2010	0.0460	0.9732	0.9746	-0.0014	0.9087	0.9143	-0.0056
1Y64	amber_af	3	1.1940	1.2180	-0.0240	0.9733	0.9719	0.0014	0.9087	0.8982	0.0105
1Y64	amber_af	4	1.1660	1.2470	-0.0810	0.9743	0.9729	0.0014	0.9101	0.9066	0.0035
1Y64	amber_boltz	0	1.2460	1.3400	-0.0940	0.9736	0.9698	0.0038	0.9136	0.8982	0.0154
1Y64	amber_boltz	1	1.2640	1.3380	-0.0740	0.9728	0.9692	0.0036	0.9115	0.8862	0.0253
1Y64	amber_boltz	2	1.2750	1.2730	0.0020	0.9719	0.9723	-0.0004	0.9059	0.9031	0.0028
1Y64	amber_boltz	3	1.4190	1.3570	0.0620	0.9671	0.9689	-0.0018	0.8961	0.8961	0.0000
1Y64	amber_boltz	4	1.3560	1.5100	-0.1540	0.9694	0.9617	0.0077	0.9059	0.8581	0.0478
1Y64	boltz	0	1.1770	1.3190	-0.1420	0.9761	0.9708	0.0053	0.9228	0.9024	0.0204
1Y64	boltz	1	1.2490	1.3170	-0.0680	0.9735	0.9703	0.0032	0.9164	0.8954	0.0210
1Y64	boltz	2	1.1650	1.2490	-0.0840	0.9761	0.9734	0.0027	0.9185	0.9073	0.0112
1Y64	boltz	3	1.2620	1.2500	0.0120	0.9726	0.9730	-0.0004	0.9108	0.9129	-0.0021
1Y64	boltz	4	1.2510	1.3860	-0.1350	0.9739	0.9668	0.0071	0.9199	0.8757	0.0442
1YVB	af_relaxed	0	0.4970	0.4850	0.0120	0.9928	0.9931	-0.0003	0.9927	0.9938	-0.0011
1YVB	af_relaxed	1	0.5660	0.5660	0.0000	0.9907	0.9908	-0.0001	0.9855	0.9855	0.0000
1YVB	af_relaxed	2	0.5200	0.5430	-0.0230	0.9921	0.9914	0.0007	0.9907	0.9876	0.0031
1YVB	af_relaxed	3	0.6500	0.6890	-0.0390	0.9890	0.9882	0.0008	0.9844	0.9824	0.0020
1YVB	af_relaxed	4	0.6590	0.6780	-0.0190	0.9890	0.9885	0.0005	0.9855	0.9834	0.0021
1YVB	amber_af	0	0.4970	0.4850	0.0120	0.9928	0.9931	-0.0003	0.9927	0.9938	-0.0011
1YVB	amber_af	1	0.5200	0.5660	-0.0460	0.9921	0.9908	0.0013	0.9907	0.9865	0.0042
1YVB	amber_af	2	0.6600	0.5430	0.1170	0.9890	0.9914	-0.0024	0.9855	0.9876	-0.0021
1YVB	amber_af	3	0.6510	0.6890	-0.0380	0.9889	0.9881	0.0008	0.9844	0.9824	0.0020
1YVB	amber_af	4	0.5660	0.6780	-0.1120	0.9907	0.9885	0.0022	0.9844	0.9834	0.0010
1YVB	amber_boltz	0	0.5070	0.5990	-0.0920	0.9926	0.9896	0.0030	0.9907	0.9803	0.0104
1YVB	amber_boltz	1	0.6040	0.5170	0.0870	0.9897	0.9922	-0.0025	0.9834	0.9876	-0.0042
1YVB	amber_boltz	2	0.5400	0.5480	-0.0080	0.9916	0.9916	0.0000	0.9876	0.9865	0.0011
1YVB	amber_boltz	3	0.5900	0.5830	0.0070	0.9904	0.9907	-0.0003	0.9844	0.9834	0.0010
1YVB	amber_boltz	4	0.5770	0.5300	0.0470	0.9909	0.9920	-0.0011	0.9865	0.9896	-0.0031
1YVB	boltz	0	0.5080	0.5960	-0.0880	0.9926	0.9898	0.0028	0.9886	0.9803	0.0083
1YVB	boltz	1	0.6030	0.5160	0.0870	0.9898	0.9922	-0.0024	0.9834	0.9876	-0.0042
1YVB	boltz	2	0.5420	0.5450	-0.0030	0.9915	0.9917	-0.0002	0.9855	0.9865	-0.0010
1YVB	boltz	3	0.5900	0.5830	0.0070	0.9905	0.9907	-0.0002	0.9834	0.9834	0.0000
1YVB	boltz	4	0.5760	0.5270	0.0490	0.9910	0.9921	-0.0011	0.9865	0.9886	-0.0021
1Z0K	af_relaxed	0	0.5800	0.5240	0.0560	0.9882	0.9903	-0.0021	0.9867	0.9926	-0.0059
1Z0K	af_relaxed	1	0.5210	0.5290	-0.0080	0.9905	0.9901	0.0004	0.9926	0.9926	0.0000
1Z0K	af_relaxed	2	0.5670	0.5570	0.0100	0.9887	0.9891	-0.0004	0.9882	0.9882	0.0000
1Z0K	af_relaxed	3	0.5320	0.5500	-0.0180	0.9900	0.9892	0.0008	0.9926	0.9896	0.0030
1Z0K	af_relaxed	4	0.5420	0.6800	-0.1380	0.9895	0.9836	0.0059	0.9911	0.9822	0.0089
1Z0K	amber_af	0	0.5210	0.5240	-0.0030	0.9905	0.9903	0.0002	0.9926	0.9926	0.0000
1Z0K	amber_af	1	0.5670	0.5280	0.0390	0.9888	0.9901	-0.0013	0.9882	0.9926	-0.0044
1Z0K	amber_af	2	0.5800	0.5570	0.0230	0.9882	0.9891	-0.0009	0.9867	0.9882	-0.0015
1Z0K	amber_af	3	0.5320	0.5500	-0.0180	0.9900	0.9892	0.0008	0.9926	0.9896	0.0030
1Z0K	amber_af	4	0.5420	0.6770	-0.1350	0.9895	0.9838	0.0057	0.9911	0.9822	0.0089
1Z0K	amber_boltz	0	1.3940	1.4000	-0.0060	0.9488	0.9486	0.0002	0.9349	0.9349	0.0000
1Z0K	amber_boltz	1	1.3820	1.4460	-0.0640	0.9495	0.9460	0.0035	0.9349	0.9334	0.0015
1Z0K	amber_boltz	2	1.3850	1.5010	-0.1160	0.9493	0.9436	0.0057	0.9349	0.9349	0.0000
1Z0K	amber_boltz	3	1.4320	1.4220	0.0100	0.9463	0.9465	-0.0002	0.9305	0.9334	-0.0029
1Z0K	amber_boltz	4	1.5450	1.3240	0.2210	0.9422	0.9516	-0.0094	0.9305	0.9334	-0.0029
1Z0K	boltz	0	1.3860	1.3900	-0.0040	0.9492	0.9491	0.0001	0.9379	0.9349	0.0030
1Z0K	boltz	1	1.3660	1.4320	-0.0660	0.9504	0.9466	0.0038	0.9364	0.9320	0.0044
1Z0K	boltz	2	1.3770	1.4870	-0.1100	0.9497	0.9444	0.0053	0.9349	0.9364	-0.0015
1Z0K	boltz	3	1.4160	1.4170	-0.0010	0.9472	0.9467	0.0005	0.9320	0.9334	-0.0014
1Z0K	boltz	4	1.5320	1.3150	0.2170	0.9429	0.9520	-0.0091	0.9305	0.9334	-0.0029
1Z5Y	af_relaxed	0	0.3460	0.3690	-0.0230	0.9930	0.9921	0.0009	0.9958	0.9958	0.0000
1Z5Y	af_relaxed	1	0.3700	0.3360	0.0340	0.9921	0.9934	-0.0013	0.9958	0.9958	0.0000
1Z5Y	af_relaxed	2	0.3250	0.3150	0.0100	0.9938	0.9942	-0.0004	0.9979	0.9979	0.0000
1Z5Y	af_relaxed	3	0.7570	0.7520	0.0050	0.9833	0.9838	-0.0005	0.9894	0.9873	0.0021
1Z5Y	af_relaxed	4	0.3970	0.7690	-0.3720	0.9913	0.9809	0.0104	0.9979	0.9873	0.0106
1Z5Y	amber_af	0	0.3460	0.3690	-0.0230	0.9930	0.9921	0.0009	0.9958	0.9958	0.0000
1Z5Y	amber_af	1	0.3700	0.3360	0.0340	0.9921	0.9934	-0.0013	0.9958	0.9958	0.0000
1Z5Y	amber_af	2	0.4000	0.3140	0.0860	0.9912	0.9942	-0.0030	0.9958	0.9979	-0.0021
1Z5Y	amber_af	3	0.7440	0.7530	-0.0090	0.9837	0.9837	0.0000	0.9873	0.9873	0.0000
1Z5Y	amber_af	4	0.3230	0.7670	-0.4440	0.9939	0.9810	0.0129	0.9979	0.9873	0.0106
1Z5Y	amber_boltz	0	0.9120	0.7870	0.1250	0.9675	0.9740	-0.0065	0.9682	0.9725	-0.0043
1Z5Y	amber_boltz	1	0.8790	0.8820	-0.0030	0.9689	0.9691	-0.0002	0.9661	0.9682	-0.0021
1Z5Y	amber_boltz	2	0.8630	0.9460	-0.0830	0.9695	0.9663	0.0032	0.9682	0.9640	0.0042
1Z5Y	amber_boltz	3	0.9410	1.2460	-0.3050	0.9681	0.9620	0.0061	0.9661	0.9640	0.0021
1Z5Y	amber_boltz	4	0.9140	1.0110	-0.0970	0.9669	0.9639	0.0030	0.9640	0.9640	0.0000
1Z5Y	boltz	0	0.9100	0.7740	0.1360	0.9677	0.9746	-0.0069	0.9703	0.9725	-0.0022
1Z5Y	boltz	1	0.8720	0.8770	-0.0050	0.9694	0.9695	-0.0001	0.9682	0.9682	0.0000
1Z5Y	boltz	2	0.8610	0.9350	-0.0740	0.9697	0.9669	0.0028	0.9703	0.9682	0.0021
1Z5Y	boltz	3	0.9340	1.2480	-0.3140	0.9683	0.9621	0.0062	0.9661	0.9640	0.0021
1Z5Y	boltz	4	0.9100	1.0130	-0.1030	0.9672	0.9641	0.0031	0.9640	0.9619	0.0021
1ZHH	af_relaxed	0	3.5830	3.4850	0.0980	0.8166	0.8208	-0.0042	0.6831	0.6933	-0.0102
1ZHH	af_relaxed	1	3.5500	3.4200	0.1300	0.8156	0.8247	-0.0091	0.6904	0.6948	-0.0044
1ZHH	af_relaxed	2	3.4240	3.5040	-0.0800	0.8245	0.8191	0.0054	0.6948	0.6919	0.0029
1ZHH	af_relaxed	3	3.4810	3.4340	0.0470	0.8210	0.8247	-0.0037	0.6875	0.6911	-0.0036
1ZHH	af_relaxed	4	3.1810	3.2710	-0.0900	0.8436	0.8382	0.0054	0.7020	0.6969	0.0051
1ZHH	amber_af	0	3.5510	3.4850	0.0660	0.8156	0.8208	-0.0052	0.6919	0.6940	-0.0021
1ZHH	amber_af	1	3.5830	3.4200	0.1630	0.8166	0.8247	-0.0081	0.6831	0.6948	-0.0117
1ZHH	amber_af	2	3.4810	3.5030	-0.0220	0.8209	0.8191	0.0018	0.6875	0.6919	-0.0044
1ZHH	amber_af	3	3.1820	3.4340	-0.2520	0.8435	0.8247	0.0188	0.7020	0.6919	0.0101
1ZHH	amber_af	4	3.4240	3.2710	0.1530	0.8245	0.8382	-0.0137	0.6948	0.6969	-0.0021
1ZHH	amber_boltz	0	3.5820	3.6630	-0.0810	0.8179	0.8097	0.0082	0.6810	0.6773	0.0037
1ZHH	amber_boltz	1	3.6720	3.6730	-0.0010	0.8086	0.8092	-0.0006	0.6781	0.6781	0.0000
1ZHH	amber_boltz	2	3.5920	3.6330	-0.0410	0.8186	0.8128	0.0058	0.6853	0.6773	0.0080
1ZHH	amber_boltz	3	3.4900	3.6540	-0.1640	0.8252	0.8136	0.0116	0.6897	0.6788	0.0109
1ZHH	amber_boltz	4	3.6320	3.6860	-0.0540	0.8134	0.8106	0.0028	0.6795	0.6781	0.0014
1ZHH	boltz	0	3.5790	3.6650	-0.0860	0.8179	0.8094	0.0085	0.6810	0.6773	0.0037
1ZHH	boltz	1	3.6710	3.6730	-0.0020	0.8085	0.8091	-0.0006	0.6781	0.6766	0.0015
1ZHH	boltz	2	3.5890	3.6320	-0.0430	0.8187	0.8127	0.0060	0.6853	0.6773	0.0080
1ZHH	boltz	3	3.4850	3.6500	-0.1650	0.8253	0.8137	0.0116	0.6890	0.6788	0.0102
1ZHH	boltz	4	3.6290	3.6830	-0.0540	0.8134	0.8106	0.0028	0.6795	0.6788	0.0007
1ZHI	af_relaxed	0	1.8030	1.8150	-0.0120	0.9443	0.9437	0.0006	0.9218	0.9205	0.0013
1ZHI	af_relaxed	1	1.8760	1.8520	0.0240	0.9404	0.9418	-0.0014	0.9167	0.9231	-0.0064
1ZHI	af_relaxed	2	1.8560	1.7850	0.0710	0.9408	0.9425	-0.0017	0.9179	0.9179	0.0000
1ZHI	af_relaxed	3	1.7780	1.6270	0.1510	0.9442	0.9493	-0.0051	0.9218	0.9295	-0.0077
1ZHI	af_relaxed	4	1.6690	1.8060	-0.1370	0.9485	0.9435	0.0050	0.9282	0.9231	0.0051
1ZHI	amber_af	0	1.7780	1.8140	-0.0360	0.9442	0.9437	0.0005	0.9218	0.9205	0.0013
1ZHI	amber_af	1	1.6690	1.8510	-0.1820	0.9485	0.9418	0.0067	0.9269	0.9231	0.0038
1ZHI	amber_af	2	1.8560	1.7840	0.0720	0.9408	0.9425	-0.0017	0.9179	0.9179	0.0000
1ZHI	amber_af	3	1.8030	1.6280	0.1750	0.9443	0.9493	-0.0050	0.9218	0.9295	-0.0077
1ZHI	amber_af	4	1.8750	1.8070	0.0680	0.9404	0.9434	-0.0030	0.9179	0.9218	-0.0039
1ZHI	amber_boltz	0	1.8430	1.6850	0.1580	0.9405	0.9470	-0.0065	0.9205	0.9295	-0.0090
1ZHI	amber_boltz	1	1.8740	1.6710	0.2030	0.9375	0.9437	-0.0062	0.9205	0.9269	-0.0064
1ZHI	amber_boltz	2	1.7740	1.7130	0.0610	0.9463	0.9460	0.0003	0.9321	0.9282	0.0039
1ZHI	amber_boltz	3	1.8640	1.8590	0.0050	0.9408	0.9418	-0.0010	0.9244	0.9244	0.0000
1ZHI	amber_boltz	4	1.7930	1.7670	0.0260	0.9424	0.9431	-0.0007	0.9244	0.9192	0.0052
1ZHI	boltz	0	1.8390	1.6810	0.1580	0.9407	0.9471	-0.0064	0.9205	0.9282	-0.0077
1ZHI	boltz	1	1.8720	1.6660	0.2060	0.9376	0.9441	-0.0065	0.9192	0.9269	-0.0077
1ZHI	boltz	2	1.7710	1.7120	0.0590	0.9465	0.9464	0.0001	0.9308	0.9244	0.0064
1ZHI	boltz	3	1.8580	1.8530	0.0050	0.9412	0.9421	-0.0009	0.9244	0.9256	-0.0012
1ZHI	boltz	4	1.7920	1.7640	0.0280	0.9426	0.9434	-0.0008	0.9269	0.9205	0.0064
1ZLI	af_relaxed	0	0.4240	0.4260	-0.0020	0.9958	0.9958	0.0000	0.9951	0.9951	0.0000
1ZLI	af_relaxed	1	0.4320	0.4260	0.0060	0.9957	0.9958	-0.0001	0.9951	0.9951	0.0000
1ZLI	af_relaxed	2	0.4250	0.4290	-0.0040	0.9958	0.9957	0.0001	0.9951	0.9951	0.0000
1ZLI	af_relaxed	3	0.4260	0.4230	0.0030	0.9958	0.9959	-0.0001	0.9951	0.9951	0.0000
1ZLI	af_relaxed	4	0.4260	0.4270	-0.0010	0.9958	0.9958	0.0000	0.9951	0.9951	0.0000
1ZLI	amber_af	0	0.4260	0.4260	0.0000	0.9958	0.9958	0.0000	0.9951	0.9951	0.0000
1ZLI	amber_af	1	0.4270	0.4260	0.0010	0.9958	0.9958	0.0000	0.9951	0.9951	0.0000
1ZLI	amber_af	2	0.4240	0.4290	-0.0050	0.9958	0.9958	0.0000	0.9951	0.9951	0.0000
1ZLI	amber_af	3	0.4260	0.4230	0.0030	0.9958	0.9959	-0.0001	0.9951	0.9951	0.0000
1ZLI	amber_af	4	0.4310	0.4270	0.0040	0.9957	0.9958	-0.0001	0.9951	0.9951	0.0000
1ZLI	amber_boltz	0	0.4420	0.5160	-0.0740	0.9955	0.9948	0.0007	0.9935	0.9935	0.0000
1ZLI	amber_boltz	1	0.4210	0.5360	-0.1150	0.9959	0.9945	0.0014	0.9943	0.9935	0.0008
1ZLI	amber_boltz	2	0.5330	0.5390	-0.0060	0.9949	0.9943	0.0006	0.9935	0.9926	0.0009
1ZLI	amber_boltz	3	0.5570	0.4340	0.1230	0.9942	0.9956	-0.0014	0.9926	0.9951	-0.0025
1ZLI	amber_boltz	4	0.4200	0.5370	-0.1170	0.9959	0.9944	0.0015	0.9943	0.9918	0.0025
1ZLI	boltz	0	0.4400	0.5140	-0.0740	0.9956	0.9948	0.0008	0.9926	0.9926	0.0000
1ZLI	boltz	1	0.4200	0.5350	-0.1150	0.9959	0.9945	0.0014	0.9935	0.9935	0.0000
1ZLI	boltz	2	0.5330	0.5350	-0.0020	0.9949	0.9944	0.0005	0.9935	0.9926	0.0009
1ZLI	boltz	3	0.5540	0.4340	0.1200	0.9942	0.9957	-0.0015	0.9926	0.9951	-0.0025
1ZLI	boltz	4	0.4200	0.5350	-0.1150	0.9959	0.9944	0.0015	0.9943	0.9918	0.0025
1ZM4	af_relaxed	0	11.6650	11.7250	-0.0600	0.6577	0.6561	0.0016	0.5431	0.5407	0.0024
1ZM4	af_relaxed	1	11.1270	11.2150	-0.0880	0.6666	0.6657	0.0009	0.5489	0.5492	-0.0003
1ZM4	af_relaxed	2	11.9110	11.9550	-0.0440	0.6560	0.6550	0.0010	0.5374	0.5355	0.0019
1ZM4	af_relaxed	3	11.7330	11.7000	0.0330	0.6554	0.6568	-0.0014	0.5386	0.5431	-0.0045
1ZM4	af_relaxed	4	11.8830	11.8520	0.0310	0.6554	0.6549	0.0005	0.5352	0.5358	-0.0006
1ZM4	amber_af	0	11.8830	11.7250	0.1580	0.6554	0.6561	-0.0007	0.5349	0.5413	-0.0064
1ZM4	amber_af	1	11.9120	11.2150	0.6970	0.6560	0.6657	-0.0097	0.5374	0.5489	-0.0115
1ZM4	amber_af	2	11.1270	11.9540	-0.8270	0.6666	0.6550	0.0116	0.5483	0.5355	0.0128
1ZM4	amber_af	3	11.6640	11.7000	-0.0360	0.6577	0.6568	0.0009	0.5428	0.5434	-0.0006
1ZM4	amber_af	4	11.7320	11.8510	-0.1190	0.6555	0.6549	0.0006	0.5380	0.5355	0.0025
1ZM4	amber_boltz	0	11.7450	11.7400	0.0050	0.6557	0.6590	-0.0033	0.5149	0.5204	-0.0055
1ZM4	amber_boltz	1	12.0920	11.6640	0.4280	0.6501	0.6566	-0.0065	0.5118	0.5182	-0.0064
1ZM4	amber_boltz	2	11.8150	11.7990	0.0160	0.6541	0.6585	-0.0044	0.5188	0.5118	0.0070
1ZM4	amber_boltz	3	11.8100	11.5550	0.2550	0.6558	0.6607	-0.0049	0.5194	0.5158	0.0036
1ZM4	amber_boltz	4	11.6130	11.4700	0.1430	0.6601	0.6608	-0.0007	0.5170	0.5231	-0.0061
1ZM4	boltz	0	11.7400	11.7350	0.0050	0.6557	0.6591	-0.0034	0.5167	0.5219	-0.0052
1ZM4	boltz	1	12.0850	11.6600	0.4250	0.6502	0.6565	-0.0063	0.5115	0.5182	-0.0067
1ZM4	boltz	2	11.8110	11.7940	0.0170	0.6542	0.6586	-0.0044	0.5197	0.5109	0.0088
1ZM4	boltz	3	11.8080	11.5500	0.2580	0.6558	0.6606	-0.0048	0.5197	0.5155	0.0042
1ZM4	boltz	4	11.6090	11.4650	0.1440	0.6601	0.6608	-0.0007	0.5161	0.5255	-0.0094
2A1A	af_relaxed	0	1.1140	1.1100	0.0040	0.9671	0.9677	-0.0006	0.9658	0.9658	0.0000
2A1A	af_relaxed	1	1.0890	1.0890	0.0000	0.9692	0.9691	0.0001	0.9658	0.9658	0.0000
2A1A	af_relaxed	2	1.0800	1.1080	-0.0280	0.9702	0.9675	0.0027	0.9705	0.9658	0.0047
2A1A	af_relaxed	3	1.1040	1.0810	0.0230	0.9679	0.9699	-0.0020	0.9658	0.9689	-0.0031
2A1A	af_relaxed	4	1.0800	1.0760	0.0040	0.9703	0.9705	-0.0002	0.9689	0.9689	0.0000
2A1A	amber_af	0	1.1150	1.1090	0.0060	0.9671	0.9677	-0.0006	0.9658	0.9658	0.0000
2A1A	amber_af	1	1.1040	1.0900	0.0140	0.9679	0.9691	-0.0012	0.9658	0.9658	0.0000
2A1A	amber_af	2	1.0800	1.1080	-0.0280	0.9703	0.9675	0.0028	0.9689	0.9643	0.0046
2A1A	amber_af	3	1.0890	1.0810	0.0080	0.9692	0.9699	-0.0007	0.9658	0.9689	-0.0031
2A1A	amber_af	4	1.0800	1.0760	0.0040	0.9702	0.9705	-0.0003	0.9705	0.9689	0.0016
2A1A	amber_boltz	0	0.9490	1.0860	-0.1370	0.9721	0.9681	0.0040	0.9705	0.9643	0.0062
2A1A	amber_boltz	1	1.0630	0.9910	0.0720	0.9707	0.9731	-0.0024	0.9674	0.9705	-0.0031
2A1A	amber_boltz	2	1.0590	1.1900	-0.1310	0.9714	0.9674	0.0040	0.9689	0.9689	0.0000
2A1A	amber_boltz	3	1.0430	1.1160	-0.0730	0.9726	0.9720	0.0006	0.9720	0.9720	0.0000
2A1A	amber_boltz	4	1.0740	1.0870	-0.0130	0.9680	0.9694	-0.0014	0.9674	0.9705	-0.0031
2A1A	boltz	0	0.9500	1.0880	-0.1380	0.9722	0.9679	0.0043	0.9736	0.9643	0.0093
2A1A	boltz	1	1.0600	0.9900	0.0700	0.9706	0.9731	-0.0025	0.9674	0.9720	-0.0046
2A1A	boltz	2	1.0570	1.1790	-0.1220	0.9714	0.9676	0.0038	0.9705	0.9689	0.0016
2A1A	boltz	3	1.0390	1.1130	-0.0740	0.9727	0.9720	0.0007	0.9736	0.9720	0.0016
2A1A	boltz	4	1.0780	1.0910	-0.0130	0.9679	0.9692	-0.0013	0.9674	0.9705	-0.0031
2A5T	af_relaxed	0	0.6750	0.6450	0.0300	0.9898	0.9907	-0.0009	0.9797	0.9843	-0.0046
2A5T	af_relaxed	1	0.6800	0.6880	-0.0080	0.9898	0.9898	0.0000	0.9797	0.9797	0.0000
2A5T	af_relaxed	2	0.6550	0.6570	-0.0020	0.9906	0.9906	0.0000	0.9834	0.9834	0.0000
2A5T	af_relaxed	3	0.6770	0.6740	0.0030	0.9896	0.9897	-0.0001	0.9797	0.9797	0.0000
2A5T	af_relaxed	4	0.6780	0.6810	-0.0030	0.9896	0.9895	0.0001	0.9797	0.9797	0.0000
2A5T	amber_af	0	0.6750	0.6450	0.0300	0.9898	0.9907	-0.0009	0.9797	0.9843	-0.0046
2A5T	amber_af	1	0.6770	0.6880	-0.0110	0.9896	0.9898	-0.0002	0.9797	0.9797	0.0000
2A5T	amber_af	2	0.6780	0.6570	0.0210	0.9896	0.9906	-0.0010	0.9797	0.9834	-0.0037
2A5T	amber_af	3	0.6560	0.6740	-0.0180	0.9905	0.9897	0.0008	0.9834	0.9797	0.0037
2A5T	amber_af	4	0.6790	0.6810	-0.0020	0.9898	0.9895	0.0003	0.9797	0.9797	0.0000
2A5T	amber_boltz	0	0.8890	0.8190	0.0700	0.9819	0.9846	-0.0027	0.9668	0.9742	-0.0074
2A5T	amber_boltz	1	0.8100	0.9880	-0.1780	0.9850	0.9781	0.0069	0.9714	0.9566	0.0148
2A5T	amber_boltz	2	0.8450	0.8460	-0.0010	0.9836	0.9842	-0.0006	0.9751	0.9751	0.0000
2A5T	amber_boltz	3	0.8850	0.9070	-0.0220	0.9822	0.9812	0.0010	0.9668	0.9640	0.0028
2A5T	amber_boltz	4	0.7400	0.8940	-0.1540	0.9875	0.9828	0.0047	0.9797	0.9732	0.0065
2A5T	boltz	0	0.8870	0.8170	0.0700	0.9820	0.9847	-0.0027	0.9668	0.9714	-0.0046
2A5T	boltz	1	0.8040	0.9870	-0.1830	0.9852	0.9782	0.0070	0.9751	0.9594	0.0157
2A5T	boltz	2	0.8450	0.8440	0.0010	0.9836	0.9843	-0.0007	0.9732	0.9742	-0.0010
2A5T	boltz	3	0.8830	0.9030	-0.0200	0.9823	0.9814	0.0009	0.9677	0.9649	0.0028
2A5T	boltz	4	0.7380	0.8920	-0.1540	0.9876	0.9829	0.0047	0.9797	0.9742	0.0055
2A9K	af_relaxed	0	0.9170	0.9580	-0.0410	0.9746	0.9721	0.0025	0.9662	0.9632	0.0030
2A9K	af_relaxed	1	0.9600	1.0300	-0.0700	0.9715	0.9665	0.0050	0.9588	0.9500	0.0088
2A9K	af_relaxed	2	1.0170	1.0440	-0.0270	0.9683	0.9664	0.0019	0.9588	0.9559	0.0029
2A9K	af_relaxed	3	0.9180	0.9900	-0.0720	0.9743	0.9738	0.0005	0.9662	0.9662	0.0000
2A9K	af_relaxed	4	0.9290	0.9690	-0.0400	0.9735	0.9710	0.0025	0.9676	0.9603	0.0073
2A9K	amber_af	0	1.0170	0.9570	0.0600	0.9683	0.9721	-0.0038	0.9574	0.9632	-0.0058
2A9K	amber_af	1	0.9610	1.0260	-0.0650	0.9715	0.9668	0.0047	0.9588	0.9515	0.0073
2A9K	amber_af	2	0.9180	1.0690	-0.1510	0.9743	0.9649	0.0094	0.9676	0.9544	0.0132
2A9K	amber_af	3	0.9320	0.9900	-0.0580	0.9734	0.9738	-0.0004	0.9662	0.9662	0.0000
2A9K	amber_af	4	0.9180	0.9660	-0.0480	0.9745	0.9710	0.0035	0.9662	0.9603	0.0059
2A9K	amber_boltz	0	1.1770	1.0850	0.0920	0.9636	0.9677	-0.0041	0.9515	0.9529	-0.0014
2A9K	amber_boltz	1	1.1470	1.1250	0.0220	0.9661	0.9654	0.0007	0.9544	0.9500	0.0044
2A9K	amber_boltz	2	1.2120	1.1730	0.0390	0.9627	0.9634	-0.0007	0.9529	0.9485	0.0044
2A9K	amber_boltz	3	1.1520	1.2610	-0.1090	0.9659	0.9586	0.0073	0.9559	0.9471	0.0088
2A9K	amber_boltz	4	1.0540	1.1400	-0.0860	0.9700	0.9668	0.0032	0.9618	0.9559	0.0059
2A9K	boltz	0	1.1710	1.0810	0.0900	0.9639	0.9679	-0.0040	0.9529	0.9559	-0.0030
2A9K	boltz	1	1.1420	1.1160	0.0260	0.9665	0.9659	0.0006	0.9544	0.9515	0.0029
2A9K	boltz	2	1.2040	1.1610	0.0430	0.9633	0.9640	-0.0007	0.9544	0.9500	0.0044
2A9K	boltz	3	1.1460	1.2490	-0.1030	0.9661	0.9593	0.0068	0.9559	0.9500	0.0059
2A9K	boltz	4	1.0370	1.1460	-0.1090	0.9706	0.9668	0.0038	0.9603	0.9559	0.0044
2ABZ	af_relaxed	0	0.4390	0.4410	-0.0020	0.9957	0.9957	0.0000	0.9950	0.9942	0.0008
2ABZ	af_relaxed	1	0.4480	0.4490	-0.0010	0.9956	0.9955	0.0001	0.9934	0.9934	0.0000
2ABZ	af_relaxed	2	0.4490	0.4470	0.0020	0.9955	0.9956	-0.0001	0.9934	0.9934	0.0000
2ABZ	af_relaxed	3	0.4380	0.4380	0.0000	0.9958	0.9958	0.0000	0.9934	0.9934	0.0000
2ABZ	af_relaxed	4	0.4430	0.4410	0.0020	0.9957	0.9957	0.0000	0.9934	0.9942	-0.0008
2ABZ	amber_af	0	0.4410	0.4420	-0.0010	0.9957	0.9957	0.0000	0.9934	0.9942	-0.0008
2ABZ	amber_af	1	0.4480	0.4490	-0.0010	0.9956	0.9955	0.0001	0.9934	0.9934	0.0000
2ABZ	amber_af	2	0.4390	0.4470	-0.0080	0.9957	0.9956	0.0001	0.9950	0.9934	0.0016
2ABZ	amber_af	3	0.4480	0.4380	0.0100	0.9955	0.9958	-0.0003	0.9934	0.9934	0.0000
2ABZ	amber_af	4	0.4380	0.4400	-0.0020	0.9958	0.9958	0.0000	0.9934	0.9942	-0.0008
2ABZ	amber_boltz	0	0.4790	0.4820	-0.0030	0.9952	0.9951	0.0001	0.9934	0.9934	0.0000
2ABZ	amber_boltz	1	0.4580	0.4700	-0.0120	0.9956	0.9954	0.0002	0.9942	0.9925	0.0017
2ABZ	amber_boltz	2	0.4520	0.4480	0.0040	0.9957	0.9956	0.0001	0.9942	0.9925	0.0017
2ABZ	amber_boltz	3	0.4620	0.4520	0.0100	0.9955	0.9956	-0.0001	0.9934	0.9934	0.0000
2ABZ	amber_boltz	4	0.5160	0.4760	0.0400	0.9945	0.9953	-0.0008	0.9925	0.9934	-0.0009
2ABZ	boltz	0	0.4830	0.4840	-0.0010	0.9952	0.9951	0.0001	0.9934	0.9934	0.0000
2ABZ	boltz	1	0.4550	0.4700	-0.0150	0.9956	0.9955	0.0001	0.9934	0.9934	0.0000
2ABZ	boltz	2	0.4530	0.4480	0.0050	0.9958	0.9957	0.0001	0.9942	0.9925	0.0017
2ABZ	boltz	3	0.4600	0.4530	0.0070	0.9956	0.9956	0.0000	0.9934	0.9934	0.0000
2ABZ	boltz	4	0.5180	0.4710	0.0470	0.9945	0.9954	-0.0009	0.9925	0.9925	0.0000
2AJF	af_relaxed	0	1.6850	2.0990	-0.4140	0.9650	0.9477	0.0173	0.8539	0.8208	0.0331
2AJF	af_relaxed	1	2.1220	2.1480	-0.0260	0.9467	0.9457	0.0010	0.8204	0.8183	0.0021
2AJF	af_relaxed	2	2.1760	2.0230	0.1530	0.9444	0.9512	-0.0068	0.8195	0.8241	-0.0046
2AJF	af_relaxed	3	2.4800	1.7680	0.7120	0.9307	0.9618	-0.0311	0.7885	0.8421	-0.0536
2AJF	af_relaxed	4	1.4890	1.5610	-0.0720	0.9716	0.9690	0.0026	0.8668	0.8597	0.0071
2AJF	amber_af	0	2.1220	2.0980	0.0240	0.9466	0.9477	-0.0011	0.8204	0.8224	-0.0020
2AJF	amber_af	1	2.1770	2.1480	0.0290	0.9444	0.9457	-0.0013	0.8191	0.8187	0.0004
2AJF	amber_af	2	2.4840	2.0210	0.4630	0.9305	0.9513	-0.0208	0.7873	0.8237	-0.0364
2AJF	amber_af	3	1.6850	1.7630	-0.0780	0.9650	0.9619	0.0031	0.8543	0.8425	0.0118
2AJF	amber_af	4	1.4890	1.5610	-0.0720	0.9717	0.9690	0.0027	0.8668	0.8593	0.0075
2AJF	amber_boltz	0	1.7330	1.7870	-0.0540	0.9663	0.9643	0.0020	0.8689	0.8597	0.0092
2AJF	amber_boltz	1	1.6380	1.8370	-0.1990	0.9693	0.9621	0.0072	0.8794	0.8392	0.0402
2AJF	amber_boltz	2	1.9500	1.9670	-0.0170	0.9577	0.9588	-0.0011	0.8208	0.8417	-0.0209
2AJF	amber_boltz	3	1.8310	1.8190	0.0120	0.9627	0.9634	-0.0007	0.8463	0.8530	-0.0067
2AJF	amber_boltz	4	2.1210	2.0710	0.0500	0.9523	0.9536	-0.0013	0.8145	0.8137	0.0008
2AJF	boltz	0	1.7190	1.7740	-0.0550	0.9667	0.9647	0.0020	0.8685	0.8597	0.0088
2AJF	boltz	1	1.6260	1.8250	-0.1990	0.9697	0.9624	0.0073	0.8786	0.8417	0.0369
2AJF	boltz	2	1.9370	1.9580	-0.0210	0.9581	0.9590	-0.0009	0.8212	0.8409	-0.0197
2AJF	boltz	3	1.8190	1.7980	0.0210	0.9631	0.9639	-0.0008	0.8480	0.8513	-0.0033
2AJF	boltz	4	2.1130	2.0640	0.0490	0.9525	0.9538	-0.0013	0.8149	0.8111	0.0038
2AYO	af_relaxed	0	2.1060	2.1090	-0.0030	0.9478	0.9476	0.0002	0.8704	0.8718	-0.0014
2AYO	af_relaxed	1	2.1860	2.1390	0.0470	0.9473	0.9473	0.0000	0.8739	0.8739	0.0000
2AYO	af_relaxed	2	2.2180	2.1270	0.0910	0.9477	0.9464	0.0013	0.8732	0.8725	0.0007
2AYO	af_relaxed	3	2.1350	2.1880	-0.0530	0.9463	0.9486	-0.0023	0.8732	0.8768	-0.0036
2AYO	af_relaxed	4	2.1960	2.2070	-0.0110	0.9464	0.9465	-0.0001	0.8697	0.8704	-0.0007
2AYO	amber_af	0	2.1060	2.1090	-0.0030	0.9478	0.9476	0.0002	0.8718	0.8718	0.0000
2AYO	amber_af	1	2.2190	2.1400	0.0790	0.9476	0.9473	0.0003	0.8739	0.8739	0.0000
2AYO	amber_af	2	2.1860	2.1270	0.0590	0.9474	0.9464	0.0010	0.8739	0.8725	0.0014
2AYO	amber_af	3	2.1960	2.1880	0.0080	0.9465	0.9486	-0.0021	0.8704	0.8782	-0.0078
2AYO	amber_af	4	2.1340	2.2070	-0.0730	0.9463	0.9465	-0.0002	0.8732	0.8711	0.0021
2AYO	amber_boltz	0	2.1970	2.2650	-0.0680	0.9375	0.9374	0.0001	0.8549	0.8535	0.0014
2AYO	amber_boltz	1	2.1810	2.1910	-0.0100	0.9412	0.9371	0.0041	0.8549	0.8549	0.0000
2AYO	amber_boltz	2	2.3280	2.2400	0.0880	0.9368	0.9390	-0.0022	0.8577	0.8606	-0.0029
2AYO	amber_boltz	3	2.1600	2.1050	0.0550	0.9389	0.9416	-0.0027	0.8521	0.8563	-0.0042
2AYO	amber_boltz	4	2.3310	2.1890	0.1420	0.9375	0.9370	0.0005	0.8507	0.8521	-0.0014
2AYO	boltz	0	2.1900	2.2600	-0.0700	0.9378	0.9378	0.0000	0.8599	0.8556	0.0043
2AYO	boltz	1	2.1750	2.1880	-0.0130	0.9416	0.9374	0.0042	0.8556	0.8542	0.0014
2AYO	boltz	2	2.3230	2.2370	0.0860	0.9371	0.9394	-0.0023	0.8563	0.8599	-0.0036
2AYO	boltz	3	2.1570	2.1010	0.0560	0.9392	0.9420	-0.0028	0.8535	0.8585	-0.0050
2AYO	boltz	4	2.3330	2.1830	0.1500	0.9377	0.9375	0.0002	0.8528	0.8535	-0.0007
2B42	af_relaxed	0	1.0320	1.0290	0.0030	0.9873	0.9873	0.0000	0.9766	0.9773	-0.0007
2B42	af_relaxed	1	1.0830	1.0870	-0.0040	0.9861	0.9860	0.0001	0.9766	0.9766	0.0000
2B42	af_relaxed	2	1.0950	1.0980	-0.0030	0.9857	0.9856	0.0001	0.9753	0.9753	0.0000
2B42	af_relaxed	3	1.0470	1.0780	-0.0310	0.9868	0.9863	0.0005	0.9780	0.9766	0.0014
2B42	af_relaxed	4	1.0710	1.0590	0.0120	0.9861	0.9863	-0.0002	0.9766	0.9760	0.0006
2B42	amber_af	0	1.0550	1.0310	0.0240	0.9867	0.9872	-0.0005	0.9766	0.9760	0.0006
2B42	amber_af	1	1.0690	1.0880	-0.0190	0.9861	0.9860	0.0001	0.9766	0.9766	0.0000
2B42	amber_af	2	1.0320	1.0930	-0.0610	0.9873	0.9858	0.0015	0.9780	0.9766	0.0014
2B42	amber_af	3	1.0970	1.0780	0.0190	0.9857	0.9863	-0.0006	0.9753	0.9766	-0.0013
2B42	amber_af	4	1.0820	1.0560	0.0260	0.9861	0.9864	-0.0003	0.9766	0.9760	0.0006
2B42	amber_boltz	0	1.6360	1.6870	-0.0510	0.9625	0.9611	0.0014	0.8929	0.8929	0.0000
2B42	amber_boltz	1	1.6260	1.5700	0.0560	0.9638	0.9654	-0.0016	0.9038	0.9018	0.0020
2B42	amber_boltz	2	1.6530	1.6550	-0.0020	0.9620	0.9616	0.0004	0.8997	0.8942	0.0055
2B42	amber_boltz	3	1.6380	1.5660	0.0720	0.9641	0.9663	-0.0022	0.8984	0.9073	-0.0089
2B42	amber_boltz	4	1.7510	1.6190	0.1320	0.9559	0.9637	-0.0078	0.8750	0.8990	-0.0240
2B42	boltz	0	1.6280	1.6810	-0.0530	0.9627	0.9612	0.0015	0.8922	0.8942	-0.0020
2B42	boltz	1	1.6220	1.5640	0.0580	0.9640	0.9656	-0.0016	0.9066	0.9004	0.0062
2B42	boltz	2	1.6460	1.6490	-0.0030	0.9622	0.9618	0.0004	0.9004	0.8942	0.0062
2B42	boltz	3	1.6380	1.5590	0.0790	0.9642	0.9665	-0.0023	0.8970	0.9066	-0.0096
2B42	boltz	4	1.7500	1.6130	0.1370	0.9558	0.9639	-0.0081	0.8757	0.8990	-0.0233
2B4J	af_relaxed	0	1.4190	1.4380	-0.0190	0.9671	0.9667	0.0004	0.9741	0.9741	0.0000
2B4J	af_relaxed	1	1.5890	1.5750	0.0140	0.9480	0.9468	0.0012	0.9444	0.9426	0.0018
2B4J	af_relaxed	2	1.5850	1.5590	0.0260	0.9469	0.9481	-0.0012	0.9407	0.9407	0.0000
2B4J	af_relaxed	3	1.4960	1.5520	-0.0560	0.9529	0.9482	0.0047	0.9519	0.9426	0.0093
2B4J	af_relaxed	4	1.5390	1.5500	-0.0110	0.9478	0.9431	0.0047	0.9407	0.9389	0.0018
2B4J	amber_af	0	1.4960	1.4400	0.0560	0.9529	0.9666	-0.0137	0.9519	0.9741	-0.0222
2B4J	amber_af	1	1.5400	1.5810	-0.0410	0.9477	0.9456	0.0021	0.9407	0.9407	0.0000
2B4J	amber_af	2	1.4190	1.5600	-0.1410	0.9671	0.9480	0.0191	0.9741	0.9426	0.0315
2B4J	amber_af	3	1.5850	1.5520	0.0330	0.9469	0.9482	-0.0013	0.9407	0.9426	-0.0019
2B4J	amber_af	4	1.5880	1.5500	0.0380	0.9481	0.9431	0.0050	0.9426	0.9389	0.0037
2B4J	amber_boltz	0	1.2830	1.3020	-0.0190	0.9730	0.9732	-0.0002	0.9778	0.9778	0.0000
2B4J	amber_boltz	1	1.3040	1.3300	-0.0260	0.9724	0.9723	0.0001	0.9778	0.9778	0.0000
2B4J	amber_boltz	2	1.3150	1.2860	0.0290	0.9721	0.9722	-0.0001	0.9778	0.9741	0.0037
2B4J	amber_boltz	3	1.3050	1.3120	-0.0070	0.9726	0.9726	0.0000	0.9778	0.9778	0.0000
2B4J	amber_boltz	4	1.2810	1.2500	0.0310	0.9727	0.9735	-0.0008	0.9778	0.9759	0.0019
2B4J	boltz	0	1.2770	1.2970	-0.0200	0.9735	0.9735	0.0000	0.9778	0.9778	0.0000
2B4J	boltz	1	1.3010	1.3260	-0.0250	0.9725	0.9725	0.0000	0.9778	0.9778	0.0000
2B4J	boltz	2	1.3130	1.2800	0.0330	0.9723	0.9724	-0.0001	0.9778	0.9741	0.0037
2B4J	boltz	3	1.3010	1.3050	-0.0040	0.9726	0.9730	-0.0004	0.9778	0.9778	0.0000
2B4J	boltz	4	1.2740	1.2430	0.0310	0.9730	0.9739	-0.0009	0.9778	0.9759	0.0019
2BTF	af_relaxed	0	1.3530	1.3770	-0.0240	0.9771	0.9768	0.0003	0.9512	0.9499	0.0013
2BTF	af_relaxed	1	1.3680	1.4840	-0.1160	0.9771	0.9749	0.0022	0.9532	0.9472	0.0060
2BTF	af_relaxed	2	1.3980	1.4150	-0.0170	0.9759	0.9762	-0.0003	0.9492	0.9512	-0.0020
2BTF	af_relaxed	3	1.3890	1.4900	-0.1010	0.9764	0.9745	0.0019	0.9499	0.9485	0.0014
2BTF	af_relaxed	4	1.4010	1.3870	0.0140	0.9761	0.9764	-0.0003	0.9505	0.9499	0.0006
2BTF	amber_af	0	1.3980	1.3780	0.0200	0.9759	0.9767	-0.0008	0.9485	0.9499	-0.0014
2BTF	amber_af	1	1.3890	1.4840	-0.0950	0.9763	0.9748	0.0015	0.9499	0.9465	0.0034
2BTF	amber_af	2	1.3540	1.4150	-0.0610	0.9771	0.9762	0.0009	0.9505	0.9505	0.0000
2BTF	amber_af	3	1.4010	1.4900	-0.0890	0.9761	0.9745	0.0016	0.9499	0.9485	0.0014
2BTF	amber_af	4	1.3680	1.3870	-0.0190	0.9771	0.9764	0.0007	0.9525	0.9499	0.0026
2BTF	amber_boltz	0	1.4880	1.6810	-0.1930	0.9739	0.9712	0.0027	0.9432	0.9412	0.0020
2BTF	amber_boltz	1	1.6130	1.4650	0.1480	0.9721	0.9734	-0.0013	0.9445	0.9439	0.0006
2BTF	amber_boltz	2	1.4890	1.3240	0.1650	0.9734	0.9754	-0.0020	0.9472	0.9412	0.0060
2BTF	amber_boltz	3	1.5080	1.4220	0.0860	0.9729	0.9758	-0.0029	0.9439	0.9465	-0.0026
2BTF	amber_boltz	4	1.7280	1.5010	0.2270	0.9710	0.9723	-0.0013	0.9432	0.9385	0.0047
2BTF	boltz	0	1.4870	1.6740	-0.1870	0.9741	0.9714	0.0027	0.9432	0.9412	0.0020
2BTF	boltz	1	1.6070	1.4620	0.1450	0.9724	0.9736	-0.0012	0.9445	0.9452	-0.0007
2BTF	boltz	2	1.4920	1.3190	0.1730	0.9735	0.9757	-0.0022	0.9465	0.9418	0.0047
2BTF	boltz	3	1.5090	1.4210	0.0880	0.9730	0.9759	-0.0029	0.9445	0.9452	-0.0007
2BTF	boltz	4	1.7240	1.4990	0.2250	0.9711	0.9724	-0.0013	0.9439	0.9398	0.0041
2C0L	af_relaxed	0	1.1270	1.1300	-0.0030	0.9845	0.9845	0.0000	0.9820	0.9812	0.0008
2C0L	af_relaxed	1	1.1250	1.1270	-0.0020	0.9850	0.9848	0.0002	0.9820	0.9820	0.0000
2C0L	af_relaxed	2	1.1370	1.1370	0.0000	0.9840	0.9841	-0.0001	0.9812	0.9803	0.0009
2C0L	af_relaxed	3	1.1720	1.1610	0.0110	0.9833	0.9838	-0.0005	0.9829	0.9820	0.0009
2C0L	af_relaxed	4	1.1480	1.1490	-0.0010	0.9843	0.9843	0.0000	0.9812	0.9812	0.0000
2C0L	amber_af	0	1.1480	1.1300	0.0180	0.9843	0.9845	-0.0002	0.9812	0.9812	0.0000
2C0L	amber_af	1	1.1720	1.1260	0.0460	0.9833	0.9848	-0.0015	0.9829	0.9820	0.0009
2C0L	amber_af	2	1.1270	1.1370	-0.0100	0.9845	0.9842	0.0003	0.9820	0.9803	0.0017
2C0L	amber_af	3	1.1250	1.1610	-0.0360	0.9850	0.9838	0.0012	0.9812	0.9820	-0.0008
2C0L	amber_af	4	1.1370	1.1500	-0.0130	0.9840	0.9843	-0.0003	0.9812	0.9812	0.0000
2C0L	amber_boltz	0	1.2580	1.2140	0.0440	0.9782	0.9801	-0.0019	0.9632	0.9666	-0.0034
2C0L	amber_boltz	1	1.2780	1.2300	0.0480	0.9774	0.9793	-0.0019	0.9555	0.9640	-0.0085
2C0L	amber_boltz	2	1.2270	1.2470	-0.0200	0.9800	0.9788	0.0012	0.9675	0.9580	0.0095
2C0L	amber_boltz	3	1.3110	1.2540	0.0570	0.9768	0.9784	-0.0016	0.9538	0.9623	-0.0085
2C0L	amber_boltz	4	1.1910	1.2400	-0.0490	0.9804	0.9799	0.0005	0.9666	0.9623	0.0043
2C0L	boltz	0	1.2580	1.2130	0.0450	0.9780	0.9799	-0.0019	0.9580	0.9649	-0.0069
2C0L	boltz	1	1.2820	1.2290	0.0530	0.9771	0.9792	-0.0021	0.9546	0.9640	-0.0094
2C0L	boltz	2	1.2260	1.2470	-0.0210	0.9799	0.9786	0.0013	0.9683	0.9598	0.0085
2C0L	boltz	3	1.3100	1.2560	0.0540	0.9766	0.9781	-0.0015	0.9521	0.9615	-0.0094
2C0L	boltz	4	1.1910	1.2400	-0.0490	0.9803	0.9797	0.0006	0.9666	0.9615	0.0051
2CFH	af_relaxed	0	2.1960	2.1890	0.0070	0.9619	0.9619	0.0000	0.9534	0.9534	0.0000
2CFH	af_relaxed	1	2.2280	2.2240	0.0040	0.9584	0.9583	0.0001	0.9457	0.9472	-0.0015
2CFH	af_relaxed	2	2.2240	2.2410	-0.0170	0.9613	0.9578	0.0035	0.9534	0.9472	0.0062
2CFH	af_relaxed	3	2.2100	2.2110	-0.0010	0.9591	0.9578	0.0013	0.9472	0.9488	-0.0016
2CFH	af_relaxed	4	2.2730	2.2660	0.0070	0.9562	0.9556	0.0006	0.9441	0.9425	0.0016
2CFH	amber_af	0	2.2730	2.1900	0.0830	0.9562	0.9618	-0.0056	0.9441	0.9534	-0.0093
2CFH	amber_af	1	2.2280	2.2240	0.0040	0.9584	0.9584	0.0000	0.9457	0.9457	0.0000
2CFH	amber_af	2	2.2100	2.2400	-0.0300	0.9591	0.9579	0.0012	0.9472	0.9472	0.0000
2CFH	amber_af	3	2.1960	2.2110	-0.0150	0.9619	0.9579	0.0040	0.9534	0.9472	0.0062
2CFH	amber_af	4	2.2230	2.2660	-0.0430	0.9614	0.9556	0.0058	0.9534	0.9425	0.0109
2CFH	amber_boltz	0	2.3690	2.4300	-0.0610	0.9529	0.9525	0.0004	0.9379	0.9394	-0.0015
2CFH	amber_boltz	1	2.3560	2.3790	-0.0230	0.9520	0.9506	0.0014	0.9379	0.9363	0.0016
2CFH	amber_boltz	2	2.3990	2.3820	0.0170	0.9499	0.9511	-0.0012	0.9363	0.9363	0.0000
2CFH	amber_boltz	3	2.1520	2.3280	-0.1760	0.9506	0.9482	0.0024	0.9317	0.9301	0.0016
2CFH	amber_boltz	4	1.9250	1.9520	-0.0270	0.9480	0.9490	-0.0010	0.9286	0.9363	-0.0077
2CFH	boltz	0	2.3640	2.4230	-0.0590	0.9528	0.9527	0.0001	0.9379	0.9379	0.0000
2CFH	boltz	1	2.3510	2.3710	-0.0200	0.9521	0.9508	0.0013	0.9363	0.9348	0.0015
2CFH	boltz	2	2.3910	2.3730	0.0180	0.9502	0.9513	-0.0011	0.9363	0.9332	0.0031
2CFH	boltz	3	2.1510	2.3190	-0.1680	0.9505	0.9486	0.0019	0.9301	0.9317	-0.0016
2CFH	boltz	4	1.9290	1.9430	-0.0140	0.9482	0.9493	-0.0011	0.9301	0.9348	-0.0047
2DD8	af_relaxed	0	5.2990	5.2540	0.0450	0.6379	0.6396	-0.0017	0.6295	0.6250	0.0045
2DD8	af_relaxed	1	5.2770	5.2300	0.0470	0.6399	0.6420	-0.0021	0.6295	0.6295	0.0000
2DD8	af_relaxed	2	5.5690	5.4770	0.0920	0.6274	0.6300	-0.0026	0.6148	0.6023	0.0125
2DD8	af_relaxed	3	5.6220	5.8060	-0.1840	0.6240	0.6187	0.0053	0.6068	0.6102	-0.0034
2DD8	af_relaxed	4	5.8840	5.7850	0.0990	0.6168	0.6175	-0.0007	0.6080	0.6000	0.0080
2DD8	amber_af	0	5.8830	5.2580	0.6250	0.6167	0.6395	-0.0228	0.6080	0.6250	-0.0170
2DD8	amber_af	1	5.5690	5.2290	0.3400	0.6273	0.6420	-0.0147	0.6148	0.6307	-0.0159
2DD8	amber_af	2	5.2990	5.5090	-0.2100	0.6380	0.6271	0.0109	0.6284	0.6000	0.0284
2DD8	amber_af	3	5.6190	5.8090	-0.1900	0.6247	0.6185	0.0062	0.6114	0.6091	0.0023
2DD8	amber_af	4	5.2740	5.7740	-0.5000	0.6400	0.6184	0.0216	0.6273	0.6011	0.0262
2DD8	amber_boltz	0	9.1110	9.8850	-0.7740	0.5585	0.5551	0.0034	0.5307	0.5284	0.0023
2DD8	amber_boltz	1	8.6880	9.9810	-1.2930	0.5628	0.5500	0.0128	0.5341	0.5205	0.0136
2DD8	amber_boltz	2	9.4820	9.4510	0.0310	0.5562	0.5557	0.0005	0.5250	0.5261	-0.0011
2DD8	amber_boltz	3	9.1150	9.7230	-0.6080	0.5603	0.5542	0.0061	0.5307	0.5250	0.0057
2DD8	amber_boltz	4	10.2380	9.9560	0.2820	0.5484	0.5501	-0.0017	0.5227	0.5216	0.0011
2DD8	boltz	0	9.1070	9.8820	-0.7750	0.5585	0.5553	0.0032	0.5307	0.5273	0.0034
2DD8	boltz	1	8.6830	9.9770	-1.2940	0.5627	0.5501	0.0126	0.5341	0.5205	0.0136
2DD8	boltz	2	9.4820	9.4440	0.0380	0.5563	0.5558	0.0005	0.5239	0.5273	-0.0034
2DD8	boltz	3	9.1130	9.7200	-0.6070	0.5602	0.5542	0.0060	0.5318	0.5250	0.0068
2DD8	boltz	4	10.2330	9.9550	0.2780	0.5483	0.5500	-0.0017	0.5250	0.5205	0.0045
2FD6	af_relaxed	0	1.8020	1.8050	-0.0030	0.9263	0.9255	0.0008	0.8538	0.8538	0.0000
2FD6	af_relaxed	1	1.3010	1.4680	-0.1670	0.9681	0.9596	0.0085	0.9399	0.9269	0.0130
2FD6	af_relaxed	2	1.4470	1.3980	0.0490	0.9600	0.9651	-0.0051	0.9304	0.9458	-0.0154
2FD6	af_relaxed	3	1.3380	1.3270	0.0110	0.9687	0.9703	-0.0016	0.9552	0.9599	-0.0047
2FD6	af_relaxed	4	1.5560	1.5810	-0.0250	0.9488	0.9462	0.0026	0.8915	0.8821	0.0094
2FD6	amber_af	0	1.5570	1.8060	-0.2490	0.9488	0.9255	0.0233	0.8903	0.8538	0.0365
2FD6	amber_af	1	1.8020	1.4680	0.3340	0.9263	0.9595	-0.0332	0.8550	0.9269	-0.0719
2FD6	amber_af	2	1.4470	1.3980	0.0490	0.9600	0.9651	-0.0051	0.9304	0.9458	-0.0154
2FD6	amber_af	3	1.3370	1.3260	0.0110	0.9687	0.9703	-0.0016	0.9552	0.9599	-0.0047
2FD6	amber_af	4	1.3010	1.5780	-0.2770	0.9680	0.9465	0.0215	0.9399	0.8856	0.0543
2FD6	amber_boltz	0	1.2410	1.2670	-0.0260	0.9737	0.9712	0.0025	0.9634	0.9493	0.0141
2FD6	amber_boltz	1	1.3720	1.2520	0.1200	0.9608	0.9751	-0.0143	0.9175	0.9623	-0.0448
2FD6	amber_boltz	2	1.2390	1.3350	-0.0960	0.9719	0.9647	0.0072	0.9493	0.9304	0.0189
2FD6	amber_boltz	3	1.3310	1.3360	-0.0050	0.9672	0.9657	0.0015	0.9422	0.9328	0.0094
2FD6	amber_boltz	4	1.2540	1.3050	-0.0510	0.9715	0.9650	0.0065	0.9575	0.9292	0.0283
2FD6	boltz	0	1.2480	1.2640	-0.0160	0.9737	0.9714	0.0023	0.9634	0.9458	0.0176
2FD6	boltz	1	1.3710	1.2490	0.1220	0.9611	0.9753	-0.0142	0.9186	0.9646	-0.0460
2FD6	boltz	2	1.2410	1.3310	-0.0900	0.9719	0.9649	0.0070	0.9505	0.9304	0.0201
2FD6	boltz	3	1.3260	1.3360	-0.0100	0.9679	0.9659	0.0020	0.9434	0.9316	0.0118
2FD6	boltz	4	1.2450	1.3110	-0.0660	0.9723	0.9650	0.0073	0.9552	0.9316	0.0236
2FJG	af_relaxed	0	2.3640	2.3580	0.0060	0.9236	0.9240	-0.0004	0.8589	0.8589	0.0000
2FJG	af_relaxed	1	2.1630	2.0190	0.1440	0.9465	0.9571	-0.0106	0.9140	0.9461	-0.0321
2FJG	af_relaxed	2	2.0300	2.1510	-0.1210	0.9569	0.9494	0.0075	0.9461	0.9266	0.0195
2FJG	af_relaxed	3	2.1070	2.0780	0.0290	0.9502	0.9601	-0.0099	0.9266	0.9472	-0.0206
2FJG	af_relaxed	4	2.0460	2.0990	-0.0530	0.9571	0.9534	0.0037	0.9415	0.9415	0.0000
2FJG	amber_af	0	2.3640	2.3590	0.0050	0.9237	0.9240	-0.0003	0.8589	0.8589	0.0000
2FJG	amber_af	1	2.0470	2.0220	0.0250	0.9571	0.9567	0.0004	0.9415	0.9461	-0.0046
2FJG	amber_af	2	2.0310	2.1520	-0.1210	0.9569	0.9494	0.0075	0.9461	0.9266	0.0195
2FJG	amber_af	3	2.1610	2.0780	0.0830	0.9465	0.9602	-0.0137	0.9140	0.9472	-0.0332
2FJG	amber_af	4	2.1070	2.1020	0.0050	0.9502	0.9534	-0.0032	0.9278	0.9415	-0.0137
2FJG	amber_boltz	0	2.3770	2.4260	-0.0490	0.9203	0.9172	0.0031	0.8532	0.8406	0.0126
2FJG	amber_boltz	1	2.1050	2.2480	-0.1430	0.9449	0.9297	0.0152	0.9037	0.8589	0.0448
2FJG	amber_boltz	2	2.6550	2.0610	0.5940	0.8931	0.9479	-0.0548	0.7993	0.9209	-0.1216
2FJG	amber_boltz	3	1.9500	2.0570	-0.1070	0.9552	0.9493	0.0059	0.9392	0.9232	0.0160
2FJG	amber_boltz	4	3.0720	2.8880	0.1840	0.8455	0.8656	-0.0201	0.7580	0.7718	-0.0138
2FJG	boltz	0	2.3690	2.4200	-0.0510	0.9208	0.9177	0.0031	0.8521	0.8429	0.0092
2FJG	boltz	1	2.0940	2.2340	-0.1400	0.9454	0.9305	0.0149	0.9037	0.8589	0.0448
2FJG	boltz	2	2.6530	2.0550	0.5980	0.8931	0.9482	-0.0551	0.7993	0.9232	-0.1239
2FJG	boltz	3	1.9460	2.0490	-0.1030	0.9557	0.9495	0.0062	0.9381	0.9278	0.0103
2FJG	boltz	4	3.0660	2.8820	0.1840	0.8459	0.8660	-0.0201	0.7592	0.7706	-0.0114
2FJU	af_relaxed	0	0.6870	0.6740	0.0130	0.9824	0.9828	-0.0004	0.9773	0.9787	-0.0014
2FJU	af_relaxed	1	0.7050	0.6030	0.1020	0.9811	0.9862	-0.0051	0.9716	0.9858	-0.0142
2FJU	af_relaxed	2	0.7120	0.6690	0.0430	0.9812	0.9832	-0.0020	0.9773	0.9773	0.0000
2FJU	af_relaxed	3	0.6360	0.7070	-0.0710	0.9847	0.9827	0.0020	0.9815	0.9830	-0.0015
2FJU	af_relaxed	4	0.7700	0.7910	-0.0210	0.9782	0.9763	0.0019	0.9659	0.9631	0.0028
2FJU	amber_af	0	0.6190	0.6780	-0.0590	0.9853	0.9826	0.0027	0.9830	0.9787	0.0043
2FJU	amber_af	1	0.8180	0.6070	0.2110	0.9760	0.9861	-0.0101	0.9631	0.9858	-0.0227
2FJU	amber_af	2	0.7100	0.6670	0.0430	0.9812	0.9834	-0.0022	0.9801	0.9801	0.0000
2FJU	amber_af	3	0.7040	0.7850	-0.0810	0.9812	0.9813	-0.0001	0.9730	0.9830	-0.0100
2FJU	amber_af	4	0.6860	0.7930	-0.1070	0.9825	0.9762	0.0063	0.9773	0.9631	0.0142
2FJU	amber_boltz	0	1.1480	1.2720	-0.1240	0.9674	0.9619	0.0055	0.9560	0.9503	0.0057
2FJU	amber_boltz	1	1.1560	1.0760	0.0800	0.9664	0.9703	-0.0039	0.9545	0.9631	-0.0086
2FJU	amber_boltz	2	1.1170	1.0010	0.1160	0.9684	0.9730	-0.0046	0.9560	0.9645	-0.0085
2FJU	amber_boltz	3	1.0840	1.0420	0.0420	0.9694	0.9714	-0.0020	0.9631	0.9631	0.0000
2FJU	amber_boltz	4	0.9910	1.0720	-0.0810	0.9719	0.9698	0.0021	0.9631	0.9588	0.0043
2FJU	boltz	0	1.1240	1.2600	-0.1360	0.9682	0.9624	0.0058	0.9588	0.9503	0.0085
2FJU	boltz	1	1.1140	1.0530	0.0610	0.9686	0.9711	-0.0025	0.9560	0.9645	-0.0085
2FJU	boltz	2	1.0960	0.9800	0.1160	0.9691	0.9738	-0.0047	0.9588	0.9659	-0.0071
2FJU	boltz	3	1.0670	1.0090	0.0580	0.9700	0.9728	-0.0028	0.9616	0.9673	-0.0057
2FJU	boltz	4	0.9730	1.0470	-0.0740	0.9728	0.9709	0.0019	0.9645	0.9645	0.0000
2G77	af_relaxed	0	0.9440	0.9330	0.0110	0.9905	0.9909	-0.0004	0.9887	0.9879	0.0008
2G77	af_relaxed	1	0.9620	0.9480	0.0140	0.9901	0.9904	-0.0003	0.9856	0.9879	-0.0023
2G77	af_relaxed	2	0.9350	0.9710	-0.0360	0.9907	0.9900	0.0007	0.9887	0.9856	0.0031
2G77	af_relaxed	3	0.9270	0.9230	0.0040	0.9909	0.9910	-0.0001	0.9887	0.9887	0.0000
2G77	af_relaxed	4	0.9480	0.9490	-0.0010	0.9907	0.9906	0.0001	0.9887	0.9887	0.0000
2G77	amber_af	0	0.9610	0.9330	0.0280	0.9901	0.9909	-0.0008	0.9856	0.9879	-0.0023
2G77	amber_af	1	0.9480	0.9480	0.0000	0.9907	0.9904	0.0003	0.9879	0.9879	0.0000
2G77	amber_af	2	0.9350	0.9720	-0.0370	0.9907	0.9900	0.0007	0.9887	0.9856	0.0031
2G77	amber_af	3	0.9440	0.9230	0.0210	0.9905	0.9910	-0.0005	0.9887	0.9887	0.0000
2G77	amber_af	4	0.9270	0.9490	-0.0220	0.9909	0.9906	0.0003	0.9887	0.9887	0.0000
2G77	amber_boltz	0	1.4560	1.2410	0.2150	0.9743	0.9785	-0.0042	0.9418	0.9600	-0.0182
2G77	amber_boltz	1	1.2290	1.2100	0.0190	0.9787	0.9812	-0.0025	0.9562	0.9653	-0.0091
2G77	amber_boltz	2	1.1630	1.2280	-0.0650	0.9807	0.9801	0.0006	0.9683	0.9653	0.0030
2G77	amber_boltz	3	1.3680	1.2030	0.1650	0.9759	0.9806	-0.0047	0.9449	0.9653	-0.0204
2G77	amber_boltz	4	1.3510	1.3420	0.0090	0.9747	0.9758	-0.0011	0.9388	0.9471	-0.0083
2G77	boltz	0	1.4490	1.2400	0.2090	0.9743	0.9784	-0.0041	0.9411	0.9607	-0.0196
2G77	boltz	1	1.2240	1.2040	0.0200	0.9787	0.9813	-0.0026	0.9539	0.9675	-0.0136
2G77	boltz	2	1.1580	1.2250	-0.0670	0.9808	0.9801	0.0007	0.9668	0.9675	-0.0007
2G77	boltz	3	1.3650	1.2000	0.1650	0.9760	0.9807	-0.0047	0.9471	0.9653	-0.0182
2G77	boltz	4	1.3540	1.3420	0.0120	0.9746	0.9757	-0.0011	0.9381	0.9464	-0.0083
2GAF	af_relaxed	0	0.7540	0.7440	0.0100	0.9883	0.9887	-0.0004	0.9781	0.9808	-0.0027
2GAF	af_relaxed	1	0.9070	0.8650	0.0420	0.9861	0.9862	-0.0001	0.9773	0.9738	0.0035
2GAF	af_relaxed	2	0.7660	0.7490	0.0170	0.9884	0.9886	-0.0002	0.9799	0.9790	0.0009
2GAF	af_relaxed	3	0.7680	0.7340	0.0340	0.9877	0.9893	-0.0016	0.9773	0.9808	-0.0035
2GAF	af_relaxed	4	1.0890	0.7420	0.3470	0.9831	0.9884	-0.0053	0.9738	0.9773	-0.0035
2GAF	amber_af	0	0.7670	0.7250	0.0420	0.9878	0.9892	-0.0014	0.9764	0.9825	-0.0061
2GAF	amber_af	1	0.9070	0.8650	0.0420	0.9861	0.9862	-0.0001	0.9773	0.9738	0.0035
2GAF	amber_af	2	0.7540	0.7500	0.0040	0.9883	0.9886	-0.0003	0.9790	0.9790	0.0000
2GAF	amber_af	3	0.7630	0.7330	0.0300	0.9884	0.9893	-0.0009	0.9799	0.9808	-0.0009
2GAF	amber_af	4	1.0890	0.7420	0.3470	0.9831	0.9884	-0.0053	0.9738	0.9773	-0.0035
2GAF	amber_boltz	0	1.3460	1.1890	0.1570	0.9766	0.9789	-0.0023	0.9633	0.9685	-0.0052
2GAF	amber_boltz	1	1.2960	1.1870	0.1090	0.9769	0.9785	-0.0016	0.9642	0.9677	-0.0035
2GAF	amber_boltz	2	0.9740	1.2300	-0.2560	0.9817	0.9773	0.0044	0.9642	0.9659	-0.0017
2GAF	amber_boltz	3	1.0760	1.1650	-0.0890	0.9800	0.9787	0.0013	0.9659	0.9659	0.0000
2GAF	amber_boltz	4	1.0170	1.0400	-0.0230	0.9810	0.9806	0.0004	0.9668	0.9677	-0.0009
2GAF	boltz	0	1.3380	1.1860	0.1520	0.9769	0.9791	-0.0022	0.9642	0.9677	-0.0035
2GAF	boltz	1	1.2960	1.1830	0.1130	0.9771	0.9787	-0.0016	0.9650	0.9668	-0.0018
2GAF	boltz	2	0.9750	1.2240	-0.2490	0.9817	0.9776	0.0041	0.9633	0.9659	-0.0026
2GAF	boltz	3	1.0730	1.1630	-0.0900	0.9801	0.9789	0.0012	0.9650	0.9659	-0.0009
2GAF	boltz	4	1.0070	1.0380	-0.0310	0.9814	0.9806	0.0008	0.9685	0.9677	0.0008
2GTP	af_relaxed	0	0.5490	0.5390	0.0100	0.9932	0.9934	-0.0002	0.9944	0.9944	0.0000
2GTP	af_relaxed	1	0.5620	0.5740	-0.0120	0.9931	0.9928	0.0003	0.9935	0.9927	0.0008
2GTP	af_relaxed	2	0.5420	0.5150	0.0270	0.9934	0.9940	-0.0006	0.9944	0.9944	0.0000
2GTP	af_relaxed	3	0.5540	0.5490	0.0050	0.9931	0.9931	0.0000	0.9927	0.9927	0.0000
2GTP	af_relaxed	4	0.5360	0.5280	0.0080	0.9935	0.9936	-0.0001	0.9935	0.9944	-0.0009
2GTP	amber_af	0	0.5480	0.5400	0.0080	0.9932	0.9934	-0.0002	0.9944	0.9935	0.0009
2GTP	amber_af	1	0.5540	0.5730	-0.0190	0.9930	0.9928	0.0002	0.9935	0.9927	0.0008
2GTP	amber_af	2	0.5420	0.5130	0.0290	0.9933	0.9941	-0.0008	0.9944	0.9944	0.0000
2GTP	amber_af	3	0.5340	0.5510	-0.0170	0.9936	0.9931	0.0005	0.9935	0.9927	0.0008
2GTP	amber_af	4	0.5620	0.5370	0.0250	0.9931	0.9935	-0.0004	0.9927	0.9935	-0.0008
2GTP	amber_boltz	0	0.7050	0.7290	-0.0240	0.9894	0.9886	0.0008	0.9831	0.9774	0.0057
2GTP	amber_boltz	1	0.7800	0.7330	0.0470	0.9866	0.9885	-0.0019	0.9637	0.9823	-0.0186
2GTP	amber_boltz	2	0.9560	0.6880	0.2680	0.9800	0.9897	-0.0097	0.9339	0.9839	-0.0500
2GTP	amber_boltz	3	0.8000	0.7470	0.0530	0.9860	0.9879	-0.0019	0.9677	0.9758	-0.0081
2GTP	amber_boltz	4	0.8050	0.8870	-0.0820	0.9860	0.9825	0.0035	0.9702	0.9460	0.0242
2GTP	boltz	0	0.6990	0.7210	-0.0220	0.9896	0.9888	0.0008	0.9847	0.9806	0.0041
2GTP	boltz	1	0.7730	0.7290	0.0440	0.9869	0.9886	-0.0017	0.9661	0.9798	-0.0137
2GTP	boltz	2	0.9520	0.6830	0.2690	0.9801	0.9899	-0.0098	0.9339	0.9847	-0.0508
2GTP	boltz	3	0.7920	0.7420	0.0500	0.9863	0.9880	-0.0017	0.9677	0.9758	-0.0081
2GTP	boltz	4	0.8010	0.8870	-0.0860	0.9861	0.9825	0.0036	0.9710	0.9476	0.0234
2H7V	af_relaxed	0	1.1330	1.2700	-0.1370	0.9739	0.9629	0.0110	0.9657	0.9437	0.0220
2H7V	af_relaxed	1	1.2660	1.0680	0.1980	0.9632	0.9702	-0.0070	0.9396	0.9533	-0.0137
2H7V	af_relaxed	2	1.3380	1.1440	0.1940	0.9606	0.9740	-0.0134	0.9423	0.9670	-0.0247
2H7V	af_relaxed	3	1.1690	1.2730	-0.1040	0.9647	0.9626	0.0021	0.9423	0.9423	0.0000
2H7V	af_relaxed	4	1.3170	1.3440	-0.0270	0.9606	0.9602	0.0004	0.9382	0.9396	-0.0014
2H7V	amber_af	0	1.3380	1.2690	0.0690	0.9606	0.9629	-0.0023	0.9423	0.9437	-0.0014
2H7V	amber_af	1	1.1320	1.0680	0.0640	0.9739	0.9703	0.0036	0.9657	0.9533	0.0124
2H7V	amber_af	2	1.2670	1.1440	0.1230	0.9631	0.9741	-0.0110	0.9396	0.9657	-0.0261
2H7V	amber_af	3	1.1660	1.2730	-0.1070	0.9648	0.9626	0.0022	0.9423	0.9423	0.0000
2H7V	amber_af	4	1.3160	1.3440	-0.0280	0.9607	0.9602	0.0005	0.9382	0.9396	-0.0014
2H7V	amber_boltz	0	1.4520	1.1940	0.2580	0.9684	0.9691	-0.0007	0.9547	0.9533	0.0014
2H7V	amber_boltz	1	1.2180	1.2050	0.0130	0.9697	0.9695	0.0002	0.9547	0.9574	-0.0027
2H7V	amber_boltz	2	0.8360	0.8310	0.0050	0.9784	0.9776	0.0008	0.9657	0.9615	0.0042
2H7V	amber_boltz	3	1.5020	1.1120	0.3900	0.9687	0.9735	-0.0048	0.9547	0.9643	-0.0096
2H7V	amber_boltz	4	1.3250	1.1630	0.1620	0.9687	0.9701	-0.0014	0.9533	0.9519	0.0014
2H7V	boltz	0	1.4430	1.1870	0.2560	0.9685	0.9695	-0.0010	0.9547	0.9533	0.0014
2H7V	boltz	1	1.2180	1.2040	0.0140	0.9700	0.9697	0.0003	0.9547	0.9560	-0.0013
2H7V	boltz	2	0.8330	0.8270	0.0060	0.9786	0.9779	0.0007	0.9684	0.9643	0.0041
2H7V	boltz	3	1.4880	1.1100	0.3780	0.9691	0.9739	-0.0048	0.9560	0.9643	-0.0083
2H7V	boltz	4	1.3130	1.1490	0.1640	0.9691	0.9706	-0.0015	0.9547	0.9547	0.0000
2HLE	af_relaxed	0	1.5050	1.5080	-0.0030	0.9558	0.9558	0.0000	0.9481	0.9468	0.0013
2HLE	af_relaxed	1	1.4920	1.4870	0.0050	0.9538	0.9539	-0.0001	0.9375	0.9402	-0.0027
2HLE	af_relaxed	2	1.5450	1.5310	0.0140	0.9545	0.9551	-0.0006	0.9402	0.9428	-0.0026
2HLE	af_relaxed	3	1.4190	1.4610	-0.0420	0.9576	0.9561	0.0015	0.9455	0.9441	0.0014
2HLE	af_relaxed	4	1.4780	1.4710	0.0070	0.9546	0.9556	-0.0010	0.9415	0.9455	-0.0040
2HLE	amber_af	0	1.4790	1.5080	-0.0290	0.9546	0.9558	-0.0012	0.9415	0.9468	-0.0053
2HLE	amber_af	1	1.4190	1.4870	-0.0680	0.9576	0.9538	0.0038	0.9455	0.9402	0.0053
2HLE	amber_af	2	1.5050	1.5310	-0.0260	0.9558	0.9551	0.0007	0.9481	0.9428	0.0053
2HLE	amber_af	3	1.5440	1.4600	0.0840	0.9545	0.9561	-0.0016	0.9402	0.9441	-0.0039
2HLE	amber_af	4	1.4920	1.4710	0.0210	0.9538	0.9556	-0.0018	0.9388	0.9455	-0.0067
2HLE	amber_boltz	0	2.9260	3.1390	-0.2130	0.9327	0.9280	0.0047	0.9096	0.8989	0.0107
2HLE	amber_boltz	1	4.3350	3.1470	1.1880	0.9200	0.9345	-0.0145	0.8963	0.9096	-0.0133
2HLE	amber_boltz	2	4.1820	3.7220	0.4600	0.9263	0.9303	-0.0040	0.8989	0.9056	-0.0067
2HLE	amber_boltz	3	4.1040	3.5910	0.5130	0.9299	0.9324	-0.0025	0.9043	0.9082	-0.0039
2HLE	amber_boltz	4	2.9870	2.4030	0.5840	0.9435	0.9354	0.0081	0.9189	0.9122	0.0067
2HLE	boltz	0	2.9290	3.1220	-0.1930	0.9330	0.9284	0.0046	0.9122	0.9016	0.0106
2HLE	boltz	1	4.3270	3.1510	1.1760	0.9203	0.9347	-0.0144	0.8976	0.9109	-0.0133
2HLE	boltz	2	4.1820	3.7200	0.4620	0.9264	0.9304	-0.0040	0.9003	0.9069	-0.0066
2HLE	boltz	3	4.0960	3.5860	0.5100	0.9301	0.9324	-0.0023	0.9056	0.9069	-0.0013
2HLE	boltz	4	2.9930	2.4040	0.5890	0.9435	0.9355	0.0080	0.9215	0.9122	0.0093
2HQS	af_relaxed	0	1.5310	1.5160	0.0150	0.9859	0.9866	-0.0007	0.9715	0.9751	-0.0036
2HQS	af_relaxed	1	1.5540	1.5360	0.0180	0.9851	0.9860	-0.0009	0.9654	0.9715	-0.0061
2HQS	af_relaxed	2	1.5230	1.5270	-0.0040	0.9874	0.9875	-0.0001	0.9775	0.9775	0.0000
2HQS	af_relaxed	3	1.5180	1.5090	0.0090	0.9864	0.9866	-0.0002	0.9745	0.9745	0.0000
2HQS	af_relaxed	4	1.4950	1.4950	0.0000	0.9869	0.9867	0.0002	0.9745	0.9721	0.0024
2HQS	amber_af	0	1.5310	1.5170	0.0140	0.9859	0.9866	-0.0007	0.9715	0.9745	-0.0030
2HQS	amber_af	1	1.4950	1.5370	-0.0420	0.9870	0.9860	0.0010	0.9739	0.9709	0.0030
2HQS	amber_af	2	1.5230	1.5270	-0.0040	0.9874	0.9875	-0.0001	0.9782	0.9775	0.0007
2HQS	amber_af	3	1.5180	1.5100	0.0080	0.9864	0.9866	-0.0002	0.9757	0.9745	0.0012
2HQS	amber_af	4	1.5530	1.4950	0.0580	0.9851	0.9867	-0.0016	0.9654	0.9721	-0.0067
2HQS	amber_boltz	0	1.3380	1.4740	-0.1360	0.9860	0.9854	0.0006	0.9721	0.9660	0.0061
2HQS	amber_boltz	1	1.4300	1.4060	0.0240	0.9848	0.9857	-0.0009	0.9672	0.9666	0.0006
2HQS	amber_boltz	2	1.3980	1.3110	0.0870	0.9869	0.9862	0.0007	0.9751	0.9721	0.0030
2HQS	amber_boltz	3	1.2670	1.6190	-0.3520	0.9856	0.9863	-0.0007	0.9660	0.9666	-0.0006
2HQS	amber_boltz	4	1.4970	1.3770	0.1200	0.9859	0.9854	0.0005	0.9666	0.9691	-0.0025
2HQS	boltz	0	1.3310	1.4700	-0.1390	0.9862	0.9856	0.0006	0.9721	0.9654	0.0067
2HQS	boltz	1	1.4220	1.4030	0.0190	0.9850	0.9858	-0.0008	0.9654	0.9684	-0.0030
2HQS	boltz	2	1.3940	1.3100	0.0840	0.9870	0.9863	0.0007	0.9757	0.9733	0.0024
2HQS	boltz	3	1.2630	1.6180	-0.3550	0.9858	0.9864	-0.0006	0.9666	0.9684	-0.0018
2HQS	boltz	4	1.4930	1.3720	0.1210	0.9861	0.9855	0.0006	0.9666	0.9691	-0.0025
2HRK	af_relaxed	0	0.4310	0.4470	-0.0160	0.9926	0.9921	0.0005	0.9958	0.9958	0.0000
2HRK	af_relaxed	1	0.4570	0.4700	-0.0130	0.9917	0.9912	0.0005	0.9944	0.9929	0.0015
2HRK	af_relaxed	2	0.5650	0.5710	-0.0060	0.9898	0.9895	0.0003	0.9929	0.9929	0.0000
2HRK	af_relaxed	3	0.4860	0.4970	-0.0110	0.9906	0.9902	0.0004	0.9915	0.9915	0.0000
2HRK	af_relaxed	4	0.4580	0.4570	0.0010	0.9917	0.9917	0.0000	0.9944	0.9958	-0.0014
2HRK	amber_af	0	0.4590	0.4470	0.0120	0.9917	0.9921	-0.0004	0.9944	0.9958	-0.0014
2HRK	amber_af	1	0.5660	0.4700	0.0960	0.9898	0.9913	-0.0015	0.9929	0.9929	0.0000
2HRK	amber_af	2	0.4570	0.5710	-0.1140	0.9917	0.9895	0.0022	0.9944	0.9929	0.0015
2HRK	amber_af	3	0.4310	0.4970	-0.0660	0.9926	0.9903	0.0023	0.9958	0.9915	0.0043
2HRK	amber_af	4	0.4850	0.4580	0.0270	0.9907	0.9917	-0.0010	0.9915	0.9958	-0.0043
2HRK	amber_boltz	0	0.5050	0.5290	-0.0240	0.9901	0.9891	0.0010	0.9901	0.9929	-0.0028
2HRK	amber_boltz	1	0.5230	0.5380	-0.0150	0.9895	0.9888	0.0007	0.9887	0.9859	0.0028
2HRK	amber_boltz	2	0.4600	0.4950	-0.0350	0.9917	0.9904	0.0013	0.9944	0.9873	0.0071
2HRK	amber_boltz	3	0.5090	0.5710	-0.0620	0.9899	0.9877	0.0022	0.9901	0.9845	0.0056
2HRK	amber_boltz	4	0.5630	0.5620	0.0010	0.9878	0.9879	-0.0001	0.9816	0.9859	-0.0043
2HRK	boltz	0	0.4930	0.5200	-0.0270	0.9905	0.9894	0.0011	0.9901	0.9915	-0.0014
2HRK	boltz	1	0.5180	0.5300	-0.0120	0.9897	0.9891	0.0006	0.9915	0.9859	0.0056
2HRK	boltz	2	0.4550	0.4850	-0.0300	0.9918	0.9908	0.0010	0.9929	0.9887	0.0042
2HRK	boltz	3	0.5020	0.5610	-0.0590	0.9902	0.9880	0.0022	0.9929	0.9873	0.0056
2HRK	boltz	4	0.5560	0.5510	0.0050	0.9881	0.9884	-0.0003	0.9831	0.9859	-0.0028
2I25	af_relaxed	0	0.4350	0.4200	0.0150	0.9901	0.9907	-0.0006	0.9942	0.9942	0.0000
2I25	af_relaxed	1	0.4190	0.4290	-0.0100	0.9907	0.9903	0.0004	0.9942	0.9942	0.0000
2I25	af_relaxed	2	0.4070	0.4050	0.0020	0.9912	0.9913	-0.0001	0.9961	0.9961	0.0000
2I25	af_relaxed	3	0.4130	0.4120	0.0010	0.9909	0.9910	-0.0001	0.9961	0.9961	0.0000
2I25	af_relaxed	4	0.4220	0.4060	0.0160	0.9905	0.9912	-0.0007	0.9942	0.9961	-0.0019
2I25	amber_af	0	0.4200	0.4190	0.0010	0.9907	0.9907	0.0000	0.9942	0.9942	0.0000
2I25	amber_af	1	0.4360	0.4310	0.0050	0.9900	0.9902	-0.0002	0.9942	0.9942	0.0000
2I25	amber_af	2	0.4220	0.4070	0.0150	0.9905	0.9912	-0.0007	0.9942	0.9961	-0.0019
2I25	amber_af	3	0.4060	0.4120	-0.0060	0.9912	0.9910	0.0002	0.9961	0.9961	0.0000
2I25	amber_af	4	0.4140	0.4050	0.0090	0.9909	0.9912	-0.0003	0.9961	0.9961	0.0000
2I25	amber_boltz	0	0.3110	0.3460	-0.0350	0.9947	0.9935	0.0012	0.9981	0.9961	0.0020
2I25	amber_boltz	1	0.3290	0.3610	-0.0320	0.9941	0.9930	0.0011	0.9961	0.9961	0.0000
2I25	amber_boltz	2	0.3520	0.3190	0.0330	0.9932	0.9944	-0.0012	0.9961	0.9981	-0.0020
2I25	amber_boltz	3	0.3350	0.3570	-0.0220	0.9938	0.9931	0.0007	0.9981	0.9961	0.0020
2I25	amber_boltz	4	0.3410	0.3370	0.0040	0.9938	0.9938	0.0000	0.9961	0.9981	-0.0020
2I25	boltz	0	0.3060	0.3410	-0.0350	0.9948	0.9937	0.0011	0.9981	0.9981	0.0000
2I25	boltz	1	0.3240	0.3440	-0.0200	0.9943	0.9936	0.0007	0.9961	0.9961	0.0000
2I25	boltz	2	0.3460	0.3190	0.0270	0.9935	0.9944	-0.0009	0.9961	0.9981	-0.0020
2I25	boltz	3	0.3190	0.3440	-0.0250	0.9944	0.9935	0.0009	0.9981	0.9981	0.0000
2I25	boltz	4	0.3420	0.3240	0.0180	0.9937	0.9942	-0.0005	0.9961	0.9981	-0.0020
2I9B	af_relaxed	0	0.6950	0.7520	-0.0570	0.9740	0.9702	0.0038	0.9752	0.9669	0.0083
2I9B	af_relaxed	1	0.7350	0.7210	0.0140	0.9711	0.9721	-0.0010	0.9628	0.9669	-0.0041
2I9B	af_relaxed	2	0.6720	0.6810	-0.0090	0.9753	0.9748	0.0005	0.9731	0.9731	0.0000
2I9B	af_relaxed	3	0.7220	0.6980	0.0240	0.9720	0.9736	-0.0016	0.9731	0.9752	-0.0021
2I9B	af_relaxed	4	0.7460	0.7490	-0.0030	0.9707	0.9699	0.0008	0.9649	0.9690	-0.0041
2I9B	amber_af	0	0.6940	0.7520	-0.0580	0.9741	0.9703	0.0038	0.9752	0.9690	0.0062
2I9B	amber_af	1	0.7240	0.7220	0.0020	0.9719	0.9721	-0.0002	0.9731	0.9690	0.0041
2I9B	amber_af	2	0.7460	0.6820	0.0640	0.9707	0.9747	-0.0040	0.9649	0.9731	-0.0082
2I9B	amber_af	3	0.7340	0.6980	0.0360	0.9712	0.9736	-0.0024	0.9649	0.9752	-0.0103
2I9B	amber_af	4	0.6730	0.7490	-0.0760	0.9753	0.9699	0.0054	0.9731	0.9690	0.0041
2I9B	amber_boltz	0	0.7420	0.7950	-0.0530	0.9696	0.9651	0.0045	0.9669	0.9607	0.0062
2I9B	amber_boltz	1	0.7650	0.6630	0.1020	0.9690	0.9759	-0.0069	0.9669	0.9773	-0.0104
2I9B	amber_boltz	2	0.7240	0.7590	-0.0350	0.9715	0.9687	0.0028	0.9690	0.9690	0.0000
2I9B	amber_boltz	3	0.8030	0.8550	-0.0520	0.9664	0.9615	0.0049	0.9690	0.9525	0.0165
2I9B	amber_boltz	4	0.7830	0.6910	0.0920	0.9670	0.9737	-0.0067	0.9607	0.9731	-0.0124
2I9B	boltz	0	0.7290	0.7910	-0.0620	0.9706	0.9655	0.0051	0.9690	0.9628	0.0062
2I9B	boltz	1	0.7560	0.6600	0.0960	0.9697	0.9762	-0.0065	0.9690	0.9793	-0.0103
2I9B	boltz	2	0.7140	0.7520	-0.0380	0.9722	0.9692	0.0030	0.9711	0.9731	-0.0020
2I9B	boltz	3	0.7960	0.8520	-0.0560	0.9670	0.9619	0.0051	0.9690	0.9545	0.0145
2I9B	boltz	4	0.7720	0.6820	0.0900	0.9680	0.9743	-0.0063	0.9607	0.9773	-0.0166
2IDO	af_relaxed	0	0.6650	0.6780	-0.0130	0.9844	0.9845	-0.0001	0.9826	0.9811	0.0015
2IDO	af_relaxed	1	0.6630	0.6680	-0.0050	0.9851	0.9844	0.0007	0.9826	0.9811	0.0015
2IDO	af_relaxed	2	0.7970	0.7750	0.0220	0.9793	0.9801	-0.0008	0.9767	0.9767	0.0000
2IDO	af_relaxed	3	0.7660	0.7650	0.0010	0.9800	0.9800	0.0000	0.9767	0.9767	0.0000
2IDO	af_relaxed	4	0.6340	0.6350	-0.0010	0.9857	0.9856	0.0001	0.9826	0.9811	0.0015
2IDO	amber_af	0	0.7970	0.6790	0.1180	0.9793	0.9844	-0.0051	0.9767	0.9811	-0.0044
2IDO	amber_af	1	0.7660	0.6690	0.0970	0.9801	0.9843	-0.0042	0.9767	0.9811	-0.0044
2IDO	amber_af	2	0.6340	0.7770	-0.1430	0.9857	0.9800	0.0057	0.9826	0.9767	0.0059
2IDO	amber_af	3	0.6640	0.7650	-0.1010	0.9851	0.9800	0.0051	0.9826	0.9767	0.0059
2IDO	amber_af	4	0.6650	0.6340	0.0310	0.9844	0.9856	-0.0012	0.9826	0.9826	0.0000
2IDO	amber_boltz	0	0.7810	0.7450	0.0360	0.9811	0.9822	-0.0011	0.9767	0.9782	-0.0015
2IDO	amber_boltz	1	0.7560	0.7560	0.0000	0.9815	0.9826	-0.0011	0.9753	0.9797	-0.0044
2IDO	amber_boltz	2	0.7440	0.7840	-0.0400	0.9824	0.9805	0.0019	0.9753	0.9753	0.0000
2IDO	amber_boltz	3	0.7560	0.7740	-0.0180	0.9823	0.9814	0.0009	0.9767	0.9767	0.0000
2IDO	amber_boltz	4	0.8920	0.9000	-0.0080	0.9775	0.9769	0.0006	0.9695	0.9709	-0.0014
2IDO	boltz	0	0.7800	0.7470	0.0330	0.9812	0.9823	-0.0011	0.9782	0.9797	-0.0015
2IDO	boltz	1	0.7560	0.7550	0.0010	0.9817	0.9828	-0.0011	0.9753	0.9797	-0.0044
2IDO	boltz	2	0.7390	0.7800	-0.0410	0.9828	0.9809	0.0019	0.9782	0.9753	0.0029
2IDO	boltz	3	0.7530	0.7710	-0.0180	0.9826	0.9817	0.0009	0.9782	0.9782	0.0000
2IDO	boltz	4	0.8940	0.9060	-0.0120	0.9778	0.9771	0.0007	0.9709	0.9709	0.0000
2J0T	af_relaxed	0	0.5260	0.5260	0.0000	0.9909	0.9908	0.0001	0.9938	0.9938	0.0000
2J0T	af_relaxed	1	0.4250	0.5010	-0.0760	0.9924	0.9913	0.0011	0.9938	0.9922	0.0016
2J0T	af_relaxed	2	0.5070	0.4240	0.0830	0.9911	0.9925	-0.0014	0.9938	0.9938	0.0000
2J0T	af_relaxed	3	0.5290	0.5410	-0.0120	0.9907	0.9905	0.0002	0.9922	0.9938	-0.0016
2J0T	af_relaxed	4	0.4710	0.5070	-0.0360	0.9918	0.9909	0.0009	0.9938	0.9922	0.0016
2J0T	amber_af	0	0.5080	0.5240	-0.0160	0.9910	0.9909	0.0001	0.9938	0.9938	0.0000
2J0T	amber_af	1	0.5260	0.5010	0.0250	0.9909	0.9913	-0.0004	0.9938	0.9922	0.0016
2J0T	amber_af	2	0.4260	0.4230	0.0030	0.9924	0.9925	-0.0001	0.9938	0.9938	0.0000
2J0T	amber_af	3	0.4700	0.5410	-0.0710	0.9918	0.9905	0.0013	0.9938	0.9938	0.0000
2J0T	amber_af	4	0.5280	0.5070	0.0210	0.9908	0.9909	-0.0001	0.9922	0.9922	0.0000
2J0T	amber_boltz	0	0.5710	0.7000	-0.1290	0.9882	0.9854	0.0028	0.9876	0.9860	0.0016
2J0T	amber_boltz	1	0.4820	0.5090	-0.0270	0.9901	0.9895	0.0006	0.9907	0.9938	-0.0031
2J0T	amber_boltz	2	0.5940	0.5430	0.0510	0.9869	0.9887	-0.0018	0.9891	0.9907	-0.0016
2J0T	amber_boltz	3	0.4940	0.4510	0.0430	0.9899	0.9912	-0.0013	0.9907	0.9938	-0.0031
2J0T	amber_boltz	4	0.8590	0.6260	0.2330	0.9848	0.9875	-0.0027	0.9860	0.9907	-0.0047
2J0T	boltz	0	0.5780	0.6920	-0.1140	0.9879	0.9855	0.0024	0.9876	0.9845	0.0031
2J0T	boltz	1	0.4880	0.5170	-0.0290	0.9898	0.9892	0.0006	0.9891	0.9891	0.0000
2J0T	boltz	2	0.5940	0.5460	0.0480	0.9868	0.9886	-0.0018	0.9891	0.9891	0.0000
2J0T	boltz	3	0.5030	0.4560	0.0470	0.9895	0.9911	-0.0016	0.9891	0.9938	-0.0047
2J0T	boltz	4	0.8570	0.6260	0.2310	0.9846	0.9875	-0.0029	0.9845	0.9891	-0.0046
2J7P	af_relaxed	0	1.4190	1.4380	-0.0190	0.9745	0.9733	0.0012	0.9349	0.9281	0.0068
2J7P	af_relaxed	1	1.5850	1.5340	0.0510	0.9633	0.9665	-0.0032	0.9058	0.9075	-0.0017
2J7P	af_relaxed	2	1.5950	1.5810	0.0140	0.9629	0.9635	-0.0006	0.8998	0.9050	-0.0052
2J7P	af_relaxed	3	1.5890	1.6170	-0.0280	0.9645	0.9627	0.0018	0.9058	0.8990	0.0068
2J7P	af_relaxed	4	1.5220	1.5320	-0.0100	0.9683	0.9669	0.0014	0.9170	0.9110	0.0060
2J7P	amber_af	0	1.5220	1.4370	0.0850	0.9683	0.9734	-0.0051	0.9170	0.9298	-0.0128
2J7P	amber_af	1	1.4180	1.5330	-0.1150	0.9745	0.9665	0.0080	0.9349	0.9075	0.0274
2J7P	amber_af	2	1.5830	1.5830	0.0000	0.9633	0.9635	-0.0002	0.9058	0.9050	0.0008
2J7P	amber_af	3	1.5940	1.6170	-0.0230	0.9629	0.9628	0.0001	0.9007	0.8990	0.0017
2J7P	amber_af	4	1.5890	1.5320	0.0570	0.9645	0.9669	-0.0024	0.9067	0.9110	-0.0043
2J7P	amber_boltz	0	2.1550	2.4650	-0.3100	0.9512	0.9333	0.0179	0.9238	0.8990	0.0248
2J7P	amber_boltz	1	2.2070	2.2630	-0.0560	0.9412	0.9404	0.0008	0.9135	0.9101	0.0034
2J7P	amber_boltz	2	2.5430	2.3710	0.1720	0.9325	0.9340	-0.0015	0.9033	0.8930	0.0103
2J7P	amber_boltz	3	2.3540	2.4410	-0.0870	0.9369	0.9357	0.0012	0.8998	0.9058	-0.0060
2J7P	amber_boltz	4	2.3650	2.3420	0.0230	0.9375	0.9349	0.0026	0.9058	0.9033	0.0025
2J7P	boltz	0	2.1410	2.4580	-0.3170	0.9514	0.9336	0.0178	0.9238	0.8990	0.0248
2J7P	boltz	1	2.2030	2.2570	-0.0540	0.9413	0.9406	0.0007	0.9152	0.9118	0.0034
2J7P	boltz	2	2.5390	2.3650	0.1740	0.9325	0.9341	-0.0016	0.9041	0.8955	0.0086
2J7P	boltz	3	2.3470	2.4380	-0.0910	0.9370	0.9357	0.0013	0.8981	0.9075	-0.0094
2J7P	boltz	4	2.3600	2.3410	0.0190	0.9376	0.9350	0.0026	0.9041	0.9050	-0.0009
2MTA	af_relaxed	0	14.2610	14.2560	0.0050	0.1812	0.1813	-0.0001	0.1524	0.1524	0.0000
2MTA	af_relaxed	1	14.2490	14.2460	0.0030	0.1816	0.1816	0.0000	0.1524	0.1524	0.0000
2MTA	af_relaxed	2	14.2510	14.2430	0.0080	0.1815	0.1814	0.0001	0.1524	0.1524	0.0000
2MTA	af_relaxed	3	14.2320	14.2450	-0.0130	0.1822	0.1818	0.0004	0.1548	0.1548	0.0000
2MTA	af_relaxed	4	14.2380	14.2430	-0.0050	0.1816	0.1816	0.0000	0.1524	0.1524	0.0000
2MTA	amber_af	0	14.2510	14.2560	-0.0050	0.1815	0.1813	0.0002	0.1548	0.1524	0.0024
2MTA	amber_af	1	14.2330	14.2460	-0.0130	0.1822	0.1816	0.0006	0.1548	0.1524	0.0024
2MTA	amber_af	2	14.2410	14.2430	-0.0020	0.1816	0.1814	0.0002	0.1524	0.1524	0.0000
2MTA	amber_af	3	14.2590	14.2460	0.0130	0.1812	0.1817	-0.0005	0.1524	0.1548	-0.0024
2MTA	amber_af	4	14.2480	14.2430	0.0050	0.1816	0.1815	0.0001	0.1524	0.1524	0.0000
2MTA	amber_boltz	0	14.2180	14.2320	-0.0140	0.1828	0.1826	0.0002	0.1571	0.1571	0.0000
2MTA	amber_boltz	1	14.2010	14.2460	-0.0450	0.1832	0.1822	0.0010	0.1571	0.1571	0.0000
2MTA	amber_boltz	2	14.2220	14.2330	-0.0110	0.1826	0.1824	0.0002	0.1571	0.1571	0.0000
2MTA	amber_boltz	3	14.2500	14.2230	0.0270	0.1828	0.1826	0.0002	0.1571	0.1571	0.0000
2MTA	amber_boltz	4	14.2410	14.2150	0.0260	0.1821	0.1827	-0.0006	0.1548	0.1571	-0.0023
2MTA	boltz	0	14.2080	14.2270	-0.0190	0.1835	0.1835	0.0000	0.1571	0.1571	0.0000
2MTA	boltz	1	14.1900	14.2380	-0.0480	0.1840	0.1829	0.0011	0.1571	0.1548	0.0023
2MTA	boltz	2	14.2110	14.2250	-0.0140	0.1834	0.1831	0.0003	0.1571	0.1571	0.0000
2MTA	boltz	3	14.2430	14.2160	0.0270	0.1831	0.1832	-0.0001	0.1571	0.1571	0.0000
2MTA	boltz	4	14.2340	14.2090	0.0250	0.1827	0.1833	-0.0006	0.1548	0.1571	-0.0023
2NZ8	af_relaxed	0	0.5740	0.5800	-0.0060	0.9889	0.9886	0.0003	0.9873	0.9873	0.0000
2NZ8	af_relaxed	1	0.5710	0.5720	-0.0010	0.9890	0.9890	0.0000	0.9873	0.9873	0.0000
2NZ8	af_relaxed	2	0.5780	0.5680	0.0100	0.9887	0.9891	-0.0004	0.9873	0.9873	0.0000
2NZ8	af_relaxed	3	0.5720	0.5720	0.0000	0.9890	0.9890	0.0000	0.9859	0.9859	0.0000
2NZ8	af_relaxed	4	0.5650	0.5610	0.0040	0.9891	0.9893	-0.0002	0.9873	0.9873	0.0000
2NZ8	amber_af	0	0.5780	0.5800	-0.0020	0.9887	0.9886	0.0001	0.9873	0.9873	0.0000
2NZ8	amber_af	1	0.5650	0.5720	-0.0070	0.9891	0.9890	0.0001	0.9873	0.9873	0.0000
2NZ8	amber_af	2	0.5740	0.5680	0.0060	0.9889	0.9891	-0.0002	0.9873	0.9873	0.0000
2NZ8	amber_af	3	0.5720	0.5710	0.0010	0.9890	0.9890	0.0000	0.9859	0.9859	0.0000
2NZ8	amber_af	4	0.5710	0.5610	0.0100	0.9890	0.9893	-0.0003	0.9873	0.9873	0.0000
2NZ8	amber_boltz	0	0.5640	0.5790	-0.0150	0.9894	0.9888	0.0006	0.9887	0.9887	0.0000
2NZ8	amber_boltz	1	0.5660	0.5780	-0.0120	0.9890	0.9890	0.0000	0.9887	0.9887	0.0000
2NZ8	amber_boltz	2	0.5920	0.5920	0.0000	0.9883	0.9883	0.0000	0.9873	0.9873	0.0000
2NZ8	amber_boltz	3	0.5880	0.5850	0.0030	0.9886	0.9884	0.0002	0.9887	0.9873	0.0014
2NZ8	amber_boltz	4	0.5950	0.6100	-0.0150	0.9881	0.9875	0.0006	0.9873	0.9845	0.0028
2NZ8	boltz	0	0.5650	0.5830	-0.0180	0.9894	0.9887	0.0007	0.9887	0.9887	0.0000
2NZ8	boltz	1	0.5650	0.5780	-0.0130	0.9891	0.9891	0.0000	0.9887	0.9887	0.0000
2NZ8	boltz	2	0.5930	0.5930	0.0000	0.9884	0.9883	0.0001	0.9887	0.9873	0.0014
2NZ8	boltz	3	0.5870	0.5860	0.0010	0.9887	0.9885	0.0002	0.9887	0.9887	0.0000
2NZ8	boltz	4	0.5970	0.6120	-0.0150	0.9881	0.9875	0.0006	0.9859	0.9845	0.0014
2O3B	af_relaxed	0	0.9260	0.9050	0.0210	0.9906	0.9910	-0.0004	0.9927	0.9917	0.0010
2O3B	af_relaxed	1	0.9090	0.9160	-0.0070	0.9910	0.9911	-0.0001	0.9917	0.9938	-0.0021
2O3B	af_relaxed	2	0.9230	0.6390	0.2840	0.9908	0.9921	-0.0013	0.9938	0.9938	0.0000
2O3B	af_relaxed	3	0.9070	0.9020	0.0050	0.9910	0.9909	0.0001	0.9917	0.9927	-0.0010
2O3B	af_relaxed	4	0.6630	0.8890	-0.2260	0.9919	0.9913	0.0006	0.9938	0.9927	0.0011
2O3B	amber_af	0	0.6630	0.9040	-0.2410	0.9919	0.9910	0.0009	0.9938	0.9927	0.0011
2O3B	amber_af	1	0.9090	0.9170	-0.0080	0.9910	0.9911	-0.0001	0.9917	0.9938	-0.0021
2O3B	amber_af	2	0.9230	0.6400	0.2830	0.9908	0.9921	-0.0013	0.9938	0.9938	0.0000
2O3B	amber_af	3	0.9070	0.9020	0.0050	0.9910	0.9909	0.0001	0.9917	0.9938	-0.0021
2O3B	amber_af	4	0.9260	0.8900	0.0360	0.9906	0.9913	-0.0007	0.9927	0.9927	0.0000
2O3B	amber_boltz	0	0.9150	0.8970	0.0180	0.9908	0.9902	0.0006	0.9917	0.9917	0.0000
2O3B	amber_boltz	1	0.9540	0.9850	-0.0310	0.9905	0.9905	0.0000	0.9907	0.9917	-0.0010
2O3B	amber_boltz	2	0.9140	0.9140	0.0000	0.9907	0.9905	0.0002	0.9907	0.9917	-0.0010
2O3B	amber_boltz	3	0.9450	0.9460	-0.0010	0.9897	0.9899	-0.0002	0.9917	0.9907	0.0010
2O3B	amber_boltz	4	0.9140	0.8920	0.0220	0.9902	0.9905	-0.0003	0.9917	0.9917	0.0000
2O3B	boltz	0	0.9030	0.8820	0.0210	0.9910	0.9906	0.0004	0.9917	0.9917	0.0000
2O3B	boltz	1	0.9430	0.9700	-0.0270	0.9908	0.9908	0.0000	0.9907	0.9917	-0.0010
2O3B	boltz	2	0.9020	0.9010	0.0010	0.9910	0.9908	0.0002	0.9907	0.9907	0.0000
2O3B	boltz	3	0.9280	0.9300	-0.0020	0.9900	0.9903	-0.0003	0.9917	0.9907	0.0010
2O3B	boltz	4	0.8990	0.8760	0.0230	0.9905	0.9908	-0.0003	0.9927	0.9917	0.0010
2O8V	af_relaxed	0	1.6200	1.5580	0.0620	0.9516	0.9530	-0.0014	0.9225	0.9225	0.0000
2O8V	af_relaxed	1	1.5590	1.5760	-0.0170	0.9551	0.9544	0.0007	0.9258	0.9247	0.0011
2O8V	af_relaxed	2	1.5340	1.5330	0.0010	0.9553	0.9547	0.0006	0.9258	0.9225	0.0033
2O8V	af_relaxed	3	1.5500	1.5170	0.0330	0.9544	0.9564	-0.0020	0.9225	0.9279	-0.0054
2O8V	af_relaxed	4	1.5080	1.4900	0.0180	0.9555	0.9560	-0.0005	0.9225	0.9236	-0.0011
2O8V	amber_af	0	1.5320	1.5590	-0.0270	0.9553	0.9530	0.0023	0.9258	0.9236	0.0022
2O8V	amber_af	1	1.5080	1.5760	-0.0680	0.9555	0.9544	0.0011	0.9225	0.9247	-0.0022
2O8V	amber_af	2	1.5580	1.5340	0.0240	0.9551	0.9547	0.0004	0.9258	0.9225	0.0033
2O8V	amber_af	3	1.6200	1.5150	0.1050	0.9515	0.9564	-0.0049	0.9225	0.9279	-0.0054
2O8V	amber_af	4	1.5510	1.4900	0.0610	0.9544	0.9560	-0.0016	0.9225	0.9236	-0.0011
2O8V	amber_boltz	0	1.9790	1.6420	0.3370	0.9382	0.9455	-0.0073	0.9050	0.8985	0.0065
2O8V	amber_boltz	1	2.9990	3.2180	-0.2190	0.9334	0.9312	0.0022	0.9028	0.8952	0.0076
2O8V	amber_boltz	2	3.1630	3.1970	-0.0340	0.9311	0.9329	-0.0018	0.8941	0.8854	0.0087
2O8V	amber_boltz	3	3.2960	3.5740	-0.2780	0.9330	0.9273	0.0057	0.8876	0.8886	-0.0010
2O8V	amber_boltz	4	2.7490	3.1040	-0.3550	0.9337	0.9304	0.0033	0.9017	0.8843	0.0174
2O8V	boltz	0	1.9780	1.6440	0.3340	0.9383	0.9455	-0.0072	0.9039	0.9007	0.0032
2O8V	boltz	1	2.9830	3.2140	-0.2310	0.9337	0.9314	0.0023	0.9061	0.8952	0.0109
2O8V	boltz	2	3.1650	3.1840	-0.0190	0.9312	0.9334	-0.0022	0.8941	0.8865	0.0076
2O8V	boltz	3	3.2820	3.5550	-0.2730	0.9333	0.9275	0.0058	0.8886	0.8897	-0.0011
2O8V	boltz	4	2.7420	3.0860	-0.3440	0.9342	0.9311	0.0031	0.9039	0.8854	0.0185
2OOB	af_relaxed	0	0.9440	1.3010	-0.3570	0.9189	0.9205	-0.0016	0.9659	0.9659	0.0000
2OOB	af_relaxed	1	1.2950	0.9430	0.3520	0.9196	0.9201	-0.0005	0.9602	0.9659	-0.0057
2OOB	af_relaxed	2	1.2390	1.2180	0.0210	0.9146	0.9165	-0.0019	0.9602	0.9602	0.0000
2OOB	af_relaxed	3	1.3280	1.3190	0.0090	0.9153	0.9062	0.0091	0.9659	0.9602	0.0057
2OOB	af_relaxed	4	1.2910	1.0720	0.2190	0.9126	0.8942	0.0184	0.9602	0.9659	-0.0057
2OOB	amber_af	0	1.2390	1.3000	-0.0610	0.9145	0.9206	-0.0061	0.9602	0.9659	-0.0057
2OOB	amber_af	1	1.2940	0.9420	0.3520	0.9197	0.9202	-0.0005	0.9602	0.9659	-0.0057
2OOB	amber_af	2	1.3270	1.2180	0.1090	0.9152	0.9164	-0.0012	0.9659	0.9602	0.0057
2OOB	amber_af	3	1.2940	1.3190	-0.0250	0.9115	0.9062	0.0053	0.9602	0.9602	0.0000
2OOB	amber_af	4	0.9430	1.0700	-0.1270	0.9191	0.8949	0.0242	0.9659	0.9659	0.0000
2OOB	amber_boltz	0	1.7430	1.6750	0.0680	0.8960	0.8968	-0.0008	0.9489	0.9545	-0.0056
2OOB	amber_boltz	1	1.7670	1.7990	-0.0320	0.8912	0.8995	-0.0083	0.9375	0.9432	-0.0057
2OOB	amber_boltz	2	1.6640	1.8370	-0.1730	0.9040	0.8940	0.0100	0.9432	0.9432	0.0000
2OOB	amber_boltz	3	1.7780	1.8640	-0.0860	0.8992	0.8858	0.0134	0.9432	0.9375	0.0057
2OOB	amber_boltz	4	1.6950	1.7520	-0.0570	0.8922	0.8928	-0.0006	0.9432	0.9375	0.0057
2OOB	boltz	0	1.7310	1.6680	0.0630	0.8935	0.8970	-0.0035	0.9432	0.9545	-0.0113
2OOB	boltz	1	1.7600	1.7870	-0.0270	0.8915	0.8992	-0.0077	0.9375	0.9432	-0.0057
2OOB	boltz	2	1.6630	1.8300	-0.1670	0.9034	0.8937	0.0097	0.9432	0.9432	0.0000
2OOB	boltz	3	1.7760	1.8660	-0.0900	0.8979	0.8855	0.0124	0.9432	0.9375	0.0057
2OOB	boltz	4	1.6860	1.7340	-0.0480	0.8919	0.8925	-0.0006	0.9375	0.9375	0.0000
2OOR	af_relaxed	0	0.4260	0.4240	0.0020	0.9964	0.9965	-0.0001	0.9993	0.9987	0.0006
2OOR	af_relaxed	1	0.4320	0.4270	0.0050	0.9963	0.9964	-0.0001	0.9980	0.9993	-0.0013
2OOR	af_relaxed	2	0.4230	0.4360	-0.0130	0.9965	0.9963	0.0002	0.9993	0.9980	0.0013
2OOR	af_relaxed	3	0.4280	0.4250	0.0030	0.9964	0.9964	0.0000	0.9993	0.9987	0.0006
2OOR	af_relaxed	4	0.4550	0.4520	0.0030	0.9959	0.9960	-0.0001	0.9980	0.9987	-0.0007
2OOR	amber_af	0	0.4270	0.4240	0.0030	0.9964	0.9965	-0.0001	0.9993	0.9993	0.0000
2OOR	amber_af	1	0.4550	0.4270	0.0280	0.9959	0.9964	-0.0005	0.9987	0.9993	-0.0006
2OOR	amber_af	2	0.4320	0.4360	-0.0040	0.9963	0.9963	0.0000	0.9980	0.9980	0.0000
2OOR	amber_af	3	0.4260	0.4250	0.0010	0.9964	0.9964	0.0000	0.9993	0.9987	0.0006
2OOR	amber_af	4	0.4230	0.4520	-0.0290	0.9965	0.9960	0.0005	0.9987	0.9987	0.0000
2OOR	amber_boltz	0	1.3900	1.5670	-0.1770	0.9692	0.9644	0.0048	0.9239	0.9226	0.0013
2OOR	amber_boltz	1	1.4770	1.6540	-0.1770	0.9657	0.9602	0.0055	0.9074	0.8909	0.0165
2OOR	amber_boltz	2	1.3450	1.2770	0.0680	0.9704	0.9727	-0.0023	0.9094	0.9206	-0.0112
2OOR	amber_boltz	3	1.4480	1.5720	-0.1240	0.9658	0.9626	0.0032	0.8968	0.8955	0.0013
2OOR	amber_boltz	4	1.4940	1.4420	0.0520	0.9655	0.9670	-0.0015	0.9187	0.9094	0.0093
2OOR	boltz	0	1.3890	1.5650	-0.1760	0.9691	0.9644	0.0047	0.9213	0.9226	-0.0013
2OOR	boltz	1	1.4770	1.6540	-0.1770	0.9657	0.9601	0.0056	0.9087	0.8889	0.0198
2OOR	boltz	2	1.3470	1.2790	0.0680	0.9703	0.9725	-0.0022	0.9081	0.9206	-0.0125
2OOR	boltz	3	1.4520	1.5760	-0.1240	0.9655	0.9624	0.0031	0.8981	0.8968	0.0013
2OOR	boltz	4	1.4950	1.4430	0.0520	0.9654	0.9668	-0.0014	0.9153	0.9094	0.0059
2OT3	af_relaxed	0	0.7790	0.7700	0.0090	0.9835	0.9838	-0.0003	0.9555	0.9575	-0.0020
2OT3	af_relaxed	1	0.8020	0.8340	-0.0320	0.9825	0.9814	0.0011	0.9536	0.9545	-0.0009
2OT3	af_relaxed	2	0.8290	0.7130	0.1160	0.9830	0.9860	-0.0030	0.9605	0.9634	-0.0029
2OT3	af_relaxed	3	1.0250	0.8410	0.1840	0.9792	0.9827	-0.0035	0.9496	0.9585	-0.0089
2OT3	af_relaxed	4	0.7370	0.7340	0.0030	0.9850	0.9852	-0.0002	0.9605	0.9615	-0.0010
2OT3	amber_af	0	0.8010	0.7700	0.0310	0.9825	0.9838	-0.0013	0.9536	0.9575	-0.0039
2OT3	amber_af	1	0.7360	0.8340	-0.0980	0.9851	0.9814	0.0037	0.9615	0.9555	0.0060
2OT3	amber_af	2	1.0250	0.7130	0.3120	0.9791	0.9860	-0.0069	0.9506	0.9625	-0.0119
2OT3	amber_af	3	0.8290	0.8420	-0.0130	0.9830	0.9827	0.0003	0.9605	0.9585	0.0020
2OT3	amber_af	4	0.7790	0.7340	0.0450	0.9834	0.9852	-0.0018	0.9555	0.9615	-0.0060
2OT3	amber_boltz	0	0.9880	0.9000	0.0880	0.9742	0.9782	-0.0040	0.9348	0.9417	-0.0069
2OT3	amber_boltz	1	0.8560	0.9260	-0.0700	0.9801	0.9771	0.0030	0.9506	0.9407	0.0099
2OT3	amber_boltz	2	1.0290	0.9180	0.1110	0.9721	0.9775	-0.0054	0.9308	0.9457	-0.0149
2OT3	amber_boltz	3	1.0400	0.9810	0.0590	0.9716	0.9744	-0.0028	0.9318	0.9377	-0.0059
2OT3	amber_boltz	4	0.8970	0.9780	-0.0810	0.9782	0.9745	0.0037	0.9427	0.9348	0.0079
2OT3	boltz	0	0.9840	0.8980	0.0860	0.9744	0.9782	-0.0038	0.9358	0.9407	-0.0049
2OT3	boltz	1	0.8520	0.9230	-0.0710	0.9803	0.9773	0.0030	0.9516	0.9397	0.0119
2OT3	boltz	2	1.0280	0.9160	0.1120	0.9721	0.9776	-0.0055	0.9279	0.9466	-0.0187
2OT3	boltz	3	1.0360	0.9760	0.0600	0.9717	0.9746	-0.0029	0.9289	0.9348	-0.0059
2OT3	boltz	4	0.8910	0.9760	-0.0850	0.9785	0.9746	0.0039	0.9447	0.9338	0.0109
2OUL	af_relaxed	0	0.5930	0.5820	0.0110	0.9904	0.9908	-0.0004	0.9834	0.9844	-0.0010
2OUL	af_relaxed	1	0.5640	0.7300	-0.1660	0.9915	0.9876	0.0039	0.9876	0.9803	0.0073
2OUL	af_relaxed	2	0.7230	0.5930	0.1300	0.9879	0.9903	-0.0024	0.9824	0.9803	0.0021
2OUL	af_relaxed	3	0.6220	0.5780	0.0440	0.9893	0.9911	-0.0018	0.9793	0.9865	-0.0072
2OUL	af_relaxed	4	0.5770	0.7100	-0.1330	0.9908	0.9873	0.0035	0.9834	0.9751	0.0083
2OUL	amber_af	0	0.5930	0.5820	0.0110	0.9903	0.9907	-0.0004	0.9834	0.9844	-0.0010
2OUL	amber_af	1	0.5640	0.7310	-0.1670	0.9915	0.9876	0.0039	0.9876	0.9793	0.0083
2OUL	amber_af	2	0.7220	0.5930	0.1290	0.9879	0.9903	-0.0024	0.9834	0.9813	0.0021
2OUL	amber_af	3	0.5780	0.5770	0.0010	0.9908	0.9911	-0.0003	0.9834	0.9865	-0.0031
2OUL	amber_af	4	0.6210	0.7100	-0.0890	0.9894	0.9873	0.0021	0.9782	0.9751	0.0031
2OUL	amber_boltz	0	0.5740	0.6270	-0.0530	0.9906	0.9897	0.0009	0.9834	0.9813	0.0021
2OUL	amber_boltz	1	0.4960	0.5860	-0.0900	0.9928	0.9904	0.0024	0.9896	0.9844	0.0052
2OUL	amber_boltz	2	0.5160	0.5280	-0.0120	0.9924	0.9920	0.0004	0.9855	0.9844	0.0011
2OUL	amber_boltz	3	0.4820	0.6520	-0.1700	0.9933	0.9886	0.0047	0.9917	0.9813	0.0104
2OUL	amber_boltz	4	0.6490	0.5700	0.0790	0.9885	0.9913	-0.0028	0.9803	0.9855	-0.0052
2OUL	boltz	0	0.5730	0.6220	-0.0490	0.9907	0.9898	0.0009	0.9844	0.9813	0.0031
2OUL	boltz	1	0.4980	0.5810	-0.0830	0.9928	0.9906	0.0022	0.9907	0.9844	0.0063
2OUL	boltz	2	0.5160	0.5250	-0.0090	0.9924	0.9921	0.0003	0.9865	0.9834	0.0031
2OUL	boltz	3	0.4780	0.6520	-0.1740	0.9934	0.9886	0.0048	0.9917	0.9803	0.0114
2OUL	boltz	4	0.6470	0.5670	0.0800	0.9886	0.9913	-0.0027	0.9793	0.9855	-0.0062
2OZA	af_relaxed	0	2.3710	2.3380	0.0330	0.9450	0.9440	0.0010	0.8776	0.8731	0.0045
2OZA	af_relaxed	1	2.2560	2.3700	-0.1140	0.9487	0.9431	0.0056	0.8920	0.8784	0.0136
2OZA	af_relaxed	2	2.3070	2.2650	0.0420	0.9497	0.9530	-0.0033	0.8844	0.8882	-0.0038
2OZA	af_relaxed	3	2.7180	2.5730	0.1450	0.9219	0.9281	-0.0062	0.8474	0.8527	-0.0053
2OZA	af_relaxed	4	2.4800	2.3460	0.1340	0.9384	0.9456	-0.0072	0.8678	0.8807	-0.0129
2OZA	amber_af	0	2.2570	2.3370	-0.0800	0.9487	0.9440	0.0047	0.8912	0.8731	0.0181
2OZA	amber_af	1	2.4780	2.3690	0.1090	0.9384	0.9431	-0.0047	0.8678	0.8784	-0.0106
2OZA	amber_af	2	2.3710	2.2710	0.1000	0.9451	0.9530	-0.0079	0.8761	0.8875	-0.0114
2OZA	amber_af	3	2.3070	2.5890	-0.2820	0.9497	0.9278	0.0219	0.8844	0.8527	0.0317
2OZA	amber_af	4	2.7090	2.3470	0.3620	0.9222	0.9455	-0.0233	0.8482	0.8807	-0.0325
2OZA	amber_boltz	0	8.5280	8.4570	0.0710	0.8097	0.7985	0.0112	0.7606	0.7296	0.0310
2OZA	amber_boltz	1	7.8400	8.2580	-0.4180	0.8087	0.8060	0.0027	0.7424	0.7523	-0.0099
2OZA	amber_boltz	2	8.5560	8.3210	0.2350	0.8050	0.8070	-0.0020	0.7500	0.7613	-0.0113
2OZA	amber_boltz	3	7.3390	8.8530	-1.5140	0.8142	0.7974	0.0168	0.7742	0.7477	0.0265
2OZA	amber_boltz	4	10.3200	10.1550	0.1650	0.7909	0.7997	-0.0088	0.7364	0.7455	-0.0091
2OZA	boltz	0	8.5170	8.4420	0.0750	0.8103	0.7990	0.0113	0.7613	0.7311	0.0302
2OZA	boltz	1	7.8300	8.2440	-0.4140	0.8092	0.8065	0.0027	0.7447	0.7508	-0.0061
2OZA	boltz	2	8.5440	8.3150	0.2290	0.8054	0.8073	-0.0019	0.7492	0.7621	-0.0129
2OZA	boltz	3	7.3320	8.8330	-1.5010	0.8147	0.7982	0.0165	0.7764	0.7477	0.0287
2OZA	boltz	4	10.3060	10.1370	0.1690	0.7911	0.8001	-0.0090	0.7379	0.7470	-0.0091
2PCC	af_relaxed	0	0.5460	0.5480	-0.0020	0.9934	0.9934	0.0000	0.9923	0.9923	0.0000
2PCC	af_relaxed	1	0.5500	0.5450	0.0050	0.9934	0.9934	0.0000	0.9932	0.9923	0.0009
2PCC	af_relaxed	2	0.5250	0.5660	-0.0410	0.9937	0.9930	0.0007	0.9923	0.9923	0.0000
2PCC	af_relaxed	3	0.5630	0.5530	0.0100	0.9931	0.9933	-0.0002	0.9932	0.9932	0.0000
2PCC	af_relaxed	4	0.5510	0.5300	0.0210	0.9933	0.9936	-0.0003	0.9923	0.9923	0.0000
2PCC	amber_af	0	0.5510	0.5480	0.0030	0.9933	0.9934	-0.0001	0.9923	0.9923	0.0000
2PCC	amber_af	1	0.5250	0.5450	-0.0200	0.9937	0.9934	0.0003	0.9923	0.9923	0.0000
2PCC	amber_af	2	0.5460	0.5660	-0.0200	0.9934	0.9930	0.0004	0.9923	0.9923	0.0000
2PCC	amber_af	3	0.5630	0.5490	0.0140	0.9931	0.9934	-0.0003	0.9932	0.9923	0.0009
2PCC	amber_af	4	0.5500	0.5300	0.0200	0.9934	0.9936	-0.0002	0.9932	0.9923	0.0009
2PCC	amber_boltz	0	0.5710	0.5870	-0.0160	0.9935	0.9930	0.0005	0.9915	0.9915	0.0000
2PCC	amber_boltz	1	0.5630	0.5960	-0.0330	0.9933	0.9930	0.0003	0.9923	0.9898	0.0025
2PCC	amber_boltz	2	0.5870	0.5590	0.0280	0.9933	0.9933	0.0000	0.9915	0.9915	0.0000
2PCC	amber_boltz	3	0.6510	0.5890	0.0620	0.9917	0.9927	-0.0010	0.9889	0.9906	-0.0017
2PCC	amber_boltz	4	0.5870	0.5600	0.0270	0.9928	0.9934	-0.0006	0.9906	0.9923	-0.0017
2PCC	boltz	0	0.5610	0.5770	-0.0160	0.9938	0.9931	0.0007	0.9923	0.9923	0.0000
2PCC	boltz	1	0.5520	0.5860	-0.0340	0.9935	0.9932	0.0003	0.9923	0.9898	0.0025
2PCC	boltz	2	0.5780	0.5480	0.0300	0.9935	0.9936	-0.0001	0.9915	0.9923	-0.0008
2PCC	boltz	3	0.6420	0.5780	0.0640	0.9919	0.9929	-0.0010	0.9898	0.9906	-0.0008
2PCC	boltz	4	0.5790	0.5550	0.0240	0.9930	0.9935	-0.0005	0.9915	0.9923	-0.0008
2SIC	af_relaxed	0	0.2230	0.2240	-0.0010	0.9987	0.9987	0.0000	1.0000	1.0000	0.0000
2SIC	af_relaxed	1	0.2250	0.2230	0.0020	0.9987	0.9987	0.0000	1.0000	1.0000	0.0000
2SIC	af_relaxed	2	0.2230	0.2210	0.0020	0.9987	0.9987	0.0000	1.0000	1.0000	0.0000
2SIC	af_relaxed	3	0.2200	0.2220	-0.0020	0.9987	0.9987	0.0000	1.0000	1.0000	0.0000
2SIC	af_relaxed	4	0.2240	0.2240	0.0000	0.9987	0.9987	0.0000	1.0000	1.0000	0.0000
2SIC	amber_af	0	0.2240	0.2250	-0.0010	0.9987	0.9986	0.0001	1.0000	1.0000	0.0000
2SIC	amber_af	1	0.2250	0.2230	0.0020	0.9987	0.9987	0.0000	1.0000	1.0000	0.0000
2SIC	amber_af	2	0.2250	0.2220	0.0030	0.9987	0.9987	0.0000	1.0000	1.0000	0.0000
2SIC	amber_af	3	0.2210	0.2220	-0.0010	0.9987	0.9987	0.0000	1.0000	1.0000	0.0000
2SIC	amber_af	4	0.2190	0.2240	-0.0050	0.9987	0.9987	0.0000	1.0000	1.0000	0.0000
2SIC	amber_boltz	0	0.2520	0.2800	-0.0280	0.9983	0.9979	0.0004	1.0000	1.0000	0.0000
2SIC	amber_boltz	1	0.2590	0.2700	-0.0110	0.9982	0.9981	0.0001	1.0000	1.0000	0.0000
2SIC	amber_boltz	2	0.2760	0.2540	0.0220	0.9980	0.9983	-0.0003	1.0000	1.0000	0.0000
2SIC	amber_boltz	3	0.2720	0.2670	0.0050	0.9980	0.9981	-0.0001	1.0000	1.0000	0.0000
2SIC	amber_boltz	4	0.2680	0.2640	0.0040	0.9981	0.9982	-0.0001	1.0000	1.0000	0.0000
2SIC	boltz	0	0.2520	0.2780	-0.0260	0.9983	0.9979	0.0004	1.0000	1.0000	0.0000
2SIC	boltz	1	0.2550	0.2710	-0.0160	0.9983	0.9981	0.0002	1.0000	1.0000	0.0000
2SIC	boltz	2	0.2740	0.2530	0.0210	0.9980	0.9983	-0.0003	1.0000	1.0000	0.0000
2SIC	boltz	3	0.2710	0.2650	0.0060	0.9981	0.9981	0.0000	1.0000	1.0000	0.0000
2SIC	boltz	4	0.2660	0.2610	0.0050	0.9981	0.9982	-0.0001	1.0000	1.0000	0.0000
2SNI	af_relaxed	0	0.2620	0.2620	0.0000	0.9982	0.9982	0.0000	1.0000	1.0000	0.0000
2SNI	af_relaxed	1	0.2570	0.2530	0.0040	0.9982	0.9983	-0.0001	1.0000	1.0000	0.0000
2SNI	af_relaxed	2	0.2650	0.2640	0.0010	0.9981	0.9981	0.0000	1.0000	1.0000	0.0000
2SNI	af_relaxed	3	0.2670	0.2680	-0.0010	0.9981	0.9981	0.0000	1.0000	1.0000	0.0000
2SNI	af_relaxed	4	0.2600	0.2850	-0.0250	0.9982	0.9978	0.0004	1.0000	1.0000	0.0000
2SNI	amber_af	0	0.2570	0.2630	-0.0060	0.9982	0.9982	0.0000	1.0000	1.0000	0.0000
2SNI	amber_af	1	0.2600	0.2520	0.0080	0.9982	0.9983	-0.0001	1.0000	1.0000	0.0000
2SNI	amber_af	2	0.2650	0.2640	0.0010	0.9981	0.9982	-0.0001	1.0000	1.0000	0.0000
2SNI	amber_af	3	0.2610	0.2680	-0.0070	0.9982	0.9981	0.0001	1.0000	1.0000	0.0000
2SNI	amber_af	4	0.2680	0.2890	-0.0210	0.9981	0.9978	0.0003	1.0000	1.0000	0.0000
2SNI	amber_boltz	0	0.3200	0.2970	0.0230	0.9973	0.9977	-0.0004	1.0000	1.0000	0.0000
2SNI	amber_boltz	1	0.2910	0.2960	-0.0050	0.9978	0.9977	0.0001	1.0000	1.0000	0.0000
2SNI	amber_boltz	2	0.3040	0.2990	0.0050	0.9976	0.9976	0.0000	1.0000	1.0000	0.0000
2SNI	amber_boltz	3	0.3140	0.2900	0.0240	0.9974	0.9978	-0.0004	0.9991	1.0000	-0.0009
2SNI	amber_boltz	4	0.2880	0.2780	0.0100	0.9978	0.9979	-0.0001	0.9991	1.0000	-0.0009
2SNI	boltz	0	0.3130	0.2900	0.0230	0.9974	0.9978	-0.0004	1.0000	1.0000	0.0000
2SNI	boltz	1	0.2850	0.2920	-0.0070	0.9978	0.9977	0.0001	1.0000	1.0000	0.0000
2SNI	boltz	2	0.2970	0.2920	0.0050	0.9977	0.9977	0.0000	1.0000	1.0000	0.0000
2SNI	boltz	3	0.3070	0.2830	0.0240	0.9975	0.9979	-0.0004	1.0000	1.0000	0.0000
2SNI	boltz	4	0.2810	0.2710	0.0100	0.9979	0.9981	-0.0002	0.9991	1.0000	-0.0009
2UUY	af_relaxed	0	0.3160	0.3080	0.0080	0.9968	0.9970	-0.0002	0.9989	0.9989	0.0000
2UUY	af_relaxed	1	0.3080	0.3160	-0.0080	0.9970	0.9968	0.0002	0.9989	0.9989	0.0000
2UUY	af_relaxed	2	0.3140	0.3030	0.0110	0.9968	0.9970	-0.0002	0.9989	0.9978	0.0011
2UUY	af_relaxed	3	0.3170	0.3100	0.0070	0.9968	0.9969	-0.0001	0.9989	0.9989	0.0000
2UUY	af_relaxed	4	0.3140	0.3150	-0.0010	0.9968	0.9968	0.0000	0.9978	0.9989	-0.0011
2UUY	amber_af	0	0.3160	0.3080	0.0080	0.9968	0.9970	-0.0002	0.9989	0.9989	0.0000
2UUY	amber_af	1	0.3160	0.3160	0.0000	0.9968	0.9968	0.0000	0.9989	0.9989	0.0000
2UUY	amber_af	2	0.3090	0.3020	0.0070	0.9969	0.9971	-0.0002	0.9989	0.9989	0.0000
2UUY	amber_af	3	0.3140	0.3110	0.0030	0.9968	0.9969	-0.0001	0.9989	0.9989	0.0000
2UUY	amber_af	4	0.3150	0.3150	0.0000	0.9968	0.9968	0.0000	0.9989	0.9989	0.0000
2UUY	amber_boltz	0	0.3120	0.3140	-0.0020	0.9969	0.9968	0.0001	1.0000	1.0000	0.0000
2UUY	amber_boltz	1	0.3100	0.3210	-0.0110	0.9969	0.9967	0.0002	1.0000	0.9989	0.0011
2UUY	amber_boltz	2	0.3070	0.3170	-0.0100	0.9970	0.9968	0.0002	1.0000	1.0000	0.0000
2UUY	amber_boltz	3	0.3120	0.2860	0.0260	0.9969	0.9974	-0.0005	1.0000	1.0000	0.0000
2UUY	amber_boltz	4	0.2980	0.3100	-0.0120	0.9971	0.9969	0.0002	1.0000	1.0000	0.0000
2UUY	boltz	0	0.3080	0.3090	-0.0010	0.9970	0.9969	0.0001	1.0000	1.0000	0.0000
2UUY	boltz	1	0.3060	0.3170	-0.0110	0.9970	0.9968	0.0002	1.0000	1.0000	0.0000
2UUY	boltz	2	0.3040	0.3130	-0.0090	0.9970	0.9968	0.0002	1.0000	1.0000	0.0000
2UUY	boltz	3	0.3080	0.2830	0.0250	0.9969	0.9974	-0.0005	1.0000	1.0000	0.0000
2UUY	boltz	4	0.2910	0.3060	-0.0150	0.9973	0.9970	0.0003	1.0000	1.0000	0.0000
2VDB	af_relaxed	0	3.7420	3.8330	-0.0910	0.8710	0.8670	0.0040	0.7186	0.7073	0.0113
2VDB	af_relaxed	1	4.0080	4.0110	-0.0030	0.8592	0.8590	0.0002	0.6990	0.6990	0.0000
2VDB	af_relaxed	2	3.5530	3.8370	-0.2840	0.8799	0.8675	0.0124	0.7409	0.7152	0.0257
2VDB	af_relaxed	3	3.8380	3.5640	0.2740	0.8663	0.8794	-0.0131	0.7147	0.7435	-0.0288
2VDB	af_relaxed	4	3.7960	3.8340	-0.0380	0.8694	0.8666	0.0028	0.7186	0.7147	0.0039
2VDB	amber_af	0	4.0080	3.8320	0.1760	0.8592	0.8670	-0.0078	0.6995	0.7073	-0.0078
2VDB	amber_af	1	3.8380	4.0110	-0.1730	0.8664	0.8590	0.0074	0.7147	0.6995	0.0152
2VDB	amber_af	2	3.7970	3.8370	-0.0400	0.8694	0.8675	0.0019	0.7186	0.7156	0.0030
2VDB	amber_af	3	3.5540	3.5640	-0.0100	0.8799	0.8794	0.0005	0.7404	0.7430	-0.0026
2VDB	amber_af	4	3.7410	3.8340	-0.0930	0.8710	0.8665	0.0045	0.7195	0.7147	0.0048
2VDB	amber_boltz	0	4.3730	4.2570	0.1160	0.8381	0.8440	-0.0059	0.6333	0.6546	-0.0213
2VDB	amber_boltz	1	4.3340	4.5060	-0.1720	0.8397	0.8311	0.0086	0.6389	0.6272	0.0117
2VDB	amber_boltz	2	4.2640	4.4260	-0.1620	0.8440	0.8356	0.0084	0.6516	0.6246	0.0270
2VDB	amber_boltz	3	4.3620	4.4540	-0.0920	0.8359	0.8318	0.0041	0.6368	0.6250	0.0118
2VDB	amber_boltz	4	4.4760	4.3510	0.1250	0.8361	0.8376	-0.0015	0.6280	0.6341	-0.0061
2VDB	boltz	0	4.3720	4.2560	0.1160	0.8380	0.8441	-0.0061	0.6341	0.6551	-0.0210
2VDB	boltz	1	4.3320	4.5030	-0.1710	0.8397	0.8312	0.0085	0.6385	0.6254	0.0131
2VDB	boltz	2	4.2620	4.4260	-0.1640	0.8441	0.8355	0.0086	0.6481	0.6259	0.0222
2VDB	boltz	3	4.3620	4.4540	-0.0920	0.8358	0.8317	0.0041	0.6346	0.6250	0.0096
2VDB	boltz	4	4.4730	4.3500	0.1230	0.8362	0.8377	-0.0015	0.6267	0.6337	-0.0070
2VIS	af_relaxed	0	1.0840	1.1780	-0.0940	0.9625	0.9563	0.0062	0.8976	0.8714	0.0262
2VIS	af_relaxed	1	1.1300	1.0210	0.1090	0.9596	0.9666	-0.0070	0.8869	0.9071	-0.0202
2VIS	af_relaxed	2	1.4880	1.4560	0.0320	0.9328	0.9354	-0.0026	0.8536	0.8524	0.0012
2VIS	af_relaxed	3	1.1100	1.3850	-0.2750	0.9608	0.9409	0.0199	0.8905	0.8631	0.0274
2VIS	af_relaxed	4	1.0070	1.1030	-0.0960	0.9674	0.9613	0.0061	0.9119	0.8881	0.0238
2VIS	amber_af	0	1.1090	1.1730	-0.0640	0.9609	0.9566	0.0043	0.8905	0.8750	0.0155
2VIS	amber_af	1	1.0840	1.0210	0.0630	0.9625	0.9666	-0.0041	0.8976	0.9060	-0.0084
2VIS	amber_af	2	1.4880	1.4550	0.0330	0.9328	0.9354	-0.0026	0.8524	0.8524	0.0000
2VIS	amber_af	3	1.0070	1.3850	-0.3780	0.9675	0.9409	0.0266	0.9119	0.8619	0.0500
2VIS	amber_af	4	1.1290	1.1030	0.0260	0.9596	0.9613	-0.0017	0.8881	0.8881	0.0000
2VIS	amber_boltz	0	1.0620	1.5610	-0.4990	0.9636	0.9266	0.0370	0.8881	0.8452	0.0429
2VIS	amber_boltz	1	0.9060	2.1790	-1.2730	0.9734	0.8723	0.1011	0.9381	0.7786	0.1595
2VIS	amber_boltz	2	1.1560	2.2320	-1.0760	0.9577	0.8662	0.0915	0.8786	0.7810	0.0976
2VIS	amber_boltz	3	1.5740	1.7820	-0.2080	0.9253	0.9070	0.0183	0.8440	0.8190	0.0250
2VIS	amber_boltz	4	1.4480	1.1740	0.2740	0.9363	0.9562	-0.0199	0.8631	0.8738	-0.0107
2VIS	boltz	0	1.0540	1.5520	-0.4980	0.9641	0.9273	0.0368	0.8929	0.8500	0.0429
2VIS	boltz	1	0.8970	2.1730	-1.2760	0.9739	0.8729	0.1010	0.9381	0.7810	0.1571
2VIS	boltz	2	1.1500	2.2270	-1.0770	0.9581	0.8667	0.0914	0.8786	0.7810	0.0976
2VIS	boltz	3	1.5690	1.7790	-0.2100	0.9259	0.9074	0.0185	0.8476	0.8179	0.0297
2VIS	boltz	4	1.4410	1.1670	0.2740	0.9370	0.9566	-0.0196	0.8643	0.8750	-0.0107
2VXT	af_relaxed	0	1.5810	1.6740	-0.0930	0.9321	0.9263	0.0058	0.8611	0.8575	0.0036
2VXT	af_relaxed	1	1.9260	1.6340	0.2920	0.8994	0.9279	-0.0285	0.8237	0.8659	-0.0422
2VXT	af_relaxed	2	1.6410	1.8350	-0.1940	0.9257	0.9082	0.0175	0.8611	0.8382	0.0229
2VXT	af_relaxed	3	1.6170	2.8790	-1.2620	0.9290	0.8036	0.1254	0.8611	0.7609	0.1002
2VXT	af_relaxed	4	4.0370	4.2970	-0.2600	0.6979	0.6818	0.0161	0.6981	0.6932	0.0049
2VXT	amber_af	0	1.6410	1.6740	-0.0330	0.9256	0.9262	-0.0006	0.8611	0.8575	0.0036
2VXT	amber_af	1	4.0370	1.6330	2.4040	0.6978	0.9280	-0.2302	0.6981	0.8659	-0.1678
2VXT	amber_af	2	1.5810	1.8350	-0.2540	0.9322	0.9082	0.0240	0.8599	0.8382	0.0217
2VXT	amber_af	3	1.9270	2.8790	-0.9520	0.8994	0.8036	0.0958	0.8237	0.7609	0.0628
2VXT	amber_af	4	1.6160	4.2960	-2.6800	0.9291	0.6819	0.2472	0.8623	0.6932	0.1691
2VXT	amber_boltz	0	1.6490	1.6730	-0.0240	0.9296	0.9243	0.0053	0.8696	0.8599	0.0097
2VXT	amber_boltz	1	1.9020	1.6370	0.2650	0.9054	0.9274	-0.0220	0.8382	0.8599	-0.0217
2VXT	amber_boltz	2	1.4190	1.6140	-0.1950	0.9483	0.9298	0.0185	0.8973	0.8744	0.0229
2VXT	amber_boltz	3	1.5090	1.8910	-0.3820	0.9392	0.9043	0.0349	0.8804	0.8394	0.0410
2VXT	amber_boltz	4	2.2710	1.3220	0.9490	0.8657	0.9593	-0.0936	0.8092	0.9203	-0.1111
2VXT	boltz	0	1.6520	1.6730	-0.0210	0.9296	0.9245	0.0051	0.8708	0.8611	0.0097
2VXT	boltz	1	1.9020	1.6350	0.2670	0.9056	0.9278	-0.0222	0.8394	0.8635	-0.0241
2VXT	boltz	2	1.4180	1.6140	-0.1960	0.9486	0.9300	0.0186	0.8973	0.8744	0.0229
2VXT	boltz	3	1.5080	1.8950	-0.3870	0.9395	0.9044	0.0351	0.8829	0.8394	0.0435
2VXT	boltz	4	2.2660	1.3250	0.9410	0.8663	0.9595	-0.0932	0.8080	0.9203	-0.1123
2W9E	af_relaxed	0	0.6430	0.6650	-0.0220	0.9715	0.9694	0.0021	0.9773	0.9747	0.0026
2W9E	af_relaxed	1	0.6630	0.6630	0.0000	0.9694	0.9695	-0.0001	0.9747	0.9747	0.0000
2W9E	af_relaxed	2	0.7160	0.6420	0.0740	0.9645	0.9720	-0.0075	0.9672	0.9798	-0.0126
2W9E	af_relaxed	3	0.8730	0.8060	0.0670	0.9487	0.9546	-0.0059	0.9444	0.9520	-0.0076
2W9E	af_relaxed	4	0.8440	0.9100	-0.0660	0.9510	0.9448	0.0062	0.9470	0.9394	0.0076
2W9E	amber_af	0	0.8740	0.6660	0.2080	0.9486	0.9694	-0.0208	0.9419	0.9747	-0.0328
2W9E	amber_af	1	0.6430	0.6650	-0.0220	0.9714	0.9693	0.0021	0.9773	0.9747	0.0026
2W9E	amber_af	2	0.6640	0.6420	0.0220	0.9694	0.9720	-0.0026	0.9747	0.9798	-0.0051
2W9E	amber_af	3	0.8450	0.8070	0.0380	0.9510	0.9545	-0.0035	0.9495	0.9495	0.0000
2W9E	amber_af	4	0.7140	0.9090	-0.1950	0.9646	0.9450	0.0196	0.9697	0.9394	0.0303
2W9E	amber_boltz	0	0.8150	0.6860	0.1290	0.9574	0.9678	-0.0104	0.9571	0.9798	-0.0227
2W9E	amber_boltz	1	0.7420	0.8460	-0.1040	0.9632	0.9525	0.0107	0.9646	0.9571	0.0075
2W9E	amber_boltz	2	0.7630	0.6960	0.0670	0.9615	0.9674	-0.0059	0.9596	0.9722	-0.0126
2W9E	amber_boltz	3	0.7110	1.1940	-0.4830	0.9652	0.9373	0.0279	0.9697	0.9394	0.0303
2W9E	amber_boltz	4	0.7940	0.7460	0.0480	0.9575	0.9620	-0.0045	0.9646	0.9646	0.0000
2W9E	boltz	0	0.8100	0.6870	0.1230	0.9578	0.9676	-0.0098	0.9571	0.9848	-0.0277
2W9E	boltz	1	0.7420	0.8300	-0.0880	0.9631	0.9539	0.0092	0.9646	0.9545	0.0101
2W9E	boltz	2	0.7590	0.6890	0.0700	0.9618	0.9680	-0.0062	0.9596	0.9773	-0.0177
2W9E	boltz	3	0.7010	1.1860	-0.4850	0.9659	0.9383	0.0276	0.9672	0.9419	0.0253
2W9E	boltz	4	0.7630	0.7370	0.0260	0.9604	0.9627	-0.0023	0.9646	0.9672	-0.0026
2X9A	af_relaxed	0	0.4680	0.4630	0.0050	0.9776	0.9780	-0.0004	0.9918	0.9918	0.0000
2X9A	af_relaxed	1	0.4520	0.4580	-0.0060	0.9784	0.9764	0.0020	0.9959	0.9959	0.0000
2X9A	af_relaxed	2	0.4640	0.4530	0.0110	0.9774	0.9785	-0.0011	0.9959	0.9959	0.0000
2X9A	af_relaxed	3	0.4610	0.4720	-0.0110	0.9763	0.9770	-0.0007	0.9959	0.9918	0.0041
2X9A	af_relaxed	4	0.4630	0.4720	-0.0090	0.9770	0.9764	0.0006	0.9959	0.9959	0.0000
2X9A	amber_af	0	0.4680	0.4630	0.0050	0.9776	0.9781	-0.0005	0.9918	0.9918	0.0000
2X9A	amber_af	1	0.4510	0.4580	-0.0070	0.9785	0.9764	0.0021	0.9959	0.9959	0.0000
2X9A	amber_af	2	0.4640	0.4540	0.0100	0.9769	0.9784	-0.0015	0.9959	0.9959	0.0000
2X9A	amber_af	3	0.4640	0.4710	-0.0070	0.9774	0.9771	0.0003	0.9959	0.9918	0.0041
2X9A	amber_af	4	0.4610	0.4730	-0.0120	0.9764	0.9763	0.0001	0.9959	0.9959	0.0000
2X9A	amber_boltz	0	0.4580	0.4330	0.0250	0.9764	0.9782	-0.0018	0.9959	0.9959	0.0000
2X9A	amber_boltz	1	0.4180	0.5360	-0.1180	0.9808	0.9729	0.0079	0.9959	0.9918	0.0041
2X9A	amber_boltz	2	0.6050	0.4660	0.1390	0.9725	0.9765	-0.0040	0.9918	0.9959	-0.0041
2X9A	amber_boltz	3	0.4640	0.6770	-0.2130	0.9759	0.9671	0.0088	0.9959	0.9877	0.0082
2X9A	amber_boltz	4	0.7000	0.6470	0.0530	0.9698	0.9720	-0.0022	0.9918	0.9918	0.0000
2X9A	boltz	0	0.4440	0.4190	0.0250	0.9774	0.9792	-0.0018	0.9959	0.9959	0.0000
2X9A	boltz	1	0.4060	0.5120	-0.1060	0.9816	0.9742	0.0074	0.9959	0.9918	0.0041
2X9A	boltz	2	0.5780	0.4550	0.1230	0.9743	0.9775	-0.0032	0.9918	0.9959	-0.0041
2X9A	boltz	3	0.4510	0.6580	-0.2070	0.9764	0.9684	0.0080	0.9959	0.9918	0.0041
2X9A	boltz	4	0.6850	0.6330	0.0520	0.9711	0.9726	-0.0015	0.9918	0.9918	0.0000
2YVJ	af_relaxed	0	0.7480	0.7510	-0.0030	0.9897	0.9896	0.0001	0.9670	0.9664	0.0006
2YVJ	af_relaxed	1	0.7490	0.7480	0.0010	0.9897	0.9897	0.0000	0.9664	0.9670	-0.0006
2YVJ	af_relaxed	2	0.7280	0.7390	-0.0110	0.9902	0.9900	0.0002	0.9683	0.9677	0.0006
2YVJ	af_relaxed	3	0.7430	0.7330	0.0100	0.9898	0.9901	-0.0003	0.9677	0.9689	-0.0012
2YVJ	af_relaxed	4	0.7410	0.7390	0.0020	0.9899	0.9899	0.0000	0.9683	0.9689	-0.0006
2YVJ	amber_af	0	0.7480	0.7500	-0.0020	0.9897	0.9896	0.0001	0.9670	0.9664	0.0006
2YVJ	amber_af	1	0.7490	0.7470	0.0020	0.9897	0.9897	0.0000	0.9664	0.9677	-0.0013
2YVJ	amber_af	2	0.7290	0.7390	-0.0100	0.9902	0.9899	0.0003	0.9677	0.9677	0.0000
2YVJ	amber_af	3	0.7430	0.7330	0.0100	0.9898	0.9901	-0.0003	0.9677	0.9689	-0.0012
2YVJ	amber_af	4	0.7410	0.7390	0.0020	0.9899	0.9899	0.0000	0.9677	0.9689	-0.0012
2YVJ	amber_boltz	0	0.7360	0.7590	-0.0230	0.9901	0.9894	0.0007	0.9708	0.9633	0.0075
2YVJ	amber_boltz	1	0.7300	0.7330	-0.0030	0.9903	0.9901	0.0002	0.9670	0.9677	-0.0007
2YVJ	amber_boltz	2	0.7240	0.8050	-0.0810	0.9904	0.9881	0.0023	0.9689	0.9583	0.0106
2YVJ	amber_boltz	3	0.7120	0.6810	0.0310	0.9907	0.9914	-0.0007	0.9695	0.9733	-0.0038
2YVJ	amber_boltz	4	0.6820	0.6880	-0.0060	0.9914	0.9913	0.0001	0.9739	0.9739	0.0000
2YVJ	boltz	0	0.7300	0.7540	-0.0240	0.9902	0.9895	0.0007	0.9701	0.9633	0.0068
2YVJ	boltz	1	0.7220	0.7310	-0.0090	0.9905	0.9902	0.0003	0.9683	0.9670	0.0013
2YVJ	boltz	2	0.7180	0.8020	-0.0840	0.9905	0.9882	0.0023	0.9701	0.9596	0.0105
2YVJ	boltz	3	0.7080	0.6760	0.0320	0.9908	0.9916	-0.0008	0.9689	0.9745	-0.0056
2YVJ	boltz	4	0.6740	0.6820	-0.0080	0.9916	0.9914	0.0002	0.9739	0.9733	0.0006
2Z0E	af_relaxed	0	6.1900	6.1850	0.0050	0.9521	0.9524	-0.0003	0.9405	0.9429	-0.0024
2Z0E	af_relaxed	1	6.1840	6.2130	-0.0290	0.9524	0.9485	0.0039	0.9413	0.9349	0.0064
2Z0E	af_relaxed	2	6.2010	6.6840	-0.4830	0.9513	0.9503	0.0010	0.9397	0.9397	0.0000
2Z0E	af_relaxed	3	6.2090	6.1990	0.0100	0.9483	0.9508	-0.0025	0.9325	0.9365	-0.0040
2Z0E	af_relaxed	4	6.1990	6.1970	0.0020	0.9469	0.9517	-0.0048	0.9333	0.9405	-0.0072
2Z0E	amber_af	0	6.2010	6.1860	0.0150	0.9514	0.9524	-0.0010	0.9397	0.9429	-0.0032
2Z0E	amber_af	1	6.1900	6.2130	-0.0230	0.9521	0.9485	0.0036	0.9405	0.9349	0.0056
2Z0E	amber_af	2	6.2100	6.6810	-0.4710	0.9483	0.9503	-0.0020	0.9333	0.9397	-0.0064
2Z0E	amber_af	3	6.1840	6.1980	-0.0140	0.9524	0.9508	0.0016	0.9413	0.9381	0.0032
2Z0E	amber_af	4	6.2000	6.1970	0.0030	0.9469	0.9517	-0.0048	0.9333	0.9405	-0.0072
2Z0E	amber_boltz	0	4.4420	4.6510	-0.2090	0.9485	0.9504	-0.0019	0.9341	0.9365	-0.0024
2Z0E	amber_boltz	1	4.2710	4.3260	-0.0550	0.9477	0.9480	-0.0003	0.9302	0.9341	-0.0039
2Z0E	amber_boltz	2	4.5750	4.4140	0.1610	0.9476	0.9481	-0.0005	0.9325	0.9317	0.0008
2Z0E	amber_boltz	3	4.3970	3.8700	0.5270	0.9501	0.9495	0.0006	0.9381	0.9341	0.0040
2Z0E	amber_boltz	4	3.9800	4.0280	-0.0480	0.9501	0.9505	-0.0004	0.9333	0.9365	-0.0032
2Z0E	boltz	0	4.4380	4.6500	-0.2120	0.9486	0.9505	-0.0019	0.9325	0.9357	-0.0032
2Z0E	boltz	1	4.2660	4.3250	-0.0590	0.9478	0.9481	-0.0003	0.9302	0.9333	-0.0031
2Z0E	boltz	2	4.5750	4.4170	0.1580	0.9476	0.9481	-0.0005	0.9333	0.9325	0.0008
2Z0E	boltz	3	4.3880	3.8710	0.5170	0.9503	0.9495	0.0008	0.9389	0.9325	0.0064
2Z0E	boltz	4	3.9790	4.0310	-0.0520	0.9504	0.9506	-0.0002	0.9341	0.9365	-0.0024
3A4S	af_relaxed	0	0.7590	0.7470	0.0120	0.9827	0.9833	-0.0006	0.9839	0.9839	0.0000
3A4S	af_relaxed	1	0.7380	0.7370	0.0010	0.9836	0.9837	-0.0001	0.9839	0.9839	0.0000
3A4S	af_relaxed	2	0.7250	0.7350	-0.0100	0.9840	0.9836	0.0004	0.9839	0.9839	0.0000
3A4S	af_relaxed	3	0.7320	0.7330	-0.0010	0.9841	0.9842	-0.0001	0.9855	0.9855	0.0000
3A4S	af_relaxed	4	0.7290	0.7260	0.0030	0.9843	0.9845	-0.0002	0.9855	0.9871	-0.0016
3A4S	amber_af	0	0.7380	0.7470	-0.0090	0.9835	0.9833	0.0002	0.9839	0.9839	0.0000
3A4S	amber_af	1	0.7590	0.7370	0.0220	0.9827	0.9838	-0.0011	0.9839	0.9839	0.0000
3A4S	amber_af	2	0.7320	0.7340	-0.0020	0.9841	0.9836	0.0005	0.9855	0.9839	0.0016
3A4S	amber_af	3	0.7260	0.7320	-0.0060	0.9840	0.9842	-0.0002	0.9839	0.9855	-0.0016
3A4S	amber_af	4	0.7290	0.7260	0.0030	0.9843	0.9845	-0.0002	0.9855	0.9871	-0.0016
3A4S	amber_boltz	0	0.7110	0.6800	0.0310	0.9850	0.9860	-0.0010	0.9855	0.9855	0.0000
3A4S	amber_boltz	1	0.6970	0.7350	-0.0380	0.9852	0.9839	0.0013	0.9855	0.9871	-0.0016
3A4S	amber_boltz	2	0.6700	0.7620	-0.0920	0.9867	0.9833	0.0034	0.9871	0.9823	0.0048
3A4S	amber_boltz	3	0.7040	0.7000	0.0040	0.9856	0.9859	-0.0003	0.9887	0.9855	0.0032
3A4S	amber_boltz	4	0.7230	0.6940	0.0290	0.9852	0.9860	-0.0008	0.9839	0.9855	-0.0016
3A4S	boltz	0	0.6990	0.6760	0.0230	0.9860	0.9863	-0.0003	0.9887	0.9855	0.0032
3A4S	boltz	1	0.6960	0.7330	-0.0370	0.9853	0.9841	0.0012	0.9855	0.9887	-0.0032
3A4S	boltz	2	0.6670	0.7590	-0.0920	0.9870	0.9835	0.0035	0.9871	0.9839	0.0032
3A4S	boltz	3	0.7000	0.6940	0.0060	0.9860	0.9863	-0.0003	0.9887	0.9871	0.0016
3A4S	boltz	4	0.7220	0.6890	0.0330	0.9854	0.9864	-0.0010	0.9855	0.9887	-0.0032
3AAA	af_relaxed	0	1.1500	1.0110	0.1390	0.9688	0.9751	-0.0063	0.9316	0.9457	-0.0141
3AAA	af_relaxed	1	1.0290	1.1220	-0.0930	0.9742	0.9700	0.0042	0.9457	0.9335	0.0122
3AAA	af_relaxed	2	1.1720	1.1110	0.0610	0.9678	0.9706	-0.0028	0.9326	0.9382	-0.0056
3AAA	af_relaxed	3	1.1110	1.1730	-0.0620	0.9706	0.9677	0.0029	0.9354	0.9335	0.0019
3AAA	af_relaxed	4	1.0430	1.0140	0.0290	0.9736	0.9748	-0.0012	0.9410	0.9466	-0.0056
3AAA	amber_af	0	1.1720	1.0120	0.1600	0.9678	0.9751	-0.0073	0.9326	0.9466	-0.0140
3AAA	amber_af	1	1.0430	1.1210	-0.0780	0.9736	0.9700	0.0036	0.9419	0.9335	0.0084
3AAA	amber_af	2	1.1110	1.1100	0.0010	0.9706	0.9707	-0.0001	0.9382	0.9382	0.0000
3AAA	amber_af	3	1.0300	1.1740	-0.1440	0.9742	0.9677	0.0065	0.9466	0.9335	0.0131
3AAA	amber_af	4	1.1500	1.0140	0.1360	0.9688	0.9749	-0.0061	0.9316	0.9466	-0.0150
3AAA	amber_boltz	0	0.9360	1.0920	-0.1560	0.9783	0.9714	0.0069	0.9522	0.9373	0.0149
3AAA	amber_boltz	1	1.0540	1.1180	-0.0640	0.9732	0.9700	0.0032	0.9438	0.9335	0.0103
3AAA	amber_boltz	2	1.1070	0.9810	0.1260	0.9708	0.9764	-0.0056	0.9391	0.9541	-0.0150
3AAA	amber_boltz	3	1.1120	1.0250	0.0870	0.9704	0.9744	-0.0040	0.9382	0.9429	-0.0047
3AAA	amber_boltz	4	1.0150	1.0040	0.0110	0.9748	0.9753	-0.0005	0.9457	0.9466	-0.0009
3AAA	boltz	0	0.9310	1.0880	-0.1570	0.9786	0.9717	0.0069	0.9541	0.9391	0.0150
3AAA	boltz	1	1.0460	1.1140	-0.0680	0.9736	0.9703	0.0033	0.9448	0.9345	0.0103
3AAA	boltz	2	1.1020	0.9700	0.1320	0.9711	0.9769	-0.0058	0.9382	0.9541	-0.0159
3AAA	boltz	3	1.1080	1.0200	0.0880	0.9707	0.9747	-0.0040	0.9401	0.9438	-0.0037
3AAA	boltz	4	1.0090	0.9980	0.0110	0.9751	0.9756	-0.0005	0.9466	0.9494	-0.0028
3AAD	af_relaxed	0	17.6980	10.9030	6.7950	0.4960	0.7210	-0.2250	0.4792	0.6534	-0.1742
3AAD	af_relaxed	1	11.2220	17.6240	-6.4020	0.7342	0.4936	0.2406	0.6629	0.4782	0.1847
3AAD	af_relaxed	2	10.0970	10.1020	-0.0050	0.7664	0.7639	0.0025	0.6761	0.6761	0.0000
3AAD	af_relaxed	3	16.2420	8.1860	8.0560	0.5022	0.5790	-0.0768	0.4782	0.5360	-0.0578
3AAD	af_relaxed	4	16.5340	16.0570	0.4770	0.4897	0.4901	-0.0004	0.4801	0.4792	0.0009
3AAD	amber_af	0	16.2420	10.9030	5.3390	0.5022	0.7210	-0.2188	0.4782	0.6534	-0.1752
3AAD	amber_af	1	10.0970	17.6240	-7.5270	0.7664	0.4936	0.2728	0.6761	0.4782	0.1979
3AAD	amber_af	2	17.6970	10.1020	7.5950	0.4960	0.7639	-0.2679	0.4782	0.6761	-0.1979
3AAD	amber_af	3	11.2220	8.1830	3.0390	0.7342	0.5790	0.1552	0.6629	0.5350	0.1279
3AAD	amber_af	4	16.5340	16.0520	0.4820	0.4897	0.4902	-0.0005	0.4801	0.4792	0.0009
3AAD	amber_boltz	0	15.4890	15.9870	-0.4980	0.4907	0.4895	0.0012	0.4763	0.4744	0.0019
3AAD	amber_boltz	1	16.2450	14.8450	1.4000	0.4863	0.4914	-0.0051	0.4697	0.4716	-0.0019
3AAD	amber_boltz	2	15.7240	18.6360	-2.9120	0.4883	0.4850	0.0033	0.4678	0.4725	-0.0047
3AAD	amber_boltz	3	18.1100	18.7470	-0.6370	0.4869	0.4852	0.0017	0.4716	0.4706	0.0010
3AAD	amber_boltz	4	16.4810	18.0440	-1.5630	0.4881	0.4866	0.0015	0.4744	0.4735	0.0009
3AAD	boltz	0	15.4760	15.9670	-0.4910	0.4908	0.4897	0.0011	0.4773	0.4754	0.0019
3AAD	boltz	1	16.2100	14.8370	1.3730	0.4865	0.4916	-0.0051	0.4688	0.4716	-0.0028
3AAD	boltz	2	15.7190	18.6330	-2.9140	0.4883	0.4852	0.0031	0.4678	0.4716	-0.0038
3AAD	boltz	3	18.0680	18.7240	-0.6560	0.4877	0.4853	0.0024	0.4706	0.4688	0.0018
3AAD	boltz	4	16.7110	18.0220	-1.3110	0.4882	0.4868	0.0014	0.4735	0.4716	0.0019
3BIW	af_relaxed	0	0.7230	0.7280	-0.0050	0.9935	0.9934	0.0001	0.9831	0.9826	0.0005
3BIW	af_relaxed	1	0.6820	0.6600	0.0220	0.9942	0.9945	-0.0003	0.9850	0.9864	-0.0014
3BIW	af_relaxed	2	0.6740	0.6720	0.0020	0.9942	0.9942	0.0000	0.9855	0.9859	-0.0004
3BIW	af_relaxed	3	0.6860	0.6870	-0.0010	0.9940	0.9940	0.0000	0.9845	0.9845	0.0000
3BIW	af_relaxed	4	0.6770	0.6980	-0.0210	0.9942	0.9938	0.0004	0.9850	0.9831	0.0019
3BIW	amber_af	0	0.6740	0.7280	-0.0540	0.9942	0.9934	0.0008	0.9855	0.9826	0.0029
3BIW	amber_af	1	0.6860	0.6600	0.0260	0.9940	0.9945	-0.0005	0.9845	0.9864	-0.0019
3BIW	amber_af	2	0.6830	0.6730	0.0100	0.9942	0.9942	0.0000	0.9855	0.9855	0.0000
3BIW	amber_af	3	0.6750	0.6870	-0.0120	0.9942	0.9940	0.0002	0.9850	0.9845	0.0005
3BIW	amber_af	4	0.7220	0.6970	0.0250	0.9935	0.9938	-0.0003	0.9831	0.9831	0.0000
3BIW	amber_boltz	0	0.9500	0.9570	-0.0070	0.9879	0.9878	0.0001	0.9526	0.9578	-0.0052
3BIW	amber_boltz	1	0.9910	1.0440	-0.0530	0.9870	0.9865	0.0005	0.9498	0.9512	-0.0014
3BIW	amber_boltz	2	1.0030	1.0250	-0.0220	0.9870	0.9862	0.0008	0.9517	0.9451	0.0066
3BIW	amber_boltz	3	0.9650	0.9510	0.0140	0.9878	0.9884	-0.0006	0.9568	0.9554	0.0014
3BIW	amber_boltz	4	1.0390	0.9690	0.0700	0.9857	0.9878	-0.0021	0.9423	0.9559	-0.0136
3BIW	boltz	0	0.9480	0.9520	-0.0040	0.9880	0.9880	0.0000	0.9522	0.9592	-0.0070
3BIW	boltz	1	0.9860	1.0440	-0.0580	0.9872	0.9865	0.0007	0.9517	0.9498	0.0019
3BIW	boltz	2	1.0000	1.0190	-0.0190	0.9871	0.9864	0.0007	0.9526	0.9461	0.0065
3BIW	boltz	3	0.9610	0.9480	0.0130	0.9879	0.9885	-0.0006	0.9568	0.9573	-0.0005
3BIW	boltz	4	1.0350	0.9630	0.0720	0.9858	0.9879	-0.0021	0.9437	0.9559	-0.0122
3BP8	af_relaxed	0	1.6620	1.7490	-0.0870	0.9566	0.9515	0.0051	0.8543	0.8425	0.0118
3BP8	af_relaxed	1	1.8700	1.7720	0.0980	0.9443	0.9502	-0.0059	0.8235	0.8340	-0.0105
3BP8	af_relaxed	2	1.7170	1.6850	0.0320	0.9542	0.9560	-0.0018	0.8451	0.8478	-0.0027
3BP8	af_relaxed	3	1.6870	1.7330	-0.0460	0.9558	0.9532	0.0026	0.8465	0.8425	0.0040
3BP8	af_relaxed	4	1.7930	1.8230	-0.0300	0.9501	0.9481	0.0020	0.8314	0.8274	0.0040
3BP8	amber_af	0	1.6620	1.7490	-0.0870	0.9566	0.9515	0.0051	0.8543	0.8425	0.0118
3BP8	amber_af	1	1.8700	1.7720	0.0980	0.9443	0.9503	-0.0060	0.8235	0.8340	-0.0105
3BP8	amber_af	2	1.7170	1.6860	0.0310	0.9542	0.9560	-0.0018	0.8438	0.8471	-0.0033
3BP8	amber_af	3	1.6870	1.7330	-0.0460	0.9558	0.9532	0.0026	0.8478	0.8419	0.0059
3BP8	amber_af	4	1.7930	1.8230	-0.0300	0.9501	0.9481	0.0020	0.8320	0.8268	0.0052
3BP8	amber_boltz	0	1.7660	1.5050	0.2610	0.9546	0.9687	-0.0141	0.8327	0.8839	-0.0512
3BP8	amber_boltz	1	1.9290	1.8230	0.1060	0.9454	0.9514	-0.0060	0.8130	0.8274	-0.0144
3BP8	amber_boltz	2	1.7980	1.7390	0.0590	0.9537	0.9556	-0.0019	0.8406	0.8360	0.0046
3BP8	amber_boltz	3	1.7600	1.5870	0.1730	0.9550	0.9651	-0.0101	0.8379	0.8714	-0.0335
3BP8	amber_boltz	4	1.8730	1.7960	0.0770	0.9500	0.9539	-0.0039	0.8248	0.8406	-0.0158
3BP8	boltz	0	1.7530	1.4950	0.2580	0.9552	0.9691	-0.0139	0.8360	0.8845	-0.0485
3BP8	boltz	1	1.9160	1.8090	0.1070	0.9460	0.9520	-0.0060	0.8150	0.8314	-0.0164
3BP8	boltz	2	1.7890	1.7360	0.0530	0.9540	0.9558	-0.0018	0.8425	0.8360	0.0065
3BP8	boltz	3	1.7500	1.5530	0.1970	0.9553	0.9661	-0.0108	0.8419	0.8734	-0.0315
3BP8	boltz	4	1.8630	1.7890	0.0740	0.9503	0.9542	-0.0039	0.8255	0.8406	-0.0151
3BX7	af_relaxed	0	0.6440	0.7380	-0.0940	0.9845	0.9805	0.0040	0.9769	0.9668	0.0101
3BX7	af_relaxed	1	1.2590	0.7140	0.5450	0.9669	0.9816	-0.0147	0.9595	0.9711	-0.0116
3BX7	af_relaxed	2	0.8570	0.8970	-0.0400	0.9751	0.9737	0.0014	0.9639	0.9610	0.0029
3BX7	af_relaxed	3	1.2490	0.8130	0.4360	0.9661	0.9780	-0.0119	0.9566	0.9682	-0.0116
3BX7	af_relaxed	4	1.4080	1.1860	0.2220	0.9629	0.9707	-0.0078	0.9581	0.9668	-0.0087
3BX7	amber_af	0	1.2590	0.7380	0.5210	0.9669	0.9805	-0.0136	0.9595	0.9668	-0.0073
3BX7	amber_af	1	0.6460	0.7140	-0.0680	0.9844	0.9816	0.0028	0.9769	0.9725	0.0044
3BX7	amber_af	2	1.4090	0.8970	0.5120	0.9627	0.9736	-0.0109	0.9581	0.9610	-0.0029
3BX7	amber_af	3	0.8580	0.8140	0.0440	0.9751	0.9779	-0.0028	0.9639	0.9682	-0.0043
3BX7	amber_af	4	1.2510	1.1860	0.0650	0.9661	0.9707	-0.0046	0.9581	0.9668	-0.0087
3BX7	amber_boltz	0	1.5940	1.6110	-0.0170	0.9588	0.9556	0.0032	0.9581	0.9538	0.0043
3BX7	amber_boltz	1	1.5710	1.5920	-0.0210	0.9597	0.9588	0.0009	0.9581	0.9566	0.0015
3BX7	amber_boltz	2	1.5770	1.6110	-0.0340	0.9596	0.9578	0.0018	0.9581	0.9566	0.0015
3BX7	amber_boltz	3	1.6760	1.5380	0.1380	0.9557	0.9611	-0.0054	0.9509	0.9639	-0.0130
3BX7	amber_boltz	4	1.5260	1.5470	-0.0210	0.9592	0.9603	-0.0011	0.9523	0.9552	-0.0029
3BX7	boltz	0	1.5900	1.6050	-0.0150	0.9592	0.9563	0.0029	0.9581	0.9523	0.0058
3BX7	boltz	1	1.5710	1.5870	-0.0160	0.9596	0.9591	0.0005	0.9581	0.9566	0.0015
3BX7	boltz	2	1.5740	1.6050	-0.0310	0.9601	0.9584	0.0017	0.9581	0.9566	0.0015
3BX7	boltz	3	1.6770	1.5370	0.1400	0.9560	0.9614	-0.0054	0.9509	0.9624	-0.0115
3BX7	boltz	4	1.5280	1.5430	-0.0150	0.9597	0.9606	-0.0009	0.9523	0.9566	-0.0043
3CPH	af_relaxed	0	2.3930	2.3850	0.0080	0.9164	0.9129	0.0035	0.8966	0.8908	0.0058
3CPH	af_relaxed	1	2.2480	2.4450	-0.1970	0.9265	0.9086	0.0179	0.8980	0.8764	0.0216
3CPH	af_relaxed	2	2.4240	2.5150	-0.0910	0.9100	0.9062	0.0038	0.8865	0.8736	0.0129
3CPH	af_relaxed	3	2.4550	2.5990	-0.1440	0.9059	0.9009	0.0050	0.8736	0.8664	0.0072
3CPH	af_relaxed	4	2.3980	2.4570	-0.0590	0.9083	0.9040	0.0043	0.8836	0.8693	0.0143
3CPH	amber_af	0	2.3930	2.3850	0.0080	0.9163	0.9129	0.0034	0.8966	0.8908	0.0058
3CPH	amber_af	1	2.4230	2.4460	-0.0230	0.9101	0.9086	0.0015	0.8865	0.8764	0.0101
3CPH	amber_af	2	2.3980	2.5150	-0.1170	0.9084	0.9063	0.0021	0.8822	0.8721	0.0101
3CPH	amber_af	3	2.2480	2.5990	-0.3510	0.9265	0.9010	0.0255	0.8994	0.8649	0.0345
3CPH	amber_af	4	2.4510	2.4580	-0.0070	0.9057	0.9040	0.0017	0.8750	0.8693	0.0057
3CPH	amber_boltz	0	4.1450	4.0880	0.0570	0.9184	0.9154	0.0030	0.9066	0.8966	0.0100
3CPH	amber_boltz	1	4.5540	4.1540	0.4000	0.8993	0.9145	-0.0152	0.8851	0.8966	-0.0115
3CPH	amber_boltz	2	4.5230	4.4490	0.0740	0.8980	0.9014	-0.0034	0.8822	0.8836	-0.0014
3CPH	amber_boltz	3	4.5040	4.3800	0.1240	0.9025	0.9170	-0.0145	0.8865	0.8994	-0.0129
3CPH	amber_boltz	4	4.1940	4.3910	-0.1970	0.9187	0.9186	0.0001	0.9009	0.9037	-0.0028
3CPH	boltz	0	4.1570	4.0730	0.0840	0.9187	0.9159	0.0028	0.9052	0.8994	0.0058
3CPH	boltz	1	4.5320	4.1470	0.3850	0.8996	0.9149	-0.0153	0.8865	0.8922	-0.0057
3CPH	boltz	2	4.5180	4.4520	0.0660	0.8984	0.9020	-0.0036	0.8836	0.8851	-0.0015
3CPH	boltz	3	4.4960	4.3620	0.1340	0.9032	0.9174	-0.0142	0.8851	0.8994	-0.0143
3CPH	boltz	4	4.1860	4.3930	-0.2070	0.9195	0.9189	0.0006	0.9009	0.9052	-0.0043
3D5S	af_relaxed	0	0.5850	0.5840	0.0010	0.9932	0.9932	0.0000	0.9882	0.9891	-0.0009
3D5S	af_relaxed	1	0.5820	0.5820	0.0000	0.9932	0.9932	0.0000	0.9891	0.9882	0.0009
3D5S	af_relaxed	2	0.5860	0.5840	0.0020	0.9932	0.9933	-0.0001	0.9891	0.9891	0.0000
3D5S	af_relaxed	3	0.5780	0.4910	0.0870	0.9934	0.9947	-0.0013	0.9899	0.9907	-0.0008
3D5S	af_relaxed	4	0.5720	0.5720	0.0000	0.9936	0.9935	0.0001	0.9899	0.9899	0.0000
3D5S	amber_af	0	0.5730	0.5850	-0.0120	0.9935	0.9932	0.0003	0.9899	0.9891	0.0008
3D5S	amber_af	1	0.5780	0.5830	-0.0050	0.9934	0.9932	0.0002	0.9899	0.9882	0.0017
3D5S	amber_af	2	0.5860	0.5840	0.0020	0.9932	0.9933	-0.0001	0.9891	0.9891	0.0000
3D5S	amber_af	3	0.5840	0.4930	0.0910	0.9932	0.9947	-0.0015	0.9891	0.9907	-0.0016
3D5S	amber_af	4	0.5830	0.5720	0.0110	0.9932	0.9935	-0.0003	0.9891	0.9899	-0.0008
3D5S	amber_boltz	0	0.8210	0.7190	0.1020	0.9900	0.9923	-0.0023	0.9865	0.9916	-0.0051
3D5S	amber_boltz	1	0.5450	0.5960	-0.0510	0.9931	0.9920	0.0011	0.9891	0.9874	0.0017
3D5S	amber_boltz	2	0.7090	0.7830	-0.0740	0.9901	0.9902	-0.0001	0.9815	0.9832	-0.0017
3D5S	amber_boltz	3	0.5260	0.7370	-0.2110	0.9934	0.9914	0.0020	0.9907	0.9882	0.0025
3D5S	amber_boltz	4	0.6400	0.7360	-0.0960	0.9914	0.9907	0.0007	0.9882	0.9865	0.0017
3D5S	boltz	0	0.8110	0.7220	0.0890	0.9902	0.9923	-0.0021	0.9874	0.9899	-0.0025
3D5S	boltz	1	0.5450	0.6000	-0.0550	0.9931	0.9920	0.0011	0.9891	0.9891	0.0000
3D5S	boltz	2	0.7120	0.7870	-0.0750	0.9900	0.9901	-0.0001	0.9840	0.9840	0.0000
3D5S	boltz	3	0.5290	0.7420	-0.2130	0.9934	0.9915	0.0019	0.9907	0.9882	0.0025
3D5S	boltz	4	0.6410	0.7330	-0.0920	0.9915	0.9907	0.0008	0.9874	0.9865	0.0009
3DAW	af_relaxed	0	0.9470	0.9920	-0.0450	0.9841	0.9827	0.0014	0.9556	0.9483	0.0073
3DAW	af_relaxed	1	0.9650	0.9300	0.0350	0.9834	0.9844	-0.0010	0.9489	0.9543	-0.0054
3DAW	af_relaxed	2	1.0260	1.0220	0.0040	0.9818	0.9820	-0.0002	0.9469	0.9489	-0.0020
3DAW	af_relaxed	3	0.9730	0.9710	0.0020	0.9837	0.9839	-0.0002	0.9577	0.9590	-0.0013
3DAW	af_relaxed	4	0.9320	0.9400	-0.0080	0.9850	0.9848	0.0002	0.9617	0.9610	0.0007
3DAW	amber_af	0	0.9730	0.9920	-0.0190	0.9837	0.9827	0.0010	0.9577	0.9483	0.0094
3DAW	amber_af	1	0.9320	0.9300	0.0020	0.9849	0.9844	0.0005	0.9610	0.9543	0.0067
3DAW	amber_af	2	0.9510	1.0220	-0.0710	0.9840	0.9820	0.0020	0.9556	0.9489	0.0067
3DAW	amber_af	3	1.0260	0.9720	0.0540	0.9818	0.9839	-0.0021	0.9476	0.9590	-0.0114
3DAW	amber_af	4	0.9640	0.9390	0.0250	0.9834	0.9848	-0.0014	0.9489	0.9603	-0.0114
3DAW	amber_boltz	0	1.0510	1.0960	-0.0450	0.9817	0.9822	-0.0005	0.9483	0.9617	-0.0134
3DAW	amber_boltz	1	1.1840	1.0640	0.1200	0.9799	0.9815	-0.0016	0.9543	0.9509	0.0034
3DAW	amber_boltz	2	1.1000	1.4630	-0.3630	0.9824	0.9680	0.0144	0.9577	0.9046	0.0531
3DAW	amber_boltz	3	1.1060	1.6200	-0.5140	0.9799	0.9622	0.0177	0.9402	0.8837	0.0565
3DAW	amber_boltz	4	1.4170	1.4310	-0.0140	0.9714	0.9674	0.0040	0.9227	0.8965	0.0262
3DAW	boltz	0	1.0490	1.0910	-0.0420	0.9818	0.9823	-0.0005	0.9496	0.9610	-0.0114
3DAW	boltz	1	1.1850	1.0630	0.1220	0.9798	0.9815	-0.0017	0.9550	0.9503	0.0047
3DAW	boltz	2	1.0960	1.4630	-0.3670	0.9825	0.9680	0.0145	0.9570	0.9046	0.0524
3DAW	boltz	3	1.1080	1.6190	-0.5110	0.9798	0.9622	0.0176	0.9388	0.8851	0.0537
3DAW	boltz	4	1.4130	1.4330	-0.0200	0.9715	0.9674	0.0041	0.9214	0.8965	0.0249
3EO1	af_relaxed	0	1.0690	1.0000	0.0690	0.9719	0.9753	-0.0034	0.9581	0.9593	-0.0012
3EO1	af_relaxed	1	1.0000	1.0740	-0.0740	0.9753	0.9716	0.0037	0.9593	0.9558	0.0035
3EO1	af_relaxed	2	1.0130	1.0590	-0.0460	0.9743	0.9721	0.0022	0.9605	0.9547	0.0058
3EO1	af_relaxed	3	1.0270	1.0240	0.0030	0.9735	0.9736	-0.0001	0.9570	0.9570	0.0000
3EO1	af_relaxed	4	1.0940	1.0980	-0.0040	0.9715	0.9713	0.0002	0.9547	0.9570	-0.0023
3EO1	amber_af	0	1.0330	0.9990	0.0340	0.9732	0.9753	-0.0021	0.9570	0.9593	-0.0023
3EO1	amber_af	1	1.0930	1.0670	0.0260	0.9715	0.9719	-0.0004	0.9547	0.9581	-0.0034
3EO1	amber_af	2	1.0680	1.0580	0.0100	0.9719	0.9721	-0.0002	0.9581	0.9547	0.0034
3EO1	amber_af	3	1.0000	1.0230	-0.0230	0.9753	0.9736	0.0017	0.9616	0.9558	0.0058
3EO1	amber_af	4	1.0130	1.0990	-0.0860	0.9743	0.9712	0.0031	0.9616	0.9558	0.0058
3EO1	amber_boltz	0	1.0440	1.0990	-0.0550	0.9718	0.9684	0.0034	0.9430	0.9384	0.0046
3EO1	amber_boltz	1	1.0910	1.0810	0.0100	0.9698	0.9708	-0.0010	0.9442	0.9477	-0.0035
3EO1	amber_boltz	2	1.0330	1.0350	-0.0020	0.9721	0.9726	-0.0005	0.9442	0.9488	-0.0046
3EO1	amber_boltz	3	1.0010	1.2070	-0.2060	0.9752	0.9629	0.0123	0.9570	0.9233	0.0337
3EO1	amber_boltz	4	1.0670	1.0960	-0.0290	0.9723	0.9701	0.0022	0.9523	0.9488	0.0035
3EO1	boltz	0	1.0290	1.0880	-0.0590	0.9724	0.9689	0.0035	0.9465	0.9419	0.0046
3EO1	boltz	1	1.0760	1.0680	0.0080	0.9703	0.9713	-0.0010	0.9442	0.9453	-0.0011
3EO1	boltz	2	1.0220	1.0270	-0.0050	0.9725	0.9729	-0.0004	0.9465	0.9488	-0.0023
3EO1	boltz	3	0.9870	1.1970	-0.2100	0.9758	0.9634	0.0124	0.9581	0.9221	0.0360
3EO1	boltz	4	1.0550	1.0820	-0.0270	0.9728	0.9706	0.0022	0.9535	0.9512	0.0023
3EOA	af_relaxed	0	0.9770	1.4250	-0.4480	0.9734	0.9422	0.0312	0.9500	0.8674	0.0826
3EOA	af_relaxed	1	1.3830	1.4640	-0.0810	0.9492	0.9447	0.0045	0.8907	0.8802	0.0105
3EOA	af_relaxed	2	1.3290	0.9280	0.4010	0.9511	0.9773	-0.0262	0.8895	0.9651	-0.0756
3EOA	af_relaxed	3	1.0450	1.7370	-0.6920	0.9734	0.9177	0.0557	0.9535	0.8442	0.1093
3EOA	af_relaxed	4	1.5740	1.3330	0.2410	0.9318	0.9506	-0.0188	0.8535	0.8837	-0.0302
3EOA	amber_af	0	1.0450	1.4250	-0.3800	0.9734	0.9422	0.0312	0.9535	0.8686	0.0849
3EOA	amber_af	1	1.5730	1.4630	0.1100	0.9318	0.9447	-0.0129	0.8523	0.8802	-0.0279
3EOA	amber_af	2	0.9690	0.9240	0.0450	0.9735	0.9774	-0.0039	0.9477	0.9663	-0.0186
3EOA	amber_af	3	1.3830	1.7370	-0.3540	0.9492	0.9177	0.0315	0.8907	0.8453	0.0454
3EOA	amber_af	4	1.3320	1.3340	-0.0020	0.9508	0.9505	0.0003	0.8884	0.8837	0.0047
3EOA	amber_boltz	0	1.5360	1.2500	0.2860	0.9388	0.9609	-0.0221	0.8605	0.9140	-0.0535
3EOA	amber_boltz	1	1.8030	1.0550	0.7480	0.9153	0.9792	-0.0639	0.8442	0.9802	-0.1360
3EOA	amber_boltz	2	1.8170	1.8930	-0.0760	0.9182	0.9062	0.0120	0.8442	0.8233	0.0209
3EOA	amber_boltz	3	2.1700	1.2600	0.9100	0.8862	0.9629	-0.0767	0.8105	0.9244	-0.1139
3EOA	amber_boltz	4	1.0670	3.2250	-2.1580	0.9722	0.7766	0.1956	0.9535	0.7453	0.2082
3EOA	boltz	0	1.5280	1.2350	0.2930	0.9393	0.9615	-0.0222	0.8628	0.9163	-0.0535
3EOA	boltz	1	1.7930	1.0360	0.7570	0.9158	0.9799	-0.0641	0.8442	0.9791	-0.1349
3EOA	boltz	2	1.8130	1.8860	-0.0730	0.9183	0.9066	0.0117	0.8430	0.8256	0.0174
3EOA	boltz	3	2.1680	1.2500	0.9180	0.8863	0.9633	-0.0770	0.8116	0.9256	-0.1140
3EOA	boltz	4	1.0660	3.2270	-2.1610	0.9726	0.7764	0.1962	0.9535	0.7453	0.2082
3F1P	af_relaxed	0	1.2550	1.2600	-0.0050	0.9591	0.9594	-0.0003	0.9715	0.9715	0.0000
3F1P	af_relaxed	1	1.4780	1.5120	-0.0340	0.9558	0.9553	0.0005	0.9671	0.9671	0.0000
3F1P	af_relaxed	2	1.5880	1.5880	0.0000	0.9529	0.9529	0.0000	0.9671	0.9671	0.0000
3F1P	af_relaxed	3	1.2480	1.2780	-0.0300	0.9596	0.9590	0.0006	0.9715	0.9715	0.0000
3F1P	af_relaxed	4	1.4590	1.4420	0.0170	0.9549	0.9551	-0.0002	0.9671	0.9671	0.0000
3F1P	amber_af	0	1.2560	1.2610	-0.0050	0.9590	0.9593	-0.0003	0.9715	0.9715	0.0000
3F1P	amber_af	1	1.2480	1.5120	-0.2640	0.9596	0.9554	0.0042	0.9715	0.9671	0.0044
3F1P	amber_af	2	1.4760	1.5880	-0.1120	0.9559	0.9530	0.0029	0.9671	0.9671	0.0000
3F1P	amber_af	3	1.4600	1.2790	0.1810	0.9549	0.9589	-0.0040	0.9671	0.9715	-0.0044
3F1P	amber_af	4	1.5880	1.4420	0.1460	0.9528	0.9551	-0.0023	0.9671	0.9671	0.0000
3F1P	amber_boltz	0	3.0570	2.9820	0.0750	0.9459	0.9427	0.0032	0.9518	0.9539	-0.0021
3F1P	amber_boltz	1	2.4400	2.3930	0.0470	0.9441	0.9509	-0.0068	0.9583	0.9649	-0.0066
3F1P	amber_boltz	2	1.8610	1.9750	-0.1140	0.9509	0.9522	-0.0013	0.9583	0.9605	-0.0022
3F1P	amber_boltz	3	2.5860	2.8490	-0.2630	0.9477	0.9482	-0.0005	0.9583	0.9561	0.0022
3F1P	amber_boltz	4	2.4370	2.2380	0.1990	0.9434	0.9526	-0.0092	0.9539	0.9605	-0.0066
3F1P	boltz	0	3.0310	2.9780	0.0530	0.9464	0.9431	0.0033	0.9518	0.9539	-0.0021
3F1P	boltz	1	2.4370	2.4000	0.0370	0.9445	0.9507	-0.0062	0.9627	0.9649	-0.0022
3F1P	boltz	2	1.8530	1.9720	-0.1190	0.9506	0.9522	-0.0016	0.9583	0.9583	0.0000
3F1P	boltz	3	2.5850	2.8530	-0.2680	0.9476	0.9485	-0.0009	0.9583	0.9561	0.0022
3F1P	boltz	4	2.4430	2.2370	0.2060	0.9434	0.9529	-0.0095	0.9539	0.9627	-0.0088
3FN1	af_relaxed	0	0.5890	0.6150	-0.0260	0.9731	0.9709	0.0022	0.9891	0.9864	0.0027
3FN1	af_relaxed	1	0.5750	0.5760	-0.0010	0.9740	0.9740	0.0000	0.9918	0.9918	0.0000
3FN1	af_relaxed	2	0.5740	0.5810	-0.0070	0.9742	0.9735	0.0007	0.9918	0.9918	0.0000
3FN1	af_relaxed	3	0.5500	0.5600	-0.0100	0.9761	0.9753	0.0008	0.9946	0.9918	0.0028
3FN1	af_relaxed	4	0.5370	0.5430	-0.0060	0.9772	0.9767	0.0005	0.9918	0.9918	0.0000
3FN1	amber_af	0	0.5490	0.6160	-0.0670	0.9762	0.9708	0.0054	0.9946	0.9864	0.0082
3FN1	amber_af	1	0.5370	0.5760	-0.0390	0.9773	0.9740	0.0033	0.9918	0.9918	0.0000
3FN1	amber_af	2	0.5760	0.5810	-0.0050	0.9740	0.9736	0.0004	0.9918	0.9918	0.0000
3FN1	amber_af	3	0.5750	0.5610	0.0140	0.9741	0.9752	-0.0011	0.9918	0.9918	0.0000
3FN1	amber_af	4	0.5900	0.5430	0.0470	0.9730	0.9767	-0.0037	0.9891	0.9918	-0.0027
3FN1	amber_boltz	0	0.5600	0.5540	0.0060	0.9756	0.9759	-0.0003	0.9918	0.9864	0.0054
3FN1	amber_boltz	1	0.5710	0.5620	0.0090	0.9748	0.9752	-0.0004	0.9837	0.9891	-0.0054
3FN1	amber_boltz	2	0.5640	0.5580	0.0060	0.9754	0.9756	-0.0002	0.9891	0.9891	0.0000
3FN1	amber_boltz	3	0.5410	0.5910	-0.0500	0.9771	0.9729	0.0042	0.9891	0.9837	0.0054
3FN1	amber_boltz	4	0.6280	0.5750	0.0530	0.9694	0.9743	-0.0049	0.9810	0.9864	-0.0054
3FN1	boltz	0	0.5600	0.5550	0.0050	0.9756	0.9759	-0.0003	0.9891	0.9864	0.0027
3FN1	boltz	1	0.5710	0.5630	0.0080	0.9747	0.9751	-0.0004	0.9864	0.9891	-0.0027
3FN1	boltz	2	0.5620	0.5580	0.0040	0.9755	0.9756	-0.0001	0.9891	0.9864	0.0027
3FN1	boltz	3	0.5430	0.5960	-0.0530	0.9769	0.9725	0.0044	0.9891	0.9837	0.0054
3FN1	boltz	4	0.6330	0.5760	0.0570	0.9690	0.9742	-0.0052	0.9810	0.9891	-0.0081
3G6D	af_relaxed	0	2.5260	2.2780	0.2480	0.8846	0.8929	-0.0083	0.8797	0.8939	-0.0142
3G6D	af_relaxed	1	2.2230	2.5510	-0.3280	0.8979	0.8829	0.0150	0.8962	0.8797	0.0165
3G6D	af_relaxed	2	2.2560	2.2940	-0.0380	0.8921	0.8876	0.0045	0.8939	0.8892	0.0047
3G6D	af_relaxed	3	2.7120	2.5330	0.1790	0.8693	0.8776	-0.0083	0.8656	0.8703	-0.0047
3G6D	af_relaxed	4	2.8790	2.6950	0.1840	0.8469	0.8691	-0.0222	0.8396	0.8656	-0.0260
3G6D	amber_af	0	2.8710	2.2780	0.5930	0.8475	0.8931	-0.0456	0.8396	0.8939	-0.0543
3G6D	amber_af	1	2.2230	2.5520	-0.3290	0.8978	0.8827	0.0151	0.8962	0.8797	0.0165
3G6D	amber_af	2	2.7070	2.2950	0.4120	0.8693	0.8878	-0.0185	0.8656	0.8868	-0.0212
3G6D	amber_af	3	2.2610	2.5330	-0.2720	0.8920	0.8775	0.0145	0.8939	0.8703	0.0236
3G6D	amber_af	4	2.5270	2.6910	-0.1640	0.8846	0.8689	0.0157	0.8797	0.8656	0.0141
3G6D	amber_boltz	0	2.8520	2.8820	-0.0300	0.8498	0.8456	0.0042	0.8396	0.8325	0.0071
3G6D	amber_boltz	1	2.9160	2.8760	0.0400	0.8472	0.8490	-0.0018	0.8349	0.8443	-0.0094
3G6D	amber_boltz	2	2.8990	2.9380	-0.0390	0.8391	0.8423	-0.0032	0.8302	0.8302	0.0000
3G6D	amber_boltz	3	2.8630	2.8530	0.0100	0.8475	0.8466	0.0009	0.8373	0.8325	0.0048
3G6D	amber_boltz	4	2.9880	2.9900	-0.0020	0.8397	0.8366	0.0031	0.8278	0.8255	0.0023
3G6D	boltz	0	2.8500	2.8800	-0.0300	0.8499	0.8453	0.0046	0.8467	0.8302	0.0165
3G6D	boltz	1	2.9160	2.8760	0.0400	0.8470	0.8488	-0.0018	0.8349	0.8420	-0.0071
3G6D	boltz	2	2.8980	2.9310	-0.0330	0.8391	0.8427	-0.0036	0.8278	0.8325	-0.0047
3G6D	boltz	3	2.8600	2.8460	0.0140	0.8473	0.8470	0.0003	0.8373	0.8396	-0.0023
3G6D	boltz	4	2.9890	2.9910	-0.0020	0.8391	0.8360	0.0031	0.8255	0.8255	0.0000
3H11	af_relaxed	0	2.6260	2.7260	-0.1000	0.9614	0.9577	0.0037	0.9540	0.9481	0.0059
3H11	af_relaxed	1	2.7340	2.6840	0.0500	0.9600	0.9617	-0.0017	0.9517	0.9528	-0.0011
3H11	af_relaxed	2	3.2750	3.1360	0.1390	0.9567	0.9560	0.0007	0.9517	0.9481	0.0036
3H11	af_relaxed	3	2.7590	2.6950	0.0640	0.9515	0.9564	-0.0049	0.9399	0.9446	-0.0047
3H11	af_relaxed	4	2.8890	2.6690	0.2200	0.9557	0.9544	0.0013	0.9481	0.9446	0.0035
3H11	amber_af	0	2.7610	2.7280	0.0330	0.9515	0.9574	-0.0059	0.9387	0.9469	-0.0082
3H11	amber_af	1	3.2750	2.6830	0.5920	0.9566	0.9613	-0.0047	0.9517	0.9517	0.0000
3H11	amber_af	2	2.9430	3.1440	-0.2010	0.9554	0.9562	-0.0008	0.9469	0.9505	-0.0036
3H11	amber_af	3	2.7260	2.6960	0.0300	0.9600	0.9562	0.0038	0.9517	0.9422	0.0095
3H11	amber_af	4	2.6290	2.6790	-0.0500	0.9614	0.9531	0.0083	0.9528	0.9422	0.0106
3H11	amber_boltz	0	2.6820	2.7130	-0.0310	0.9324	0.9309	0.0015	0.8856	0.8903	-0.0047
3H11	amber_boltz	1	2.6280	16.8390	-14.2110	0.9365	0.5896	0.3469	0.9045	0.5542	0.3503
3H11	amber_boltz	2	16.9280	17.0440	-0.1160	0.5900	0.5888	0.0012	0.5542	0.5542	0.0000
3H11	amber_boltz	3	16.6730	16.6890	-0.0160	0.5924	0.5913	0.0011	0.5554	0.5566	-0.0012
3H11	amber_boltz	4	16.8590	2.6260	14.2330	0.5935	0.9339	-0.3404	0.5613	0.8986	-0.3373
3H11	boltz	0	2.6800	2.7100	-0.0300	0.9335	0.9315	0.0020	0.8880	0.8962	-0.0082
3H11	boltz	1	2.6290	16.8260	-14.1970	0.9372	0.5897	0.3475	0.9045	0.5566	0.3479
3H11	boltz	2	16.9050	17.0050	-0.1000	0.5903	0.5891	0.0012	0.5542	0.5531	0.0011
3H11	boltz	3	16.6590	16.6630	-0.0040	0.5925	0.5918	0.0007	0.5566	0.5566	0.0000
3H11	boltz	4	16.8320	2.6260	14.2060	0.5938	0.9344	-0.3406	0.5590	0.8998	-0.3408
3H2V	af_relaxed	0	2.2150	1.7930	0.4220	0.9239	0.9405	-0.0166	0.9095	0.9224	-0.0129
3H2V	af_relaxed	1	2.0320	2.0240	0.0080	0.9358	0.9367	-0.0009	0.9239	0.9253	-0.0014
3H2V	af_relaxed	2	1.7080	1.7200	-0.0120	0.9432	0.9424	0.0008	0.9224	0.9224	0.0000
3H2V	af_relaxed	3	1.7380	2.2250	-0.4870	0.9446	0.9237	0.0209	0.9210	0.8994	0.0216
3H2V	af_relaxed	4	1.8520	1.8060	0.0460	0.9406	0.9416	-0.0010	0.9267	0.9224	0.0043
3H2V	amber_af	0	2.0310	1.7950	0.2360	0.9359	0.9405	-0.0046	0.9253	0.9224	0.0029
3H2V	amber_af	1	1.7310	2.0210	-0.2900	0.9448	0.9369	0.0079	0.9224	0.9253	-0.0029
3H2V	amber_af	2	2.2150	1.7250	0.4900	0.9238	0.9423	-0.0185	0.9095	0.9210	-0.0115
3H2V	amber_af	3	1.7130	2.2310	-0.5180	0.9432	0.9235	0.0197	0.9224	0.8994	0.0230
3H2V	amber_af	4	1.8470	1.8060	0.0410	0.9405	0.9416	-0.0011	0.9253	0.9224	0.0029
3H2V	amber_boltz	0	1.6280	1.2430	0.3850	0.9513	0.9620	-0.0107	0.9397	0.9511	-0.0114
3H2V	amber_boltz	1	1.2730	1.2310	0.0420	0.9578	0.9587	-0.0009	0.9397	0.9440	-0.0043
3H2V	amber_boltz	2	1.2830	1.5570	-0.2740	0.9557	0.9578	-0.0021	0.9382	0.9483	-0.0101
3H2V	amber_boltz	3	1.2430	1.3050	-0.0620	0.9584	0.9577	0.0007	0.9425	0.9468	-0.0043
3H2V	amber_boltz	4	1.2730	1.2790	-0.0060	0.9564	0.9568	-0.0004	0.9368	0.9382	-0.0014
3H2V	boltz	0	1.6220	1.2290	0.3930	0.9516	0.9625	-0.0109	0.9397	0.9526	-0.0129
3H2V	boltz	1	1.2710	1.2330	0.0380	0.9583	0.9590	-0.0007	0.9411	0.9454	-0.0043
3H2V	boltz	2	1.2750	1.5530	-0.2780	0.9562	0.9581	-0.0019	0.9353	0.9483	-0.0130
3H2V	boltz	3	1.2330	1.3050	-0.0720	0.9591	0.9578	0.0013	0.9425	0.9468	-0.0043
3H2V	boltz	4	1.2710	1.2780	-0.0070	0.9568	0.9569	-0.0001	0.9382	0.9353	0.0029
3HI6	af_relaxed	0	2.0190	2.0520	-0.0330	0.9186	0.9154	0.0032	0.8944	0.8819	0.0125
3HI6	af_relaxed	1	2.0780	1.9920	0.0860	0.9160	0.9167	-0.0007	0.8861	0.8847	0.0014
3HI6	af_relaxed	2	2.0310	2.0120	0.0190	0.9180	0.9196	-0.0016	0.8931	0.8917	0.0014
3HI6	af_relaxed	3	2.1060	2.1400	-0.0340	0.9158	0.9146	0.0012	0.8917	0.8889	0.0028
3HI6	af_relaxed	4	2.0780	2.1480	-0.0700	0.9186	0.9157	0.0029	0.8903	0.8889	0.0014
3HI6	amber_af	0	2.0790	2.0530	0.0260	0.9182	0.9152	0.0030	0.8903	0.8847	0.0056
3HI6	amber_af	1	2.1140	1.9950	0.1190	0.9154	0.9164	-0.0010	0.8944	0.8861	0.0083
3HI6	amber_af	2	2.0180	2.0130	0.0050	0.9187	0.9196	-0.0009	0.8944	0.8931	0.0013
3HI6	amber_af	3	2.0760	2.1390	-0.0630	0.9164	0.9146	0.0018	0.8903	0.8889	0.0014
3HI6	amber_af	4	2.0310	2.1450	-0.1140	0.9181	0.9159	0.0022	0.8917	0.8889	0.0028
3HI6	amber_boltz	0	2.8790	2.7370	0.1420	0.8895	0.8910	-0.0015	0.8667	0.8681	-0.0014
3HI6	amber_boltz	1	2.7880	2.8430	-0.0550	0.8900	0.8895	0.0005	0.8667	0.8667	0.0000
3HI6	amber_boltz	2	2.7580	2.8400	-0.0820	0.8922	0.8895	0.0027	0.8722	0.8667	0.0055
3HI6	amber_boltz	3	2.8370	2.8570	-0.0200	0.8896	0.8901	-0.0005	0.8667	0.8667	0.0000
3HI6	amber_boltz	4	2.8510	2.6810	0.1700	0.8891	0.8944	-0.0053	0.8611	0.8681	-0.0070
3HI6	boltz	0	2.8770	2.7360	0.1410	0.8899	0.8909	-0.0010	0.8708	0.8708	0.0000
3HI6	boltz	1	2.7820	2.8470	-0.0650	0.8904	0.8894	0.0010	0.8681	0.8667	0.0014
3HI6	boltz	2	2.7590	2.8430	-0.0840	0.8920	0.8898	0.0022	0.8736	0.8708	0.0028
3HI6	boltz	3	2.8340	2.8470	-0.0130	0.8901	0.8907	-0.0006	0.8681	0.8681	0.0000
3HI6	boltz	4	2.8560	2.6770	0.1790	0.8893	0.8945	-0.0052	0.8653	0.8708	-0.0055
3HMX	af_relaxed	0	1.5360	1.5520	-0.0160	0.9545	0.9542	0.0003	0.8797	0.8788	0.0009
3HMX	af_relaxed	1	1.5770	1.5660	0.0110	0.9521	0.9526	-0.0005	0.8644	0.8720	-0.0076
3HMX	af_relaxed	2	1.5430	1.6050	-0.0620	0.9548	0.9525	0.0023	0.8797	0.8847	-0.0050
3HMX	af_relaxed	3	1.5810	1.5270	0.0540	0.9542	0.9554	-0.0012	0.8898	0.8814	0.0084
3HMX	af_relaxed	4	1.5700	1.5560	0.0140	0.9526	0.9545	-0.0019	0.8771	0.8822	-0.0051
3HMX	amber_af	0	1.5810	1.5520	0.0290	0.9542	0.9542	0.0000	0.8898	0.8797	0.0101
3HMX	amber_af	1	1.5720	1.5650	0.0070	0.9524	0.9527	-0.0003	0.8644	0.8712	-0.0068
3HMX	amber_af	2	1.5430	1.6050	-0.0620	0.9548	0.9525	0.0023	0.8797	0.8856	-0.0059
3HMX	amber_af	3	1.5710	1.5220	0.0490	0.9525	0.9557	-0.0032	0.8746	0.8822	-0.0076
3HMX	amber_af	4	1.5310	1.5520	-0.0210	0.9548	0.9548	0.0000	0.8805	0.8797	0.0008
3HMX	amber_boltz	0	2.0610	2.2860	-0.2250	0.9222	0.9037	0.0185	0.8085	0.7678	0.0407
3HMX	amber_boltz	1	2.4240	2.6050	-0.1810	0.8934	0.8784	0.0150	0.7398	0.7356	0.0042
3HMX	amber_boltz	2	2.1520	2.3940	-0.2420	0.9138	0.8973	0.0165	0.7831	0.7492	0.0339
3HMX	amber_boltz	3	2.3940	2.4830	-0.0890	0.8978	0.8864	0.0114	0.7542	0.7517	0.0025
3HMX	amber_boltz	4	2.0550	2.4910	-0.4360	0.9214	0.8890	0.0324	0.8025	0.7441	0.0584
3HMX	boltz	0	2.0580	2.2830	-0.2250	0.9222	0.9036	0.0186	0.8093	0.7678	0.0415
3HMX	boltz	1	2.4130	2.6020	-0.1890	0.8938	0.8786	0.0152	0.7441	0.7373	0.0068
3HMX	boltz	2	2.1490	2.3830	-0.2340	0.9137	0.8975	0.0162	0.7831	0.7517	0.0314
3HMX	boltz	3	2.3870	2.4820	-0.0950	0.8978	0.8860	0.0118	0.7551	0.7517	0.0034
3HMX	boltz	4	2.0510	2.4870	-0.4360	0.9214	0.8890	0.0324	0.8025	0.7449	0.0576
3K75	af_relaxed	0	0.7710	0.7710	0.0000	0.9792	0.9792	0.0000	0.9785	0.9785	0.0000
3K75	af_relaxed	1	0.6440	0.7720	-0.1280	0.9825	0.9790	0.0035	0.9801	0.9785	0.0016
3K75	af_relaxed	2	0.7580	0.6450	0.1130	0.9800	0.9824	-0.0024	0.9801	0.9801	0.0000
3K75	af_relaxed	3	0.7720	0.7710	0.0010	0.9789	0.9792	-0.0003	0.9785	0.9785	0.0000
3K75	af_relaxed	4	0.6540	0.6490	0.0050	0.9821	0.9823	-0.0002	0.9768	0.9785	-0.0017
3K75	amber_af	0	0.6440	0.7710	-0.1270	0.9825	0.9792	0.0033	0.9801	0.9785	0.0016
3K75	amber_af	1	0.6540	0.7710	-0.1170	0.9821	0.9790	0.0031	0.9768	0.9785	-0.0017
3K75	amber_af	2	0.7730	0.6450	0.1280	0.9789	0.9825	-0.0036	0.9785	0.9801	-0.0016
3K75	amber_af	3	0.7710	0.7700	0.0010	0.9792	0.9792	0.0000	0.9785	0.9785	0.0000
3K75	amber_af	4	0.7570	0.6490	0.1080	0.9801	0.9823	-0.0022	0.9801	0.9785	0.0016
3K75	amber_boltz	0	0.6680	0.6120	0.0560	0.9810	0.9833	-0.0023	0.9735	0.9801	-0.0066
3K75	amber_boltz	1	0.5860	0.6550	-0.0690	0.9847	0.9815	0.0032	0.9834	0.9735	0.0099
3K75	amber_boltz	2	0.8250	0.6430	0.1820	0.9744	0.9820	-0.0076	0.9702	0.9801	-0.0099
3K75	amber_boltz	3	0.7270	0.7920	-0.0650	0.9793	0.9759	0.0034	0.9735	0.9702	0.0033
3K75	amber_boltz	4	0.6460	0.6180	0.0280	0.9824	0.9833	-0.0009	0.9768	0.9785	-0.0017
3K75	boltz	0	0.6560	0.5990	0.0570	0.9816	0.9839	-0.0023	0.9768	0.9801	-0.0033
3K75	boltz	1	0.5770	0.6430	-0.0660	0.9852	0.9822	0.0030	0.9818	0.9752	0.0066
3K75	boltz	2	0.8250	0.6390	0.1860	0.9746	0.9823	-0.0077	0.9685	0.9801	-0.0116
3K75	boltz	3	0.7290	0.7780	-0.0490	0.9795	0.9764	0.0031	0.9752	0.9702	0.0050
3K75	boltz	4	0.6400	0.6120	0.0280	0.9827	0.9836	-0.0009	0.9768	0.9801	-0.0033
3L5W	af_relaxed	0	4.1180	4.1050	0.0130	0.6887	0.6906	-0.0019	0.6861	0.6917	-0.0056
3L5W	af_relaxed	1	4.1840	3.5740	0.6100	0.6821	0.7370	-0.0549	0.6760	0.7085	-0.0325
3L5W	af_relaxed	2	3.8320	4.1980	-0.3660	0.7121	0.6814	0.0307	0.6872	0.6783	0.0089
3L5W	af_relaxed	3	3.8960	4.1450	-0.2490	0.7064	0.6837	0.0227	0.6816	0.6670	0.0146
3L5W	af_relaxed	4	3.7300	3.7110	0.0190	0.7218	0.7240	-0.0022	0.6962	0.6906	0.0056
3L5W	amber_af	0	3.8950	4.1050	-0.2100	0.7065	0.6906	0.0159	0.6794	0.6917	-0.0123
3L5W	amber_af	1	3.7280	3.5730	0.1550	0.7222	0.7370	-0.0148	0.6962	0.7085	-0.0123
3L5W	amber_af	2	4.1840	4.1980	-0.0140	0.6822	0.6814	0.0008	0.6749	0.6783	-0.0034
3L5W	amber_af	3	3.8320	4.1470	-0.3150	0.7121	0.6835	0.0286	0.6872	0.6670	0.0202
3L5W	amber_af	4	4.1190	3.7110	0.4080	0.6887	0.7240	-0.0353	0.6872	0.6928	-0.0056
3L5W	amber_boltz	0	2.6390	3.1540	-0.5150	0.8322	0.7786	0.0536	0.7534	0.7298	0.0236
3L5W	amber_boltz	1	2.1590	2.9490	-0.7900	0.8783	0.8002	0.0781	0.7915	0.7377	0.0538
3L5W	amber_boltz	2	2.9340	3.1090	-0.1750	0.8022	0.7839	0.0183	0.7410	0.7309	0.0101
3L5W	amber_boltz	3	3.0440	2.1980	0.8460	0.7909	0.8755	-0.0846	0.7332	0.7859	-0.0527
3L5W	amber_boltz	4	3.4540	3.1090	0.3450	0.7505	0.7852	-0.0347	0.7052	0.7253	-0.0201
3L5W	boltz	0	2.6390	3.1510	-0.5120	0.8321	0.7790	0.0531	0.7567	0.7298	0.0269
3L5W	boltz	1	2.1570	2.9460	-0.7890	0.8784	0.8004	0.0780	0.7915	0.7365	0.0550
3L5W	boltz	2	2.9340	3.1060	-0.1720	0.8021	0.7840	0.0181	0.7399	0.7343	0.0056
3L5W	boltz	3	3.0440	2.1950	0.8490	0.7909	0.8755	-0.0846	0.7321	0.7870	-0.0549
3L5W	boltz	4	3.4530	3.1060	0.3470	0.7507	0.7856	-0.0349	0.7085	0.7287	-0.0202
3L89	af_relaxed	0	1.2800	1.2750	0.0050	0.9718	0.9722	-0.0004	0.9658	0.9672	-0.0014
3L89	af_relaxed	1	1.0860	1.1580	-0.0720	0.9750	0.9736	0.0014	0.9672	0.9658	0.0014
3L89	af_relaxed	2	1.2810	1.1370	0.1440	0.9707	0.9741	-0.0034	0.9645	0.9658	-0.0013
3L89	af_relaxed	3	1.1830	1.2460	-0.0630	0.9719	0.9706	0.0013	0.9658	0.9631	0.0027
3L89	af_relaxed	4	1.1590	1.1760	-0.0170	0.9737	0.9731	0.0006	0.9672	0.9672	0.0000
3L89	amber_af	0	1.2810	1.2750	0.0060	0.9718	0.9722	-0.0004	0.9658	0.9672	-0.0014
3L89	amber_af	1	1.2810	1.1570	0.1240	0.9707	0.9736	-0.0029	0.9645	0.9658	-0.0013
3L89	amber_af	2	1.0870	1.1370	-0.0500	0.9750	0.9741	0.0009	0.9672	0.9645	0.0027
3L89	amber_af	3	1.1600	1.2450	-0.0850	0.9737	0.9706	0.0031	0.9672	0.9631	0.0041
3L89	amber_af	4	1.1830	1.1700	0.0130	0.9718	0.9735	-0.0017	0.9658	0.9658	0.0000
3L89	amber_boltz	0	1.3900	1.3750	0.0150	0.9634	0.9631	0.0003	0.9549	0.9563	-0.0014
3L89	amber_boltz	1	1.3570	1.5040	-0.1470	0.9649	0.9629	0.0020	0.9577	0.9577	0.0000
3L89	amber_boltz	2	1.3250	1.5130	-0.1880	0.9666	0.9633	0.0033	0.9617	0.9590	0.0027
3L89	amber_boltz	3	1.4000	1.5190	-0.1190	0.9629	0.9613	0.0016	0.9563	0.9549	0.0014
3L89	amber_boltz	4	1.3980	1.5200	-0.1220	0.9617	0.9601	0.0016	0.9481	0.9522	-0.0041
3L89	boltz	0	1.3910	1.3690	0.0220	0.9632	0.9631	0.0001	0.9549	0.9563	-0.0014
3L89	boltz	1	1.3490	1.5030	-0.1540	0.9649	0.9627	0.0022	0.9577	0.9577	0.0000
3L89	boltz	2	1.3230	1.5090	-0.1860	0.9664	0.9629	0.0035	0.9617	0.9563	0.0054
3L89	boltz	3	1.4000	1.5180	-0.1180	0.9626	0.9610	0.0016	0.9563	0.9536	0.0027
3L89	boltz	4	1.3960	1.5110	-0.1150	0.9617	0.9600	0.0017	0.9495	0.9536	-0.0041
3LVK	af_relaxed	0	0.3420	0.3400	0.0020	0.9977	0.9978	-0.0001	0.9968	0.9968	0.0000
3LVK	af_relaxed	1	0.3520	0.3500	0.0020	0.9976	0.9976	0.0000	0.9974	0.9974	0.0000
3LVK	af_relaxed	2	0.3420	0.3660	-0.0240	0.9977	0.9974	0.0003	0.9987	0.9955	0.0032
3LVK	af_relaxed	3	0.3740	0.3730	0.0010	0.9973	0.9973	0.0000	0.9968	0.9968	0.0000
3LVK	af_relaxed	4	0.3680	0.3490	0.0190	0.9974	0.9976	-0.0002	0.9961	0.9981	-0.0020
3LVK	amber_af	0	0.3740	0.3400	0.0340	0.9973	0.9978	-0.0005	0.9968	0.9968	0.0000
3LVK	amber_af	1	0.3690	0.3510	0.0180	0.9974	0.9976	-0.0002	0.9968	0.9974	-0.0006
3LVK	amber_af	2	0.3520	0.3660	-0.0140	0.9976	0.9974	0.0002	0.9968	0.9955	0.0013
3LVK	amber_af	3	0.3420	0.3720	-0.0300	0.9977	0.9973	0.0004	0.9968	0.9968	0.0000
3LVK	amber_af	4	0.3420	0.3500	-0.0080	0.9977	0.9976	0.0001	0.9987	0.9981	0.0006
3LVK	amber_boltz	0	0.6430	0.6120	0.0310	0.9922	0.9930	-0.0008	0.9762	0.9800	-0.0038
3LVK	amber_boltz	1	0.6580	0.6350	0.0230	0.9919	0.9925	-0.0006	0.9762	0.9794	-0.0032
3LVK	amber_boltz	2	0.6270	0.6220	0.0050	0.9926	0.9928	-0.0002	0.9800	0.9800	0.0000
3LVK	amber_boltz	3	0.6760	0.6390	0.0370	0.9915	0.9924	-0.0009	0.9749	0.9781	-0.0032
3LVK	amber_boltz	4	0.6030	0.6220	-0.0190	0.9932	0.9928	0.0004	0.9820	0.9774	0.0046
3LVK	boltz	0	0.6390	0.6040	0.0350	0.9923	0.9932	-0.0009	0.9781	0.9807	-0.0026
3LVK	boltz	1	0.6500	0.6350	0.0150	0.9921	0.9925	-0.0004	0.9755	0.9800	-0.0045
3LVK	boltz	2	0.6250	0.6130	0.0120	0.9926	0.9930	-0.0004	0.9807	0.9800	0.0007
3LVK	boltz	3	0.6710	0.6300	0.0410	0.9916	0.9926	-0.0010	0.9749	0.9787	-0.0038
3LVK	boltz	4	0.5960	0.6180	-0.0220	0.9933	0.9928	0.0005	0.9813	0.9781	0.0032
3MJ9	af_relaxed	0	1.5890	1.5340	0.0550	0.9472	0.9511	-0.0039	0.8974	0.9116	-0.0142
3MJ9	af_relaxed	1	1.5500	1.5920	-0.0420	0.9524	0.9457	0.0067	0.9127	0.8919	0.0208
3MJ9	af_relaxed	2	1.5470	1.6240	-0.0770	0.9472	0.9451	0.0021	0.8952	0.8952	0.0000
3MJ9	af_relaxed	3	1.5450	1.5670	-0.0220	0.9497	0.9486	0.0011	0.9028	0.9072	-0.0044
3MJ9	af_relaxed	4	1.5500	1.5310	0.0190	0.9491	0.9452	0.0039	0.8996	0.8810	0.0186
3MJ9	amber_af	0	1.5530	1.5360	0.0170	0.9487	0.9511	-0.0024	0.8996	0.9116	-0.0120
3MJ9	amber_af	1	1.5480	1.5970	-0.0490	0.9472	0.9456	0.0016	0.8952	0.8963	-0.0011
3MJ9	amber_af	2	1.5540	1.6180	-0.0640	0.9520	0.9455	0.0065	0.9116	0.8963	0.0153
3MJ9	amber_af	3	1.5890	1.5630	0.0260	0.9473	0.9488	-0.0015	0.8985	0.9083	-0.0098
3MJ9	amber_af	4	1.5960	1.5310	0.0650	0.9475	0.9452	0.0023	0.9028	0.8810	0.0218
3MJ9	amber_boltz	0	1.6160	1.5640	0.0520	0.9507	0.9504	0.0003	0.9083	0.9083	0.0000
3MJ9	amber_boltz	1	1.3830	1.5190	-0.1360	0.9599	0.9535	0.0064	0.9345	0.9214	0.0131
3MJ9	amber_boltz	2	1.4550	1.5180	-0.0630	0.9539	0.9547	-0.0008	0.9116	0.9247	-0.0131
3MJ9	amber_boltz	3	1.8390	1.5340	0.3050	0.9460	0.9524	-0.0064	0.9028	0.9138	-0.0110
3MJ9	amber_boltz	4	1.7940	1.5410	0.2530	0.9460	0.9511	-0.0051	0.9083	0.9159	-0.0076
3MJ9	boltz	0	1.5960	1.5480	0.0480	0.9515	0.9510	0.0005	0.9105	0.9061	0.0044
3MJ9	boltz	1	1.3680	1.5080	-0.1400	0.9607	0.9539	0.0068	0.9378	0.9214	0.0164
3MJ9	boltz	2	1.4420	1.5060	-0.0640	0.9544	0.9553	-0.0009	0.9138	0.9258	-0.0120
3MJ9	boltz	3	1.8370	1.5160	0.3210	0.9461	0.9533	-0.0072	0.9072	0.9159	-0.0087
3MJ9	boltz	4	1.7880	1.5300	0.2580	0.9462	0.9517	-0.0055	0.9083	0.9159	-0.0076
3MXW	af_relaxed	0	0.6120	0.5730	0.0390	0.9852	0.9872	-0.0020	0.9886	0.9918	-0.0032
3MXW	af_relaxed	1	0.5230	0.6150	-0.0920	0.9876	0.9849	0.0027	0.9886	0.9886	0.0000
3MXW	af_relaxed	2	0.6020	0.5520	0.0500	0.9856	0.9862	-0.0006	0.9886	0.9886	0.0000
3MXW	af_relaxed	3	0.5460	0.5930	-0.0470	0.9865	0.9856	0.0009	0.9869	0.9902	-0.0033
3MXW	af_relaxed	4	0.6230	0.5330	0.0900	0.9845	0.9873	-0.0028	0.9853	0.9902	-0.0049
3MXW	amber_af	0	0.5490	0.5740	-0.0250	0.9864	0.9872	-0.0008	0.9853	0.9918	-0.0065
3MXW	amber_af	1	0.6210	0.6150	0.0060	0.9846	0.9849	-0.0003	0.9869	0.9886	-0.0017
3MXW	amber_af	2	0.6140	0.5490	0.0650	0.9850	0.9863	-0.0013	0.9886	0.9886	0.0000
3MXW	amber_af	3	0.5240	0.5930	-0.0690	0.9876	0.9857	0.0019	0.9886	0.9902	-0.0016
3MXW	amber_af	4	0.6000	0.5350	0.0650	0.9856	0.9873	-0.0017	0.9886	0.9902	-0.0016
3MXW	amber_boltz	0	0.6310	0.6280	0.0030	0.9829	0.9827	0.0002	0.9804	0.9788	0.0016
3MXW	amber_boltz	1	0.5820	0.5590	0.0230	0.9855	0.9861	-0.0006	0.9869	0.9869	0.0000
3MXW	amber_boltz	2	0.6330	0.6320	0.0010	0.9824	0.9826	-0.0002	0.9788	0.9804	-0.0016
3MXW	amber_boltz	3	0.6080	0.6150	-0.0070	0.9837	0.9835	0.0002	0.9820	0.9804	0.0016
3MXW	amber_boltz	4	0.5740	0.6090	-0.0350	0.9854	0.9837	0.0017	0.9869	0.9788	0.0081
3MXW	boltz	0	0.6160	0.6120	0.0040	0.9836	0.9835	0.0001	0.9820	0.9820	0.0000
3MXW	boltz	1	0.5680	0.5430	0.0250	0.9861	0.9869	-0.0008	0.9886	0.9918	-0.0032
3MXW	boltz	2	0.6220	0.6110	0.0110	0.9830	0.9836	-0.0006	0.9788	0.9804	-0.0016
3MXW	boltz	3	0.6000	0.5950	0.0050	0.9841	0.9845	-0.0004	0.9788	0.9820	-0.0032
3MXW	boltz	4	0.5630	0.5860	-0.0230	0.9859	0.9848	0.0011	0.9918	0.9853	0.0065
3P57	af_relaxed	0	0.6480	0.6260	0.0220	0.9668	0.9689	-0.0021	0.9778	0.9861	-0.0083
3P57	af_relaxed	1	0.8290	0.8390	-0.0100	0.9594	0.9589	0.0005	0.9833	0.9722	0.0111
3P57	af_relaxed	2	0.8530	0.7910	0.0620	0.9561	0.9586	-0.0025	0.9667	0.9750	-0.0083
3P57	af_relaxed	3	0.6480	0.7230	-0.0750	0.9665	0.9598	0.0067	0.9861	0.9778	0.0083
3P57	af_relaxed	4	0.6740	0.7010	-0.0270	0.9643	0.9622	0.0021	0.9778	0.9694	0.0084
3P57	amber_af	0	0.6510	0.6260	0.0250	0.9663	0.9689	-0.0026	0.9861	0.9861	0.0000
3P57	amber_af	1	0.6480	0.8500	-0.2020	0.9668	0.9579	0.0089	0.9778	0.9722	0.0056
3P57	amber_af	2	0.8300	0.7840	0.0460	0.9594	0.9596	-0.0002	0.9833	0.9694	0.0139
3P57	amber_af	3	0.6740	0.7210	-0.0470	0.9642	0.9601	0.0041	0.9778	0.9778	0.0000
3P57	amber_af	4	0.8540	0.7000	0.1540	0.9560	0.9623	-0.0063	0.9667	0.9694	-0.0027
3P57	amber_boltz	0	1.2220	1.3260	-0.1040	0.9220	0.9116	0.0104	0.9250	0.9222	0.0028
3P57	amber_boltz	1	1.2350	1.3050	-0.0700	0.9160	0.9148	0.0012	0.9250	0.9167	0.0083
3P57	amber_boltz	2	1.2380	1.3790	-0.1410	0.9177	0.9015	0.0162	0.9250	0.9056	0.0194
3P57	amber_boltz	3	1.0000	1.2870	-0.2870	0.9436	0.9105	0.0331	0.9528	0.9111	0.0417
3P57	amber_boltz	4	1.3320	1.2720	0.0600	0.9211	0.9263	-0.0052	0.9361	0.9389	-0.0028
3P57	boltz	0	1.2070	1.3160	-0.1090	0.9233	0.9130	0.0103	0.9333	0.9278	0.0055
3P57	boltz	1	1.2160	1.3050	-0.0890	0.9179	0.9147	0.0032	0.9306	0.9278	0.0028
3P57	boltz	2	1.2270	1.3510	-0.1240	0.9185	0.9040	0.0145	0.9306	0.9139	0.0167
3P57	boltz	3	0.9940	1.2690	-0.2750	0.9441	0.9128	0.0313	0.9611	0.9139	0.0472
3P57	boltz	4	1.3260	1.2530	0.0730	0.9214	0.9279	-0.0065	0.9306	0.9389	-0.0083
3PC8	af_relaxed	0	0.5480	0.5450	0.0030	0.9803	0.9804	-0.0001	0.9923	0.9923	0.0000
3PC8	af_relaxed	1	0.5460	0.5290	0.0170	0.9806	0.9814	-0.0008	0.9923	0.9923	0.0000
3PC8	af_relaxed	2	0.5040	0.5110	-0.0070	0.9825	0.9828	-0.0003	0.9948	0.9923	0.0025
3PC8	af_relaxed	3	0.4930	0.4990	-0.0060	0.9838	0.9827	0.0011	0.9923	0.9948	-0.0025
3PC8	af_relaxed	4	0.5250	0.5450	-0.0200	0.9815	0.9802	0.0013	0.9923	0.9923	0.0000
3PC8	amber_af	0	0.5250	0.5500	-0.0250	0.9816	0.9802	0.0014	0.9923	0.9923	0.0000
3PC8	amber_af	1	0.5530	0.5290	0.0240	0.9801	0.9814	-0.0013	0.9923	0.9923	0.0000
3PC8	amber_af	2	0.5050	0.5110	-0.0060	0.9825	0.9828	-0.0003	0.9948	0.9923	0.0025
3PC8	amber_af	3	0.4920	0.4990	-0.0070	0.9838	0.9827	0.0011	0.9923	0.9948	-0.0025
3PC8	amber_af	4	0.5460	0.5450	0.0010	0.9805	0.9801	0.0004	0.9923	0.9948	-0.0025
3PC8	amber_boltz	0	0.4970	0.6650	-0.1680	0.9832	0.9761	0.0071	0.9923	0.9871	0.0052
3PC8	amber_boltz	1	0.5540	0.5970	-0.0430	0.9799	0.9769	0.0030	0.9897	0.9897	0.0000
3PC8	amber_boltz	2	0.5630	0.6020	-0.0390	0.9799	0.9793	0.0006	0.9897	0.9948	-0.0051
3PC8	amber_boltz	3	0.5250	0.5530	-0.0280	0.9812	0.9806	0.0006	0.9897	0.9923	-0.0026
3PC8	amber_boltz	4	0.5910	0.6090	-0.0180	0.9788	0.9782	0.0006	0.9897	0.9897	0.0000
3PC8	boltz	0	0.4830	0.6600	-0.1770	0.9841	0.9766	0.0075	0.9923	0.9897	0.0026
3PC8	boltz	1	0.5360	0.5870	-0.0510	0.9809	0.9778	0.0031	0.9897	0.9897	0.0000
3PC8	boltz	2	0.5500	0.5950	-0.0450	0.9808	0.9798	0.0010	0.9923	0.9923	0.0000
3PC8	boltz	3	0.5140	0.5370	-0.0230	0.9819	0.9817	0.0002	0.9897	0.9948	-0.0051
3PC8	boltz	4	0.5800	0.6000	-0.0200	0.9796	0.9788	0.0008	0.9897	0.9871	0.0026
3R9A	af_relaxed	0	0.3280	0.3260	0.0020	0.9979	0.9979	0.0000	0.9981	0.9981	0.0000
3R9A	af_relaxed	1	0.3240	0.6450	-0.3210	0.9980	0.9949	0.0031	0.9974	0.9929	0.0045
3R9A	af_relaxed	2	0.5380	0.5320	0.0060	0.9955	0.9956	-0.0001	0.9929	0.9929	0.0000
3R9A	af_relaxed	3	0.6900	0.4050	0.2850	0.9946	0.9970	-0.0024	0.9922	0.9942	-0.0020
3R9A	af_relaxed	4	0.5580	0.6820	-0.1240	0.9953	0.9946	0.0007	0.9929	0.9922	0.0007
3R9A	amber_af	0	0.5380	0.3260	0.2120	0.9955	0.9979	-0.0024	0.9929	0.9981	-0.0052
3R9A	amber_af	1	0.6900	0.6450	0.0450	0.9946	0.9949	-0.0003	0.9922	0.9929	-0.0007
3R9A	amber_af	2	0.5580	0.5320	0.0260	0.9953	0.9956	-0.0003	0.9929	0.9929	0.0000
3R9A	amber_af	3	0.3280	0.4060	-0.0780	0.9979	0.9970	0.0009	0.9981	0.9942	0.0039
3R9A	amber_af	4	0.3240	0.6820	-0.3580	0.9980	0.9946	0.0034	0.9974	0.9922	0.0052
3R9A	amber_boltz	0	0.8720	1.1320	-0.2600	0.9894	0.9830	0.0064	0.9800	0.9716	0.0084
3R9A	amber_boltz	1	1.2170	0.8960	0.3210	0.9812	0.9883	-0.0071	0.9696	0.9787	-0.0091
3R9A	amber_boltz	2	0.8360	1.0790	-0.2430	0.9896	0.9829	0.0067	0.9787	0.9690	0.0097
3R9A	amber_boltz	3	1.0520	1.1110	-0.0590	0.9846	0.9823	0.0023	0.9735	0.9651	0.0084
3R9A	amber_boltz	4	0.9630	0.8880	0.0750	0.9863	0.9886	-0.0023	0.9755	0.9793	-0.0038
3R9A	boltz	0	0.8700	1.1300	-0.2600	0.9894	0.9831	0.0063	0.9826	0.9729	0.0097
3R9A	boltz	1	1.2170	0.8950	0.3220	0.9812	0.9883	-0.0071	0.9709	0.9787	-0.0078
3R9A	boltz	2	0.8360	1.0780	-0.2420	0.9896	0.9829	0.0067	0.9787	0.9703	0.0084
3R9A	boltz	3	1.0520	1.1100	-0.0580	0.9846	0.9823	0.0023	0.9748	0.9658	0.0090
3R9A	boltz	4	0.9620	0.8890	0.0730	0.9863	0.9886	-0.0023	0.9755	0.9787	-0.0032
3RJQ	af_relaxed	0	2.4120	2.3280	0.0840	0.9325	0.9312	0.0013	0.8836	0.8801	0.0035
3RJQ	af_relaxed	1	2.4610	2.4660	-0.0050	0.9275	0.9269	0.0006	0.8673	0.8656	0.0017
3RJQ	af_relaxed	2	2.3810	2.3740	0.0070	0.9350	0.9336	0.0014	0.8853	0.8827	0.0026
3RJQ	af_relaxed	3	2.2900	2.3610	-0.0710	0.9308	0.9356	-0.0048	0.8707	0.8878	-0.0171
3RJQ	af_relaxed	4	2.3630	2.3420	0.0210	0.9322	0.9339	-0.0017	0.8733	0.8801	-0.0068
3RJQ	amber_af	0	2.3820	2.3290	0.0530	0.9350	0.9311	0.0039	0.8853	0.8801	0.0052
3RJQ	amber_af	1	2.2900	2.4680	-0.1780	0.9307	0.9268	0.0039	0.8724	0.8639	0.0085
3RJQ	amber_af	2	2.4610	2.3740	0.0870	0.9275	0.9336	-0.0061	0.8682	0.8836	-0.0154
3RJQ	amber_af	3	2.3600	2.3620	-0.0020	0.9325	0.9356	-0.0031	0.8750	0.8896	-0.0146
3RJQ	amber_af	4	2.4110	2.3410	0.0700	0.9325	0.9340	-0.0015	0.8836	0.8793	0.0043
3RJQ	amber_boltz	0	1.6230	1.5670	0.0560	0.9593	0.9629	-0.0036	0.9110	0.9178	-0.0068
3RJQ	amber_boltz	1	1.5500	1.5710	-0.0210	0.9636	0.9615	0.0021	0.9212	0.9152	0.0060
3RJQ	amber_boltz	2	1.5780	1.5960	-0.0180	0.9609	0.9607	0.0002	0.9152	0.9161	-0.0009
3RJQ	amber_boltz	3	1.5670	1.5260	0.0410	0.9612	0.9637	-0.0025	0.9135	0.9170	-0.0035
3RJQ	amber_boltz	4	1.5310	1.6360	-0.1050	0.9644	0.9572	0.0072	0.9221	0.9041	0.0180
3RJQ	boltz	0	1.6210	1.5670	0.0540	0.9594	0.9630	-0.0036	0.9092	0.9178	-0.0086
3RJQ	boltz	1	1.5450	1.5680	-0.0230	0.9639	0.9619	0.0020	0.9229	0.9170	0.0059
3RJQ	boltz	2	1.5770	1.5940	-0.0170	0.9610	0.9609	0.0001	0.9135	0.9144	-0.0009
3RJQ	boltz	3	1.5660	1.5210	0.0450	0.9613	0.9641	-0.0028	0.9135	0.9178	-0.0043
3RJQ	boltz	4	1.5310	1.6330	-0.1020	0.9646	0.9576	0.0070	0.9221	0.9058	0.0163
3RVW	af_relaxed	0	0.4910	0.5260	-0.0350	0.9924	0.9913	0.0011	0.9876	0.9876	0.0000
3RVW	af_relaxed	1	0.5120	0.5060	0.0060	0.9917	0.9919	-0.0002	0.9910	0.9899	0.0011
3RVW	af_relaxed	2	0.5430	0.5970	-0.0540	0.9907	0.9889	0.0018	0.9865	0.9809	0.0056
3RVW	af_relaxed	3	0.5480	0.5870	-0.0390	0.9906	0.9893	0.0013	0.9831	0.9820	0.0011
3RVW	af_relaxed	4	0.5530	0.5050	0.0480	0.9905	0.9919	-0.0014	0.9831	0.9921	-0.0090
3RVW	amber_af	0	0.5520	0.5260	0.0260	0.9905	0.9913	-0.0008	0.9842	0.9876	-0.0034
3RVW	amber_af	1	0.5420	0.5140	0.0280	0.9908	0.9916	-0.0008	0.9865	0.9899	-0.0034
3RVW	amber_af	2	0.4920	0.5840	-0.0920	0.9924	0.9893	0.0031	0.9876	0.9820	0.0056
3RVW	amber_af	3	0.5010	0.5900	-0.0890	0.9920	0.9892	0.0028	0.9910	0.9831	0.0079
3RVW	amber_af	4	0.5520	0.5020	0.0500	0.9905	0.9920	-0.0015	0.9831	0.9921	-0.0090
3RVW	amber_boltz	0	0.4440	0.4980	-0.0540	0.9938	0.9921	0.0017	0.9921	0.9932	-0.0011
3RVW	amber_boltz	1	0.4740	0.4700	0.0040	0.9930	0.9931	-0.0001	0.9921	0.9932	-0.0011
3RVW	amber_boltz	2	0.4420	0.4840	-0.0420	0.9938	0.9927	0.0011	0.9932	0.9921	0.0011
3RVW	amber_boltz	3	0.4420	0.4630	-0.0210	0.9939	0.9932	0.0007	0.9921	0.9921	0.0000
3RVW	amber_boltz	4	0.5180	0.4650	0.0530	0.9916	0.9932	-0.0016	0.9910	0.9921	-0.0011
3RVW	boltz	0	0.4400	0.4940	-0.0540	0.9939	0.9923	0.0016	0.9932	0.9932	0.0000
3RVW	boltz	1	0.4660	0.4620	0.0040	0.9932	0.9933	-0.0001	0.9932	0.9932	0.0000
3RVW	boltz	2	0.4330	0.4720	-0.0390	0.9941	0.9930	0.0011	0.9932	0.9932	0.0000
3RVW	boltz	3	0.4360	0.4530	-0.0170	0.9941	0.9935	0.0006	0.9944	0.9944	0.0000
3RVW	boltz	4	0.5110	0.4520	0.0590	0.9918	0.9936	-0.0018	0.9910	0.9921	-0.0011
3S9D	af_relaxed	0	2.0890	2.1550	-0.0660	0.9252	0.9187	0.0065	0.9246	0.9206	0.0040
3S9D	af_relaxed	1	2.0780	2.1370	-0.0590	0.9241	0.9231	0.0010	0.9206	0.9206	0.0000
3S9D	af_relaxed	2	1.9960	2.0270	-0.0310	0.9319	0.9292	0.0027	0.9266	0.9286	-0.0020
3S9D	af_relaxed	3	2.0390	1.9900	0.0490	0.9295	0.9313	-0.0018	0.9286	0.9286	0.0000
3S9D	af_relaxed	4	2.2950	2.2920	0.0030	0.9100	0.9065	0.0035	0.9127	0.9107	0.0020
3S9D	amber_af	0	2.2940	2.1550	0.1390	0.9100	0.9187	-0.0087	0.9107	0.9206	-0.0099
3S9D	amber_af	1	1.9960	2.1360	-0.1400	0.9319	0.9232	0.0087	0.9266	0.9206	0.0060
3S9D	amber_af	2	2.0890	2.0270	0.0620	0.9251	0.9292	-0.0041	0.9246	0.9266	-0.0020
3S9D	amber_af	3	2.0420	1.9900	0.0520	0.9294	0.9313	-0.0019	0.9286	0.9266	0.0020
3S9D	amber_af	4	2.0790	2.2920	-0.2130	0.9241	0.9066	0.0175	0.9206	0.9127	0.0079
3S9D	amber_boltz	0	2.5030	2.5050	-0.0020	0.8994	0.8955	0.0039	0.8948	0.8889	0.0059
3S9D	amber_boltz	1	2.4820	2.5030	-0.0210	0.8996	0.8965	0.0031	0.8968	0.8909	0.0059
3S9D	amber_boltz	2	2.5050	2.5170	-0.0120	0.8953	0.8951	0.0002	0.8929	0.8909	0.0020
3S9D	amber_boltz	3	2.5100	2.5160	-0.0060	0.8997	0.8966	0.0031	0.8968	0.8889	0.0079
3S9D	amber_boltz	4	2.4750	2.6540	-0.1790	0.8987	0.8952	0.0035	0.8968	0.8889	0.0079
3S9D	boltz	0	2.5000	2.5010	-0.0010	0.8994	0.8958	0.0036	0.8968	0.8929	0.0039
3S9D	boltz	1	2.4780	2.4980	-0.0200	0.8994	0.8963	0.0031	0.8929	0.8909	0.0020
3S9D	boltz	2	2.5040	2.5150	-0.0110	0.8954	0.8951	0.0003	0.8909	0.8869	0.0040
3S9D	boltz	3	2.5090	2.5140	-0.0050	0.8995	0.8965	0.0030	0.8948	0.8909	0.0039
3S9D	boltz	4	2.4740	2.6580	-0.1840	0.8989	0.8949	0.0040	0.8968	0.8889	0.0079
3SE8	af_relaxed	0	0.6370	0.6220	0.0150	0.9926	0.9929	-0.0003	0.9869	0.9869	0.0000
3SE8	af_relaxed	1	0.6540	0.6320	0.0220	0.9923	0.9928	-0.0005	0.9840	0.9855	-0.0015
3SE8	af_relaxed	2	0.6360	0.6420	-0.0060	0.9927	0.9926	0.0001	0.9847	0.9840	0.0007
3SE8	af_relaxed	3	0.6770	0.6530	0.0240	0.9917	0.9923	-0.0006	0.9826	0.9833	-0.0007
3SE8	af_relaxed	4	0.6410	0.6560	-0.0150	0.9925	0.9922	0.0003	0.9847	0.9840	0.0007
3SE8	amber_af	0	0.6380	0.6210	0.0170	0.9926	0.9929	-0.0003	0.9869	0.9869	0.0000
3SE8	amber_af	1	0.6410	0.6390	0.0020	0.9924	0.9927	-0.0003	0.9847	0.9855	-0.0008
3SE8	amber_af	2	0.6540	0.6420	0.0120	0.9923	0.9926	-0.0003	0.9847	0.9847	0.0000
3SE8	amber_af	3	0.6340	0.6540	-0.0200	0.9927	0.9923	0.0004	0.9855	0.9833	0.0022
3SE8	amber_af	4	0.6770	0.6570	0.0200	0.9917	0.9922	-0.0005	0.9818	0.9840	-0.0022
3SE8	amber_boltz	0	0.7280	0.7210	0.0070	0.9896	0.9897	-0.0001	0.9717	0.9738	-0.0021
3SE8	amber_boltz	1	0.8290	0.7550	0.0740	0.9870	0.9888	-0.0018	0.9629	0.9688	-0.0059
3SE8	amber_boltz	2	0.7670	0.7870	-0.0200	0.9884	0.9879	0.0005	0.9688	0.9673	0.0015
3SE8	amber_boltz	3	0.7710	0.7430	0.0280	0.9883	0.9892	-0.0009	0.9702	0.9717	-0.0015
3SE8	amber_boltz	4	0.7700	0.7420	0.0280	0.9883	0.9892	-0.0009	0.9680	0.9717	-0.0037
3SE8	boltz	0	0.7240	0.7160	0.0080	0.9897	0.9898	-0.0001	0.9717	0.9746	-0.0029
3SE8	boltz	1	0.8300	0.7480	0.0820	0.9870	0.9891	-0.0021	0.9622	0.9717	-0.0095
3SE8	boltz	2	0.7600	0.7820	-0.0220	0.9886	0.9880	0.0006	0.9695	0.9673	0.0022
3SE8	boltz	3	0.7620	0.7370	0.0250	0.9886	0.9893	-0.0007	0.9702	0.9709	-0.0007
3SE8	boltz	4	0.7660	0.7400	0.0260	0.9884	0.9893	-0.0009	0.9680	0.9724	-0.0044
3SGQ	af_relaxed	0	0.1990	0.2020	-0.0030	0.9985	0.9984	0.0001	1.0000	1.0000	0.0000
3SGQ	af_relaxed	1	0.2080	0.2210	-0.0130	0.9983	0.9981	0.0002	1.0000	1.0000	0.0000
3SGQ	af_relaxed	2	0.2220	0.2070	0.0150	0.9981	0.9983	-0.0002	1.0000	1.0000	0.0000
3SGQ	af_relaxed	3	0.2070	0.2110	-0.0040	0.9983	0.9983	0.0000	1.0000	1.0000	0.0000
3SGQ	af_relaxed	4	0.2160	0.2050	0.0110	0.9982	0.9984	-0.0002	1.0000	1.0000	0.0000
3SGQ	amber_af	0	0.2220	0.2000	0.0220	0.9981	0.9984	-0.0003	1.0000	1.0000	0.0000
3SGQ	amber_af	1	0.2150	0.2210	-0.0060	0.9982	0.9981	0.0001	1.0000	1.0000	0.0000
3SGQ	amber_af	2	0.2090	0.2070	0.0020	0.9983	0.9983	0.0000	1.0000	1.0000	0.0000
3SGQ	amber_af	3	0.1990	0.2100	-0.0110	0.9985	0.9983	0.0002	1.0000	1.0000	0.0000
3SGQ	amber_af	4	0.2070	0.2040	0.0030	0.9983	0.9984	-0.0001	1.0000	1.0000	0.0000
3SGQ	amber_boltz	0	0.2730	0.2720	0.0010	0.9971	0.9972	-0.0001	1.0000	1.0000	0.0000
3SGQ	amber_boltz	1	0.2800	0.2600	0.0200	0.9970	0.9974	-0.0004	1.0000	1.0000	0.0000
3SGQ	amber_boltz	2	0.2590	0.2600	-0.0010	0.9974	0.9974	0.0000	1.0000	1.0000	0.0000
3SGQ	amber_boltz	3	0.2620	0.2740	-0.0120	0.9974	0.9971	0.0003	1.0000	1.0000	0.0000
3SGQ	amber_boltz	4	0.2390	0.2770	-0.0380	0.9978	0.9970	0.0008	1.0000	1.0000	0.0000
3SGQ	boltz	0	0.2600	0.2650	-0.0050	0.9974	0.9973	0.0001	1.0000	1.0000	0.0000
3SGQ	boltz	1	0.2700	0.2500	0.0200	0.9972	0.9976	-0.0004	1.0000	1.0000	0.0000
3SGQ	boltz	2	0.2510	0.2540	-0.0030	0.9976	0.9975	0.0001	1.0000	1.0000	0.0000
3SGQ	boltz	3	0.2540	0.2630	-0.0090	0.9975	0.9973	0.0002	1.0000	1.0000	0.0000
3SGQ	boltz	4	0.2300	0.2670	-0.0370	0.9980	0.9973	0.0007	1.0000	1.0000	0.0000
3SZK	af_relaxed	0	0.8650	0.8640	0.0010	0.9771	0.9774	-0.0003	0.9821	0.9821	0.0000
3SZK	af_relaxed	1	0.8690	0.8700	-0.0010	0.9765	0.9769	-0.0004	0.9786	0.9786	0.0000
3SZK	af_relaxed	2	0.9110	0.8740	0.0370	0.9730	0.9764	-0.0034	0.9750	0.9804	-0.0054
3SZK	af_relaxed	3	0.8710	0.8720	-0.0010	0.9768	0.9767	0.0001	0.9786	0.9786	0.0000
3SZK	af_relaxed	4	0.8850	0.9080	-0.0230	0.9756	0.9726	0.0030	0.9786	0.9714	0.0072
3SZK	amber_af	0	0.8710	0.8640	0.0070	0.9768	0.9774	-0.0006	0.9786	0.9821	-0.0035
3SZK	amber_af	1	0.9110	0.8680	0.0430	0.9730	0.9771	-0.0041	0.9750	0.9804	-0.0054
3SZK	amber_af	2	0.8650	0.8730	-0.0080	0.9771	0.9764	0.0007	0.9821	0.9786	0.0035
3SZK	amber_af	3	0.8720	0.8720	0.0000	0.9763	0.9767	-0.0004	0.9750	0.9786	-0.0036
3SZK	amber_af	4	0.8880	0.9090	-0.0210	0.9752	0.9725	0.0027	0.9786	0.9696	0.0090
3SZK	amber_boltz	0	0.9270	0.9870	-0.0600	0.9736	0.9699	0.0037	0.9714	0.9732	-0.0018
3SZK	amber_boltz	1	0.8610	0.8870	-0.0260	0.9785	0.9771	0.0014	0.9821	0.9821	0.0000
3SZK	amber_boltz	2	0.9750	0.9310	0.0440	0.9697	0.9729	-0.0032	0.9661	0.9732	-0.0071
3SZK	amber_boltz	3	0.8990	0.8400	0.0590	0.9756	0.9778	-0.0022	0.9750	0.9804	-0.0054
3SZK	amber_boltz	4	0.8460	1.0130	-0.1670	0.9762	0.9667	0.0095	0.9768	0.9607	0.0161
3SZK	boltz	0	0.9190	0.9790	-0.0600	0.9740	0.9704	0.0036	0.9732	0.9732	0.0000
3SZK	boltz	1	0.8470	0.8800	-0.0330	0.9793	0.9775	0.0018	0.9839	0.9821	0.0018
3SZK	boltz	2	0.9620	0.9190	0.0430	0.9701	0.9734	-0.0033	0.9661	0.9732	-0.0071
3SZK	boltz	3	0.8850	0.8370	0.0480	0.9763	0.9782	-0.0019	0.9750	0.9821	-0.0071
3SZK	boltz	4	0.8330	0.9950	-0.1620	0.9769	0.9678	0.0091	0.9786	0.9625	0.0161
3U7Y	af_relaxed	0	0.8970	0.9040	-0.0070	0.9854	0.9853	0.0001	0.9610	0.9610	0.0000
3U7Y	af_relaxed	1	0.9010	0.9070	-0.0060	0.9854	0.9852	0.0002	0.9618	0.9618	0.0000
3U7Y	af_relaxed	2	0.9040	0.9090	-0.0050	0.9853	0.9849	0.0004	0.9625	0.9603	0.0022
3U7Y	af_relaxed	3	0.9020	0.8990	0.0030	0.9853	0.9854	-0.0001	0.9603	0.9618	-0.0015
3U7Y	af_relaxed	4	0.9040	0.9090	-0.0050	0.9853	0.9852	0.0001	0.9618	0.9603	0.0015
3U7Y	amber_af	0	0.9040	0.9060	-0.0020	0.9853	0.9852	0.0001	0.9618	0.9610	0.0008
3U7Y	amber_af	1	0.9040	0.9080	-0.0040	0.9853	0.9852	0.0001	0.9618	0.9618	0.0000
3U7Y	amber_af	2	0.9000	0.9090	-0.0090	0.9854	0.9849	0.0005	0.9625	0.9603	0.0022
3U7Y	amber_af	3	0.8970	0.8990	-0.0020	0.9853	0.9854	-0.0001	0.9618	0.9618	0.0000
3U7Y	amber_af	4	0.9020	0.9090	-0.0070	0.9853	0.9852	0.0001	0.9610	0.9603	0.0007
3U7Y	amber_boltz	0	1.0130	1.0410	-0.0280	0.9835	0.9817	0.0018	0.9610	0.9551	0.0059
3U7Y	amber_boltz	1	0.9830	0.9990	-0.0160	0.9845	0.9839	0.0006	0.9654	0.9625	0.0029
3U7Y	amber_boltz	2	1.0150	1.0450	-0.0300	0.9842	0.9827	0.0015	0.9669	0.9618	0.0051
3U7Y	amber_boltz	3	0.9810	1.0740	-0.0930	0.9833	0.9817	0.0016	0.9625	0.9588	0.0037
3U7Y	amber_boltz	4	1.0540	1.0360	0.0180	0.9826	0.9830	-0.0004	0.9574	0.9603	-0.0029
3U7Y	boltz	0	1.0070	1.0340	-0.0270	0.9837	0.9819	0.0018	0.9610	0.9551	0.0059
3U7Y	boltz	1	0.9720	0.9900	-0.0180	0.9848	0.9842	0.0006	0.9654	0.9632	0.0022
3U7Y	boltz	2	1.0060	1.0340	-0.0280	0.9844	0.9831	0.0013	0.9669	0.9618	0.0051
3U7Y	boltz	3	0.9730	1.0650	-0.0920	0.9836	0.9820	0.0016	0.9625	0.9618	0.0007
3U7Y	boltz	4	1.0460	1.0240	0.0220	0.9829	0.9834	-0.0005	0.9581	0.9610	-0.0029
3V6Z	af_relaxed	0	1.0420	1.0860	-0.0440	0.9764	0.9751	0.0013	0.9706	0.9672	0.0034
3V6Z	af_relaxed	1	1.0150	1.0230	-0.0080	0.9745	0.9736	0.0009	0.9627	0.9615	0.0012
3V6Z	af_relaxed	2	1.2110	1.0880	0.1230	0.9691	0.9745	-0.0054	0.9536	0.9649	-0.0113
3V6Z	af_relaxed	3	1.0220	1.0270	-0.0050	0.9745	0.9740	0.0005	0.9638	0.9638	0.0000
3V6Z	af_relaxed	4	1.1460	1.0890	0.0570	0.9674	0.9709	-0.0035	0.9412	0.9548	-0.0136
3V6Z	amber_af	0	1.0100	1.0880	-0.0780	0.9748	0.9750	-0.0002	0.9627	0.9661	-0.0034
3V6Z	amber_af	1	1.0240	1.0240	0.0000	0.9744	0.9736	0.0008	0.9638	0.9615	0.0023
3V6Z	amber_af	2	1.0360	1.0880	-0.0520	0.9765	0.9745	0.0020	0.9695	0.9638	0.0057
3V6Z	amber_af	3	1.2110	1.0280	0.1830	0.9691	0.9739	-0.0048	0.9536	0.9627	-0.0091
3V6Z	amber_af	4	1.1500	1.0870	0.0630	0.9672	0.9710	-0.0038	0.9389	0.9536	-0.0147
3V6Z	amber_boltz	0	1.6380	1.7260	-0.0880	0.9495	0.9414	0.0081	0.9005	0.8733	0.0272
3V6Z	amber_boltz	1	1.5990	1.8010	-0.2020	0.9586	0.9310	0.0276	0.9344	0.8563	0.0781
3V6Z	amber_boltz	2	1.7240	2.1550	-0.4310	0.9393	0.8989	0.0404	0.8665	0.8122	0.0543
3V6Z	amber_boltz	3	1.8110	1.7430	0.0680	0.9406	0.9339	0.0067	0.8722	0.8575	0.0147
3V6Z	amber_boltz	4	1.6730	1.4320	0.2410	0.9426	0.9612	-0.0186	0.8790	0.9412	-0.0622
3V6Z	boltz	0	1.6330	1.7160	-0.0830	0.9496	0.9418	0.0078	0.9027	0.8756	0.0271
3V6Z	boltz	1	1.6030	1.7900	-0.1870	0.9589	0.9317	0.0272	0.9367	0.8575	0.0792
3V6Z	boltz	2	1.7130	2.1400	-0.4270	0.9397	0.8996	0.0401	0.8665	0.8156	0.0509
3V6Z	boltz	3	1.7940	1.7380	0.0560	0.9412	0.9344	0.0068	0.8744	0.8575	0.0169
3V6Z	boltz	4	1.6640	1.4310	0.2330	0.9431	0.9613	-0.0182	0.8812	0.9423	-0.0611
3VLB	af_relaxed	0	1.5070	1.5220	-0.0150	0.9821	0.9820	0.0001	0.9678	0.9672	0.0006
3VLB	af_relaxed	1	1.4500	1.4460	0.0040	0.9830	0.9831	-0.0001	0.9697	0.9691	0.0006
3VLB	af_relaxed	2	1.4870	1.4930	-0.0060	0.9824	0.9825	-0.0001	0.9691	0.9684	0.0007
3VLB	af_relaxed	3	1.4440	1.4440	0.0000	0.9826	0.9824	0.0002	0.9697	0.9678	0.0019
3VLB	af_relaxed	4	1.4650	1.4690	-0.0040	0.9827	0.9826	0.0001	0.9691	0.9703	-0.0012
3VLB	amber_af	0	1.4440	1.5220	-0.0780	0.9826	0.9820	0.0006	0.9697	0.9672	0.0025
3VLB	amber_af	1	1.4650	1.4460	0.0190	0.9827	0.9831	-0.0004	0.9691	0.9697	-0.0006
3VLB	amber_af	2	1.5080	1.4940	0.0140	0.9821	0.9825	-0.0004	0.9684	0.9684	0.0000
3VLB	amber_af	3	1.4870	1.4530	0.0340	0.9824	0.9822	0.0002	0.9691	0.9684	0.0007
3VLB	amber_af	4	1.4530	1.4690	-0.0160	0.9830	0.9826	0.0004	0.9697	0.9703	-0.0006
3VLB	amber_boltz	0	1.6240	1.4930	0.1310	0.9786	0.9800	-0.0014	0.9629	0.9660	-0.0031
3VLB	amber_boltz	1	1.6430	1.5440	0.0990	0.9783	0.9802	-0.0019	0.9635	0.9678	-0.0043
3VLB	amber_boltz	2	1.5250	1.4860	0.0390	0.9792	0.9801	-0.0009	0.9660	0.9641	0.0019
3VLB	amber_boltz	3	1.5760	1.7620	-0.1860	0.9778	0.9766	0.0012	0.9592	0.9585	0.0007
3VLB	amber_boltz	4	1.4070	1.5100	-0.1030	0.9810	0.9808	0.0002	0.9672	0.9666	0.0006
3VLB	boltz	0	1.6150	1.4770	0.1380	0.9787	0.9801	-0.0014	0.9629	0.9653	-0.0024
3VLB	boltz	1	1.6290	1.5430	0.0860	0.9784	0.9802	-0.0018	0.9623	0.9678	-0.0055
3VLB	boltz	2	1.5170	1.4700	0.0470	0.9794	0.9803	-0.0009	0.9653	0.9647	0.0006
3VLB	boltz	3	1.5640	1.7660	-0.2020	0.9780	0.9766	0.0014	0.9616	0.9567	0.0049
3VLB	boltz	4	1.3960	1.4890	-0.0930	0.9811	0.9809	0.0002	0.9684	0.9678	0.0006
3WD5	af_relaxed	0	0.9410	0.9380	0.0030	0.9665	0.9669	-0.0004	0.9572	0.9572	0.0000
3WD5	af_relaxed	1	0.9360	0.9850	-0.0490	0.9663	0.9649	0.0014	0.9539	0.9539	0.0000
3WD5	af_relaxed	2	0.9860	0.9460	0.0400	0.9647	0.9656	-0.0009	0.9539	0.9523	0.0016
3WD5	af_relaxed	3	1.0060	0.9950	0.0110	0.9611	0.9620	-0.0009	0.9408	0.9441	-0.0033
3WD5	af_relaxed	4	1.0100	1.0530	-0.0430	0.9617	0.9587	0.0030	0.9490	0.9391	0.0099
3WD5	amber_af	0	1.0070	0.9370	0.0700	0.9610	0.9669	-0.0059	0.9391	0.9572	-0.0181
3WD5	amber_af	1	0.9390	0.9880	-0.0490	0.9662	0.9647	0.0015	0.9539	0.9539	0.0000
3WD5	amber_af	2	0.9410	0.9470	-0.0060	0.9665	0.9655	0.0010	0.9556	0.9523	0.0033
3WD5	amber_af	3	1.0110	0.9940	0.0170	0.9616	0.9621	-0.0005	0.9490	0.9441	0.0049
3WD5	amber_af	4	0.9850	1.0560	-0.0710	0.9649	0.9601	0.0048	0.9539	0.9375	0.0164
3WD5	amber_boltz	0	1.8730	1.4610	0.4120	0.9353	0.9573	-0.0220	0.9276	0.9507	-0.0231
3WD5	amber_boltz	1	1.6650	1.8180	-0.1530	0.9554	0.9380	0.0174	0.9424	0.9276	0.0148
3WD5	amber_boltz	2	1.5630	1.7280	-0.1650	0.9455	0.9398	0.0057	0.9359	0.9391	-0.0032
3WD5	amber_boltz	3	1.3110	1.8130	-0.5020	0.9582	0.9428	0.0154	0.9457	0.9391	0.0066
3WD5	amber_boltz	4	1.4810	1.8220	-0.3410	0.9505	0.9435	0.0070	0.9441	0.9408	0.0033
3WD5	boltz	0	1.8500	1.4480	0.4020	0.9363	0.9581	-0.0218	0.9293	0.9507	-0.0214
3WD5	boltz	1	1.6480	1.7840	-0.1360	0.9574	0.9392	0.0182	0.9457	0.9293	0.0164
3WD5	boltz	2	1.5540	1.7200	-0.1660	0.9462	0.9405	0.0057	0.9375	0.9391	-0.0016
3WD5	boltz	3	1.2980	1.7970	-0.4990	0.9589	0.9431	0.0158	0.9474	0.9408	0.0066
3WD5	boltz	4	1.4650	1.8170	-0.3520	0.9513	0.9441	0.0072	0.9441	0.9408	0.0033
4CPA	af_relaxed	0	0.4240	0.4240	0.0000	0.9959	0.9960	-0.0001	0.9967	0.9967	0.0000
4CPA	af_relaxed	1	0.4270	0.4290	-0.0020	0.9959	0.9959	0.0000	0.9967	0.9967	0.0000
4CPA	af_relaxed	2	0.4300	0.4350	-0.0050	0.9959	0.9957	0.0002	0.9967	0.9959	0.0008
4CPA	af_relaxed	3	0.4350	0.4250	0.0100	0.9957	0.9958	-0.0001	0.9959	0.9967	-0.0008
4CPA	af_relaxed	4	0.4250	0.4340	-0.0090	0.9958	0.9958	0.0000	0.9951	0.9959	-0.0008
4CPA	amber_af	0	0.4240	0.4240	0.0000	0.9959	0.9960	-0.0001	0.9967	0.9967	0.0000
4CPA	amber_af	1	0.4250	0.4290	-0.0040	0.9958	0.9959	-0.0001	0.9951	0.9967	-0.0016
4CPA	amber_af	2	0.4280	0.4360	-0.0080	0.9959	0.9957	0.0002	0.9967	0.9959	0.0008
4CPA	amber_af	3	0.4350	0.4230	0.0120	0.9957	0.9959	-0.0002	0.9967	0.9967	0.0000
4CPA	amber_af	4	0.4300	0.4350	-0.0050	0.9959	0.9958	0.0001	0.9967	0.9959	0.0008
4CPA	amber_boltz	0	0.4600	0.4500	0.0100	0.9952	0.9954	-0.0002	0.9959	0.9959	0.0000
4CPA	amber_boltz	1	0.4770	0.4460	0.0310	0.9947	0.9955	-0.0008	0.9943	0.9959	-0.0016
4CPA	amber_boltz	2	0.4360	0.4450	-0.0090	0.9957	0.9955	0.0002	0.9959	0.9959	0.0000
4CPA	amber_boltz	3	0.4520	0.4530	-0.0010	0.9953	0.9954	-0.0001	0.9959	0.9959	0.0000
4CPA	amber_boltz	4	0.4600	0.4560	0.0040	0.9952	0.9952	0.0000	0.9951	0.9959	-0.0008
4CPA	boltz	0	0.4560	0.4470	0.0090	0.9953	0.9954	-0.0001	0.9959	0.9959	0.0000
4CPA	boltz	1	0.4750	0.4410	0.0340	0.9948	0.9956	-0.0008	0.9943	0.9959	-0.0016
4CPA	boltz	2	0.4340	0.4420	-0.0080	0.9957	0.9956	0.0001	0.9959	0.9959	0.0000
4CPA	boltz	3	0.4480	0.4490	-0.0010	0.9954	0.9955	-0.0001	0.9959	0.9951	0.0008
4CPA	boltz	4	0.4560	0.4520	0.0040	0.9953	0.9953	0.0000	0.9951	0.9951	0.0000
4DN4	af_relaxed	0	1.0670	1.1040	-0.0370	0.9684	0.9668	0.0016	0.9357	0.9334	0.0023
4DN4	af_relaxed	1	1.1110	1.2610	-0.1500	0.9661	0.9551	0.0110	0.9299	0.8843	0.0456
4DN4	af_relaxed	2	1.3480	1.1990	0.1490	0.9528	0.9597	-0.0069	0.8843	0.8960	-0.0117
4DN4	af_relaxed	3	1.2300	1.0340	0.1960	0.9601	0.9717	-0.0116	0.9054	0.9463	-0.0409
4DN4	af_relaxed	4	1.3370	1.3140	0.0230	0.9537	0.9556	-0.0019	0.8867	0.8925	-0.0058
4DN4	amber_af	0	1.1110	1.1040	0.0070	0.9661	0.9668	-0.0007	0.9299	0.9334	-0.0035
4DN4	amber_af	1	1.2320	1.2630	-0.0310	0.9600	0.9550	0.0050	0.9054	0.8855	0.0199
4DN4	amber_af	2	1.3480	1.1990	0.1490	0.9528	0.9597	-0.0069	0.8843	0.8972	-0.0129
4DN4	amber_af	3	1.0670	1.0330	0.0340	0.9684	0.9717	-0.0033	0.9357	0.9451	-0.0094
4DN4	amber_af	4	1.3370	1.3140	0.0230	0.9537	0.9556	-0.0019	0.8890	0.8914	-0.0024
4DN4	amber_boltz	0	1.2460	1.1840	0.0620	0.9644	0.9660	-0.0016	0.9299	0.9334	-0.0035
4DN4	amber_boltz	1	1.2870	1.0430	0.2440	0.9580	0.9710	-0.0130	0.9042	0.9428	-0.0386
4DN4	amber_boltz	2	1.0620	1.2630	-0.2010	0.9709	0.9540	0.0169	0.9451	0.8914	0.0537
4DN4	amber_boltz	3	1.1390	1.4050	-0.2660	0.9642	0.9444	0.0198	0.9147	0.8727	0.0420
4DN4	amber_boltz	4	1.0270	1.1830	-0.1560	0.9720	0.9611	0.0109	0.9486	0.9042	0.0444
4DN4	boltz	0	1.2450	1.1790	0.0660	0.9646	0.9662	-0.0016	0.9287	0.9334	-0.0047
4DN4	boltz	1	1.2830	1.0370	0.2460	0.9583	0.9712	-0.0129	0.9042	0.9404	-0.0362
4DN4	boltz	2	1.0580	1.2620	-0.2040	0.9711	0.9541	0.0170	0.9439	0.8914	0.0525
4DN4	boltz	3	1.1370	1.4020	-0.2650	0.9642	0.9446	0.0196	0.9136	0.8727	0.0409
4DN4	boltz	4	1.0200	1.1770	-0.1570	0.9724	0.9614	0.0110	0.9509	0.9007	0.0502
4DW2	af_relaxed	0	1.8450	1.8680	-0.0230	0.9244	0.9220	0.0024	0.8476	0.8440	0.0036
4DW2	af_relaxed	1	1.7210	1.7310	-0.0100	0.9380	0.9373	0.0007	0.8619	0.8595	0.0024
4DW2	af_relaxed	2	1.8870	1.7780	0.1090	0.9203	0.9289	-0.0086	0.8369	0.8560	-0.0191
4DW2	af_relaxed	3	1.7620	1.7310	0.0310	0.9283	0.9375	-0.0092	0.8524	0.8583	-0.0059
4DW2	af_relaxed	4	1.7570	1.8140	-0.0570	0.9349	0.9273	0.0076	0.8583	0.8500	0.0083
4DW2	amber_af	0	1.7630	1.8700	-0.1070	0.9288	0.9218	0.0070	0.8524	0.8440	0.0084
4DW2	amber_af	1	1.7450	1.7350	0.0100	0.9354	0.9373	-0.0019	0.8595	0.8583	0.0012
4DW2	amber_af	2	1.8440	1.7220	0.1220	0.9245	0.9289	-0.0044	0.8464	0.8524	-0.0060
4DW2	amber_af	3	1.8870	1.7450	0.1420	0.9202	0.9376	-0.0174	0.8369	0.8619	-0.0250
4DW2	amber_af	4	1.7200	1.8150	-0.0950	0.9381	0.9271	0.0110	0.8619	0.8488	0.0131
4DW2	amber_boltz	0	1.6300	1.6770	-0.0470	0.9493	0.9429	0.0064	0.8810	0.8667	0.0143
4DW2	amber_boltz	1	1.8470	1.7890	0.0580	0.9287	0.9283	0.0004	0.8536	0.8440	0.0096
4DW2	amber_boltz	2	1.5860	1.6210	-0.0350	0.9504	0.9485	0.0019	0.8845	0.8786	0.0059
4DW2	amber_boltz	3	1.6600	1.6080	0.0520	0.9417	0.9492	-0.0075	0.8702	0.8821	-0.0119
4DW2	amber_boltz	4	1.5890	1.6110	-0.0220	0.9483	0.9476	0.0007	0.8750	0.8821	-0.0071
4DW2	boltz	0	1.6240	1.6680	-0.0440	0.9497	0.9433	0.0064	0.8845	0.8690	0.0155
4DW2	boltz	1	1.8380	1.7820	0.0560	0.9290	0.9287	0.0003	0.8536	0.8464	0.0072
4DW2	boltz	2	1.5860	1.6090	-0.0230	0.9507	0.9490	0.0017	0.8845	0.8821	0.0024
4DW2	boltz	3	1.6550	1.5980	0.0570	0.9420	0.9499	-0.0079	0.8714	0.8821	-0.0107
4DW2	boltz	4	1.5750	1.6050	-0.0300	0.9488	0.9481	0.0007	0.8738	0.8833	-0.0095
4ETQ	af_relaxed	0	0.9870	1.0090	-0.0220	0.9785	0.9786	-0.0001	0.9700	0.9744	-0.0044
4ETQ	af_relaxed	1	0.8090	0.7880	0.0210	0.9823	0.9829	-0.0006	0.9744	0.9756	-0.0012
4ETQ	af_relaxed	2	1.0010	0.7930	0.2080	0.9786	0.9829	-0.0043	0.9711	0.9767	-0.0056
4ETQ	af_relaxed	3	0.8100	1.0380	-0.2280	0.9825	0.9772	0.0053	0.9756	0.9644	0.0112
4ETQ	af_relaxed	4	0.8200	0.8210	-0.0010	0.9816	0.9828	-0.0012	0.9744	0.9778	-0.0034
4ETQ	amber_af	0	0.8090	1.0090	-0.2000	0.9824	0.9786	0.0038	0.9756	0.9733	0.0023
4ETQ	amber_af	1	0.8110	0.7880	0.0230	0.9825	0.9829	-0.0004	0.9778	0.9756	0.0022
4ETQ	amber_af	2	0.9880	0.7920	0.1960	0.9785	0.9830	-0.0045	0.9700	0.9767	-0.0067
4ETQ	amber_af	3	0.8210	1.0410	-0.2200	0.9816	0.9771	0.0045	0.9744	0.9633	0.0111
4ETQ	amber_af	4	1.0000	0.8220	0.1780	0.9787	0.9828	-0.0041	0.9711	0.9767	-0.0056
4ETQ	amber_boltz	0	0.9600	0.9510	0.0090	0.9801	0.9804	-0.0003	0.9678	0.9722	-0.0044
4ETQ	amber_boltz	1	0.9210	0.9520	-0.0310	0.9806	0.9810	-0.0004	0.9667	0.9722	-0.0055
4ETQ	amber_boltz	2	0.8920	0.9450	-0.0530	0.9825	0.9807	0.0018	0.9756	0.9700	0.0056
4ETQ	amber_boltz	3	0.9350	0.9140	0.0210	0.9812	0.9814	-0.0002	0.9689	0.9756	-0.0067
4ETQ	amber_boltz	4	0.9540	0.9090	0.0450	0.9803	0.9815	-0.0012	0.9700	0.9700	0.0000
4ETQ	boltz	0	0.9610	0.9450	0.0160	0.9799	0.9806	-0.0007	0.9678	0.9733	-0.0055
4ETQ	boltz	1	0.9250	0.9560	-0.0310	0.9804	0.9809	-0.0005	0.9678	0.9711	-0.0033
4ETQ	boltz	2	0.8940	0.9450	-0.0510	0.9824	0.9807	0.0017	0.9756	0.9700	0.0056
4ETQ	boltz	3	0.9350	0.9130	0.0220	0.9811	0.9814	-0.0003	0.9667	0.9744	-0.0077
4ETQ	boltz	4	0.9530	0.9070	0.0460	0.9802	0.9816	-0.0014	0.9678	0.9722	-0.0044
4FP8	af_relaxed	0	0.5470	0.5290	0.0180	0.9920	0.9925	-0.0005	0.9888	0.9897	-0.0009
4FP8	af_relaxed	1	0.5430	0.5110	0.0320	0.9921	0.9930	-0.0009	0.9897	0.9888	0.0009
4FP8	af_relaxed	2	0.5570	0.5890	-0.0320	0.9917	0.9908	0.0009	0.9878	0.9831	0.0047
4FP8	af_relaxed	3	0.5670	0.5210	0.0460	0.9914	0.9927	-0.0013	0.9869	0.9878	-0.0009
4FP8	af_relaxed	4	0.5210	0.5580	-0.0370	0.9927	0.9916	0.0011	0.9916	0.9850	0.0066
4FP8	amber_af	0	0.5660	0.5290	0.0370	0.9914	0.9925	-0.0011	0.9869	0.9897	-0.0028
4FP8	amber_af	1	0.5450	0.5110	0.0340	0.9920	0.9930	-0.0010	0.9888	0.9888	0.0000
4FP8	amber_af	2	0.5570	0.5390	0.0180	0.9917	0.9922	-0.0005	0.9888	0.9888	0.0000
4FP8	amber_af	3	0.5570	0.5080	0.0490	0.9917	0.9931	-0.0014	0.9888	0.9888	0.0000
4FP8	amber_af	4	0.5200	0.5470	-0.0270	0.9927	0.9920	0.0007	0.9916	0.9860	0.0056
4FP8	amber_boltz	0	0.8920	0.8420	0.0500	0.9818	0.9834	-0.0016	0.9672	0.9728	-0.0056
4FP8	amber_boltz	1	0.9210	0.8460	0.0750	0.9809	0.9833	-0.0024	0.9654	0.9747	-0.0093
4FP8	amber_boltz	2	0.9020	0.8790	0.0230	0.9816	0.9822	-0.0006	0.9644	0.9672	-0.0028
4FP8	amber_boltz	3	0.8460	0.7910	0.0550	0.9830	0.9854	-0.0024	0.9663	0.9757	-0.0094
4FP8	amber_boltz	4	0.8880	0.8760	0.0120	0.9815	0.9818	-0.0003	0.9635	0.9700	-0.0065
4FP8	boltz	0	0.8880	0.8390	0.0490	0.9819	0.9835	-0.0016	0.9672	0.9738	-0.0066
4FP8	boltz	1	0.9120	0.8430	0.0690	0.9812	0.9833	-0.0021	0.9663	0.9728	-0.0065
4FP8	boltz	2	0.8930	0.8710	0.0220	0.9819	0.9825	-0.0006	0.9654	0.9691	-0.0037
4FP8	boltz	3	0.8400	0.7800	0.0600	0.9831	0.9859	-0.0028	0.9663	0.9775	-0.0112
4FP8	boltz	4	0.8800	0.8760	0.0040	0.9819	0.9819	0.0000	0.9635	0.9691	-0.0056
4FQI	af_relaxed	0	0.9810	1.0810	-0.1000	0.9814	0.9786	0.0028	0.9591	0.9522	0.0069
4FQI	af_relaxed	1	1.0270	1.0050	0.0220	0.9797	0.9805	-0.0008	0.9552	0.9576	-0.0024
4FQI	af_relaxed	2	0.9680	1.1400	-0.1720	0.9807	0.9747	0.0060	0.9491	0.9390	0.0101
4FQI	af_relaxed	3	1.2240	1.1220	0.1020	0.9725	0.9746	-0.0021	0.9398	0.9390	0.0008
4FQI	af_relaxed	4	1.3230	1.2670	0.0560	0.9687	0.9702	-0.0015	0.9375	0.9336	0.0039
4FQI	amber_af	0	0.9810	1.0810	-0.1000	0.9814	0.9786	0.0028	0.9599	0.9522	0.0077
4FQI	amber_af	1	0.9680	1.0130	-0.0450	0.9807	0.9802	0.0005	0.9491	0.9576	-0.0085
4FQI	amber_af	2	1.0280	1.1390	-0.1110	0.9796	0.9747	0.0049	0.9545	0.9390	0.0155
4FQI	amber_af	3	1.2250	1.1200	0.1050	0.9725	0.9747	-0.0022	0.9398	0.9398	0.0000
4FQI	amber_af	4	1.3230	1.2670	0.0560	0.9687	0.9702	-0.0015	0.9383	0.9329	0.0054
4FQI	amber_boltz	0	1.2000	1.1620	0.0380	0.9705	0.9724	-0.0019	0.9128	0.9290	-0.0162
4FQI	amber_boltz	1	1.3980	1.7380	-0.3400	0.9666	0.9494	0.0172	0.9290	0.9005	0.0285
4FQI	amber_boltz	2	1.5240	1.4470	0.0770	0.9620	0.9612	0.0008	0.9190	0.9167	0.0023
4FQI	amber_boltz	3	1.9580	1.5810	0.3770	0.9488	0.9597	-0.0109	0.9090	0.9244	-0.0154
4FQI	amber_boltz	4	2.0350	1.6910	0.3440	0.9521	0.9547	-0.0026	0.9182	0.9028	0.0154
4FQI	boltz	0	1.2030	1.1570	0.0460	0.9704	0.9726	-0.0022	0.9128	0.9298	-0.0170
4FQI	boltz	1	1.4020	1.7390	-0.3370	0.9666	0.9494	0.0172	0.9290	0.8997	0.0293
4FQI	boltz	2	1.5250	1.4430	0.0820	0.9622	0.9614	0.0008	0.9198	0.9159	0.0039
4FQI	boltz	3	1.9580	1.5850	0.3730	0.9490	0.9598	-0.0108	0.9113	0.9228	-0.0115
4FQI	boltz	4	2.0350	1.6870	0.3480	0.9524	0.9549	-0.0025	0.9174	0.9043	0.0131
4FZA	af_relaxed	0	1.1360	1.1330	0.0030	0.9738	0.9739	-0.0001	0.9151	0.9167	-0.0016
4FZA	af_relaxed	1	1.1140	1.1240	-0.0100	0.9748	0.9744	0.0004	0.9174	0.9167	0.0007
4FZA	af_relaxed	2	1.1230	1.1100	0.0130	0.9744	0.9750	-0.0006	0.9167	0.9213	-0.0046
4FZA	af_relaxed	3	1.1060	1.0960	0.0100	0.9751	0.9756	-0.0005	0.9228	0.9198	0.0030
4FZA	af_relaxed	4	1.1270	1.1230	0.0040	0.9743	0.9744	-0.0001	0.9174	0.9190	-0.0016
4FZA	amber_af	0	1.1140	1.1330	-0.0190	0.9748	0.9739	0.0009	0.9174	0.9151	0.0023
4FZA	amber_af	1	1.1270	1.1240	0.0030	0.9743	0.9744	-0.0001	0.9182	0.9174	0.0008
4FZA	amber_af	2	1.1230	1.1090	0.0140	0.9744	0.9750	-0.0006	0.9167	0.9213	-0.0046
4FZA	amber_af	3	1.1070	1.0950	0.0120	0.9751	0.9756	-0.0005	0.9228	0.9198	0.0030
4FZA	amber_af	4	1.1350	1.1240	0.0110	0.9738	0.9744	-0.0006	0.9151	0.9190	-0.0039
4FZA	amber_boltz	0	1.1900	1.2060	-0.0160	0.9714	0.9704	0.0010	0.9066	0.9005	0.0061
4FZA	amber_boltz	1	1.1050	1.1930	-0.0880	0.9755	0.9708	0.0047	0.9198	0.9020	0.0178
4FZA	amber_boltz	2	1.3170	1.1980	0.1190	0.9652	0.9711	-0.0059	0.8850	0.9074	-0.0224
4FZA	amber_boltz	3	1.2040	1.0810	0.1230	0.9706	0.9767	-0.0061	0.9051	0.9267	-0.0216
4FZA	amber_boltz	4	1.1220	1.2250	-0.1030	0.9744	0.9697	0.0047	0.9167	0.8958	0.0209
4FZA	boltz	0	1.1830	1.2020	-0.0190	0.9717	0.9706	0.0011	0.9082	0.8989	0.0093
4FZA	boltz	1	1.0990	1.1870	-0.0880	0.9757	0.9711	0.0046	0.9213	0.9035	0.0178
4FZA	boltz	2	1.3080	1.1900	0.1180	0.9656	0.9715	-0.0059	0.8881	0.9097	-0.0216
4FZA	boltz	3	1.1960	1.0720	0.1240	0.9709	0.9770	-0.0061	0.9043	0.9298	-0.0255
4FZA	boltz	4	1.1140	1.2190	-0.1050	0.9747	0.9700	0.0047	0.9182	0.8997	0.0185
4G6J	af_relaxed	0	0.6530	0.6820	-0.0290	0.9807	0.9790	0.0017	0.9814	0.9764	0.0050
4G6J	af_relaxed	1	0.7420	0.7580	-0.0160	0.9752	0.9743	0.0009	0.9696	0.9662	0.0034
4G6J	af_relaxed	2	0.7180	0.6680	0.0500	0.9770	0.9800	-0.0030	0.9713	0.9764	-0.0051
4G6J	af_relaxed	3	0.7150	0.7520	-0.0370	0.9777	0.9753	0.0024	0.9764	0.9696	0.0068
4G6J	af_relaxed	4	0.6920	0.6760	0.0160	0.9784	0.9792	-0.0008	0.9780	0.9797	-0.0017
4G6J	amber_af	0	0.7380	0.6710	0.0670	0.9754	0.9796	-0.0042	0.9696	0.9764	-0.0068
4G6J	amber_af	1	0.6960	0.7590	-0.0630	0.9782	0.9743	0.0039	0.9764	0.9662	0.0102
4G6J	amber_af	2	0.6530	0.6740	-0.0210	0.9807	0.9796	0.0011	0.9814	0.9764	0.0050
4G6J	amber_af	3	0.7180	0.7500	-0.0320	0.9769	0.9754	0.0015	0.9713	0.9696	0.0017
4G6J	amber_af	4	0.7130	0.6780	0.0350	0.9778	0.9792	-0.0014	0.9764	0.9797	-0.0033
4G6J	amber_boltz	0	0.6660	0.5790	0.0870	0.9802	0.9847	-0.0045	0.9797	0.9865	-0.0068
4G6J	amber_boltz	1	0.6710	0.6620	0.0090	0.9798	0.9803	-0.0005	0.9747	0.9797	-0.0050
4G6J	amber_boltz	2	0.6630	0.6660	-0.0030	0.9803	0.9799	0.0004	0.9764	0.9730	0.0034
4G6J	amber_boltz	3	0.6320	0.6360	-0.0040	0.9819	0.9819	0.0000	0.9814	0.9797	0.0017
4G6J	amber_boltz	4	0.6780	0.6430	0.0350	0.9795	0.9814	-0.0019	0.9730	0.9764	-0.0034
4G6J	boltz	0	0.6540	0.5640	0.0900	0.9810	0.9855	-0.0045	0.9780	0.9899	-0.0119
4G6J	boltz	1	0.6630	0.6480	0.0150	0.9804	0.9812	-0.0008	0.9747	0.9814	-0.0067
4G6J	boltz	2	0.6300	0.6510	-0.0210	0.9821	0.9808	0.0013	0.9797	0.9764	0.0033
4G6J	boltz	3	0.6160	0.6200	-0.0040	0.9827	0.9827	0.0000	0.9865	0.9831	0.0034
4G6J	boltz	4	0.6540	0.6310	0.0230	0.9809	0.9821	-0.0012	0.9764	0.9797	-0.0033
4G6M	af_relaxed	0	1.1590	1.1480	0.0110	0.9647	0.9567	0.0080	0.9661	0.9500	0.0161
4G6M	af_relaxed	1	1.1250	1.1130	0.0120	0.9546	0.9593	-0.0047	0.9464	0.9518	-0.0054
4G6M	af_relaxed	2	1.1170	1.0850	0.0320	0.9566	0.9572	-0.0006	0.9446	0.9429	0.0017
4G6M	af_relaxed	3	1.1670	1.1670	0.0000	0.9625	0.9626	-0.0001	0.9607	0.9607	0.0000
4G6M	af_relaxed	4	1.0280	1.0330	-0.0050	0.9644	0.9657	-0.0013	0.9643	0.9661	-0.0018
4G6M	amber_af	0	1.1350	1.1490	-0.0140	0.9540	0.9565	-0.0025	0.9429	0.9500	-0.0071
4G6M	amber_af	1	1.0450	1.1060	-0.0610	0.9640	0.9604	0.0036	0.9589	0.9518	0.0071
4G6M	amber_af	2	1.1580	1.0690	0.0890	0.9647	0.9579	0.0068	0.9661	0.9429	0.0232
4G6M	amber_af	3	1.1220	1.1630	-0.0410	0.9575	0.9627	-0.0052	0.9482	0.9607	-0.0125
4G6M	amber_af	4	1.1660	1.0410	0.1250	0.9625	0.9643	-0.0018	0.9607	0.9607	0.0000
4G6M	amber_boltz	0	1.4020	1.2040	0.1980	0.9494	0.9632	-0.0138	0.9411	0.9589	-0.0178
4G6M	amber_boltz	1	1.2470	1.1480	0.0990	0.9621	0.9636	-0.0015	0.9589	0.9589	0.0000
4G6M	amber_boltz	2	1.2250	1.2090	0.0160	0.9610	0.9610	0.0000	0.9589	0.9571	0.0018
4G6M	amber_boltz	3	1.1670	1.2180	-0.0510	0.9638	0.9633	0.0005	0.9589	0.9625	-0.0036
4G6M	amber_boltz	4	1.1330	1.1350	-0.0020	0.9660	0.9647	0.0013	0.9607	0.9589	0.0018
4G6M	boltz	0	1.3810	1.2000	0.1810	0.9506	0.9638	-0.0132	0.9446	0.9589	-0.0143
4G6M	boltz	1	1.2350	1.1500	0.0850	0.9625	0.9641	-0.0016	0.9625	0.9589	0.0036
4G6M	boltz	2	1.2170	1.2030	0.0140	0.9614	0.9614	0.0000	0.9607	0.9571	0.0036
4G6M	boltz	3	1.1560	1.2150	-0.0590	0.9643	0.9636	0.0007	0.9607	0.9643	-0.0036
4G6M	boltz	4	1.1310	1.1280	0.0030	0.9663	0.9652	0.0011	0.9607	0.9607	0.0000
4GAM	af_relaxed	0	1.0840	1.0780	0.0060	0.9861	0.9860	0.0001	0.9472	0.9452	0.0020
4GAM	af_relaxed	1	1.0900	1.0760	0.0140	0.9858	0.9861	-0.0003	0.9447	0.9467	-0.0020
4GAM	af_relaxed	2	1.1220	1.1230	-0.0010	0.9852	0.9851	0.0001	0.9442	0.9432	0.0010
4GAM	af_relaxed	3	1.1270	1.1220	0.0050	0.9850	0.9852	-0.0002	0.9432	0.9437	-0.0005
4GAM	af_relaxed	4	1.0750	1.0740	0.0010	0.9864	0.9865	-0.0001	0.9535	0.9530	0.0005
4GAM	amber_af	0	1.0850	1.0780	0.0070	0.9861	0.9860	0.0001	0.9467	0.9452	0.0015
4GAM	amber_af	1	1.0750	1.0760	-0.0010	0.9864	0.9861	0.0003	0.9525	0.9467	0.0058
4GAM	amber_af	2	1.1270	1.1240	0.0030	0.9851	0.9851	0.0000	0.9437	0.9432	0.0005
4GAM	amber_af	3	1.0890	1.1230	-0.0340	0.9859	0.9852	0.0007	0.9457	0.9432	0.0025
4GAM	amber_af	4	1.1220	1.0810	0.0410	0.9852	0.9864	-0.0012	0.9437	0.9535	-0.0098
4GAM	amber_boltz	0	1.0510	1.1200	-0.0690	0.9875	0.9863	0.0012	0.9609	0.9550	0.0059
4GAM	amber_boltz	1	1.0710	1.0580	0.0130	0.9867	0.9871	-0.0004	0.9560	0.9594	-0.0034
4GAM	amber_boltz	2	1.0860	1.0100	0.0760	0.9867	0.9880	-0.0013	0.9555	0.9618	-0.0063
4GAM	amber_boltz	3	1.0740	1.0540	0.0200	0.9865	0.9871	-0.0006	0.9574	0.9574	0.0000
4GAM	amber_boltz	4	1.0540	1.0450	0.0090	0.9870	0.9871	-0.0001	0.9569	0.9594	-0.0025
4GAM	boltz	0	1.0450	1.1120	-0.0670	0.9876	0.9864	0.0012	0.9623	0.9565	0.0058
4GAM	boltz	1	1.0640	1.0550	0.0090	0.9868	0.9872	-0.0004	0.9569	0.9589	-0.0020
4GAM	boltz	2	1.0820	1.0030	0.0790	0.9868	0.9881	-0.0013	0.9565	0.9633	-0.0068
4GAM	boltz	3	1.0630	1.0460	0.0170	0.9867	0.9872	-0.0005	0.9574	0.9574	0.0000
4GAM	boltz	4	1.0500	1.0360	0.0140	0.9871	0.9872	-0.0001	0.9574	0.9614	-0.0040
4GXU	af_relaxed	0	0.8520	0.8660	-0.0140	0.9844	0.9840	0.0004	0.9515	0.9508	0.0007
4GXU	af_relaxed	1	0.8430	0.8600	-0.0170	0.9844	0.9836	0.0008	0.9508	0.9485	0.0023
4GXU	af_relaxed	2	0.8940	0.8360	0.0580	0.9824	0.9848	-0.0024	0.9408	0.9515	-0.0107
4GXU	af_relaxed	3	0.8060	0.8790	-0.0730	0.9857	0.9830	0.0027	0.9531	0.9408	0.0123
4GXU	af_relaxed	4	1.2680	1.4050	-0.1370	0.9696	0.9643	0.0053	0.9238	0.9177	0.0061
4GXU	amber_af	0	0.8950	0.8660	0.0290	0.9823	0.9840	-0.0017	0.9400	0.9508	-0.0108
4GXU	amber_af	1	1.2680	0.8670	0.4010	0.9696	0.9834	-0.0138	0.9238	0.9485	-0.0247
4GXU	amber_af	2	0.8290	0.8390	-0.0100	0.9849	0.9847	0.0002	0.9508	0.9500	0.0008
4GXU	amber_af	3	0.8520	0.8710	-0.0190	0.9844	0.9833	0.0011	0.9515	0.9408	0.0107
4GXU	amber_af	4	0.8450	1.4050	-0.5600	0.9843	0.9643	0.0200	0.9485	0.9177	0.0308
4GXU	amber_boltz	0	2.0660	2.0220	0.0440	0.9282	0.9260	0.0022	0.8869	0.8823	0.0046
4GXU	amber_boltz	1	2.4940	2.1700	0.3240	0.9002	0.9234	-0.0232	0.8585	0.8908	-0.0323
4GXU	amber_boltz	2	2.8640	2.4580	0.4060	0.8901	0.9058	-0.0157	0.8615	0.8600	0.0015
4GXU	amber_boltz	3	2.9740	2.4220	0.5520	0.8855	0.9022	-0.0167	0.8454	0.8531	-0.0077
4GXU	amber_boltz	4	3.0800	2.9570	0.1230	0.8805	0.8847	-0.0042	0.8500	0.8562	-0.0062
4GXU	boltz	0	2.0610	2.0190	0.0420	0.9284	0.9260	0.0024	0.8885	0.8800	0.0085
4GXU	boltz	1	2.4910	2.1660	0.3250	0.9004	0.9234	-0.0230	0.8569	0.8915	-0.0346
4GXU	boltz	2	2.8590	2.4550	0.4040	0.8902	0.9058	-0.0156	0.8631	0.8592	0.0039
4GXU	boltz	3	2.9710	2.4170	0.5540	0.8856	0.9022	-0.0166	0.8462	0.8531	-0.0069
4GXU	boltz	4	3.0740	2.9550	0.1190	0.8807	0.8847	-0.0040	0.8508	0.8569	-0.0061
4H03	af_relaxed	0	0.3670	0.3850	-0.0180	0.9975	0.9973	0.0002	0.9964	0.9958	0.0006
4H03	af_relaxed	1	0.3530	0.3750	-0.0220	0.9977	0.9974	0.0003	0.9964	0.9964	0.0000
4H03	af_relaxed	2	0.3670	1.0150	-0.6480	0.9976	0.9912	0.0064	0.9964	0.9837	0.0127
4H03	af_relaxed	3	0.3730	0.4750	-0.1020	0.9974	0.9959	0.0015	0.9970	0.9879	0.0091
4H03	af_relaxed	4	0.3990	0.4990	-0.1000	0.9971	0.9955	0.0016	0.9946	0.9885	0.0061
4H03	amber_af	0	0.4000	0.3860	0.0140	0.9971	0.9973	-0.0002	0.9946	0.9958	-0.0012
4H03	amber_af	1	0.3740	0.3740	0.0000	0.9974	0.9974	0.0000	0.9970	0.9970	0.0000
4H03	amber_af	2	0.3680	1.0140	-0.6460	0.9975	0.9912	0.0063	0.9964	0.9837	0.0127
4H03	amber_af	3	0.3530	0.4800	-0.1270	0.9977	0.9958	0.0019	0.9964	0.9879	0.0085
4H03	amber_af	4	0.3680	0.5130	-0.1450	0.9975	0.9953	0.0022	0.9964	0.9879	0.0085
4H03	amber_boltz	0	2.8930	2.9700	-0.0770	0.9531	0.9463	0.0068	0.8357	0.8261	0.0096
4H03	amber_boltz	1	2.9290	2.7180	0.2110	0.9630	0.9572	0.0058	0.8810	0.8472	0.0338
4H03	amber_boltz	2	3.0050	3.0030	0.0020	0.9442	0.9501	-0.0059	0.8188	0.8351	-0.0163
4H03	amber_boltz	3	2.9590	2.8730	0.0860	0.9527	0.9532	-0.0005	0.8279	0.8436	-0.0157
4H03	amber_boltz	4	3.0690	2.9600	0.1090	0.9573	0.9478	0.0095	0.8545	0.8267	0.0278
4H03	boltz	0	2.8890	2.9660	-0.0770	0.9532	0.9465	0.0067	0.8351	0.8273	0.0078
4H03	boltz	1	2.9260	2.7140	0.2120	0.9631	0.9573	0.0058	0.8798	0.8460	0.0338
4H03	boltz	2	3.0060	3.0010	0.0050	0.9443	0.9502	-0.0059	0.8194	0.8364	-0.0170
4H03	boltz	3	2.9560	2.8690	0.0870	0.9528	0.9534	-0.0006	0.8303	0.8454	-0.0151
4H03	boltz	4	3.0680	2.9560	0.1120	0.9573	0.9480	0.0093	0.8539	0.8261	0.0278
4HX3	af_relaxed	0	0.9040	0.9290	-0.0250	0.9816	0.9808	0.0008	0.9888	0.9888	0.0000
4HX3	af_relaxed	1	0.9130	0.9270	-0.0140	0.9807	0.9795	0.0012	0.9888	0.9851	0.0037
4HX3	af_relaxed	2	0.9120	0.9070	0.0050	0.9817	0.9811	0.0006	0.9888	0.9888	0.0000
4HX3	af_relaxed	3	0.9480	0.9080	0.0400	0.9793	0.9824	-0.0031	0.9851	0.9888	-0.0037
4HX3	af_relaxed	4	0.9210	0.9480	-0.0270	0.9811	0.9794	0.0017	0.9869	0.9869	0.0000
4HX3	amber_af	0	0.9140	0.9300	-0.0160	0.9807	0.9808	-0.0001	0.9888	0.9888	0.0000
4HX3	amber_af	1	0.9240	0.9250	-0.0010	0.9803	0.9796	0.0007	0.9888	0.9851	0.0037
4HX3	amber_af	2	0.9110	0.9060	0.0050	0.9817	0.9811	0.0006	0.9869	0.9888	-0.0019
4HX3	amber_af	3	0.9310	0.9100	0.0210	0.9807	0.9822	-0.0015	0.9888	0.9888	0.0000
4HX3	amber_af	4	0.9210	0.9430	-0.0220	0.9810	0.9800	0.0010	0.9869	0.9869	0.0000
4HX3	amber_boltz	0	0.6860	0.9510	-0.2650	0.9846	0.9831	0.0015	0.9907	0.9888	0.0019
4HX3	amber_boltz	1	0.8400	0.8870	-0.0470	0.9820	0.9830	-0.0010	0.9869	0.9888	-0.0019
4HX3	amber_boltz	2	0.9260	0.8590	0.0670	0.9823	0.9823	0.0000	0.9869	0.9888	-0.0019
4HX3	amber_boltz	3	0.9290	0.9350	-0.0060	0.9825	0.9834	-0.0009	0.9851	0.9888	-0.0037
4HX3	amber_boltz	4	0.8870	0.8780	0.0090	0.9833	0.9837	-0.0004	0.9888	0.9888	0.0000
4HX3	boltz	0	0.6890	0.9410	-0.2520	0.9845	0.9834	0.0011	0.9907	0.9888	0.0019
4HX3	boltz	1	0.8380	0.8760	-0.0380	0.9820	0.9830	-0.0010	0.9869	0.9888	-0.0019
4HX3	boltz	2	0.9220	0.8490	0.0730	0.9820	0.9825	-0.0005	0.9888	0.9888	0.0000
4HX3	boltz	3	0.9200	0.9250	-0.0050	0.9822	0.9834	-0.0012	0.9851	0.9888	-0.0037
4HX3	boltz	4	0.8810	0.8720	0.0090	0.9832	0.9836	-0.0004	0.9888	0.9888	0.0000
4IZ7	af_relaxed	0	1.1190	1.1320	-0.0130	0.9774	0.9768	0.0006	0.9331	0.9331	0.0000
4IZ7	af_relaxed	1	1.1020	1.1280	-0.0260	0.9782	0.9771	0.0011	0.9360	0.9317	0.0043
4IZ7	af_relaxed	2	1.1160	1.1210	-0.0050	0.9774	0.9773	0.0001	0.9302	0.9310	-0.0008
4IZ7	af_relaxed	3	1.1590	1.1570	0.0020	0.9759	0.9759	0.0000	0.9302	0.9288	0.0014
4IZ7	af_relaxed	4	1.1580	1.1570	0.0010	0.9759	0.9759	0.0000	0.9266	0.9295	-0.0029
4IZ7	amber_af	0	1.1570	1.1330	0.0240	0.9760	0.9768	-0.0008	0.9310	0.9331	-0.0021
4IZ7	amber_af	1	1.1600	1.1270	0.0330	0.9758	0.9771	-0.0013	0.9281	0.9317	-0.0036
4IZ7	amber_af	2	1.1200	1.1200	0.0000	0.9774	0.9773	0.0001	0.9339	0.9324	0.0015
4IZ7	amber_af	3	1.1170	1.1540	-0.0370	0.9774	0.9760	0.0014	0.9295	0.9302	-0.0007
4IZ7	amber_af	4	1.1020	1.1560	-0.0540	0.9782	0.9759	0.0023	0.9353	0.9302	0.0051
4IZ7	amber_boltz	0	1.0490	1.0510	-0.0020	0.9807	0.9819	-0.0012	0.9499	0.9629	-0.0130
4IZ7	amber_boltz	1	1.1200	1.1180	0.0020	0.9819	0.9786	0.0033	0.9600	0.9411	0.0189
4IZ7	amber_boltz	2	1.2080	1.0070	0.2010	0.9756	0.9832	-0.0076	0.9339	0.9637	-0.0298
4IZ7	amber_boltz	3	1.1560	1.0780	0.0780	0.9771	0.9808	-0.0037	0.9404	0.9564	-0.0160
4IZ7	amber_boltz	4	4.2960	1.0660	3.2300	0.9516	0.9811	-0.0295	0.9230	0.9593	-0.0363
4IZ7	boltz	0	1.0540	1.0530	0.0010	0.9806	0.9819	-0.0013	0.9499	0.9600	-0.0101
4IZ7	boltz	1	1.1180	1.1140	0.0040	0.9820	0.9787	0.0033	0.9608	0.9419	0.0189
4IZ7	boltz	2	1.2090	1.0060	0.2030	0.9757	0.9832	-0.0075	0.9360	0.9637	-0.0277
4IZ7	boltz	3	1.1520	1.0760	0.0760	0.9773	0.9808	-0.0035	0.9397	0.9578	-0.0181
4IZ7	boltz	4	4.2970	1.0690	3.2280	0.9515	0.9811	-0.0296	0.9215	0.9578	-0.0363
4JCV	af_relaxed	0	1.6740	1.6450	0.0290	0.9178	0.9155	0.0023	0.8622	0.8661	-0.0039
4JCV	af_relaxed	1	1.4590	1.4710	-0.0120	0.9316	0.9326	-0.0010	0.8814	0.8776	0.0038
4JCV	af_relaxed	2	1.6330	1.9030	-0.2700	0.9169	0.8984	0.0185	0.8406	0.8176	0.0230
4JCV	af_relaxed	3	1.7030	6.0940	-4.3910	0.9158	0.8354	0.0804	0.8622	0.7870	0.0752
4JCV	af_relaxed	4	1.5120	1.4880	0.0240	0.9295	0.9288	0.0007	0.8520	0.8712	-0.0192
4JCV	amber_af	0	1.4590	1.6460	-0.1870	0.9316	0.9155	0.0161	0.8788	0.8648	0.0140
4JCV	amber_af	1	1.7040	1.4710	0.2330	0.9157	0.9326	-0.0169	0.8635	0.8776	-0.0141
4JCV	amber_af	2	1.6320	1.9310	-0.2990	0.9170	0.8976	0.0194	0.8418	0.8163	0.0255
4JCV	amber_af	3	1.6740	6.0960	-4.4220	0.9178	0.8353	0.0825	0.8622	0.7844	0.0778
4JCV	amber_af	4	1.5110	1.4900	0.0210	0.9297	0.9287	0.0010	0.8546	0.8699	-0.0153
4JCV	amber_boltz	0	6.2640	6.1180	0.1460	0.8387	0.8629	-0.0242	0.7742	0.8367	-0.0625
4JCV	amber_boltz	1	6.2820	6.2740	0.0080	0.8329	0.8436	-0.0107	0.7806	0.7832	-0.0026
4JCV	amber_boltz	2	6.1970	6.4000	-0.2030	0.8487	0.8290	0.0197	0.7972	0.7730	0.0242
4JCV	amber_boltz	3	6.5740	6.8510	-0.2770	0.7861	0.7194	0.0667	0.7360	0.7003	0.0357
4JCV	amber_boltz	4	9.7470	9.6940	0.0530	0.6821	0.6823	-0.0002	0.6696	0.6480	0.0216
4JCV	boltz	0	6.2620	6.0980	0.1640	0.8386	0.8631	-0.0245	0.7755	0.8367	-0.0612
4JCV	boltz	1	6.2650	6.2650	0.0000	0.8334	0.8443	-0.0109	0.7857	0.7844	0.0013
4JCV	boltz	2	6.1860	6.3920	-0.2060	0.8489	0.8289	0.0200	0.7985	0.7755	0.0230
4JCV	boltz	3	6.5650	6.8440	-0.2790	0.7863	0.7192	0.0671	0.7347	0.7003	0.0344
4JCV	boltz	4	9.7510	9.6920	0.0590	0.6819	0.6825	-0.0006	0.6709	0.6543	0.0166
4LW4	af_relaxed	0	0.9790	1.1440	-0.1650	0.9862	0.9842	0.0020	0.9758	0.9745	0.0013
4LW4	af_relaxed	1	0.9480	1.1590	-0.2110	0.9870	0.9836	0.0034	0.9770	0.9739	0.0031
4LW4	af_relaxed	2	1.1980	1.2250	-0.0270	0.9831	0.9827	0.0004	0.9732	0.9726	0.0006
4LW4	af_relaxed	3	1.2750	0.6400	0.6350	0.9815	0.9931	-0.0116	0.9694	0.9879	-0.0185
4LW4	af_relaxed	4	0.6730	1.2860	-0.6130	0.9923	0.9814	0.0109	0.9860	0.9700	0.0160
4LW4	amber_af	0	0.9430	1.1440	-0.2010	0.9871	0.9842	0.0029	0.9777	0.9745	0.0032
4LW4	amber_af	1	0.6730	1.1590	-0.4860	0.9923	0.9836	0.0087	0.9860	0.9739	0.0121
4LW4	amber_af	2	1.2750	1.2260	0.0490	0.9815	0.9826	-0.0011	0.9694	0.9726	-0.0032
4LW4	amber_af	3	0.9790	0.6410	0.3380	0.9862	0.9931	-0.0069	0.9758	0.9879	-0.0121
4LW4	amber_af	4	1.1970	1.2860	-0.0890	0.9832	0.9813	0.0019	0.9732	0.9700	0.0032
4LW4	amber_boltz	0	1.2630	1.3200	-0.0570	0.9813	0.9798	0.0015	0.9700	0.9688	0.0012
4LW4	amber_boltz	1	1.1820	1.2620	-0.0800	0.9831	0.9817	0.0014	0.9732	0.9726	0.0006
4LW4	amber_boltz	2	1.2740	1.2700	0.0040	0.9816	0.9806	0.0010	0.9719	0.9694	0.0025
4LW4	amber_boltz	3	1.2990	1.2730	0.0260	0.9803	0.9807	-0.0004	0.9694	0.9700	-0.0006
4LW4	amber_boltz	4	1.1690	1.2800	-0.1110	0.9830	0.9807	0.0023	0.9719	0.9700	0.0019
4LW4	boltz	0	1.2610	1.3190	-0.0580	0.9815	0.9799	0.0016	0.9700	0.9688	0.0012
4LW4	boltz	1	1.1780	1.2610	-0.0830	0.9833	0.9818	0.0015	0.9726	0.9732	-0.0006
4LW4	boltz	2	1.2730	1.2710	0.0020	0.9817	0.9807	0.0010	0.9726	0.9700	0.0026
4LW4	boltz	3	1.2980	1.2720	0.0260	0.9804	0.9808	-0.0004	0.9700	0.9713	-0.0013
4LW4	boltz	4	1.1650	1.2780	-0.1130	0.9831	0.9808	0.0023	0.9713	0.9707	0.0006
4M3K	af_relaxed	0	0.7350	0.7880	-0.0530	0.9893	0.9886	0.0007	0.9865	0.9865	0.0000
4M3K	af_relaxed	1	0.6290	0.6330	-0.0040	0.9915	0.9914	0.0001	0.9894	0.9894	0.0000
4M3K	af_relaxed	2	0.7790	0.7640	0.0150	0.9885	0.9890	-0.0005	0.9865	0.9865	0.0000
4M3K	af_relaxed	3	0.8040	0.7500	0.0540	0.9848	0.9871	-0.0023	0.9712	0.9779	-0.0067
4M3K	af_relaxed	4	0.6390	0.7270	-0.0880	0.9909	0.9893	0.0016	0.9875	0.9846	0.0029
4M3K	amber_af	0	0.8140	0.7890	0.0250	0.9844	0.9886	-0.0042	0.9692	0.9865	-0.0173
4M3K	amber_af	1	0.6400	0.6330	0.0070	0.9909	0.9914	-0.0005	0.9875	0.9894	-0.0019
4M3K	amber_af	2	0.7360	0.7660	-0.0300	0.9893	0.9890	0.0003	0.9865	0.9865	0.0000
4M3K	amber_af	3	0.6290	0.7430	-0.1140	0.9915	0.9873	0.0042	0.9904	0.9779	0.0125
4M3K	amber_af	4	0.7800	0.7310	0.0490	0.9885	0.9891	-0.0006	0.9856	0.9856	0.0000
4M3K	amber_boltz	0	0.6420	0.6370	0.0050	0.9916	0.9915	0.0001	0.9875	0.9875	0.0000
4M3K	amber_boltz	1	0.7170	0.6460	0.0710	0.9906	0.9912	-0.0006	0.9894	0.9885	0.0009
4M3K	amber_boltz	2	0.6430	0.6350	0.0080	0.9914	0.9918	-0.0004	0.9894	0.9885	0.0009
4M3K	amber_boltz	3	0.6240	0.6200	0.0040	0.9918	0.9923	-0.0005	0.9894	0.9904	-0.0010
4M3K	amber_boltz	4	0.6760	0.4500	0.2260	0.9909	0.9948	-0.0039	0.9875	0.9933	-0.0058
4M3K	boltz	0	0.6320	0.6280	0.0040	0.9918	0.9917	0.0001	0.9875	0.9875	0.0000
4M3K	boltz	1	0.7030	0.6400	0.0630	0.9909	0.9914	-0.0005	0.9894	0.9875	0.0019
4M3K	boltz	2	0.6380	0.6220	0.0160	0.9916	0.9921	-0.0005	0.9885	0.9885	0.0000
4M3K	boltz	3	0.6130	0.6130	0.0000	0.9920	0.9925	-0.0005	0.9894	0.9894	0.0000
4M3K	boltz	4	0.6650	0.4420	0.2230	0.9912	0.9950	-0.0038	0.9875	0.9923	-0.0048
4M5Z	af_relaxed	0	1.1200	1.1080	0.0120	0.9680	0.9688	-0.0008	0.9500	0.9512	-0.0012
4M5Z	af_relaxed	1	1.1170	1.1430	-0.0260	0.9682	0.9672	0.0010	0.9512	0.9500	0.0012
4M5Z	af_relaxed	2	1.1360	1.1180	0.0180	0.9675	0.9681	-0.0006	0.9512	0.9500	0.0012
4M5Z	af_relaxed	3	1.1460	1.1620	-0.0160	0.9670	0.9665	0.0005	0.9500	0.9500	0.0000
4M5Z	af_relaxed	4	1.2130	1.1450	0.0680	0.9636	0.9673	-0.0037	0.9464	0.9500	-0.0036
4M5Z	amber_af	0	1.1370	1.1080	0.0290	0.9675	0.9688	-0.0013	0.9512	0.9512	0.0000
4M5Z	amber_af	1	1.1170	1.1420	-0.0250	0.9682	0.9673	0.0009	0.9512	0.9488	0.0024
4M5Z	amber_af	2	1.1220	1.1170	0.0050	0.9681	0.9682	-0.0001	0.9512	0.9500	0.0012
4M5Z	amber_af	3	1.2150	1.1610	0.0540	0.9636	0.9666	-0.0030	0.9464	0.9500	-0.0036
4M5Z	amber_af	4	1.1460	1.1460	0.0000	0.9670	0.9673	-0.0003	0.9500	0.9512	-0.0012
4M5Z	amber_boltz	0	1.1320	1.2240	-0.0920	0.9679	0.9637	0.0042	0.9452	0.9440	0.0012
4M5Z	amber_boltz	1	1.1750	1.1410	0.0340	0.9659	0.9670	-0.0011	0.9476	0.9476	0.0000
4M5Z	amber_boltz	2	1.1050	1.0440	0.0610	0.9687	0.9711	-0.0024	0.9500	0.9524	-0.0024
4M5Z	amber_boltz	3	1.0820	1.1190	-0.0370	0.9702	0.9683	0.0019	0.9536	0.9464	0.0072
4M5Z	amber_boltz	4	1.0940	1.1760	-0.0820	0.9693	0.9655	0.0038	0.9512	0.9452	0.0060
4M5Z	boltz	0	1.1380	1.2400	-0.1020	0.9678	0.9632	0.0046	0.9464	0.9417	0.0047
4M5Z	boltz	1	1.1850	1.1610	0.0240	0.9656	0.9664	-0.0008	0.9476	0.9464	0.0012
4M5Z	boltz	2	1.1180	1.0470	0.0710	0.9684	0.9712	-0.0028	0.9488	0.9536	-0.0048
4M5Z	boltz	3	1.0910	1.1290	-0.0380	0.9701	0.9680	0.0021	0.9536	0.9488	0.0048
4M5Z	boltz	4	1.1000	1.1880	-0.0880	0.9692	0.9651	0.0041	0.9512	0.9452	0.0060
4M76	af_relaxed	0	0.4620	0.5740	-0.1120	0.9948	0.9930	0.0018	0.9924	0.9882	0.0042
4M76	af_relaxed	1	0.4940	0.4390	0.0550	0.9941	0.9953	-0.0012	0.9882	0.9932	-0.0050
4M76	af_relaxed	2	0.4990	0.5100	-0.0110	0.9940	0.9937	0.0003	0.9882	0.9873	0.0009
4M76	af_relaxed	3	0.7070	0.5270	0.1800	0.9895	0.9933	-0.0038	0.9780	0.9840	-0.0060
4M76	af_relaxed	4	0.4780	0.4970	-0.0190	0.9945	0.9940	0.0005	0.9916	0.9899	0.0017
4M76	amber_af	0	0.4610	0.5750	-0.1140	0.9948	0.9930	0.0018	0.9924	0.9882	0.0042
4M76	amber_af	1	0.4990	0.4380	0.0610	0.9939	0.9953	-0.0014	0.9882	0.9932	-0.0050
4M76	amber_af	2	0.7110	0.5120	0.1990	0.9893	0.9936	-0.0043	0.9764	0.9873	-0.0109
4M76	amber_af	3	0.4920	0.5210	-0.0290	0.9942	0.9934	0.0008	0.9890	0.9856	0.0034
4M76	amber_af	4	0.4680	0.4940	-0.0260	0.9947	0.9941	0.0006	0.9907	0.9899	0.0008
4M76	amber_boltz	0	0.8190	0.7440	0.0750	0.9861	0.9877	-0.0016	0.9688	0.9738	-0.0050
4M76	amber_boltz	1	0.7150	0.7470	-0.0320	0.9887	0.9881	0.0006	0.9772	0.9764	0.0008
4M76	amber_boltz	2	0.7180	0.6280	0.0900	0.9889	0.9906	-0.0017	0.9797	0.9797	0.0000
4M76	amber_boltz	3	0.7920	0.7180	0.0740	0.9863	0.9880	-0.0017	0.9688	0.9696	-0.0008
4M76	amber_boltz	4	0.7350	0.7330	0.0020	0.9874	0.9878	-0.0004	0.9679	0.9696	-0.0017
4M76	boltz	0	0.8220	0.7410	0.0810	0.9860	0.9879	-0.0019	0.9679	0.9730	-0.0051
4M76	boltz	1	0.7130	0.7470	-0.0340	0.9888	0.9882	0.0006	0.9764	0.9764	0.0000
4M76	boltz	2	0.7220	0.6270	0.0950	0.9888	0.9907	-0.0019	0.9806	0.9806	0.0000
4M76	boltz	3	0.7930	0.7240	0.0690	0.9863	0.9879	-0.0016	0.9688	0.9713	-0.0025
4M76	boltz	4	0.7300	0.7310	-0.0010	0.9876	0.9879	-0.0003	0.9704	0.9688	0.0016
4POU	af_relaxed	0	1.1750	1.1600	0.0150	0.9403	0.9396	0.0007	0.9208	0.9229	-0.0021
4POU	af_relaxed	1	1.1430	1.1400	0.0030	0.9417	0.9434	-0.0017	0.9271	0.9313	-0.0042
4POU	af_relaxed	2	1.1680	1.1750	-0.0070	0.9400	0.9392	0.0008	0.9271	0.9229	0.0042
4POU	af_relaxed	3	1.2400	1.2450	-0.0050	0.9399	0.9400	-0.0001	0.9333	0.9354	-0.0021
4POU	af_relaxed	4	1.1770	1.1600	0.0170	0.9401	0.9414	-0.0013	0.9208	0.9229	-0.0021
4POU	amber_af	0	1.2390	1.1580	0.0810	0.9400	0.9398	0.0002	0.9333	0.9208	0.0125
4POU	amber_af	1	1.1680	1.1380	0.0300	0.9400	0.9436	-0.0036	0.9271	0.9313	-0.0042
4POU	amber_af	2	1.1440	1.1740	-0.0300	0.9416	0.9393	0.0023	0.9271	0.9229	0.0042
4POU	amber_af	3	1.1760	1.2410	-0.0650	0.9401	0.9402	-0.0001	0.9208	0.9354	-0.0146
4POU	amber_af	4	1.1750	1.1770	-0.0020	0.9402	0.9396	0.0006	0.9208	0.9208	0.0000
4POU	amber_boltz	0	1.3140	1.2570	0.0570	0.9304	0.9362	-0.0058	0.9125	0.9313	-0.0188
4POU	amber_boltz	1	1.2770	1.3420	-0.0650	0.9323	0.9268	0.0055	0.9167	0.9062	0.0105
4POU	amber_boltz	2	1.2570	1.2050	0.0520	0.9353	0.9411	-0.0058	0.9167	0.9271	-0.0104
4POU	amber_boltz	3	1.1700	1.3410	-0.1710	0.9429	0.9258	0.0171	0.9292	0.9021	0.0271
4POU	amber_boltz	4	1.2790	1.1870	0.0920	0.9321	0.9408	-0.0087	0.9146	0.9229	-0.0083
4POU	boltz	0	1.3050	1.2500	0.0550	0.9308	0.9365	-0.0057	0.9104	0.9333	-0.0229
4POU	boltz	1	1.2720	1.3400	-0.0680	0.9323	0.9269	0.0054	0.9167	0.9083	0.0084
4POU	boltz	2	1.2530	1.1960	0.0570	0.9357	0.9416	-0.0059	0.9187	0.9292	-0.0105
4POU	boltz	3	1.1600	1.3330	-0.1730	0.9437	0.9261	0.0176	0.9313	0.9021	0.0292
4POU	boltz	4	1.2710	1.1780	0.0930	0.9324	0.9415	-0.0091	0.9146	0.9208	-0.0062
4Y7M	af_relaxed	0	1.1670	1.4110	-0.2440	0.9519	0.9372	0.0147	0.9380	0.9225	0.0155
4Y7M	af_relaxed	1	1.2470	0.9980	0.2490	0.9564	0.9690	-0.0126	0.9516	0.9671	-0.0155
4Y7M	af_relaxed	2	0.8830	0.8440	0.0390	0.9707	0.9738	-0.0031	0.9690	0.9748	-0.0058
4Y7M	af_relaxed	3	0.8210	1.3330	-0.5120	0.9752	0.9405	0.0347	0.9787	0.9264	0.0523
4Y7M	af_relaxed	4	1.3820	1.2650	0.1170	0.9398	0.9428	-0.0030	0.9244	0.9283	-0.0039
4Y7M	amber_af	0	1.2490	1.3670	-0.1180	0.9564	0.9393	0.0171	0.9496	0.9264	0.0232
4Y7M	amber_af	1	0.8210	1.0050	-0.1840	0.9752	0.9687	0.0065	0.9767	0.9651	0.0116
4Y7M	amber_af	2	1.1680	0.8470	0.3210	0.9518	0.9734	-0.0216	0.9399	0.9748	-0.0349
4Y7M	amber_af	3	0.8790	1.3190	-0.4400	0.9710	0.9407	0.0303	0.9690	0.9264	0.0426
4Y7M	amber_af	4	1.3260	1.2640	0.0620	0.9401	0.9428	-0.0027	0.9244	0.9264	-0.0020
4Y7M	amber_boltz	0	1.1880	1.2310	-0.0430	0.9564	0.9558	0.0006	0.9516	0.9477	0.0039
4Y7M	amber_boltz	1	1.2100	1.0960	0.1140	0.9556	0.9629	-0.0073	0.9477	0.9574	-0.0097
4Y7M	amber_boltz	2	1.2080	1.2140	-0.0060	0.9561	0.9543	0.0018	0.9477	0.9496	-0.0019
4Y7M	amber_boltz	3	1.1720	1.2330	-0.0610	0.9577	0.9514	0.0063	0.9535	0.9419	0.0116
4Y7M	amber_boltz	4	0.9180	1.2020	-0.2840	0.9707	0.9549	0.0158	0.9671	0.9516	0.0155
4Y7M	boltz	0	1.1810	1.2300	-0.0490	0.9568	0.9555	0.0013	0.9516	0.9457	0.0059
4Y7M	boltz	1	1.2020	1.1020	0.1000	0.9559	0.9625	-0.0066	0.9477	0.9574	-0.0097
4Y7M	boltz	2	1.2040	1.2090	-0.0050	0.9562	0.9544	0.0018	0.9477	0.9496	-0.0019
4Y7M	boltz	3	1.1630	1.2290	-0.0660	0.9579	0.9516	0.0063	0.9535	0.9419	0.0116
4Y7M	boltz	4	0.9290	1.1970	-0.2680	0.9700	0.9552	0.0148	0.9671	0.9516	0.0155
5C7X	af_relaxed	0	0.8600	0.8950	-0.0350	0.9672	0.9650	0.0022	0.9696	0.9696	0.0000
5C7X	af_relaxed	1	1.0100	0.9280	0.0820	0.9573	0.9612	-0.0039	0.9609	0.9630	-0.0021
5C7X	af_relaxed	2	0.9230	0.9770	-0.0540	0.9602	0.9598	0.0004	0.9609	0.9630	-0.0021
5C7X	af_relaxed	3	0.9900	1.1460	-0.1560	0.9577	0.9477	0.0100	0.9652	0.9543	0.0109
5C7X	af_relaxed	4	1.2510	0.9560	0.2950	0.9441	0.9601	-0.0160	0.9457	0.9652	-0.0195
5C7X	amber_af	0	1.2600	0.8950	0.3650	0.9441	0.9650	-0.0209	0.9478	0.9696	-0.0218
5C7X	amber_af	1	0.9900	0.9350	0.0550	0.9577	0.9607	-0.0030	0.9630	0.9630	0.0000
5C7X	amber_af	2	1.0120	0.9770	0.0350	0.9572	0.9598	-0.0026	0.9609	0.9630	-0.0021
5C7X	amber_af	3	0.9170	1.1360	-0.2190	0.9610	0.9484	0.0126	0.9630	0.9587	0.0043
5C7X	amber_af	4	0.8590	0.9590	-0.1000	0.9672	0.9597	0.0075	0.9696	0.9630	0.0066
5C7X	amber_boltz	0	0.8820	0.8780	0.0040	0.9651	0.9683	-0.0032	0.9674	0.9761	-0.0087
5C7X	amber_boltz	1	0.7350	0.8930	-0.1580	0.9728	0.9656	0.0072	0.9826	0.9696	0.0130
5C7X	amber_boltz	2	0.8190	0.9290	-0.1100	0.9701	0.9639	0.0062	0.9804	0.9674	0.0130
5C7X	amber_boltz	3	0.7890	0.9830	-0.1940	0.9703	0.9636	0.0067	0.9761	0.9696	0.0065
5C7X	amber_boltz	4	1.0210	0.9460	0.0750	0.9627	0.9658	-0.0031	0.9717	0.9717	0.0000
5C7X	boltz	0	0.8780	0.8750	0.0030	0.9658	0.9687	-0.0029	0.9674	0.9739	-0.0065
5C7X	boltz	1	0.7320	0.8850	-0.1530	0.9733	0.9663	0.0070	0.9826	0.9696	0.0130
5C7X	boltz	2	0.8130	0.9260	-0.1130	0.9708	0.9641	0.0067	0.9804	0.9674	0.0130
5C7X	boltz	3	0.7980	0.9800	-0.1820	0.9701	0.9640	0.0061	0.9717	0.9696	0.0021
5C7X	boltz	4	1.0050	0.9430	0.0620	0.9636	0.9663	-0.0027	0.9717	0.9739	-0.0022
5CBA	af_relaxed	0	1.0540	1.9400	-0.8860	0.9552	0.9214	0.0338	0.9547	0.9213	0.0334
5CBA	af_relaxed	1	1.0380	1.7230	-0.6850	0.9561	0.9177	0.0384	0.9547	0.9055	0.0492
5CBA	af_relaxed	2	1.0080	1.7090	-0.7010	0.9585	0.9212	0.0373	0.9567	0.9114	0.0453
5CBA	af_relaxed	3	0.9530	1.3760	-0.4230	0.9621	0.9377	0.0244	0.9606	0.9311	0.0295
5CBA	af_relaxed	4	0.9250	1.2580	-0.3330	0.9652	0.9446	0.0206	0.9646	0.9390	0.0256
5CBA	amber_af	0	1.0120	1.9390	-0.9270	0.9582	0.9214	0.0368	0.9547	0.9213	0.0334
5CBA	amber_af	1	1.0380	1.7290	-0.6910	0.9561	0.9175	0.0386	0.9567	0.9055	0.0512
5CBA	amber_af	2	1.0540	1.7070	-0.6530	0.9553	0.9212	0.0341	0.9547	0.9075	0.0472
5CBA	amber_af	3	0.9240	1.3780	-0.4540	0.9653	0.9376	0.0277	0.9646	0.9311	0.0335
5CBA	amber_af	4	0.9490	1.2580	-0.3090	0.9625	0.9447	0.0178	0.9626	0.9390	0.0236
5CBA	amber_boltz	0	1.0270	1.0910	-0.0640	0.9567	0.9524	0.0043	0.9528	0.9508	0.0020
5CBA	amber_boltz	1	0.9820	1.0330	-0.0510	0.9604	0.9570	0.0034	0.9547	0.9528	0.0019
5CBA	amber_boltz	2	1.0930	1.0840	0.0090	0.9510	0.9526	-0.0016	0.9488	0.9528	-0.0040
5CBA	amber_boltz	3	1.0500	1.0810	-0.0310	0.9535	0.9540	-0.0005	0.9508	0.9508	0.0000
5CBA	amber_boltz	4	1.0010	0.9960	0.0050	0.9576	0.9573	0.0003	0.9508	0.9488	0.0020
5CBA	boltz	0	1.0200	1.0950	-0.0750	0.9570	0.9523	0.0047	0.9528	0.9508	0.0020
5CBA	boltz	1	0.9740	1.0380	-0.0640	0.9607	0.9565	0.0042	0.9587	0.9528	0.0059
5CBA	boltz	2	1.0840	1.0790	0.0050	0.9514	0.9529	-0.0015	0.9508	0.9528	-0.0020
5CBA	boltz	3	1.0420	1.0750	-0.0330	0.9540	0.9540	0.0000	0.9547	0.9508	0.0039
5CBA	boltz	4	0.9960	0.9880	0.0080	0.9578	0.9578	0.0000	0.9528	0.9469	0.0059
5E5M	af_relaxed	0	1.1590	1.1190	0.0400	0.9476	0.9498	-0.0022	0.9435	0.9478	-0.0043
5E5M	af_relaxed	1	1.2190	1.2640	-0.0450	0.9360	0.9359	0.0001	0.9261	0.9239	0.0022
5E5M	af_relaxed	2	1.1600	1.2650	-0.1050	0.9437	0.9338	0.0099	0.9304	0.9217	0.0087
5E5M	af_relaxed	3	1.1920	1.1160	0.0760	0.9343	0.9422	-0.0079	0.9196	0.9304	-0.0108
5E5M	af_relaxed	4	1.1660	1.1710	-0.0050	0.9441	0.9419	0.0022	0.9370	0.9304	0.0066
5E5M	amber_af	0	1.2190	1.1210	0.0980	0.9360	0.9494	-0.0134	0.9261	0.9478	-0.0217
5E5M	amber_af	1	1.1940	1.2660	-0.0720	0.9341	0.9360	-0.0019	0.9196	0.9261	-0.0065
5E5M	amber_af	2	1.1610	1.2690	-0.1080	0.9437	0.9337	0.0100	0.9304	0.9217	0.0087
5E5M	amber_af	3	1.1590	1.1170	0.0420	0.9477	0.9420	0.0057	0.9435	0.9304	0.0131
5E5M	amber_af	4	1.1720	1.1740	-0.0020	0.9438	0.9416	0.0022	0.9370	0.9304	0.0066
5E5M	amber_boltz	0	0.9860	0.9960	-0.0100	0.9540	0.9534	0.0006	0.9457	0.9435	0.0022
5E5M	amber_boltz	1	0.9720	0.9480	0.0240	0.9534	0.9546	-0.0012	0.9391	0.9413	-0.0022
5E5M	amber_boltz	2	0.9380	0.9540	-0.0160	0.9566	0.9566	0.0000	0.9478	0.9500	-0.0022
5E5M	amber_boltz	3	0.9890	0.9340	0.0550	0.9543	0.9597	-0.0054	0.9457	0.9543	-0.0086
5E5M	amber_boltz	4	0.9280	0.9600	-0.0320	0.9576	0.9532	0.0044	0.9500	0.9413	0.0087
5E5M	boltz	0	0.9750	0.9840	-0.0090	0.9546	0.9541	0.0005	0.9457	0.9457	0.0000
5E5M	boltz	1	0.9640	0.9380	0.0260	0.9541	0.9553	-0.0012	0.9391	0.9413	-0.0022
5E5M	boltz	2	0.9250	0.9500	-0.0250	0.9576	0.9568	0.0008	0.9457	0.9478	-0.0021
5E5M	boltz	3	0.9750	0.9190	0.0560	0.9552	0.9605	-0.0053	0.9478	0.9543	-0.0065
5E5M	boltz	4	0.9140	0.9490	-0.0350	0.9584	0.9540	0.0044	0.9500	0.9413	0.0087
5GRJ	af_relaxed	0	3.3570	2.9690	0.3880	0.8354	0.8706	-0.0352	0.7653	0.7958	-0.0305
5GRJ	af_relaxed	1	3.1410	3.1330	0.0080	0.8473	0.8491	-0.0018	0.7817	0.7829	-0.0012
5GRJ	af_relaxed	2	3.1350	3.3070	-0.1720	0.8519	0.8391	0.0128	0.7864	0.7676	0.0188
5GRJ	af_relaxed	3	3.3810	3.3790	0.0020	0.8243	0.8241	0.0002	0.7594	0.7629	-0.0035
5GRJ	af_relaxed	4	3.1230	3.1400	-0.0170	0.8435	0.8426	0.0009	0.7770	0.7746	0.0024
5GRJ	amber_af	0	3.3820	2.9680	0.4140	0.8242	0.8706	-0.0464	0.7594	0.7958	-0.0364
5GRJ	amber_af	1	3.1240	3.1330	-0.0090	0.8434	0.8491	-0.0057	0.7770	0.7829	-0.0059
5GRJ	amber_af	2	3.1350	3.3080	-0.1730	0.8519	0.8391	0.0128	0.7840	0.7688	0.0152
5GRJ	amber_af	3	3.1410	3.3790	-0.2380	0.8474	0.8240	0.0234	0.7817	0.7629	0.0188
5GRJ	amber_af	4	3.3570	3.1390	0.2180	0.8355	0.8428	-0.0073	0.7653	0.7758	-0.0105
5GRJ	amber_boltz	0	2.2260	2.3180	-0.0920	0.9582	0.9490	0.0092	0.9460	0.9202	0.0258
5GRJ	amber_boltz	1	1.9930	2.2790	-0.2860	0.9641	0.9487	0.0154	0.9601	0.9108	0.0493
5GRJ	amber_boltz	2	2.0790	2.0970	-0.0180	0.9590	0.9573	0.0017	0.9484	0.9390	0.0094
5GRJ	amber_boltz	3	2.2330	2.2440	-0.0110	0.9423	0.9617	-0.0194	0.8885	0.9566	-0.0681
5GRJ	amber_boltz	4	2.1930	2.3890	-0.1960	0.9322	0.9527	-0.0205	0.8603	0.9284	-0.0681
5GRJ	boltz	0	2.2170	2.3140	-0.0970	0.9586	0.9492	0.0094	0.9472	0.9202	0.0270
5GRJ	boltz	1	1.9880	2.2740	-0.2860	0.9643	0.9490	0.0153	0.9577	0.9096	0.0481
5GRJ	boltz	2	2.0740	2.0900	-0.0160	0.9594	0.9576	0.0018	0.9472	0.9378	0.0094
5GRJ	boltz	3	2.2290	2.2360	-0.0070	0.9425	0.9621	-0.0196	0.8873	0.9531	-0.0658
5GRJ	boltz	4	2.1930	2.3830	-0.1900	0.9324	0.9530	-0.0206	0.8638	0.9261	-0.0623
5HGG	af_relaxed	0	0.5070	0.5020	0.0050	0.9931	0.9933	-0.0002	0.9898	0.9888	0.0010
5HGG	af_relaxed	1	0.5090	0.5150	-0.0060	0.9931	0.9928	0.0003	0.9898	0.9888	0.0010
5HGG	af_relaxed	2	0.5050	0.4930	0.0120	0.9932	0.9935	-0.0003	0.9888	0.9909	-0.0021
5HGG	af_relaxed	3	0.5000	0.4930	0.0070	0.9932	0.9935	-0.0003	0.9909	0.9919	-0.0010
5HGG	af_relaxed	4	0.5120	0.5070	0.0050	0.9930	0.9931	-0.0001	0.9898	0.9888	0.0010
5HGG	amber_af	0	0.5140	0.5020	0.0120	0.9930	0.9933	-0.0003	0.9888	0.9878	0.0010
5HGG	amber_af	1	0.5060	0.5150	-0.0090	0.9932	0.9928	0.0004	0.9888	0.9888	0.0000
5HGG	amber_af	2	0.5100	0.4930	0.0170	0.9931	0.9935	-0.0004	0.9898	0.9909	-0.0011
5HGG	amber_af	3	0.4940	0.4930	0.0010	0.9934	0.9935	-0.0001	0.9909	0.9909	0.0000
5HGG	amber_af	4	0.5090	0.5070	0.0020	0.9931	0.9931	0.0000	0.9898	0.9888	0.0010
5HGG	amber_boltz	0	0.5060	0.4790	0.0270	0.9932	0.9939	-0.0007	0.9888	0.9909	-0.0021
5HGG	amber_boltz	1	0.4720	0.5000	-0.0280	0.9941	0.9934	0.0007	0.9909	0.9909	0.0000
5HGG	amber_boltz	2	0.4810	0.4850	-0.0040	0.9939	0.9938	0.0001	0.9909	0.9909	0.0000
5HGG	amber_boltz	3	0.4760	0.4780	-0.0020	0.9939	0.9940	-0.0001	0.9919	0.9898	0.0021
5HGG	amber_boltz	4	0.4780	0.4760	0.0020	0.9940	0.9940	0.0000	0.9909	0.9909	0.0000
5HGG	boltz	0	0.5020	0.4760	0.0260	0.9933	0.9940	-0.0007	0.9888	0.9909	-0.0021
5HGG	boltz	1	0.4660	0.4980	-0.0320	0.9942	0.9934	0.0008	0.9919	0.9909	0.0010
5HGG	boltz	2	0.4780	0.4870	-0.0090	0.9939	0.9937	0.0002	0.9909	0.9898	0.0011
5HGG	boltz	3	0.4760	0.4780	-0.0020	0.9939	0.9940	-0.0001	0.9909	0.9898	0.0011
5HGG	boltz	4	0.4760	0.4730	0.0030	0.9940	0.9940	0.0000	0.9909	0.9919	-0.0010
5HYS	af_relaxed	0	1.3030	1.3300	-0.0270	0.9495	0.9476	0.0019	0.8716	0.8694	0.0022
5HYS	af_relaxed	1	1.9780	2.1910	-0.2130	0.8947	0.8754	0.0193	0.8052	0.7849	0.0203
5HYS	af_relaxed	2	2.3020	1.9870	0.3150	0.8652	0.8940	-0.0288	0.7770	0.8052	-0.0282
5HYS	af_relaxed	3	2.4070	2.0250	0.3820	0.8552	0.8905	-0.0353	0.7725	0.8007	-0.0282
5HYS	af_relaxed	4	2.0670	2.3860	-0.3190	0.8873	0.8577	0.0296	0.8007	0.7703	0.0304
5HYS	amber_af	0	1.3020	1.3330	-0.0310	0.9495	0.9474	0.0021	0.8705	0.8660	0.0045
5HYS	amber_af	1	2.0670	2.1980	-0.1310	0.8873	0.8748	0.0125	0.8007	0.7827	0.0180
5HYS	amber_af	2	2.3020	1.9880	0.3140	0.8652	0.8939	-0.0287	0.7770	0.8052	-0.0282
5HYS	amber_af	3	1.9790	2.0240	-0.0450	0.8946	0.8906	0.0040	0.8052	0.8007	0.0045
5HYS	amber_af	4	2.4070	2.3850	0.0220	0.8552	0.8581	-0.0029	0.7725	0.7703	0.0022
5HYS	amber_boltz	0	1.9200	0.9350	0.9850	0.9001	0.9729	-0.0728	0.8097	0.9279	-0.1182
5HYS	amber_boltz	1	1.1050	1.2600	-0.1550	0.9640	0.9524	0.0116	0.9054	0.8795	0.0259
5HYS	amber_boltz	2	1.6480	0.6490	0.9990	0.9229	0.9867	-0.0638	0.8333	0.9809	-0.1476
5HYS	amber_boltz	3	2.1370	1.5590	0.5780	0.8798	0.9302	-0.0504	0.8029	0.8378	-0.0349
5HYS	amber_boltz	4	1.7100	2.7240	-1.0140	0.9179	0.8259	0.0920	0.8322	0.7534	0.0788
5HYS	boltz	0	1.9230	0.9380	0.9850	0.8997	0.9727	-0.0730	0.8063	0.9291	-0.1228
5HYS	boltz	1	1.0960	1.2600	-0.1640	0.9642	0.9524	0.0118	0.9065	0.8795	0.0270
5HYS	boltz	2	1.6540	0.6480	1.0060	0.9226	0.9867	-0.0641	0.8345	0.9797	-0.1452
5HYS	boltz	3	2.1420	1.5650	0.5770	0.8795	0.9297	-0.0502	0.8007	0.8367	-0.0360
5HYS	boltz	4	1.7140	2.7250	-1.0110	0.9175	0.8256	0.0919	0.8300	0.7534	0.0766
5JMO	af_relaxed	0	0.9590	0.9640	-0.0050	0.9941	0.9939	0.0002	0.9920	0.9910	0.0010
5JMO	af_relaxed	1	0.9590	0.9850	-0.0260	0.9939	0.9938	0.0001	0.9915	0.9910	0.0005
5JMO	af_relaxed	2	0.9710	0.9690	0.0020	0.9937	0.9938	-0.0001	0.9910	0.9915	-0.0005
5JMO	af_relaxed	3	0.9480	1.0870	-0.1390	0.9938	0.9903	0.0035	0.9910	0.9777	0.0133
5JMO	af_relaxed	4	0.9810	0.9510	0.0300	0.9938	0.9935	0.0003	0.9915	0.9910	0.0005
5JMO	amber_af	0	0.9620	0.9630	-0.0010	0.9940	0.9940	0.0000	0.9920	0.9910	0.0010
5JMO	amber_af	1	0.9820	0.9850	-0.0030	0.9938	0.9938	0.0000	0.9915	0.9910	0.0005
5JMO	amber_af	2	0.9600	0.9700	-0.0100	0.9939	0.9938	0.0001	0.9920	0.9915	0.0005
5JMO	amber_af	3	0.9470	1.0830	-0.1360	0.9938	0.9904	0.0034	0.9915	0.9756	0.0159
5JMO	amber_af	4	0.9700	0.9350	0.0350	0.9937	0.9938	-0.0001	0.9915	0.9915	0.0000
5JMO	amber_boltz	0	0.9020	0.9390	-0.0370	0.9929	0.9918	0.0011	0.9883	0.9867	0.0016
5JMO	amber_boltz	1	0.8220	0.8470	-0.0250	0.9930	0.9925	0.0005	0.9878	0.9873	0.0005
5JMO	amber_boltz	2	0.9220	0.8090	0.1130	0.9917	0.9927	-0.0010	0.9867	0.9873	-0.0006
5JMO	amber_boltz	3	1.0010	0.9340	0.0670	0.9914	0.9919	-0.0005	0.9873	0.9878	-0.0005
5JMO	amber_boltz	4	0.8180	0.9270	-0.1090	0.9931	0.9918	0.0013	0.9878	0.9862	0.0016
5JMO	boltz	0	0.8950	0.9320	-0.0370	0.9930	0.9919	0.0011	0.9894	0.9862	0.0032
5JMO	boltz	1	0.8250	0.8380	-0.0130	0.9931	0.9927	0.0004	0.9873	0.9867	0.0006
5JMO	boltz	2	0.9200	0.8070	0.1130	0.9918	0.9928	-0.0010	0.9862	0.9867	-0.0005
5JMO	boltz	3	0.9940	0.9320	0.0620	0.9915	0.9920	-0.0005	0.9857	0.9878	-0.0021
5JMO	boltz	4	0.8140	0.9130	-0.0990	0.9933	0.9920	0.0013	0.9878	0.9862	0.0016
5KOV	af_relaxed	0	1.3670	1.3750	-0.0080	0.9704	0.9698	0.0006	0.9630	0.9630	0.0000
5KOV	af_relaxed	1	1.3710	1.4760	-0.1050	0.9701	0.9645	0.0056	0.9653	0.9525	0.0128
5KOV	af_relaxed	2	1.3930	1.3540	0.0390	0.9685	0.9706	-0.0021	0.9560	0.9641	-0.0081
5KOV	af_relaxed	3	1.4760	1.3770	0.0990	0.9644	0.9697	-0.0053	0.9502	0.9630	-0.0128
5KOV	af_relaxed	4	1.4840	1.4760	0.0080	0.9638	0.9645	-0.0007	0.9514	0.9525	-0.0011
5KOV	amber_af	0	1.3720	1.3740	-0.0020	0.9701	0.9698	0.0003	0.9653	0.9630	0.0023
5KOV	amber_af	1	1.3670	1.4760	-0.1090	0.9704	0.9645	0.0059	0.9641	0.9525	0.0116
5KOV	amber_af	2	1.4740	1.3540	0.1200	0.9647	0.9707	-0.0060	0.9525	0.9641	-0.0116
5KOV	amber_af	3	1.3850	1.3770	0.0080	0.9691	0.9697	-0.0006	0.9606	0.9630	-0.0024
5KOV	amber_af	4	1.4750	1.4760	-0.0010	0.9644	0.9645	-0.0001	0.9514	0.9525	-0.0011
5KOV	amber_boltz	0	1.9190	1.9380	-0.0190	0.9383	0.9364	0.0019	0.8785	0.8738	0.0047
5KOV	amber_boltz	1	1.9910	1.8900	0.1010	0.9372	0.9408	-0.0036	0.8762	0.8866	-0.0104
5KOV	amber_boltz	2	1.9500	1.9160	0.0340	0.9392	0.9380	0.0012	0.8854	0.8785	0.0069
5KOV	amber_boltz	3	1.9010	1.9370	-0.0360	0.9393	0.9378	0.0015	0.8808	0.8762	0.0046
5KOV	amber_boltz	4	1.9470	1.9280	0.0190	0.9383	0.9383	0.0000	0.8843	0.8796	0.0047
5KOV	boltz	0	1.9130	1.9290	-0.0160	0.9384	0.9367	0.0017	0.8785	0.8750	0.0035
5KOV	boltz	1	1.9790	1.8820	0.0970	0.9375	0.9411	-0.0036	0.8796	0.8889	-0.0093
5KOV	boltz	2	1.9430	1.9070	0.0360	0.9395	0.9382	0.0013	0.8877	0.8796	0.0081
5KOV	boltz	3	1.8970	1.9300	-0.0330	0.9394	0.9380	0.0014	0.8796	0.8773	0.0023
5KOV	boltz	4	1.9400	1.9200	0.0200	0.9386	0.9386	0.0000	0.8843	0.8796	0.0047
5O14	af_relaxed	0	0.5630	0.5270	0.0360	0.9903	0.9914	-0.0011	0.9891	0.9934	-0.0043
5O14	af_relaxed	1	0.5750	0.5710	0.0040	0.9898	0.9899	-0.0001	0.9869	0.9869	0.0000
5O14	af_relaxed	2	0.5800	0.5520	0.0280	0.9897	0.9906	-0.0009	0.9836	0.9880	-0.0044
5O14	af_relaxed	3	0.5930	0.5940	-0.0010	0.9894	0.9893	0.0001	0.9847	0.9836	0.0011
5O14	af_relaxed	4	0.9480	0.8880	0.0600	0.9741	0.9770	-0.0029	0.9443	0.9498	-0.0055
5O14	amber_af	0	0.5790	0.5260	0.0530	0.9897	0.9914	-0.0017	0.9836	0.9934	-0.0098
5O14	amber_af	1	0.9920	0.5690	0.4230	0.9723	0.9900	-0.0177	0.9432	0.9869	-0.0437
5O14	amber_af	2	0.5630	0.5510	0.0120	0.9903	0.9906	-0.0003	0.9880	0.9880	0.0000
5O14	amber_af	3	0.5740	0.6220	-0.0480	0.9898	0.9884	0.0014	0.9869	0.9836	0.0033
5O14	amber_af	4	0.5950	0.8670	-0.2720	0.9893	0.9777	0.0116	0.9847	0.9498	0.0349
5O14	amber_boltz	0	1.0670	1.1780	-0.1110	0.9744	0.9722	0.0022	0.9487	0.9563	-0.0076
5O14	amber_boltz	1	1.1170	1.1560	-0.0390	0.9732	0.9720	0.0012	0.9531	0.9531	0.0000
5O14	amber_boltz	2	1.0400	1.1740	-0.1340	0.9780	0.9692	0.0088	0.9683	0.9400	0.0283
5O14	amber_boltz	3	1.0030	1.1530	-0.1500	0.9777	0.9695	0.0082	0.9683	0.9378	0.0305
5O14	amber_boltz	4	1.0900	1.0250	0.0650	0.9743	0.9774	-0.0031	0.9541	0.9662	-0.0121
5O14	boltz	0	1.0510	1.1600	-0.1090	0.9752	0.9729	0.0023	0.9541	0.9596	-0.0055
5O14	boltz	1	1.1000	1.1440	-0.0440	0.9738	0.9725	0.0013	0.9552	0.9531	0.0021
5O14	boltz	2	1.0200	1.1560	-0.1360	0.9786	0.9698	0.0088	0.9683	0.9432	0.0251
5O14	boltz	3	0.9850	1.1390	-0.1540	0.9783	0.9703	0.0080	0.9683	0.9432	0.0251
5O14	boltz	4	1.0680	1.0140	0.0540	0.9751	0.9779	-0.0028	0.9596	0.9651	-0.0055
5O1R	af_relaxed	0	1.3890	1.2920	0.0970	0.9535	0.9553	-0.0018	0.9565	0.9609	-0.0044
5O1R	af_relaxed	1	1.3700	1.3600	0.0100	0.9556	0.9558	-0.0002	0.9587	0.9609	-0.0022
5O1R	af_relaxed	2	1.3530	1.4310	-0.0780	0.9569	0.9541	0.0028	0.9565	0.9587	-0.0022
5O1R	af_relaxed	3	1.4210	1.3300	0.0910	0.9542	0.9560	-0.0018	0.9587	0.9587	0.0000
5O1R	af_relaxed	4	1.4190	1.4130	0.0060	0.9535	0.9543	-0.0008	0.9565	0.9565	0.0000
5O1R	amber_af	0	1.4210	1.2920	0.1290	0.9542	0.9553	-0.0011	0.9587	0.9630	-0.0043
5O1R	amber_af	1	1.4190	1.3590	0.0600	0.9535	0.9558	-0.0023	0.9565	0.9609	-0.0044
5O1R	amber_af	2	1.3890	1.4300	-0.0410	0.9533	0.9541	-0.0008	0.9565	0.9587	-0.0022
5O1R	amber_af	3	1.3700	1.3280	0.0420	0.9556	0.9561	-0.0005	0.9587	0.9587	0.0000
5O1R	amber_af	4	1.3530	1.4140	-0.0610	0.9569	0.9543	0.0026	0.9565	0.9565	0.0000
5O1R	amber_boltz	0	2.1110	2.1430	-0.0320	0.8984	0.8959	0.0025	0.8913	0.8935	-0.0022
5O1R	amber_boltz	1	2.4190	2.1830	0.2360	0.8863	0.8912	-0.0049	0.8848	0.8848	0.0000
5O1R	amber_boltz	2	2.0420	1.9390	0.1030	0.8989	0.8996	-0.0007	0.8913	0.8913	0.0000
5O1R	amber_boltz	3	2.1960	2.0350	0.1610	0.8939	0.8989	-0.0050	0.8913	0.8891	0.0022
5O1R	amber_boltz	4	2.0330	2.0230	0.0100	0.8995	0.8970	0.0025	0.8935	0.8913	0.0022
5O1R	boltz	0	2.0950	2.1230	-0.0280	0.8992	0.8971	0.0021	0.8935	0.8935	0.0000
5O1R	boltz	1	2.4050	2.1670	0.2380	0.8876	0.8925	-0.0049	0.8848	0.8870	-0.0022
5O1R	boltz	2	2.0250	1.9240	0.1010	0.8998	0.9006	-0.0008	0.8935	0.8913	0.0022
5O1R	boltz	3	2.1790	2.0150	0.1640	0.8947	0.9005	-0.0058	0.8913	0.8913	0.0000
5O1R	boltz	4	2.0070	2.0060	0.0010	0.9007	0.8983	0.0024	0.8978	0.8935	0.0043
5SV3	af_relaxed	0	0.4990	0.5020	-0.0030	0.9862	0.9860	0.0002	0.9900	0.9880	0.0020
5SV3	af_relaxed	1	0.5050	0.5040	0.0010	0.9859	0.9860	-0.0001	0.9900	0.9900	0.0000
5SV3	af_relaxed	2	0.6580	0.5240	0.1340	0.9774	0.9848	-0.0074	0.9740	0.9860	-0.0120
5SV3	af_relaxed	3	0.8290	0.5310	0.2980	0.9706	0.9843	-0.0137	0.9660	0.9840	-0.0180
5SV3	af_relaxed	4	0.9220	0.8150	0.1070	0.9647	0.9713	-0.0066	0.9580	0.9680	-0.0100
5SV3	amber_af	0	0.5030	0.5010	0.0020	0.9860	0.9861	-0.0001	0.9900	0.9880	0.0020
5SV3	amber_af	1	0.8220	0.5050	0.3170	0.9708	0.9860	-0.0152	0.9680	0.9900	-0.0220
5SV3	amber_af	2	0.4990	0.5240	-0.0250	0.9862	0.9848	0.0014	0.9900	0.9840	0.0060
5SV3	amber_af	3	0.6570	0.5300	0.1270	0.9775	0.9844	-0.0069	0.9740	0.9840	-0.0100
5SV3	amber_af	4	0.9260	0.8150	0.1110	0.9646	0.9713	-0.0067	0.9560	0.9680	-0.0120
5SV3	amber_boltz	0	0.5000	0.5050	-0.0050	0.9862	0.9861	0.0001	0.9880	0.9900	-0.0020
5SV3	amber_boltz	1	0.4840	0.4970	-0.0130	0.9871	0.9863	0.0008	0.9920	0.9880	0.0040
5SV3	amber_boltz	2	0.4290	0.4650	-0.0360	0.9896	0.9879	0.0017	0.9960	0.9920	0.0040
5SV3	amber_boltz	3	0.4870	0.4500	0.0370	0.9869	0.9887	-0.0018	0.9900	0.9920	-0.0020
5SV3	amber_boltz	4	0.5460	0.5480	-0.0020	0.9838	0.9837	0.0001	0.9840	0.9820	0.0020
5SV3	boltz	0	0.4920	0.5000	-0.0080	0.9866	0.9864	0.0002	0.9880	0.9900	-0.0020
5SV3	boltz	1	0.4830	0.4900	-0.0070	0.9871	0.9866	0.0005	0.9940	0.9900	0.0040
5SV3	boltz	2	0.4220	0.4580	-0.0360	0.9900	0.9883	0.0017	0.9960	0.9920	0.0040
5SV3	boltz	3	0.4790	0.4370	0.0420	0.9873	0.9893	-0.0020	0.9940	0.9940	0.0000
5SV3	boltz	4	0.5400	0.5400	0.0000	0.9841	0.9841	0.0000	0.9840	0.9820	0.0020
5VNW	af_relaxed	0	4.0770	4.0280	0.0490	0.8401	0.8424	-0.0023	0.6660	0.6720	-0.0060
5VNW	af_relaxed	1	4.1540	4.2690	-0.1150	0.8340	0.8286	0.0054	0.6518	0.6471	0.0047
5VNW	af_relaxed	2	4.0340	4.0030	0.0310	0.8411	0.8417	-0.0006	0.6672	0.6852	-0.0180
5VNW	af_relaxed	3	4.0690	3.9650	0.1040	0.8379	0.8446	-0.0067	0.6827	0.6762	0.0065
5VNW	af_relaxed	4	4.0000	3.9880	0.0120	0.8439	0.8444	-0.0005	0.6771	0.6732	0.0039
5VNW	amber_af	0	4.1530	4.0280	0.1250	0.8340	0.8424	-0.0084	0.6518	0.6724	-0.0206
5VNW	amber_af	1	4.0670	4.2690	-0.2020	0.8382	0.8287	0.0095	0.6822	0.6488	0.0334
5VNW	amber_af	2	4.0380	4.0030	0.0350	0.8409	0.8418	-0.0009	0.6677	0.6861	-0.0184
5VNW	amber_af	3	4.0000	3.9650	0.0350	0.8439	0.8446	-0.0007	0.6771	0.6758	0.0013
5VNW	amber_af	4	4.0780	3.9850	0.0930	0.8401	0.8444	-0.0043	0.6655	0.6750	-0.0095
5VNW	amber_boltz	0	4.3370	4.2400	0.0970	0.8321	0.8373	-0.0052	0.6312	0.6377	-0.0065
5VNW	amber_boltz	1	4.3670	4.2230	0.1440	0.8299	0.8341	-0.0042	0.6252	0.6304	-0.0052
5VNW	amber_boltz	2	4.0990	4.3150	-0.2160	0.8409	0.8351	0.0058	0.6475	0.6291	0.0184
5VNW	amber_boltz	3	4.3690	4.1910	0.1780	0.8259	0.8398	-0.0139	0.6106	0.6407	-0.0301
5VNW	amber_boltz	4	4.3920	4.0970	0.2950	0.8267	0.8409	-0.0142	0.6154	0.6321	-0.0167
5VNW	boltz	0	4.3350	4.2390	0.0960	0.8322	0.8374	-0.0052	0.6338	0.6381	-0.0043
5VNW	boltz	1	4.3700	4.2230	0.1470	0.8297	0.8341	-0.0044	0.6265	0.6295	-0.0030
5VNW	boltz	2	4.1000	4.3200	-0.2200	0.8409	0.8349	0.0060	0.6467	0.6308	0.0159
5VNW	boltz	3	4.3670	4.1900	0.1770	0.8259	0.8399	-0.0140	0.6111	0.6411	-0.0300
5VNW	boltz	4	4.3920	4.0960	0.2960	0.8268	0.8408	-0.0140	0.6175	0.6351	-0.0176
5WHK	af_relaxed	0	4.6300	3.3260	1.3040	0.6854	0.8040	-0.1186	0.6821	0.7343	-0.0522
5WHK	af_relaxed	1	4.9890	6.6080	-1.6190	0.6596	0.6478	0.0118	0.6575	0.6398	0.0177
5WHK	af_relaxed	2	2.5360	3.1030	-0.5670	0.8668	0.8147	0.0521	0.7618	0.7303	0.0315
5WHK	af_relaxed	3	2.3520	4.6970	-2.3450	0.8861	0.6770	0.2091	0.7726	0.6732	0.0994
5WHK	af_relaxed	4	3.2120	3.7770	-0.5650	0.8018	0.7530	0.0488	0.7057	0.6772	0.0285
5WHK	amber_af	0	2.3530	3.3270	-0.9740	0.8859	0.8039	0.0820	0.7707	0.7362	0.0345
5WHK	amber_af	1	2.5330	6.6080	-4.0750	0.8671	0.6477	0.2194	0.7618	0.6398	0.1220
5WHK	amber_af	2	4.9910	3.1020	1.8890	0.6598	0.8148	-0.1550	0.6565	0.7303	-0.0738
5WHK	amber_af	3	4.6300	4.6960	-0.0660	0.6854	0.6770	0.0084	0.6821	0.6742	0.0079
5WHK	amber_af	4	3.2090	3.7770	-0.5680	0.8020	0.7531	0.0489	0.7037	0.6762	0.0275
5WHK	amber_boltz	0	1.7320	1.4690	0.2630	0.9298	0.9561	-0.0263	0.8169	0.8976	-0.0807
5WHK	amber_boltz	1	1.5180	1.5870	-0.0690	0.9571	0.9468	0.0103	0.9104	0.8612	0.0492
5WHK	amber_boltz	2	1.5070	1.6090	-0.1020	0.9535	0.9393	0.0142	0.8878	0.8278	0.0600
5WHK	amber_boltz	3	1.5090	1.5160	-0.0070	0.9509	0.9520	-0.0011	0.8720	0.8789	-0.0069
5WHK	amber_boltz	4	1.5360	1.6000	-0.0640	0.9551	0.9507	0.0044	0.8898	0.8839	0.0059
5WHK	boltz	0	1.7320	1.4710	0.2610	0.9299	0.9560	-0.0261	0.8189	0.9006	-0.0817
5WHK	boltz	1	1.5140	1.5910	-0.0770	0.9572	0.9466	0.0106	0.9114	0.8632	0.0482
5WHK	boltz	2	1.5030	1.6080	-0.1050	0.9537	0.9395	0.0142	0.8898	0.8307	0.0591
5WHK	boltz	3	1.5160	1.5160	0.0000	0.9505	0.9520	-0.0015	0.8740	0.8809	-0.0069
5WHK	boltz	4	1.5400	1.6030	-0.0630	0.9552	0.9504	0.0048	0.8927	0.8848	0.0079
5WK3	af_relaxed	0	0.9120	0.8340	0.0780	0.9103	0.9224	-0.0121	0.9385	0.9508	-0.0123
5WK3	af_relaxed	1	0.8630	0.8450	0.0180	0.9173	0.9206	-0.0033	0.9467	0.9508	-0.0041
5WK3	af_relaxed	2	0.8390	0.8330	0.0060	0.9213	0.9223	-0.0010	0.9549	0.9508	0.0041
5WK3	af_relaxed	3	0.8610	0.8970	-0.0360	0.9175	0.9112	0.0063	0.9508	0.9467	0.0041
5WK3	af_relaxed	4	0.9520	0.6960	0.2560	0.9002	0.9411	-0.0409	0.9467	0.9754	-0.0287
5WK3	amber_af	0	0.9130	0.8400	0.0730	0.9102	0.9212	-0.0110	0.9385	0.9508	-0.0123
5WK3	amber_af	1	0.8650	0.8450	0.0200	0.9166	0.9207	-0.0041	0.9508	0.9508	0.0000
5WK3	amber_af	2	0.8630	0.8350	0.0280	0.9173	0.9220	-0.0047	0.9467	0.9508	-0.0041
5WK3	amber_af	3	0.8390	0.8980	-0.0590	0.9212	0.9111	0.0101	0.9549	0.9467	0.0082
5WK3	amber_af	4	0.9510	0.6970	0.2540	0.9001	0.9408	-0.0407	0.9467	0.9754	-0.0287
5WK3	amber_boltz	0	0.7020	0.7490	-0.0470	0.9415	0.9332	0.0083	0.9713	0.9672	0.0041
5WK3	amber_boltz	1	0.7340	0.7620	-0.0280	0.9365	0.9319	0.0046	0.9672	0.9672	0.0000
5WK3	amber_boltz	2	0.7790	0.8140	-0.0350	0.9293	0.9246	0.0047	0.9631	0.9590	0.0041
5WK3	amber_boltz	3	0.7790	0.7610	0.0180	0.9290	0.9324	-0.0034	0.9631	0.9590	0.0041
5WK3	amber_boltz	4	0.7410	0.7050	0.0360	0.9341	0.9409	-0.0068	0.9672	0.9713	-0.0041
5WK3	boltz	0	0.6980	0.7320	-0.0340	0.9415	0.9355	0.0060	0.9713	0.9672	0.0041
5WK3	boltz	1	0.7280	0.7580	-0.0300	0.9367	0.9324	0.0043	0.9713	0.9631	0.0082
5WK3	boltz	2	0.7790	0.7980	-0.0190	0.9292	0.9265	0.0027	0.9631	0.9631	0.0000
5WK3	boltz	3	0.7730	0.7510	0.0220	0.9295	0.9333	-0.0038	0.9631	0.9631	0.0000
5WK3	boltz	4	0.7370	0.7050	0.0320	0.9342	0.9408	-0.0066	0.9713	0.9713	0.0000
5WUX	af_relaxed	0	1.4330	1.4620	-0.0290	0.9588	0.9620	-0.0032	0.9614	0.9614	0.0000
5WUX	af_relaxed	1	1.5810	1.5910	-0.0100	0.9509	0.9521	-0.0012	0.9393	0.9430	-0.0037
5WUX	af_relaxed	2	1.5890	1.6130	-0.0240	0.9556	0.9540	0.0016	0.9485	0.9540	-0.0055
5WUX	af_relaxed	3	1.5670	1.5810	-0.0140	0.9554	0.9546	0.0008	0.9540	0.9504	0.0036
5WUX	af_relaxed	4	1.4540	1.6130	-0.1590	0.9620	0.9514	0.0106	0.9596	0.9393	0.0203
5WUX	amber_af	0	1.5680	1.4620	0.1060	0.9552	0.9620	-0.0068	0.9522	0.9614	-0.0092
5WUX	amber_af	1	1.5950	1.5890	0.0060	0.9551	0.9510	0.0041	0.9504	0.9430	0.0074
5WUX	amber_af	2	1.4550	1.5860	-0.1310	0.9620	0.9549	0.0071	0.9614	0.9577	0.0037
5WUX	amber_af	3	1.4220	1.5830	-0.1610	0.9597	0.9545	0.0052	0.9596	0.9504	0.0092
5WUX	amber_af	4	1.5640	1.5780	-0.0140	0.9529	0.9533	-0.0004	0.9449	0.9430	0.0019
5WUX	amber_boltz	0	1.5430	1.5760	-0.0330	0.9510	0.9548	-0.0038	0.9449	0.9485	-0.0036
5WUX	amber_boltz	1	1.4450	1.6180	-0.1730	0.9557	0.9507	0.0050	0.9540	0.9449	0.0091
5WUX	amber_boltz	2	1.5600	1.5200	0.0400	0.9518	0.9595	-0.0077	0.9467	0.9614	-0.0147
5WUX	amber_boltz	3	1.5880	1.4500	0.1380	0.9475	0.9555	-0.0080	0.9412	0.9504	-0.0092
5WUX	amber_boltz	4	1.5900	1.5270	0.0630	0.9531	0.9535	-0.0004	0.9540	0.9485	0.0055
5WUX	boltz	0	1.5410	1.5660	-0.0250	0.9514	0.9560	-0.0046	0.9467	0.9504	-0.0037
5WUX	boltz	1	1.4370	1.6130	-0.1760	0.9564	0.9519	0.0045	0.9559	0.9485	0.0074
5WUX	boltz	2	1.5520	1.5190	0.0330	0.9525	0.9598	-0.0073	0.9467	0.9596	-0.0129
5WUX	boltz	3	1.5800	1.4400	0.1400	0.9482	0.9561	-0.0079	0.9412	0.9522	-0.0110
5WUX	boltz	4	1.5870	1.5260	0.0610	0.9539	0.9541	-0.0002	0.9540	0.9522	0.0018
5X0T	af_relaxed	0	0.6160	0.6020	0.0140	0.9877	0.9883	-0.0006	0.9895	0.9907	-0.0012
5X0T	af_relaxed	1	0.6790	0.6630	0.0160	0.9851	0.9858	-0.0007	0.9837	0.9860	-0.0023
5X0T	af_relaxed	2	0.6520	0.6410	0.0110	0.9869	0.9876	-0.0007	0.9907	0.9860	0.0047
5X0T	af_relaxed	3	0.6300	0.6690	-0.0390	0.9880	0.9861	0.0019	0.9884	0.9884	0.0000
5X0T	af_relaxed	4	0.6110	0.6080	0.0030	0.9885	0.9886	-0.0001	0.9895	0.9895	0.0000
5X0T	amber_af	0	0.6100	0.6020	0.0080	0.9885	0.9883	0.0002	0.9895	0.9907	-0.0012
5X0T	amber_af	1	0.6520	0.6650	-0.0130	0.9868	0.9857	0.0011	0.9907	0.9849	0.0058
5X0T	amber_af	2	0.6800	0.6410	0.0390	0.9851	0.9875	-0.0024	0.9837	0.9860	-0.0023
5X0T	amber_af	3	0.6310	0.6690	-0.0380	0.9880	0.9861	0.0019	0.9884	0.9884	0.0000
5X0T	amber_af	4	0.6150	0.6080	0.0070	0.9878	0.9886	-0.0008	0.9895	0.9895	0.0000
5X0T	amber_boltz	0	0.5720	0.6370	-0.0650	0.9899	0.9871	0.0028	0.9942	0.9837	0.0105
5X0T	amber_boltz	1	0.7690	0.4910	0.2780	0.9815	0.9924	-0.0109	0.9709	0.9953	-0.0244
5X0T	amber_boltz	2	0.6530	0.7260	-0.0730	0.9865	0.9841	0.0024	0.9849	0.9837	0.0012
5X0T	amber_boltz	3	0.9710	0.7190	0.2520	0.9719	0.9842	-0.0123	0.9407	0.9791	-0.0384
5X0T	amber_boltz	4	0.8880	0.6700	0.2180	0.9757	0.9858	-0.0101	0.9465	0.9895	-0.0430
5X0T	boltz	0	0.5670	0.6320	-0.0650	0.9901	0.9872	0.0029	0.9953	0.9849	0.0104
5X0T	boltz	1	0.7680	0.4860	0.2820	0.9816	0.9925	-0.0109	0.9733	0.9965	-0.0232
5X0T	boltz	2	0.6510	0.7220	-0.0710	0.9865	0.9842	0.0023	0.9860	0.9837	0.0023
5X0T	boltz	3	0.9700	0.7170	0.2530	0.9719	0.9842	-0.0123	0.9395	0.9814	-0.0419
5X0T	boltz	4	0.8840	0.6680	0.2160	0.9758	0.9859	-0.0101	0.9500	0.9895	-0.0395
5Y9J	af_relaxed	0	0.3870	0.3760	0.0110	0.9927	0.9931	-0.0004	0.9983	0.9983	0.0000
5Y9J	af_relaxed	1	0.4990	0.5290	-0.0300	0.9881	0.9867	0.0014	0.9896	0.9878	0.0018
5Y9J	af_relaxed	2	0.5280	0.4770	0.0510	0.9868	0.9891	-0.0023	0.9896	0.9913	-0.0017
5Y9J	af_relaxed	3	0.4710	0.4770	-0.0060	0.9894	0.9891	0.0003	0.9913	0.9913	0.0000
5Y9J	af_relaxed	4	0.5190	0.4660	0.0530	0.9872	0.9897	-0.0025	0.9878	0.9913	-0.0035
5Y9J	amber_af	0	0.3870	0.3760	0.0110	0.9927	0.9931	-0.0004	0.9983	0.9983	0.0000
5Y9J	amber_af	1	0.4980	0.5300	-0.0320	0.9882	0.9867	0.0015	0.9896	0.9878	0.0018
5Y9J	amber_af	2	0.5260	0.4770	0.0490	0.9869	0.9891	-0.0022	0.9878	0.9913	-0.0035
5Y9J	amber_af	3	0.4710	0.4730	-0.0020	0.9894	0.9892	0.0002	0.9896	0.9913	-0.0017
5Y9J	amber_af	4	0.5180	0.4720	0.0460	0.9873	0.9894	-0.0021	0.9878	0.9913	-0.0035
5Y9J	amber_boltz	0	1.0370	0.9970	0.0400	0.9630	0.9658	-0.0028	0.9566	0.9601	-0.0035
5Y9J	amber_boltz	1	0.9520	0.8780	0.0740	0.9695	0.9714	-0.0019	0.9618	0.9653	-0.0035
5Y9J	amber_boltz	2	0.9540	0.8910	0.0630	0.9684	0.9722	-0.0038	0.9635	0.9705	-0.0070
5Y9J	amber_boltz	3	1.0380	0.8690	0.1690	0.9684	0.9715	-0.0031	0.9653	0.9653	0.0000
5Y9J	amber_boltz	4	1.0760	0.9610	0.1150	0.9635	0.9682	-0.0047	0.9566	0.9601	-0.0035
5Y9J	boltz	0	1.0410	0.9960	0.0450	0.9626	0.9657	-0.0031	0.9566	0.9583	-0.0017
5Y9J	boltz	1	0.9490	0.8700	0.0790	0.9696	0.9719	-0.0023	0.9635	0.9653	-0.0018
5Y9J	boltz	2	0.9530	0.8900	0.0630	0.9684	0.9722	-0.0038	0.9635	0.9688	-0.0053
5Y9J	boltz	3	1.0360	0.8680	0.1680	0.9684	0.9715	-0.0031	0.9653	0.9653	0.0000
5Y9J	boltz	4	1.0690	0.9580	0.1110	0.9637	0.9683	-0.0046	0.9566	0.9601	-0.0035
6A0Z	af_relaxed	0	0.8740	0.8210	0.0530	0.9819	0.9839	-0.0020	0.9639	0.9657	-0.0018
6A0Z	af_relaxed	1	0.8390	0.8800	-0.0410	0.9832	0.9815	0.0017	0.9611	0.9620	-0.0009
6A0Z	af_relaxed	2	0.9280	0.9710	-0.0430	0.9795	0.9779	0.0016	0.9565	0.9491	0.0074
6A0Z	af_relaxed	3	0.9570	0.9070	0.0500	0.9785	0.9806	-0.0021	0.9528	0.9574	-0.0046
6A0Z	af_relaxed	4	0.8530	0.8490	0.0040	0.9825	0.9827	-0.0002	0.9611	0.9620	-0.0009
6A0Z	amber_af	0	0.9570	0.8220	0.1350	0.9786	0.9838	-0.0052	0.9528	0.9657	-0.0129
6A0Z	amber_af	1	0.9260	0.8790	0.0470	0.9796	0.9815	-0.0019	0.9574	0.9630	-0.0056
6A0Z	amber_af	2	0.8730	0.9700	-0.0970	0.9820	0.9779	0.0041	0.9639	0.9509	0.0130
6A0Z	amber_af	3	0.8530	0.9070	-0.0540	0.9825	0.9806	0.0019	0.9611	0.9574	0.0037
6A0Z	amber_af	4	0.8370	0.8510	-0.0140	0.9833	0.9826	0.0007	0.9620	0.9611	0.0009
6A0Z	amber_boltz	0	0.8940	0.9510	-0.0570	0.9814	0.9793	0.0021	0.9583	0.9546	0.0037
6A0Z	amber_boltz	1	0.8930	0.9540	-0.0610	0.9817	0.9794	0.0023	0.9611	0.9574	0.0037
6A0Z	amber_boltz	2	0.9510	0.8280	0.1230	0.9792	0.9838	-0.0046	0.9556	0.9630	-0.0074
6A0Z	amber_boltz	3	0.9140	0.8730	0.0410	0.9807	0.9826	-0.0019	0.9611	0.9657	-0.0046
6A0Z	amber_boltz	4	0.8540	0.9180	-0.0640	0.9831	0.9806	0.0025	0.9620	0.9583	0.0037
6A0Z	boltz	0	0.8850	0.9420	-0.0570	0.9816	0.9795	0.0021	0.9583	0.9556	0.0027
6A0Z	boltz	1	0.8860	0.9520	-0.0660	0.9819	0.9795	0.0024	0.9611	0.9593	0.0018
6A0Z	boltz	2	0.9440	0.8190	0.1250	0.9794	0.9841	-0.0047	0.9556	0.9639	-0.0083
6A0Z	boltz	3	0.9080	0.8680	0.0400	0.9809	0.9828	-0.0019	0.9611	0.9667	-0.0056
6A0Z	boltz	4	0.8440	0.9110	-0.0670	0.9834	0.9809	0.0025	0.9639	0.9583	0.0056
6A77	af_relaxed	0	0.9780	0.9940	-0.0160	0.9397	0.9393	0.0004	0.9423	0.9505	-0.0082
6A77	af_relaxed	1	1.0590	0.9990	0.0600	0.9346	0.9409	-0.0063	0.9451	0.9533	-0.0082
6A77	af_relaxed	2	0.9880	1.0670	-0.0790	0.9418	0.9338	0.0080	0.9533	0.9423	0.0110
6A77	af_relaxed	3	1.0690	0.9930	0.0760	0.9347	0.9404	-0.0057	0.9478	0.9478	0.0000
6A77	af_relaxed	4	1.1520	1.0710	0.0810	0.9241	0.9357	-0.0116	0.9313	0.9451	-0.0138
6A77	amber_af	0	1.0690	0.9930	0.0760	0.9347	0.9394	-0.0047	0.9451	0.9478	-0.0027
6A77	amber_af	1	1.0590	1.0000	0.0590	0.9346	0.9407	-0.0061	0.9478	0.9533	-0.0055
6A77	amber_af	2	0.9790	1.0670	-0.0880	0.9395	0.9337	0.0058	0.9423	0.9423	0.0000
6A77	amber_af	3	0.9880	0.9920	-0.0040	0.9419	0.9404	0.0015	0.9533	0.9478	0.0055
6A77	amber_af	4	1.1490	1.0710	0.0780	0.9243	0.9358	-0.0115	0.9341	0.9451	-0.0110
6A77	amber_boltz	0	1.0630	0.9990	0.0640	0.9270	0.9360	-0.0090	0.9258	0.9368	-0.0110
6A77	amber_boltz	1	1.0610	0.9610	0.1000	0.9262	0.9378	-0.0116	0.9231	0.9423	-0.0192
6A77	amber_boltz	2	1.1220	1.0570	0.0650	0.9200	0.9273	-0.0073	0.9176	0.9231	-0.0055
6A77	amber_boltz	3	0.9360	0.9690	-0.0330	0.9417	0.9365	0.0052	0.9478	0.9396	0.0082
6A77	amber_boltz	4	1.0150	0.9550	0.0600	0.9321	0.9381	-0.0060	0.9313	0.9341	-0.0028
6A77	boltz	0	1.0620	0.9930	0.0690	0.9267	0.9362	-0.0095	0.9258	0.9396	-0.0138
6A77	boltz	1	1.0510	0.9570	0.0940	0.9270	0.9379	-0.0109	0.9231	0.9451	-0.0220
6A77	boltz	2	1.1190	1.0510	0.0680	0.9200	0.9274	-0.0074	0.9176	0.9231	-0.0055
6A77	boltz	3	0.9340	0.9620	-0.0280	0.9416	0.9374	0.0042	0.9478	0.9396	0.0082
6A77	boltz	4	1.0130	0.9520	0.0610	0.9319	0.9381	-0.0062	0.9313	0.9341	-0.0028
6AL0	af_relaxed	0	6.4230	6.3820	0.0410	0.5606	0.5605	0.0001	0.5838	0.5824	0.0014
6AL0	af_relaxed	1	6.7270	6.2640	0.4630	0.5556	0.5631	-0.0075	0.5769	0.5907	-0.0138
6AL0	af_relaxed	2	6.4610	6.4030	0.0580	0.5568	0.5579	-0.0011	0.5797	0.5824	-0.0027
6AL0	af_relaxed	3	6.1200	6.5920	-0.4720	0.5660	0.5539	0.0121	0.5907	0.5783	0.0124
6AL0	af_relaxed	4	6.3210	6.3260	-0.0050	0.5640	0.5625	0.0015	0.5852	0.5838	0.0014
6AL0	amber_af	0	6.3230	6.3810	-0.0580	0.5640	0.5605	0.0035	0.5852	0.5838	0.0014
6AL0	amber_af	1	6.1210	6.2640	-0.1430	0.5659	0.5631	0.0028	0.5907	0.5907	0.0000
6AL0	amber_af	2	6.4230	6.4030	0.0200	0.5606	0.5579	0.0027	0.5838	0.5824	0.0014
6AL0	amber_af	3	6.4620	6.5960	-0.1340	0.5567	0.5539	0.0028	0.5797	0.5797	0.0000
6AL0	amber_af	4	6.7260	6.3250	0.4010	0.5556	0.5625	-0.0069	0.5769	0.5838	-0.0069
6AL0	amber_boltz	0	6.1020	4.9260	1.1760	0.5545	0.6013	-0.0468	0.5948	0.6250	-0.0302
6AL0	amber_boltz	1	6.1630	7.0780	-0.9150	0.5552	0.5404	0.0148	0.5907	0.5632	0.0275
6AL0	amber_boltz	2	5.5080	4.2720	1.2360	0.5743	0.6739	-0.0996	0.6030	0.6731	-0.0701
6AL0	amber_boltz	3	5.5010	6.1110	-0.6100	0.5808	0.5635	0.0173	0.6154	0.5907	0.0247
6AL0	amber_boltz	4	3.2270	5.4120	-2.1850	0.7755	0.5673	0.2082	0.7198	0.6099	0.1099
6AL0	boltz	0	6.1060	4.9280	1.1780	0.5544	0.6013	-0.0469	0.5948	0.6291	-0.0343
6AL0	boltz	1	6.1620	7.0780	-0.9160	0.5553	0.5403	0.0150	0.5907	0.5632	0.0275
6AL0	boltz	2	5.5090	4.2700	1.2390	0.5743	0.6737	-0.0994	0.6058	0.6717	-0.0659
6AL0	boltz	3	5.5030	6.1120	-0.6090	0.5807	0.5636	0.0171	0.6140	0.5920	0.0220
6AL0	boltz	4	3.2280	5.4140	-2.1860	0.7749	0.5672	0.2077	0.7212	0.6099	0.1113
6B0S	af_relaxed	0	1.3520	1.2150	0.1370	0.8872	0.9043	-0.0171	0.9154	0.9346	-0.0192
6B0S	af_relaxed	1	1.3280	1.3270	0.0010	0.8933	0.8917	0.0016	0.9231	0.9269	-0.0038
6B0S	af_relaxed	2	1.2510	1.3070	-0.0560	0.9088	0.8964	0.0124	0.9346	0.9269	0.0077
6B0S	af_relaxed	3	1.9210	1.3080	0.6130	0.7962	0.9003	-0.1041	0.8346	0.9269	-0.0923
6B0S	af_relaxed	4	1.7470	1.7840	-0.0370	0.8084	0.8175	-0.0091	0.8538	0.8577	-0.0039
6B0S	amber_af	0	1.9300	1.2140	0.7160	0.7959	0.9043	-0.1084	0.8346	0.9346	-0.1000
6B0S	amber_af	1	1.7550	1.3280	0.4270	0.8079	0.8915	-0.0836	0.8538	0.9269	-0.0731
6B0S	amber_af	2	1.2510	1.3060	-0.0550	0.9087	0.8966	0.0121	0.9346	0.9269	0.0077
6B0S	amber_af	3	1.3520	1.3080	0.0440	0.8873	0.9003	-0.0130	0.9154	0.9231	-0.0077
6B0S	amber_af	4	1.3280	1.7750	-0.4470	0.8934	0.8189	0.0745	0.9231	0.8577	0.0654
6B0S	amber_boltz	0	0.8560	0.7980	0.0580	0.9232	0.9285	-0.0053	0.9577	0.9577	0.0000
6B0S	amber_boltz	1	0.9150	1.1740	-0.2590	0.9207	0.9188	0.0019	0.9500	0.9577	-0.0077
6B0S	amber_boltz	2	0.7830	1.0860	-0.3030	0.9318	0.9192	0.0126	0.9654	0.9538	0.0116
6B0S	amber_boltz	3	0.8530	0.7750	0.0780	0.9264	0.9349	-0.0085	0.9615	0.9615	0.0000
6B0S	amber_boltz	4	0.9140	0.8640	0.0500	0.9147	0.9195	-0.0048	0.9423	0.9500	-0.0077
6B0S	boltz	0	0.8520	0.7970	0.0550	0.9235	0.9288	-0.0053	0.9615	0.9577	0.0038
6B0S	boltz	1	0.9060	1.1470	-0.2410	0.9227	0.9196	0.0031	0.9500	0.9500	0.0000
6B0S	boltz	2	0.7820	1.0800	-0.2980	0.9318	0.9200	0.0118	0.9654	0.9538	0.0116
6B0S	boltz	3	0.8390	0.7760	0.0630	0.9270	0.9351	-0.0081	0.9654	0.9615	0.0039
6B0S	boltz	4	0.9020	0.8610	0.0410	0.9168	0.9203	-0.0035	0.9500	0.9538	-0.0038
6BPC	af_relaxed	0	0.6750	0.6860	-0.0110	0.9893	0.9888	0.0005	0.9816	0.9781	0.0035
6BPC	af_relaxed	1	0.7580	0.6510	0.1070	0.9876	0.9901	-0.0025	0.9825	0.9869	-0.0044
6BPC	af_relaxed	2	0.7390	0.7030	0.0360	0.9873	0.9884	-0.0011	0.9808	0.9816	-0.0008
6BPC	af_relaxed	3	0.7010	0.6770	0.0240	0.9883	0.9890	-0.0007	0.9834	0.9825	0.0009
6BPC	af_relaxed	4	0.6920	0.6360	0.0560	0.9885	0.9903	-0.0018	0.9773	0.9869	-0.0096
6BPC	amber_af	0	0.7020	0.6730	0.0290	0.9883	0.9893	-0.0010	0.9834	0.9816	0.0018
6BPC	amber_af	1	0.6740	0.6480	0.0260	0.9891	0.9901	-0.0010	0.9808	0.9878	-0.0070
6BPC	amber_af	2	0.6760	0.7710	-0.0950	0.9892	0.9865	0.0027	0.9808	0.9764	0.0044
6BPC	amber_af	3	0.7390	0.6780	0.0610	0.9873	0.9890	-0.0017	0.9808	0.9816	-0.0008
6BPC	amber_af	4	0.7620	0.6300	0.1320	0.9874	0.9905	-0.0031	0.9825	0.9869	-0.0044
6BPC	amber_boltz	0	1.2930	1.5710	-0.2780	0.9726	0.9682	0.0044	0.9449	0.9449	0.0000
6BPC	amber_boltz	1	1.1610	1.2120	-0.0510	0.9735	0.9737	-0.0002	0.9432	0.9423	0.0009
6BPC	amber_boltz	2	1.0570	1.1340	-0.0770	0.9766	0.9777	-0.0011	0.9476	0.9572	-0.0096
6BPC	amber_boltz	3	1.0840	1.1620	-0.0780	0.9754	0.9725	0.0029	0.9423	0.9336	0.0087
6BPC	amber_boltz	4	1.0660	1.3710	-0.3050	0.9763	0.9693	0.0070	0.9414	0.9397	0.0017
6BPC	boltz	0	1.2840	1.5680	-0.2840	0.9730	0.9684	0.0046	0.9467	0.9458	0.0009
6BPC	boltz	1	1.1570	1.2150	-0.0580	0.9737	0.9738	-0.0001	0.9414	0.9414	0.0000
6BPC	boltz	2	1.0510	1.1320	-0.0810	0.9769	0.9780	-0.0011	0.9502	0.9589	-0.0087
6BPC	boltz	3	1.0780	1.1420	-0.0640	0.9757	0.9734	0.0023	0.9432	0.9362	0.0070
6BPC	boltz	4	1.0590	1.3650	-0.3060	0.9766	0.9695	0.0071	0.9449	0.9414	0.0035
6CWG	af_relaxed	0	0.5020	0.4950	0.0070	0.9932	0.9934	-0.0002	0.9857	0.9866	-0.0009
6CWG	af_relaxed	1	0.5100	0.5190	-0.0090	0.9930	0.9928	0.0002	0.9857	0.9847	0.0010
6CWG	af_relaxed	2	0.5070	0.5070	0.0000	0.9931	0.9931	0.0000	0.9857	0.9857	0.0000
6CWG	af_relaxed	3	0.5270	0.5360	-0.0090	0.9925	0.9923	0.0002	0.9847	0.9828	0.0019
6CWG	af_relaxed	4	0.6180	0.5440	0.0740	0.9897	0.9920	-0.0023	0.9704	0.9857	-0.0153
6CWG	amber_af	0	0.6330	0.4950	0.1380	0.9893	0.9934	-0.0041	0.9704	0.9866	-0.0162
6CWG	amber_af	1	0.5020	0.5180	-0.0160	0.9932	0.9928	0.0004	0.9857	0.9847	0.0010
6CWG	amber_af	2	0.5080	0.5060	0.0020	0.9930	0.9931	-0.0001	0.9857	0.9857	0.0000
6CWG	amber_af	3	0.5070	0.5340	-0.0270	0.9931	0.9923	0.0008	0.9857	0.9838	0.0019
6CWG	amber_af	4	0.5270	0.5460	-0.0190	0.9925	0.9920	0.0005	0.9857	0.9857	0.0000
6CWG	amber_boltz	0	1.3580	1.4610	-0.1030	0.9772	0.9773	-0.0001	0.9676	0.9695	-0.0019
6CWG	amber_boltz	1	1.5250	1.2990	0.2260	0.9764	0.9780	-0.0016	0.9685	0.9695	-0.0010
6CWG	amber_boltz	2	1.6750	1.4790	0.1960	0.9766	0.9763	0.0003	0.9704	0.9656	0.0048
6CWG	amber_boltz	3	1.4630	1.5860	-0.1230	0.9779	0.9765	0.0014	0.9695	0.9685	0.0010
6CWG	amber_boltz	4	1.5200	1.5420	-0.0220	0.9791	0.9769	0.0022	0.9714	0.9704	0.0010
6CWG	boltz	0	1.3600	1.4480	-0.0880	0.9774	0.9777	-0.0003	0.9685	0.9695	-0.0010
6CWG	boltz	1	1.5240	1.2960	0.2280	0.9768	0.9783	-0.0015	0.9685	0.9695	-0.0010
6CWG	boltz	2	1.6660	1.4710	0.1950	0.9769	0.9765	0.0004	0.9723	0.9666	0.0057
6CWG	boltz	3	1.4560	1.5870	-0.1310	0.9780	0.9768	0.0012	0.9704	0.9685	0.0019
6CWG	boltz	4	1.5160	1.5400	-0.0240	0.9792	0.9771	0.0021	0.9704	0.9676	0.0028
6DBG	af_relaxed	0	0.6190	0.5250	0.0940	0.9906	0.9932	-0.0026	0.9886	0.9921	-0.0035
6DBG	af_relaxed	1	0.6060	0.6110	-0.0050	0.9910	0.9908	0.0002	0.9860	0.9860	0.0000
6DBG	af_relaxed	2	0.5580	0.5870	-0.0290	0.9923	0.9915	0.0008	0.9913	0.9904	0.0009
6DBG	af_relaxed	3	0.6640	0.6660	-0.0020	0.9892	0.9892	0.0000	0.9799	0.9808	-0.0009
6DBG	af_relaxed	4	0.6580	0.6760	-0.0180	0.9895	0.9890	0.0005	0.9799	0.9764	0.0035
6DBG	amber_af	0	0.5890	0.5250	0.0640	0.9915	0.9932	-0.0017	0.9869	0.9921	-0.0052
6DBG	amber_af	1	0.5600	0.6120	-0.0520	0.9923	0.9908	0.0015	0.9904	0.9869	0.0035
6DBG	amber_af	2	0.6190	0.5880	0.0310	0.9905	0.9915	-0.0010	0.9886	0.9904	-0.0018
6DBG	amber_af	3	0.6580	0.6670	-0.0090	0.9895	0.9891	0.0004	0.9799	0.9799	0.0000
6DBG	amber_af	4	0.6650	0.6750	-0.0100	0.9892	0.9890	0.0002	0.9790	0.9764	0.0026
6DBG	amber_boltz	0	0.7060	0.6560	0.0500	0.9880	0.9894	-0.0014	0.9781	0.9886	-0.0105
6DBG	amber_boltz	1	0.6380	0.5550	0.0830	0.9900	0.9925	-0.0025	0.9869	0.9913	-0.0044
6DBG	amber_boltz	2	0.5900	0.5540	0.0360	0.9914	0.9923	-0.0009	0.9913	0.9913	0.0000
6DBG	amber_boltz	3	0.6800	0.7560	-0.0760	0.9887	0.9863	0.0024	0.9834	0.9720	0.0114
6DBG	amber_boltz	4	0.6410	0.8850	-0.2440	0.9898	0.9808	0.0090	0.9860	0.9510	0.0350
6DBG	boltz	0	0.7020	0.6480	0.0540	0.9881	0.9897	-0.0016	0.9799	0.9886	-0.0087
6DBG	boltz	1	0.6290	0.5500	0.0790	0.9902	0.9926	-0.0024	0.9895	0.9913	-0.0018
6DBG	boltz	2	0.5830	0.5520	0.0310	0.9916	0.9924	-0.0008	0.9904	0.9921	-0.0017
6DBG	boltz	3	0.6700	0.7470	-0.0770	0.9891	0.9867	0.0024	0.9843	0.9738	0.0105
6DBG	boltz	4	0.6390	0.8790	-0.2400	0.9899	0.9810	0.0089	0.9878	0.9519	0.0359
6EY6	af_relaxed	0	2.4430	2.2610	0.1820	0.8462	0.8618	-0.0156	0.7879	0.7917	-0.0038
6EY6	af_relaxed	1	2.3590	2.3170	0.0420	0.8534	0.8583	-0.0049	0.7828	0.7942	-0.0114
6EY6	af_relaxed	2	2.3120	2.3480	-0.0360	0.8579	0.8545	0.0034	0.7929	0.7917	0.0012
6EY6	af_relaxed	3	2.3520	2.5160	-0.1640	0.8544	0.8381	0.0163	0.7879	0.7816	0.0063
6EY6	af_relaxed	4	2.6000	2.4210	0.1790	0.8269	0.8500	-0.0231	0.7778	0.7929	-0.0151
6EY6	amber_af	0	2.3140	2.2600	0.0540	0.8577	0.8618	-0.0041	0.7929	0.7917	0.0012
6EY6	amber_af	1	2.3600	2.3140	0.0460	0.8533	0.8585	-0.0052	0.7828	0.7942	-0.0114
6EY6	amber_af	2	2.3500	2.3480	0.0020	0.8545	0.8544	0.0001	0.7879	0.7917	-0.0038
6EY6	amber_af	3	2.6030	2.5160	0.0870	0.8265	0.8382	-0.0117	0.7778	0.7816	-0.0038
6EY6	amber_af	4	2.4420	2.4230	0.0190	0.8462	0.8499	-0.0037	0.7879	0.7929	-0.0050
6EY6	amber_boltz	0	2.3240	2.2550	0.0690	0.8612	0.8642	-0.0030	0.7929	0.7992	-0.0063
6EY6	amber_boltz	1	2.0780	2.4690	-0.3910	0.8831	0.8436	0.0395	0.8245	0.7866	0.0379
6EY6	amber_boltz	2	2.4460	2.3600	0.0860	0.8516	0.8529	-0.0013	0.7917	0.7917	0.0000
6EY6	amber_boltz	3	2.3400	2.2850	0.0550	0.8556	0.8659	-0.0103	0.7980	0.8030	-0.0050
6EY6	amber_boltz	4	2.3720	2.8190	-0.4470	0.8496	0.8089	0.0407	0.7942	0.7702	0.0240
6EY6	boltz	0	2.3200	2.2540	0.0660	0.8610	0.8647	-0.0037	0.7955	0.7992	-0.0037
6EY6	boltz	1	2.0760	2.4660	-0.3900	0.8834	0.8441	0.0393	0.8258	0.7917	0.0341
6EY6	boltz	2	2.4440	2.3570	0.0870	0.8517	0.8517	0.0000	0.7904	0.7917	-0.0013
6EY6	boltz	3	2.3370	2.2810	0.0560	0.8558	0.8661	-0.0103	0.7992	0.8043	-0.0051
6EY6	boltz	4	2.3690	2.8120	-0.4430	0.8499	0.8094	0.0405	0.7967	0.7715	0.0252
6OC3	af_relaxed	0	1.4520	1.2340	0.2180	0.9457	0.9558	-0.0101	0.8661	0.8862	-0.0201
6OC3	af_relaxed	1	1.1870	1.4040	-0.2170	0.9590	0.9445	0.0145	0.8884	0.8560	0.0324
6OC3	af_relaxed	2	1.3090	1.3840	-0.0750	0.9505	0.9485	0.0020	0.8739	0.8672	0.0067
6OC3	af_relaxed	3	1.3730	1.4480	-0.0750	0.9481	0.9437	0.0044	0.8616	0.8549	0.0067
6OC3	af_relaxed	4	1.4390	1.3870	0.0520	0.9426	0.9473	-0.0047	0.8527	0.8583	-0.0056
6OC3	amber_af	0	1.3710	1.2320	0.1390	0.9482	0.9559	-0.0077	0.8605	0.8873	-0.0268
6OC3	amber_af	1	1.4390	1.4050	0.0340	0.9427	0.9444	-0.0017	0.8527	0.8583	-0.0056
6OC3	amber_af	2	1.1880	1.3820	-0.1940	0.9589	0.9485	0.0104	0.8884	0.8672	0.0212
6OC3	amber_af	3	1.4510	1.4240	0.0270	0.9458	0.9450	0.0008	0.8672	0.8583	0.0089
6OC3	amber_af	4	1.3090	1.3860	-0.0770	0.9505	0.9473	0.0032	0.8739	0.8627	0.0112
6OC3	amber_boltz	0	1.5910	1.0500	0.5410	0.9299	0.9696	-0.0397	0.8304	0.9263	-0.0959
6OC3	amber_boltz	1	1.3040	1.4360	-0.1320	0.9527	0.9552	-0.0025	0.8728	0.8984	-0.0256
6OC3	amber_boltz	2	2.1010	0.9890	1.1120	0.8845	0.9738	-0.0893	0.7902	0.9475	-0.1573
6OC3	amber_boltz	3	1.1070	1.2380	-0.1310	0.9658	0.9609	0.0049	0.9152	0.9029	0.0123
6OC3	amber_boltz	4	1.5750	1.3520	0.2230	0.9298	0.9491	-0.0193	0.8337	0.8650	-0.0313
6OC3	boltz	0	1.5850	1.0380	0.5470	0.9303	0.9701	-0.0398	0.8326	0.9241	-0.0915
6OC3	boltz	1	1.2870	1.4340	-0.1470	0.9534	0.9550	-0.0016	0.8750	0.8973	-0.0223
6OC3	boltz	2	2.0980	0.9710	1.1270	0.8848	0.9746	-0.0898	0.7924	0.9498	-0.1574
6OC3	boltz	3	1.1020	1.2310	-0.1290	0.9660	0.9612	0.0048	0.9152	0.9040	0.0112
6OC3	boltz	4	1.5730	1.3470	0.2260	0.9299	0.9494	-0.0195	0.8337	0.8672	-0.0335
7CEI	af_relaxed	0	0.3960	0.3970	-0.0010	0.9881	0.9884	-0.0003	0.9943	0.9971	-0.0028
7CEI	af_relaxed	1	0.3940	0.3840	0.0100	0.9881	0.9888	-0.0007	0.9971	0.9971	0.0000
7CEI	af_relaxed	2	0.4040	0.4020	0.0020	0.9878	0.9880	-0.0002	0.9971	0.9971	0.0000
7CEI	af_relaxed	3	0.3930	0.3990	-0.0060	0.9885	0.9879	0.0006	0.9971	0.9943	0.0028
7CEI	af_relaxed	4	0.3860	0.3780	0.0080	0.9890	0.9894	-0.0004	0.9971	0.9971	0.0000
7CEI	amber_af	0	0.3950	0.3980	-0.0030	0.9881	0.9883	-0.0002	0.9971	0.9971	0.0000
7CEI	amber_af	1	0.3970	0.3840	0.0130	0.9880	0.9888	-0.0008	0.9943	0.9971	-0.0028
7CEI	amber_af	2	0.3930	0.4020	-0.0090	0.9886	0.9879	0.0007	0.9971	0.9971	0.0000
7CEI	amber_af	3	0.4040	0.3980	0.0060	0.9878	0.9879	-0.0001	0.9971	0.9943	0.0028
7CEI	amber_af	4	0.3860	0.3790	0.0070	0.9890	0.9893	-0.0003	0.9971	0.9971	0.0000
7CEI	amber_boltz	0	0.5690	0.4980	0.0710	0.9801	0.9821	-0.0020	0.9914	0.9914	0.0000
7CEI	amber_boltz	1	0.5920	0.5270	0.0650	0.9773	0.9799	-0.0026	0.9914	0.9914	0.0000
7CEI	amber_boltz	2	0.5630	0.5330	0.0300	0.9785	0.9793	-0.0008	0.9885	0.9914	-0.0029
7CEI	amber_boltz	3	0.5770	0.5040	0.0730	0.9774	0.9800	-0.0026	0.9914	0.9914	0.0000
7CEI	amber_boltz	4	0.5670	0.5440	0.0230	0.9776	0.9807	-0.0031	0.9885	0.9914	-0.0029
7CEI	boltz	0	0.5770	0.5040	0.0730	0.9800	0.9818	-0.0018	0.9914	0.9914	0.0000
7CEI	boltz	1	0.5890	0.5380	0.0510	0.9776	0.9794	-0.0018	0.9914	0.9943	-0.0029
7CEI	boltz	2	0.5790	0.5370	0.0420	0.9779	0.9792	-0.0013	0.9885	0.9885	0.0000
7CEI	boltz	3	0.5900	0.5060	0.0840	0.9769	0.9800	-0.0031	0.9914	0.9943	-0.0029
7CEI	boltz	4	0.5490	0.5470	0.0020	0.9785	0.9808	-0.0023	0.9914	0.9914	0.0000
BAAD	af_relaxed	0	11.3260	17.8820	-6.5560	0.7174	0.4947	0.2227	0.6534	0.4782	0.1752
BAAD	af_relaxed	1	17.9450	11.3630	6.5820	0.4952	0.7312	-0.2360	0.4792	0.6619	-0.1827
BAAD	af_relaxed	2	16.9060	16.7640	0.1420	0.4966	0.4974	-0.0008	0.4773	0.4782	-0.0009
BAAD	af_relaxed	3	15.9530	12.4250	3.5280	0.4953	0.5378	-0.0425	0.4782	0.4934	-0.0152
BAAD	af_relaxed	4	15.8870	16.3370	-0.4500	0.5014	0.4909	0.0105	0.4792	0.4792	0.0000
BAAD	amber_af	0	15.8860	17.8820	-1.9960	0.5014	0.4948	0.0066	0.4792	0.4782	0.0010
BAAD	amber_af	1	16.9060	11.3620	5.5440	0.4966	0.7312	-0.2346	0.4763	0.6619	-0.1856
BAAD	amber_af	2	17.9450	16.7640	1.1810	0.4952	0.4974	-0.0022	0.4792	0.4792	0.0000
BAAD	amber_af	3	11.3260	12.4230	-1.0970	0.7174	0.5376	0.1798	0.6534	0.4924	0.1610
BAAD	amber_af	4	15.9530	16.3380	-0.3850	0.4953	0.4910	0.0043	0.4782	0.4792	-0.0010
BAAD	amber_boltz	0	17.5190	16.2800	1.2390	0.4901	0.4889	0.0012	0.4706	0.4735	-0.0029
BAAD	amber_boltz	1	14.7230	15.8040	-1.0810	0.4877	0.4880	-0.0003	0.4716	0.4744	-0.0028
BAAD	amber_boltz	2	15.3150	17.1110	-1.7960	0.4882	0.4885	-0.0003	0.4688	0.4735	-0.0047
BAAD	amber_boltz	3	15.7230	19.0860	-3.3630	0.5010	0.4877	0.0133	0.4697	0.4782	-0.0085
BAAD	amber_boltz	4	13.7150	18.7500	-5.0350	0.4897	0.4879	0.0018	0.4744	0.4688	0.0056
BAAD	boltz	0	17.7310	16.2600	1.4710	0.4905	0.4889	0.0016	0.4697	0.4716	-0.0019
BAAD	boltz	1	14.7280	15.8030	-1.0750	0.4877	0.4881	-0.0004	0.4725	0.4716	0.0009
BAAD	boltz	2	15.3070	17.1070	-1.8000	0.4884	0.4885	-0.0001	0.4678	0.4735	-0.0057
BAAD	boltz	3	15.7150	19.2370	-3.5220	0.5014	0.4878	0.0136	0.4706	0.4782	-0.0076
BAAD	boltz	4	13.7040	18.8580	-5.1540	0.4901	0.4886	0.0015	0.4744	0.4688	0.0056
BOYV	af_relaxed	0	0.3360	0.3370	-0.0010	0.9970	0.9970	0.0000	0.9973	0.9973	0.0000
BOYV	af_relaxed	1	0.3380	0.3370	0.0010	0.9970	0.9970	0.0000	0.9973	0.9973	0.0000
BOYV	af_relaxed	2	0.3410	0.3410	0.0000	0.9969	0.9969	0.0000	0.9973	0.9973	0.0000
BOYV	af_relaxed	3	0.3290	0.3240	0.0050	0.9971	0.9972	-0.0001	0.9973	0.9982	-0.0009
BOYV	af_relaxed	4	0.3280	0.3480	-0.0200	0.9971	0.9968	0.0003	0.9982	0.9982	0.0000
BOYV	amber_af	0	0.3280	0.3390	-0.0110	0.9971	0.9970	0.0001	0.9973	0.9973	0.0000
BOYV	amber_af	1	0.3280	0.3380	-0.0100	0.9971	0.9970	0.0001	0.9982	0.9973	0.0009
BOYV	amber_af	2	0.3370	0.3410	-0.0040	0.9970	0.9969	0.0001	0.9973	0.9973	0.0000
BOYV	amber_af	3	0.3400	0.3250	0.0150	0.9969	0.9972	-0.0003	0.9973	0.9982	-0.0009
BOYV	amber_af	4	0.3380	0.3470	-0.0090	0.9970	0.9968	0.0002	0.9973	0.9982	-0.0009
BOYV	amber_boltz	0	0.3330	0.3130	0.0200	0.9971	0.9974	-0.0003	0.9982	1.0000	-0.0018
BOYV	amber_boltz	1	0.3280	0.3160	0.0120	0.9971	0.9973	-0.0002	1.0000	1.0000	0.0000
BOYV	amber_boltz	2	0.3090	0.3200	-0.0110	0.9975	0.9973	0.0002	1.0000	1.0000	0.0000
BOYV	amber_boltz	3	0.3320	0.2980	0.0340	0.9971	0.9976	-0.0005	0.9991	1.0000	-0.0009
BOYV	amber_boltz	4	0.3050	0.3220	-0.0170	0.9975	0.9972	0.0003	1.0000	1.0000	0.0000
BOYV	boltz	0	0.3250	0.3060	0.0190	0.9972	0.9975	-0.0003	0.9982	1.0000	-0.0018
BOYV	boltz	1	0.3230	0.3110	0.0120	0.9972	0.9974	-0.0002	1.0000	1.0000	0.0000
BOYV	boltz	2	0.3020	0.3130	-0.0110	0.9976	0.9974	0.0002	1.0000	1.0000	0.0000
BOYV	boltz	3	0.3240	0.2920	0.0320	0.9972	0.9977	-0.0005	0.9991	1.0000	-0.0009
BOYV	boltz	4	0.2970	0.3130	-0.0160	0.9976	0.9974	0.0002	1.0000	1.0000	0.0000
BP57	af_relaxed	0	0.9210	0.9130	0.0080	0.9488	0.9495	-0.0007	0.9611	0.9611	0.0000
BP57	af_relaxed	1	0.7900	0.9370	-0.1470	0.9526	0.9445	0.0081	0.9667	0.9556	0.0111
BP57	af_relaxed	2	0.7800	0.8320	-0.0520	0.9528	0.9474	0.0054	0.9556	0.9472	0.0084
BP57	af_relaxed	3	0.7910	0.8320	-0.0410	0.9522	0.9469	0.0053	0.9528	0.9472	0.0056
BP57	af_relaxed	4	0.8170	0.7850	0.0320	0.9485	0.9529	-0.0044	0.9528	0.9528	0.0000
BP57	amber_af	0	0.8230	0.9120	-0.0890	0.9479	0.9495	-0.0016	0.9500	0.9639	-0.0139
BP57	amber_af	1	0.7800	0.9400	-0.1600	0.9529	0.9440	0.0089	0.9556	0.9556	0.0000
BP57	amber_af	2	0.9210	0.8580	0.0630	0.9488	0.9449	0.0039	0.9611	0.9444	0.0167
BP57	amber_af	3	0.7920	0.8280	-0.0360	0.9520	0.9474	0.0046	0.9528	0.9472	0.0056
BP57	amber_af	4	0.7870	0.7920	-0.0050	0.9529	0.9520	0.0009	0.9639	0.9528	0.0111
BP57	amber_boltz	0	1.1470	1.2350	-0.0880	0.9316	0.9164	0.0152	0.9444	0.9194	0.0250
BP57	amber_boltz	1	1.3560	1.2250	0.1310	0.9120	0.9292	-0.0172	0.9306	0.9500	-0.0194
BP57	amber_boltz	2	1.5050	1.1620	0.3430	0.8825	0.9278	-0.0453	0.8861	0.9389	-0.0528
BP57	amber_boltz	3	1.1740	1.0780	0.0960	0.9287	0.9407	-0.0120	0.9472	0.9583	-0.0111
BP57	amber_boltz	4	1.0460	1.5060	-0.4600	0.9465	0.8849	0.0616	0.9611	0.8750	0.0861
BP57	boltz	0	1.1530	1.2250	-0.0720	0.9309	0.9175	0.0134	0.9472	0.9222	0.0250
BP57	boltz	1	1.3580	1.2170	0.1410	0.9125	0.9297	-0.0172	0.9361	0.9528	-0.0167
BP57	boltz	2	1.5090	1.1520	0.3570	0.8828	0.9283	-0.0455	0.8861	0.9389	-0.0528
BP57	boltz	3	1.1720	1.0780	0.0940	0.9291	0.9405	-0.0114	0.9528	0.9583	-0.0055
BP57	boltz	4	1.0260	1.4430	-0.4170	0.9481	0.8923	0.0558	0.9639	0.8917	0.0722
CP57	af_relaxed	0	0.8060	0.9780	-0.1720	0.9515	0.9414	0.0101	0.9611	0.9472	0.0139
CP57	af_relaxed	1	0.9670	0.8030	0.1640	0.9428	0.9515	-0.0087	0.9500	0.9583	-0.0083
CP57	af_relaxed	2	0.9440	0.9880	-0.0440	0.9420	0.9389	0.0031	0.9528	0.9500	0.0028
CP57	af_relaxed	3	0.8430	0.8580	-0.0150	0.9479	0.9459	0.0020	0.9472	0.9472	0.0000
CP57	af_relaxed	4	0.8460	0.8960	-0.0500	0.9471	0.9408	0.0063	0.9556	0.9389	0.0167
CP57	amber_af	0	0.8460	0.9780	-0.1320	0.9472	0.9413	0.0059	0.9556	0.9472	0.0084
CP57	amber_af	1	0.8060	0.8040	0.0020	0.9515	0.9514	0.0001	0.9611	0.9611	0.0000
CP57	amber_af	2	0.9760	0.9880	-0.0120	0.9419	0.9390	0.0029	0.9472	0.9444	0.0028
CP57	amber_af	3	0.8400	0.8570	-0.0170	0.9481	0.9460	0.0021	0.9472	0.9500	-0.0028
CP57	amber_af	4	0.9450	0.8960	0.0490	0.9418	0.9407	0.0011	0.9528	0.9389	0.0139
CP57	amber_boltz	0	1.1220	1.0450	0.0770	0.9324	0.9402	-0.0078	0.9472	0.9583	-0.0111
CP57	amber_boltz	1	1.0400	1.1810	-0.1410	0.9422	0.9320	0.0102	0.9611	0.9500	0.0111
CP57	amber_boltz	2	0.9950	1.1130	-0.1180	0.9462	0.9320	0.0142	0.9611	0.9472	0.0139
CP57	amber_boltz	3	1.2810	1.0720	0.2090	0.9164	0.9365	-0.0201	0.9333	0.9528	-0.0195
CP57	amber_boltz	4	1.1620	1.1550	0.0070	0.9264	0.9252	0.0012	0.9389	0.9361	0.0028
CP57	boltz	0	1.1220	1.0440	0.0780	0.9324	0.9408	-0.0084	0.9444	0.9583	-0.0139
CP57	boltz	1	1.0340	1.1760	-0.1420	0.9426	0.9327	0.0099	0.9611	0.9528	0.0083
CP57	boltz	2	0.9840	1.1180	-0.1340	0.9470	0.9317	0.0153	0.9611	0.9444	0.0167
CP57	boltz	3	1.2720	1.0590	0.2130	0.9170	0.9379	-0.0209	0.9333	0.9528	-0.0195
CP57	boltz	4	1.1410	1.1420	-0.0010	0.9286	0.9271	0.0015	0.9444	0.9417	0.0027
